dependent_id,employee_id,first_name,last_name,relationship,date_of_birth,gender,dependent_status
DP000000301,EE0000003,Victor,Adams,Spouse,1973-08-29,M,Active
DP000000302,EE0000003,Malik,Adams,Child,2019-06-13,F,Active
DP000000801,EE0000008,Aaliyah,Bennett,Child,2019-09-02,F,Active
DP000001201,EE0000012,Fatima,Johnson,Domestic Partner,2005-03-15,F,Active
DP000001202,EE0000012,Noah,Johnson,Child,2020-09-11,F,Active
DP000001203,EE0000012,Daniel,Johnson,Child,2025-06-20,F,Active
DP000001401,EE0000014,Daniel,Kim,Child,2023-03-01,M,Active
DP000001501,EE0000015,Leah,Bennett,Child,2019-10-22,F,Active
DP000001502,EE0000015,Fatima,Bennett,Child,2024-09-03,F,Active
DP000001701,EE0000017,Michael,Taylor,Child,2025-11-19,M,Active
DP000001702,EE0000017,Aaliyah,Taylor,Child,2022-02-24,F,Active
DP000002001,EE0000020,Victor,Miller,Domestic Partner,2002-07-05,F,Active
DP000002002,EE0000020,Naomi,Miller,Child,2026-05-09,M,Active
DP000002101,EE0000021,Zoe,Smith,Domestic Partner,1962-11-20,M,Active
DP000002102,EE0000021,Michael,Smith,Child,2009-04-13,F,Active
DP000002103,EE0000021,David,Smith,Child,2025-12-26,F,Active
DP000002301,EE0000023,Malik,Adams,Child,2023-01-07,M,Active
DP000002501,EE0000025,Fatima,Williams,Child,2002-11-24,M,Active
DP000002502,EE0000025,Elena,Williams,Child,2015-08-13,F,Active
DP000002503,EE0000025,David,Williams,Child,2005-05-02,F,Active
DP000002901,EE0000029,Ethan,Walker,Child,2022-09-26,F,Active
DP000002902,EE0000029,Victor,Walker,Child,2021-02-18,M,Active
DP000003101,EE0000031,Chiamaka,Taylor,Domestic Partner,1989-05-10,F,Active
DP000003102,EE0000031,Ethan,Taylor,Child,2018-08-20,M,Active
DP000003201,EE0000032,Malik,Williams,Child,2024-11-11,F,Active
DP000003202,EE0000032,Kevin,Williams,Child,2010-12-11,F,Active
DP000003301,EE0000033,Leah,Davis,Spouse,1999-05-06,M,Active
DP000003302,EE0000033,Kevin,Davis,Child,2018-11-02,M,Active
DP000003401,EE0000034,Jordan,Robinson,Spouse,1996-10-13,M,Active
DP000003801,EE0000038,Sophia,Walker,Child,2004-10-15,M,Active
DP000003802,EE0000038,Noah,Walker,Child,2017-03-24,M,Active
DP000003901,EE0000039,Sophia,Nguyen,Spouse,1972-03-23,M,Active
DP000003902,EE0000039,Leah,Nguyen,Child,2023-01-13,M,Active
DP000004101,EE0000041,Zoe,Lewis,Spouse,1965-01-16,F,Active
DP000004102,EE0000041,Olivia,Lewis,Child,2023-04-30,F,Active
DP000004301,EE0000043,Elena,Garcia,Spouse,1991-03-23,F,Active
DP000004302,EE0000043,Priya,Garcia,Child,2023-12-11,F,Active
DP000004701,EE0000047,Ethan,Taylor,Spouse,1966-01-02,M,Active
DP000004702,EE0000047,Daniel,Taylor,Child,2009-01-16,F,Active
DP000004901,EE0000049,Leah,Davis,Domestic Partner,1985-10-12,F,Active
DP000004902,EE0000049,Luis,Davis,Child,2025-08-21,F,Active
DP000005001,EE0000050,Samuel,Campbell,Domestic Partner,1989-12-16,M,Active
DP000005002,EE0000050,Kevin,Campbell,Child,2008-12-09,F,Active
DP000005003,EE0000050,Noah,Campbell,Child,2013-04-05,M,Active
DP000005101,EE0000051,Malik,Garcia,Child,2025-01-10,M,Active
DP000005301,EE0000053,Amara,Kim,Child,2024-03-31,M,Active
DP000005901,EE0000059,Priya,Mensah,Domestic Partner,1987-07-11,F,Active
DP000005902,EE0000059,Sophia,Mensah,Child,2024-11-28,F,Active
DP000006001,EE0000060,Maya,Kim,Domestic Partner,1967-06-15,F,Active
DP000006002,EE0000060,Fatima,Kim,Child,2019-12-07,F,Active
DP000006003,EE0000060,Kevin,Kim,Child,2011-12-29,F,Active
DP000006101,EE0000061,Carlos,Robinson,Child,2015-07-28,M,Active
DP000006201,EE0000062,Maya,Williams,Spouse,2001-08-20,M,Active
DP000006301,EE0000063,Carlos,Walker,Spouse,1983-07-30,M,Active
DP000006302,EE0000063,Michael,Walker,Child,2017-07-29,M,Active
DP000006501,EE0000065,Malik,Ibrahim,Child,2024-11-30,M,Active
DP000007001,EE0000070,Jasmine,Ibrahim,Spouse,2005-08-20,M,Active
DP000007002,EE0000070,Priya,Ibrahim,Child,2024-01-03,M,Active
DP000007201,EE0000072,Isaiah,Patel,Domestic Partner,1994-06-22,F,Active
DP000007301,EE0000073,Amara,Williams,Child,2006-05-02,F,Active
DP000007302,EE0000073,Grace,Williams,Child,2001-03-30,M,Active
DP000007501,EE0000075,Elena,Adeyemi,Spouse,2005-04-27,M,Active
DP000007701,EE0000077,Naomi,Garcia,Domestic Partner,1965-02-28,M,Active
DP000007901,EE0000079,Fatima,Wilson,Domestic Partner,1969-12-19,F,Active
DP000007902,EE0000079,Zoe,Wilson,Child,2010-04-03,M,Active
DP000008101,EE0000081,Grace,Adams,Spouse,1975-03-23,F,Active
DP000008401,EE0000084,Malik,Adams,Child,2009-11-24,F,Active
DP000008402,EE0000084,Olivia,Adams,Child,2012-08-08,F,Active
DP000008501,EE0000085,Isaiah,Martinez,Domestic Partner,1985-10-23,F,Active
DP000008801,EE0000088,Aaliyah,Ibrahim,Spouse,1999-07-02,M,Active
DP000008802,EE0000088,Angela,Ibrahim,Child,2023-01-03,F,Active
DP000008901,EE0000089,Maya,Chen,Domestic Partner,1996-04-09,M,Active
DP000008902,EE0000089,Andre,Chen,Child,2022-04-17,M,Active
DP000009001,EE0000090,Maya,Miller,Spouse,2001-08-08,F,Active
DP000009002,EE0000090,Michael,Miller,Child,2013-09-07,M,Active
DP000009003,EE0000090,Ethan,Miller,Child,2021-05-14,F,Active
DP000009201,EE0000092,Daniel,Ibrahim,Domestic Partner,2007-02-14,M,Active
DP000009301,EE0000093,Angela,Lewis,Spouse,1989-02-11,M,Active
DP000009302,EE0000093,Zoe,Lewis,Child,2014-12-20,M,Active
DP000009501,EE0000095,David,Martinez,Child,2016-04-04,F,Active
DP000009601,EE0000096,Daniel,Miller,Child,2010-06-25,M,Active
DP000009602,EE0000096,David,Miller,Child,2005-02-11,F,Active
DP000009801,EE0000098,Luis,Miller,Spouse,1977-07-13,M,Active
DP000010001,EE0000100,Nia,Kim,Spouse,1974-04-27,M,Active
DP000010601,EE0000106,Chiamaka,Ibrahim,Spouse,1984-03-12,M,Active
DP000011001,EE0000110,Priya,Wilson,Spouse,1975-03-01,M,Active
DP000011201,EE0000112,Andre,Bennett,Domestic Partner,1975-10-11,F,Active
DP000011701,EE0000117,Samuel,Ibrahim,Child,2018-04-04,M,Active
DP000011702,EE0000117,Victor,Ibrahim,Child,2019-01-29,M,Active
DP000011703,EE0000117,Leah,Ibrahim,Child,2018-10-21,M,Active
DP000011901,EE0000119,Angela,Ibrahim,Spouse,1979-09-10,M,Active
DP000011902,EE0000119,Elena,Ibrahim,Child,2011-09-16,M,Active
DP000011903,EE0000119,Sophia,Ibrahim,Child,2008-09-23,M,Active
DP000012101,EE0000121,Andre,Walker,Domestic Partner,1966-08-03,F,Active
DP000012102,EE0000121,Leah,Walker,Child,2012-08-02,F,Active
DP000012103,EE0000121,Elena,Walker,Child,2025-06-20,M,Active
DP000012201,EE0000122,Olivia,Taylor,Domestic Partner,1976-03-11,M,Active
DP000012301,EE0000123,Naomi,Nguyen,Child,2013-05-20,F,Active
DP000012302,EE0000123,Andre,Nguyen,Child,2017-11-11,M,Active
DP000012303,EE0000123,Grace,Nguyen,Child,2006-09-02,F,Active
DP000012501,EE0000125,Jordan,Chen,Spouse,1963-09-10,F,Active
DP000012601,EE0000126,Samuel,Davis,Child,2018-02-11,M,Active
DP000012602,EE0000126,Olivia,Davis,Child,2024-04-07,M,Active
DP000013301,EE0000133,Carlos,Taylor,Child,2024-03-31,M,Active
DP000013401,EE0000134,Andre,Okafor,Domestic Partner,1968-07-24,F,Active
DP000013701,EE0000137,Malik,Adeyemi,Spouse,1964-01-27,M,Active
DP000013801,EE0000138,Grace,Taylor,Domestic Partner,1965-11-13,F,Active
DP000013802,EE0000138,Angela,Taylor,Child,2019-09-13,M,Active
DP000013901,EE0000139,Naomi,Garcia,Domestic Partner,2007-05-23,F,Active
DP000014001,EE0000140,Michael,Bennett,Child,2025-12-12,F,Active
DP000014002,EE0000140,Amara,Bennett,Child,2026-06-23,F,Active
DP000014101,EE0000141,Naomi,Nguyen,Child,2023-05-31,F,Active
DP000014102,EE0000141,Fatima,Nguyen,Child,2019-09-29,F,Active
DP000014201,EE0000142,Isaiah,Mensah,Child,2006-03-17,M,Active
DP000014401,EE0000144,Maya,Garcia,Domestic Partner,1990-02-17,M,Active
DP000014501,EE0000145,Maya,Moore,Child,2017-08-13,M,Active
DP000014502,EE0000145,Jordan,Moore,Child,2011-05-07,F,Active
DP000014601,EE0000146,Zoe,Patel,Child,2014-04-15,F,Active
DP000014602,EE0000146,Daniel,Patel,Child,2005-08-03,F,Active
DP000014801,EE0000148,Jordan,Patel,Spouse,1975-08-31,M,Active
DP000014802,EE0000148,Noah,Patel,Child,2011-10-23,M,Active
DP000015101,EE0000151,Maya,Nguyen,Child,2019-12-07,M,Active
DP000015201,EE0000152,Noah,Adeyemi,Spouse,1976-07-06,F,Active
DP000015401,EE0000154,Naomi,Garcia,Child,2005-09-08,F,Active
DP000015402,EE0000154,Michael,Garcia,Child,2020-04-18,M,Active
DP000015501,EE0000155,Aaliyah,Johnson,Domestic Partner,1979-12-08,F,Active
DP000015601,EE0000156,Isaiah,Smith,Spouse,1964-12-13,F,Active
DP000015901,EE0000159,Grace,Davis,Child,2021-01-19,F,Active
DP000016201,EE0000162,Nia,Campbell,Child,2002-03-03,F,Active
DP000016202,EE0000162,David,Campbell,Child,2017-06-03,M,Active
DP000016301,EE0000163,Elena,Walker,Child,2013-08-14,M,Active
DP000016701,EE0000167,Samuel,Taylor,Child,2021-02-16,F,Active
DP000016702,EE0000167,Malik,Taylor,Child,2022-07-13,F,Active
DP000016901,EE0000169,Noah,Hernandez,Child,2013-03-14,M,Active
DP000017001,EE0000170,Olivia,Walker,Child,2018-05-01,M,Active
DP000017002,EE0000170,Victor,Walker,Child,2025-10-21,M,Active
DP000017003,EE0000170,Jordan,Walker,Child,2017-05-18,M,Active
DP000017501,EE0000175,Luis,Wilson,Child,2017-07-20,M,Active
DP000017502,EE0000175,Omar,Wilson,Child,2012-05-23,M,Active
DP000017701,EE0000177,Victor,Thomas,Child,2012-05-27,M,Active
DP000017801,EE0000178,Jasmine,Adeyemi,Child,2021-05-14,F,Active
DP000017901,EE0000179,Ethan,Chen,Child,2017-02-21,F,Active
DP000017902,EE0000179,Aaliyah,Chen,Child,2015-08-23,M,Active
DP000018001,EE0000180,Jasmine,Adeyemi,Spouse,1988-06-05,M,Active
DP000018601,EE0000186,Samuel,Garcia,Spouse,1996-01-18,F,Active
DP000018801,EE0000188,Ethan,Adeyemi,Domestic Partner,1995-10-01,F,Active
DP000019001,EE0000190,Ethan,Martinez,Child,2020-12-06,M,Active
DP000019301,EE0000193,Victor,Ibrahim,Domestic Partner,1989-08-05,M,Active
DP000019302,EE0000193,Leah,Ibrahim,Child,2010-02-04,F,Active
DP000019303,EE0000193,Leah,Ibrahim,Child,2007-06-28,F,Active
DP000019401,EE0000194,Zoe,Patel,Spouse,1974-05-15,M,Active
DP000019402,EE0000194,Isaiah,Patel,Child,2013-06-21,F,Active
DP000019403,EE0000194,Luis,Patel,Child,2016-10-17,F,Active
DP000019601,EE0000196,Olivia,Johnson,Spouse,2005-12-12,F,Active
DP000019602,EE0000196,Andre,Johnson,Child,2022-02-22,F,Active
DP000019901,EE0000199,Carlos,Wilson,Child,2022-02-02,M,Active
DP000019902,EE0000199,Jordan,Wilson,Child,2025-10-13,M,Active
DP000020101,EE0000201,Samuel,Patel,Spouse,2002-04-13,M,Active
DP000020201,EE0000202,Olivia,Okafor,Domestic Partner,1973-11-24,M,Active
DP000020301,EE0000203,Andre,Robinson,Domestic Partner,2003-03-13,F,Active
DP000020302,EE0000203,Nia,Robinson,Child,2026-05-21,M,Active
DP000020501,EE0000205,Isaiah,Miller,Spouse,1985-11-11,F,Active
DP000020502,EE0000205,Naomi,Miller,Child,2017-04-02,F,Active
DP000020701,EE0000207,Isaiah,Davis,Child,2025-06-10,M,Active
DP000020702,EE0000207,Samuel,Davis,Child,2023-07-21,F,Active
DP000020801,EE0000208,Olivia,Nguyen,Spouse,1993-10-03,M,Active
DP000021101,EE0000211,Kevin,Kim,Child,2021-12-26,F,Active
DP000021102,EE0000211,Olivia,Kim,Child,2014-04-07,F,Active
DP000021701,EE0000217,Zoe,Chen,Child,2001-02-26,F,Active
DP000021702,EE0000217,Andre,Chen,Child,2011-12-31,M,Active
DP000021703,EE0000217,Chiamaka,Chen,Child,2014-05-27,F,Active
DP000021801,EE0000218,Angela,Brown,Child,2019-10-15,M,Active
DP000021802,EE0000218,Luis,Brown,Child,2008-10-08,M,Active
DP000022001,EE0000220,Ethan,Walker,Child,2021-07-12,F,Active
DP000022101,EE0000221,Carlos,Martinez,Spouse,1974-04-17,M,Active
DP000022102,EE0000221,Malik,Martinez,Child,2025-09-11,M,Active
DP000022701,EE0000227,Victor,Chen,Spouse,1997-06-02,M,Active
DP000022702,EE0000227,Leah,Chen,Child,2018-04-04,F,Active
DP000022703,EE0000227,Jasmine,Chen,Child,2017-12-22,M,Active
DP000022901,EE0000229,Kevin,Smith,Child,2010-05-15,M,Active
DP000022902,EE0000229,Priya,Smith,Child,2001-02-08,M,Active
DP000022903,EE0000229,Samuel,Smith,Child,2013-11-19,M,Active
DP000023001,EE0000230,Zoe,Garcia,Domestic Partner,1987-08-26,M,Active
DP000023002,EE0000230,Aaliyah,Garcia,Child,2015-06-15,M,Active
DP000023101,EE0000231,Jordan,Ibrahim,Child,2019-10-21,M,Active
DP000023401,EE0000234,Olivia,Martinez,Domestic Partner,1975-03-11,M,Active
DP000023501,EE0000235,Maya,Martinez,Spouse,1969-02-04,F,Active
DP000023502,EE0000235,David,Martinez,Child,2014-09-28,M,Active
DP000023901,EE0000239,Leah,Adeyemi,Child,2005-07-13,M,Active
DP000023902,EE0000239,Victor,Adeyemi,Child,2017-05-09,M,Active
DP000024401,EE0000244,Angela,Nguyen,Child,2020-03-05,M,Active
DP000024701,EE0000247,Olivia,Martinez,Spouse,1976-12-06,M,Active
DP000024702,EE0000247,Fatima,Martinez,Child,2010-12-31,M,Active
DP000024801,EE0000248,Zoe,Hernandez,Child,2016-11-15,M,Active
DP000024901,EE0000249,Grace,Williams,Child,2024-07-29,M,Active
DP000025001,EE0000250,Elena,Martinez,Spouse,1983-04-07,F,Active
DP000025002,EE0000250,Jasmine,Martinez,Child,2024-06-23,F,Active
DP000025301,EE0000253,Daniel,Thomas,Child,2026-06-30,M,Active
DP000025401,EE0000254,Elena,Thomas,Domestic Partner,1980-08-23,F,Active
DP000025701,EE0000257,Olivia,Lewis,Domestic Partner,1984-12-04,M,Active
DP000025702,EE0000257,Andre,Lewis,Child,2003-03-07,M,Active
DP000025703,EE0000257,Aaliyah,Lewis,Child,2012-01-18,M,Active
DP000026001,EE0000260,Aaliyah,Williams,Domestic Partner,1983-12-29,F,Active
DP000026101,EE0000261,Isaiah,Wilson,Child,2017-07-17,M,Active
DP000026102,EE0000261,Amara,Wilson,Child,2019-11-07,F,Active
DP000026103,EE0000261,Luis,Wilson,Child,2015-04-26,M,Active
DP000026201,EE0000262,Priya,Williams,Child,2000-07-12,F,Active
DP000026202,EE0000262,Samuel,Williams,Child,2023-04-28,M,Active
DP000026301,EE0000263,Isaiah,Okafor,Domestic Partner,1979-04-09,F,Active
DP000026701,EE0000267,Omar,Ibrahim,Domestic Partner,1977-10-01,F,Active
DP000026702,EE0000267,Naomi,Ibrahim,Child,2022-09-21,F,Active
DP000026801,EE0000268,Kevin,Smith,Child,2019-02-12,F,Active
DP000026802,EE0000268,Angela,Smith,Child,2014-08-10,M,Active
DP000027001,EE0000270,Leah,Adeyemi,Domestic Partner,1979-01-08,F,Active
DP000027002,EE0000270,Nia,Adeyemi,Child,2008-09-26,F,Active
DP000027003,EE0000270,David,Adeyemi,Child,2019-08-20,F,Active
DP000027101,EE0000271,Naomi,Robinson,Spouse,2002-09-29,F,Active
DP000027102,EE0000271,Daniel,Robinson,Child,2024-10-24,F,Active
DP000027103,EE0000271,Kevin,Robinson,Child,2019-04-29,M,Active
DP000027201,EE0000272,Malik,Adams,Child,2023-01-11,M,Active
DP000027301,EE0000273,Elena,Miller,Domestic Partner,1975-02-03,F,Active
DP000027302,EE0000273,Fatima,Miller,Child,2012-08-27,M,Active
DP000027401,EE0000274,Fatima,Garcia,Child,2010-07-27,F,Active
DP000027501,EE0000275,Fatima,Campbell,Domestic Partner,1998-05-16,M,Active
DP000027601,EE0000276,Aaliyah,Robinson,Spouse,1971-11-03,M,Active
DP000027801,EE0000278,Ethan,Garcia,Spouse,1981-11-12,F,Active
DP000028001,EE0000280,Victor,Taylor,Domestic Partner,1982-02-28,F,Active
DP000028002,EE0000280,Nia,Taylor,Child,2016-02-01,M,Active
DP000028003,EE0000280,Grace,Taylor,Child,2023-08-28,F,Active
DP000028101,EE0000281,Omar,Wilson,Domestic Partner,2000-06-19,F,Active
DP000028102,EE0000281,Noah,Wilson,Child,2024-12-26,F,Active
DP000028201,EE0000282,Samuel,Williams,Domestic Partner,2000-01-03,M,Active
DP000028301,EE0000283,Fatima,Moore,Spouse,1988-04-02,F,Active
DP000028401,EE0000284,Zoe,Lewis,Domestic Partner,1998-11-25,M,Active
DP000028701,EE0000287,Luis,Walker,Spouse,1990-06-16,M,Active
DP000028901,EE0000289,Carlos,Lewis,Domestic Partner,1961-06-21,M,Active
DP000028902,EE0000289,Naomi,Lewis,Child,2002-06-27,F,Active
DP000029801,EE0000298,Luis,Hernandez,Spouse,1975-08-01,M,Active
DP000029802,EE0000298,Sophia,Hernandez,Child,2017-07-16,F,Active
DP000030401,EE0000304,Nia,Walker,Domestic Partner,1997-11-16,M,Active
DP000030601,EE0000306,Samuel,Moore,Child,2017-09-30,F,Active
DP000030602,EE0000306,Aaliyah,Moore,Child,2003-09-12,F,Active
DP000030701,EE0000307,Omar,Bennett,Child,2022-04-01,F,Active
DP000030901,EE0000309,Chiamaka,Adeyemi,Spouse,2002-11-14,M,Active
DP000030902,EE0000309,Jordan,Adeyemi,Child,2025-02-22,M,Active
DP000031201,EE0000312,Sophia,Ibrahim,Child,2008-09-20,F,Active
DP000031202,EE0000312,Andre,Ibrahim,Child,2004-12-26,M,Active
DP000031501,EE0000315,Carlos,Robinson,Spouse,1991-08-03,M,Active
DP000031601,EE0000316,Michael,Campbell,Spouse,1991-03-19,M,Active
DP000031602,EE0000316,Aaliyah,Campbell,Child,2001-09-18,F,Active
DP000031603,EE0000316,Ethan,Campbell,Child,2007-06-20,M,Active
DP000031701,EE0000317,Noah,Kim,Child,2013-10-30,F,Active
DP000031702,EE0000317,Kevin,Kim,Child,2023-07-03,M,Active
DP000031801,EE0000318,Maya,Adams,Spouse,2006-02-16,F,Active
DP000031802,EE0000318,Elena,Adams,Child,2025-08-22,F,Active
DP000031901,EE0000319,Chiamaka,Lewis,Spouse,1995-12-06,M,Active
DP000032101,EE0000321,Ethan,Campbell,Spouse,1997-08-24,F,Active
DP000032201,EE0000322,Jasmine,Brown,Spouse,2002-07-23,F,Active
DP000032202,EE0000322,Victor,Brown,Child,2024-07-07,M,Active
DP000032301,EE0000323,Maya,Thomas,Child,2014-05-08,M,Active
DP000032701,EE0000327,Isaiah,Wilson,Domestic Partner,1970-05-12,M,Active
DP000032702,EE0000327,Maya,Wilson,Child,2024-08-17,M,Active
DP000032801,EE0000328,Fatima,Ibrahim,Domestic Partner,1968-02-14,M,Active
DP000032901,EE0000329,Ethan,Miller,Child,2022-05-10,F,Active
DP000032902,EE0000329,Samuel,Miller,Child,2022-04-27,F,Active
DP000033001,EE0000330,Kevin,Brown,Child,2022-02-17,M,Active
DP000033101,EE0000331,Malik,Martinez,Spouse,2001-02-23,F,Active
DP000033102,EE0000331,Jasmine,Martinez,Child,2023-05-26,M,Active
DP000033103,EE0000331,Chiamaka,Martinez,Child,2015-02-20,F,Active
DP000033401,EE0000334,Leah,Kim,Domestic Partner,2001-01-08,F,Active
DP000033402,EE0000334,Aaliyah,Kim,Child,2014-07-15,M,Active
DP000033601,EE0000336,Omar,Campbell,Domestic Partner,1975-11-20,M,Active
DP000033602,EE0000336,Chiamaka,Campbell,Child,2022-03-01,F,Active
DP000033701,EE0000337,Malik,Ibrahim,Domestic Partner,1996-03-25,F,Active
DP000033702,EE0000337,Fatima,Ibrahim,Child,2025-06-07,M,Active
DP000033703,EE0000337,Priya,Ibrahim,Child,2013-08-29,F,Active
DP000033801,EE0000338,Noah,Wilson,Spouse,1979-06-11,F,Active
DP000034001,EE0000340,Ethan,Smith,Child,2022-10-13,F,Active
DP000034101,EE0000341,Maya,Adeyemi,Child,2000-01-27,M,Active
DP000034102,EE0000341,Jasmine,Adeyemi,Child,2014-10-24,F,Active
DP000034201,EE0000342,Nia,Moore,Domestic Partner,1989-09-12,F,Active
DP000034301,EE0000343,Chiamaka,Taylor,Spouse,1968-11-29,M,Active
DP000034302,EE0000343,Zoe,Taylor,Child,2000-10-10,M,Active
DP000034303,EE0000343,Elena,Taylor,Child,2002-11-13,F,Active
DP000034401,EE0000344,Kevin,Johnson,Child,2020-01-21,F,Active
DP000034402,EE0000344,Nia,Johnson,Child,2012-02-15,F,Active
DP000034501,EE0000345,Victor,Garcia,Domestic Partner,1989-06-30,M,Active
DP000034601,EE0000346,Fatima,Brown,Child,2013-03-31,F,Active
DP000035301,EE0000353,Michael,Robinson,Spouse,2002-09-04,F,Active
DP000035401,EE0000354,Omar,Lewis,Spouse,1969-01-04,M,Active
DP000035402,EE0000354,Ethan,Lewis,Child,2000-03-28,F,Active
DP000035601,EE0000356,Elena,Williams,Spouse,2002-01-10,M,Active
DP000035801,EE0000358,Sophia,Hernandez,Child,2014-05-28,F,Active
DP000035901,EE0000359,Nia,Walker,Spouse,1982-03-09,M,Active
DP000035902,EE0000359,Ethan,Walker,Child,2005-01-28,F,Active
DP000036001,EE0000360,Jasmine,Taylor,Domestic Partner,1976-10-28,M,Active
DP000036002,EE0000360,Jasmine,Taylor,Child,2025-05-11,F,Active
DP000036003,EE0000360,Chiamaka,Taylor,Child,2002-06-08,M,Active
DP000036501,EE0000365,Kevin,Adams,Domestic Partner,1975-03-22,F,Active
DP000036601,EE0000366,Sophia,Campbell,Child,2015-09-15,F,Active
DP000037201,EE0000372,Kevin,Ibrahim,Child,2025-05-23,F,Active
DP000037202,EE0000372,David,Ibrahim,Child,2011-05-14,F,Active
DP000037203,EE0000372,Nia,Ibrahim,Child,2004-08-21,F,Active
DP000037401,EE0000374,Michael,Brown,Child,2021-02-08,F,Active
DP000037402,EE0000374,Jasmine,Brown,Child,2024-04-03,M,Active
DP000037403,EE0000374,Olivia,Brown,Child,2026-05-10,F,Active
DP000037501,EE0000375,Leah,Martinez,Domestic Partner,1969-08-05,F,Active
DP000037601,EE0000376,Amara,Campbell,Spouse,1982-05-25,M,Active
DP000037801,EE0000378,Nia,Mensah,Domestic Partner,1967-09-27,M,Active
DP000037802,EE0000378,Isaiah,Mensah,Child,2005-12-18,F,Active
DP000037803,EE0000378,Malik,Mensah,Child,2006-03-17,F,Active
DP000038101,EE0000381,Naomi,Garcia,Child,2013-05-02,F,Active
DP000038501,EE0000385,Daniel,Wilson,Child,2022-10-26,F,Active
DP000038601,EE0000386,Zoe,Miller,Domestic Partner,1995-02-11,F,Active
DP000038602,EE0000386,Aaliyah,Miller,Child,2021-09-04,F,Active
DP000038801,EE0000388,Fatima,Thomas,Child,2019-12-06,M,Active
DP000038901,EE0000389,Angela,Adeyemi,Child,2007-11-09,F,Active
DP000039001,EE0000390,Kevin,Kim,Spouse,1988-03-26,F,Active
DP000039101,EE0000391,Grace,Adams,Domestic Partner,2000-01-26,F,Active
DP000039301,EE0000393,Grace,Williams,Child,2015-06-27,F,Active
DP000039302,EE0000393,Daniel,Williams,Child,2013-01-23,F,Active
DP000039501,EE0000395,Grace,Walker,Spouse,1994-02-20,M,Active
DP000039502,EE0000395,Naomi,Walker,Child,2014-09-13,M,Active
DP000039701,EE0000397,Jordan,Mensah,Domestic Partner,2005-01-18,M,Active
DP000039702,EE0000397,Jasmine,Mensah,Child,2022-12-07,M,Active
DP000039801,EE0000398,Fatima,Walker,Child,2012-07-12,F,Active
DP000039802,EE0000398,Carlos,Walker,Child,2002-11-16,F,Active
DP000040001,EE0000400,Victor,Brown,Child,2020-09-25,F,Active
DP000040201,EE0000402,Elena,Walker,Domestic Partner,2002-02-01,M,Active
DP000040202,EE0000402,David,Walker,Child,2025-08-18,M,Active
DP000040301,EE0000403,Naomi,Taylor,Domestic Partner,2004-01-17,F,Active
DP000040601,EE0000406,Aaliyah,Martinez,Spouse,1995-12-25,M,Active
DP000040801,EE0000408,Malik,Brown,Child,2011-03-28,M,Active
DP000041001,EE0000410,Zoe,Miller,Spouse,1996-03-29,F,Active
DP000041002,EE0000410,Jasmine,Miller,Child,2020-03-25,F,Active
DP000041003,EE0000410,Daniel,Miller,Child,2023-11-21,F,Active
DP000041401,EE0000414,Zoe,Adams,Child,2000-04-24,F,Active
DP000041601,EE0000416,Olivia,Chen,Domestic Partner,1970-12-11,F,Active
DP000041701,EE0000417,Omar,Kim,Spouse,2003-05-02,M,Active
DP000041901,EE0000419,Victor,Mensah,Domestic Partner,1990-12-02,M,Active
DP000042201,EE0000422,Aaliyah,Ibrahim,Domestic Partner,1999-04-19,M,Active
DP000042501,EE0000425,Victor,Thomas,Domestic Partner,2006-04-20,F,Active
DP000042901,EE0000429,Noah,Campbell,Child,2026-02-23,F,Active
DP000042902,EE0000429,Fatima,Campbell,Child,2024-11-10,M,Active
DP000043101,EE0000431,Leah,Mensah,Domestic Partner,1967-08-25,M,Active
DP000043102,EE0000431,Elena,Mensah,Child,2024-11-27,M,Active
DP000043201,EE0000432,Jasmine,Johnson,Spouse,1968-11-17,M,Active
DP000043301,EE0000433,Chiamaka,Smith,Child,2023-11-15,M,Active
DP000043401,EE0000434,Noah,Campbell,Domestic Partner,1978-04-09,M,Active
DP000043501,EE0000435,David,Johnson,Spouse,1993-03-19,M,Active
DP000043502,EE0000435,Andre,Johnson,Child,2013-09-26,M,Active
DP000043801,EE0000438,Omar,Walker,Spouse,1975-09-06,F,Active
DP000043901,EE0000439,Carlos,Brown,Spouse,1998-01-16,M,Active
DP000043902,EE0000439,Aaliyah,Brown,Child,2022-08-04,F,Active
DP000044001,EE0000440,Fatima,Johnson,Domestic Partner,1982-08-13,M,Active
DP000044002,EE0000440,Zoe,Johnson,Child,2014-10-23,M,Active
DP000044401,EE0000444,Andre,Garcia,Child,2025-03-28,F,Active
DP000044501,EE0000445,Sophia,Martinez,Spouse,1981-08-04,M,Active
DP000044601,EE0000446,Daniel,Campbell,Child,2024-04-18,M,Active
DP000044602,EE0000446,Sophia,Campbell,Child,2021-09-26,M,Active
DP000044701,EE0000447,Samuel,Chen,Child,2020-12-05,F,Active
DP000044702,EE0000447,Jordan,Chen,Child,2021-12-24,F,Active
DP000044801,EE0000448,Leah,Johnson,Spouse,1978-02-19,M,Active
DP000045401,EE0000454,Leah,Miller,Spouse,1973-11-04,M,Active
DP000045901,EE0000459,Ethan,Smith,Spouse,1979-05-11,M,Active
DP000045902,EE0000459,Fatima,Smith,Child,2017-09-05,F,Active
DP000046001,EE0000460,Naomi,Brown,Domestic Partner,2001-01-02,F,Active
DP000046002,EE0000460,Angela,Brown,Child,2017-06-18,F,Active
DP000046301,EE0000463,Amara,Mensah,Spouse,1996-02-04,M,Active
DP000046302,EE0000463,Olivia,Mensah,Child,2009-09-17,M,Active
DP000046501,EE0000465,Noah,Okafor,Spouse,1971-10-27,M,Active
DP000046502,EE0000465,Zoe,Okafor,Child,2009-06-30,F,Active
DP000046503,EE0000465,Luis,Okafor,Child,2003-03-28,M,Active
DP000046601,EE0000466,Kevin,Bennett,Domestic Partner,1984-05-21,F,Active
DP000046602,EE0000466,Ethan,Bennett,Child,2016-06-20,M,Active
DP000047201,EE0000472,David,Mensah,Child,2009-06-03,F,Active
DP000047202,EE0000472,Samuel,Mensah,Child,2006-07-11,M,Active
DP000047301,EE0000473,Jordan,Mensah,Child,2025-10-28,M,Active
DP000047401,EE0000474,Carlos,Bennett,Spouse,1983-05-15,M,Active
DP000047402,EE0000474,Michael,Bennett,Child,2016-08-07,F,Active
DP000047403,EE0000474,Zoe,Bennett,Child,2002-12-20,F,Active
DP000047701,EE0000477,Aaliyah,Kim,Spouse,1999-02-17,M,Active
DP000047901,EE0000479,Grace,Thomas,Domestic Partner,2006-06-23,M,Active
DP000048001,EE0000480,Carlos,Okafor,Spouse,1979-04-20,M,Active
DP000048201,EE0000482,Aaliyah,Ibrahim,Domestic Partner,2003-03-10,M,Active
DP000048202,EE0000482,Carlos,Ibrahim,Child,2024-08-15,F,Active
DP000048401,EE0000484,Jordan,Lewis,Domestic Partner,1974-04-22,M,Active
DP000049001,EE0000490,Amara,Moore,Domestic Partner,1987-03-10,F,Active
DP000049501,EE0000495,Jasmine,Walker,Child,2009-03-14,F,Active
DP000049601,EE0000496,Luis,Williams,Spouse,1965-08-31,F,Active
DP000049602,EE0000496,Noah,Williams,Child,2009-08-21,F,Active
DP000049603,EE0000496,Angela,Williams,Child,2015-06-05,M,Active
DP000050101,EE0000501,Amara,Mensah,Domestic Partner,1967-01-20,M,Active
DP000050301,EE0000503,Malik,Hernandez,Spouse,1976-02-18,M,Active
DP000050501,EE0000505,Malik,Brown,Spouse,1973-11-13,F,Active
DP000050701,EE0000507,Kevin,Kim,Domestic Partner,1970-10-15,M,Active
DP000050702,EE0000507,Andre,Kim,Child,2004-08-25,M,Active
DP000050703,EE0000507,Maya,Kim,Child,2021-03-20,M,Active
DP000050801,EE0000508,Amara,Robinson,Spouse,1963-07-26,M,Active
DP000050802,EE0000508,Fatima,Robinson,Child,2011-11-13,F,Active
DP000051101,EE0000511,Carlos,Smith,Domestic Partner,2004-10-08,M,Active
DP000051102,EE0000511,Victor,Smith,Child,2025-11-14,M,Active
DP000051201,EE0000512,Grace,Robinson,Child,2020-10-11,M,Active
DP000051301,EE0000513,Carlos,Chen,Spouse,1973-03-05,F,Active
DP000051302,EE0000513,Olivia,Chen,Child,2009-07-11,M,Active
DP000051501,EE0000515,David,Mensah,Spouse,1968-11-20,M,Active
DP000051502,EE0000515,Jordan,Mensah,Child,2012-11-28,M,Active
DP000051701,EE0000517,Noah,Kim,Child,2020-11-20,F,Active
DP000051702,EE0000517,Omar,Kim,Child,2009-01-30,F,Active
DP000051901,EE0000519,Grace,Taylor,Domestic Partner,1989-10-25,F,Active
DP000052201,EE0000522,Malik,Patel,Child,2018-05-14,F,Active
DP000052501,EE0000525,Nia,Moore,Child,2014-10-10,M,Active
DP000052502,EE0000525,Amara,Moore,Child,2003-10-16,M,Active
DP000052801,EE0000528,Zoe,Nguyen,Child,2012-10-06,M,Active
DP000052901,EE0000529,Amara,Patel,Domestic Partner,1996-03-16,M,Active
DP000052902,EE0000529,Maya,Patel,Child,2022-11-06,F,Active
DP000053001,EE0000530,Jordan,Adeyemi,Domestic Partner,1969-01-18,M,Active
DP000053002,EE0000530,Jasmine,Adeyemi,Child,2019-11-12,F,Active
DP000053201,EE0000532,David,Williams,Child,2019-10-02,M,Active
DP000053202,EE0000532,Omar,Williams,Child,2011-12-23,F,Active
DP000053501,EE0000535,Samuel,Adams,Child,2008-07-25,M,Active
DP000053601,EE0000536,Malik,Kim,Spouse,2002-10-27,M,Active
DP000053801,EE0000538,Victor,Kim,Domestic Partner,1977-12-19,F,Active
DP000053802,EE0000538,Aaliyah,Kim,Child,2012-06-06,M,Active
DP000053901,EE0000539,Jasmine,Moore,Spouse,1995-10-05,M,Active
DP000053902,EE0000539,Elena,Moore,Child,2008-06-05,F,Active
DP000054101,EE0000541,Malik,Mensah,Child,2013-07-12,M,Active
DP000054102,EE0000541,Malik,Mensah,Child,2018-08-19,M,Active
DP000054103,EE0000541,Olivia,Mensah,Child,2001-10-16,F,Active
DP000054301,EE0000543,Carlos,Chen,Child,2011-12-22,F,Active
DP000054801,EE0000548,Aaliyah,Wilson,Child,2020-12-07,M,Active
DP000054802,EE0000548,Aaliyah,Wilson,Child,2007-10-16,F,Active
DP000055001,EE0000550,Naomi,Smith,Domestic Partner,1987-06-06,F,Active
DP000055101,EE0000551,Daniel,Martinez,Child,2023-03-27,M,Active
DP000055102,EE0000551,Andre,Martinez,Child,2022-06-21,F,Active
DP000055401,EE0000554,Aaliyah,Kim,Domestic Partner,1989-05-22,M,Active
DP000055402,EE0000554,Luis,Kim,Child,2017-03-10,M,Active
DP000055701,EE0000557,Isaiah,Thomas,Domestic Partner,1997-07-29,F,Active
DP000055901,EE0000559,Olivia,Miller,Spouse,2001-08-15,M,Active
DP000055902,EE0000559,Daniel,Miller,Child,2021-08-22,M,Active
DP000056101,EE0000561,Michael,Davis,Spouse,1973-06-12,F,Active
DP000056102,EE0000561,Chiamaka,Davis,Child,2001-01-23,M,Active
DP000056201,EE0000562,Jordan,Taylor,Spouse,1994-06-14,M,Active
DP000056202,EE0000562,Angela,Taylor,Child,2014-02-08,M,Active
DP000056301,EE0000563,Kevin,Martinez,Domestic Partner,1984-05-24,M,Active
DP000056302,EE0000563,Elena,Martinez,Child,2021-12-19,M,Active
DP000056501,EE0000565,Zoe,Brown,Child,2013-08-24,M,Active
DP000056601,EE0000566,Isaiah,Williams,Domestic Partner,1987-09-01,M,Active
DP000056602,EE0000566,Luis,Williams,Child,2005-12-23,F,Active
DP000056701,EE0000567,Daniel,Okafor,Domestic Partner,2001-06-01,F,Active
DP000056702,EE0000567,Olivia,Okafor,Child,2016-10-26,F,Active
DP000056703,EE0000567,Isaiah,Okafor,Child,2016-12-05,M,Active
DP000057001,EE0000570,Ethan,Bennett,Domestic Partner,2000-09-23,M,Active
DP000057002,EE0000570,Nia,Bennett,Child,2025-06-15,M,Active
DP000057201,EE0000572,Nia,Garcia,Spouse,1976-09-23,M,Active
DP000057202,EE0000572,Kevin,Garcia,Child,2016-07-25,M,Active
DP000057203,EE0000572,Ethan,Garcia,Child,2016-11-09,F,Active
DP000057301,EE0000573,Victor,Martinez,Child,2022-10-02,F,Active
DP000057501,EE0000575,Angela,Robinson,Child,2006-09-21,M,Active
DP000057601,EE0000576,Samuel,Adeyemi,Spouse,2001-03-04,M,Active
DP000058001,EE0000580,Zoe,Garcia,Child,2017-10-25,F,Active
DP000058201,EE0000582,Jasmine,Garcia,Child,2022-10-11,F,Active
DP000058202,EE0000582,Chiamaka,Garcia,Child,2006-10-01,F,Active
DP000058701,EE0000587,Leah,Nguyen,Spouse,1978-01-21,M,Active
DP000058801,EE0000588,Zoe,Taylor,Child,2017-12-18,F,Active
DP000058802,EE0000588,Luis,Taylor,Child,2014-11-25,F,Active
DP000058901,EE0000589,Noah,Bennett,Domestic Partner,1982-04-07,M,Active
DP000059001,EE0000590,Kevin,Martinez,Domestic Partner,1991-12-30,F,Active
DP000059002,EE0000590,Samuel,Martinez,Child,2022-09-05,F,Active
DP000059101,EE0000591,Angela,Adams,Spouse,1986-10-07,F,Active
DP000059201,EE0000592,Andre,Taylor,Child,2012-12-21,M,Active
DP000059202,EE0000592,Malik,Taylor,Child,2000-12-25,M,Active
DP000059401,EE0000594,Michael,Kim,Spouse,1985-12-19,F,Active
DP000059701,EE0000597,Michael,Williams,Domestic Partner,1969-12-02,M,Active
DP000059702,EE0000597,Angela,Williams,Child,2021-02-26,M,Active
DP000059801,EE0000598,Naomi,Thomas,Child,2009-01-28,F,Active
DP000059901,EE0000599,Daniel,Thomas,Domestic Partner,2004-02-23,M,Active
DP000059902,EE0000599,Kevin,Thomas,Child,2026-05-26,F,Active
DP000059903,EE0000599,Carlos,Thomas,Child,2020-12-04,M,Active
DP000060101,EE0000601,Noah,Mensah,Spouse,2005-05-26,M,Active
DP000060201,EE0000602,Fatima,Brown,Domestic Partner,1998-10-29,F,Active
DP000060202,EE0000602,Fatima,Brown,Child,2017-09-08,F,Active
DP000060301,EE0000603,Chiamaka,Okafor,Child,2019-10-05,M,Active
DP000060801,EE0000608,Isaiah,Johnson,Child,2015-08-14,M,Active
DP000060802,EE0000608,Victor,Johnson,Child,2013-12-16,M,Active
DP000061001,EE0000610,Olivia,Martinez,Child,2013-02-18,M,Active
DP000061002,EE0000610,Angela,Martinez,Child,2013-10-20,F,Active
DP000061003,EE0000610,Zoe,Martinez,Child,2013-07-27,M,Active
DP000061201,EE0000612,Grace,Campbell,Child,2022-03-29,M,Active
DP000061202,EE0000612,Olivia,Campbell,Child,2023-02-13,F,Active
DP000061601,EE0000616,Jordan,Smith,Child,2004-05-28,F,Active
DP000061602,EE0000616,Aaliyah,Smith,Child,2011-01-27,M,Active
DP000061701,EE0000617,Kevin,Nguyen,Domestic Partner,1965-10-31,M,Active
DP000061901,EE0000619,Jasmine,Nguyen,Spouse,2005-12-23,F,Active
DP000062001,EE0000620,Daniel,Chen,Domestic Partner,2000-11-21,M,Active
DP000062002,EE0000620,Victor,Chen,Child,2023-01-05,F,Active
DP000062101,EE0000621,Isaiah,Kim,Child,2004-01-31,F,Active
DP000062102,EE0000621,Fatima,Kim,Child,2009-07-29,M,Active
DP000062401,EE0000624,Zoe,Mensah,Child,2012-08-19,F,Active
DP000062501,EE0000625,Michael,Hernandez,Child,2018-05-21,M,Active
DP000062701,EE0000627,Sophia,Martinez,Spouse,1979-07-21,F,Active
DP000062702,EE0000627,Jasmine,Martinez,Child,2011-02-13,M,Active
DP000063001,EE0000630,Kevin,Kim,Spouse,1977-12-20,F,Active
DP000063002,EE0000630,Priya,Kim,Child,2018-05-18,M,Active
DP000063101,EE0000631,Sophia,Robinson,Domestic Partner,2006-07-22,F,Active
DP000063201,EE0000632,Luis,Campbell,Child,2005-10-21,F,Active
DP000063401,EE0000634,Kevin,Chen,Domestic Partner,1994-12-06,F,Active
DP000063402,EE0000634,Maya,Chen,Child,2025-06-13,M,Active
DP000063403,EE0000634,Andre,Chen,Child,2026-03-21,F,Active
DP000063501,EE0000635,Amara,Johnson,Child,2024-11-15,F,Active
DP000063502,EE0000635,Kevin,Johnson,Child,2006-12-12,M,Active
DP000063601,EE0000636,Omar,Lewis,Spouse,1999-11-08,F,Active
DP000063701,EE0000637,Carlos,Nguyen,Domestic Partner,1983-11-02,F,Active
DP000063702,EE0000637,Zoe,Nguyen,Child,2019-07-19,F,Active
DP000063801,EE0000638,Priya,Campbell,Spouse,1997-10-12,F,Active
DP000063901,EE0000639,David,Okafor,Child,2010-11-24,M,Active
DP000063902,EE0000639,Olivia,Okafor,Child,2020-11-29,F,Active
DP000063903,EE0000639,Samuel,Okafor,Child,2017-11-19,M,Active
DP000064101,EE0000641,Carlos,Okafor,Spouse,1996-12-18,M,Active
DP000064102,EE0000641,Aaliyah,Okafor,Child,2024-10-22,F,Active
DP000064201,EE0000642,David,Adams,Child,2017-05-28,F,Active
DP000064701,EE0000647,Daniel,Miller,Domestic Partner,1977-07-05,F,Active
DP000064901,EE0000649,Ethan,Johnson,Child,2024-01-24,M,Active
DP000065301,EE0000653,Jordan,Hernandez,Domestic Partner,1976-01-01,F,Active
DP000065601,EE0000656,Aaliyah,Smith,Child,2021-11-30,M,Active
DP000065701,EE0000657,Amara,Brown,Domestic Partner,1998-06-08,M,Active
DP000065901,EE0000659,Michael,Moore,Child,2012-02-19,F,Active
DP000065902,EE0000659,Isaiah,Moore,Child,2023-12-02,F,Active
DP000066001,EE0000660,Samuel,Walker,Child,2000-07-01,M,Active
DP000066002,EE0000660,Elena,Walker,Child,2011-06-13,F,Active
DP000066401,EE0000664,Angela,Smith,Child,2019-02-28,M,Active
DP000066501,EE0000665,David,Garcia,Child,2007-11-17,M,Active
DP000066502,EE0000665,Amara,Garcia,Child,2025-05-05,F,Active
DP000066701,EE0000667,Fatima,Smith,Child,2021-05-20,F,Active
DP000066702,EE0000667,Nia,Smith,Child,2015-12-12,F,Active
DP000066801,EE0000668,Victor,Okafor,Child,2000-04-02,M,Active
DP000067401,EE0000674,Isaiah,Okafor,Spouse,1988-01-06,F,Active
DP000067402,EE0000674,Chiamaka,Okafor,Child,2022-02-22,F,Active
DP000067403,EE0000674,Noah,Okafor,Child,2001-09-15,F,Active
DP000067901,EE0000679,Zoe,Bennett,Child,2012-01-15,F,Active
DP000067902,EE0000679,David,Bennett,Child,2017-12-21,M,Active
DP000068301,EE0000683,Olivia,Robinson,Child,2020-12-27,F,Active
DP000068401,EE0000684,Isaiah,Johnson,Child,2016-10-05,F,Active
DP000069001,EE0000690,Noah,Williams,Child,2016-04-15,M,Active
DP000069301,EE0000693,David,Williams,Spouse,1984-08-22,F,Active
DP000069302,EE0000693,Carlos,Williams,Child,2006-01-14,F,Active
DP000069401,EE0000694,Olivia,Garcia,Child,2024-06-17,F,Active
DP000069601,EE0000696,Daniel,Chen,Spouse,1966-01-05,F,Active
DP000069602,EE0000696,Jordan,Chen,Child,2001-10-22,F,Active
DP000069801,EE0000698,Kevin,Walker,Domestic Partner,1999-04-08,M,Active
DP000069901,EE0000699,Sophia,Moore,Domestic Partner,1977-06-30,M,Active
DP000069902,EE0000699,Jordan,Moore,Child,2000-01-10,M,Active
DP000070001,EE0000700,Maya,Moore,Child,2022-11-30,M,Active
DP000070002,EE0000700,Jordan,Moore,Child,2020-12-29,F,Active
DP000070003,EE0000700,Angela,Moore,Child,2000-06-01,M,Active
DP000070101,EE0000701,Sophia,Miller,Spouse,1972-04-27,F,Active
DP000070401,EE0000704,Aaliyah,Smith,Domestic Partner,1978-10-16,F,Active
DP000070402,EE0000704,Fatima,Smith,Child,2005-05-10,M,Active
DP000071101,EE0000711,Leah,Smith,Child,2022-05-19,M,Active
DP000071102,EE0000711,Maya,Smith,Child,2021-10-11,F,Active
DP000071401,EE0000714,Naomi,Moore,Child,2012-10-10,F,Active
DP000071501,EE0000715,Luis,Smith,Domestic Partner,1993-10-29,F,Active
DP000071601,EE0000716,Naomi,Ibrahim,Spouse,1962-03-15,F,Active
DP000071701,EE0000717,Leah,Patel,Child,2011-12-27,F,Active
DP000072101,EE0000721,Jordan,Ibrahim,Domestic Partner,1981-11-28,M,Active
DP000072102,EE0000721,Sophia,Ibrahim,Child,2025-09-28,M,Active
DP000072201,EE0000722,Luis,Adeyemi,Spouse,1969-03-01,M,Active
DP000072202,EE0000722,Aaliyah,Adeyemi,Child,2009-01-04,M,Active
DP000072401,EE0000724,Angela,Davis,Child,2021-06-26,F,Active
DP000072402,EE0000724,Malik,Davis,Child,2008-12-26,F,Active
DP000072601,EE0000726,Elena,Chen,Domestic Partner,1999-09-26,M,Active
DP000073201,EE0000732,Olivia,Smith,Child,2011-07-20,M,Active
DP000073401,EE0000734,Amara,Ibrahim,Child,2020-12-24,F,Active
DP000073501,EE0000735,Luis,Taylor,Child,2011-12-29,F,Active
DP000073601,EE0000736,Andre,Garcia,Child,2003-01-01,M,Active
DP000073901,EE0000739,Michael,Adeyemi,Child,2010-02-22,F,Active
DP000074201,EE0000742,Noah,Martinez,Child,2013-10-20,M,Active
DP000074401,EE0000744,Michael,Moore,Child,2014-02-08,F,Active
DP000074402,EE0000744,Luis,Moore,Child,2026-03-24,M,Active
DP000074403,EE0000744,Omar,Moore,Child,2025-10-27,F,Active
DP000074501,EE0000745,Naomi,Taylor,Spouse,2000-02-02,F,Active
DP000074502,EE0000745,Jordan,Taylor,Child,2017-02-07,M,Active
DP000074503,EE0000745,Elena,Taylor,Child,2025-05-28,F,Active
DP000074601,EE0000746,Sophia,Nguyen,Spouse,1966-04-06,M,Active
DP000074701,EE0000747,Zoe,Brown,Domestic Partner,2005-01-22,M,Active
DP000074702,EE0000747,Olivia,Brown,Child,2025-12-12,F,Active
DP000074801,EE0000748,Nia,Moore,Child,2008-12-27,F,Active
DP000074802,EE0000748,Maya,Moore,Child,2007-05-28,M,Active
DP000074803,EE0000748,Naomi,Moore,Child,2009-10-19,F,Active
DP000074901,EE0000749,Andre,Taylor,Spouse,2005-05-23,M,Active
DP000074902,EE0000749,Omar,Taylor,Child,2025-01-06,M,Active
DP000075001,EE0000750,Luis,Wilson,Spouse,1979-06-29,F,Active
DP000075201,EE0000752,Amara,Mensah,Child,2007-02-04,F,Active
DP000075301,EE0000753,Leah,Hernandez,Domestic Partner,1975-03-21,F,Active
DP000075302,EE0000753,Zoe,Hernandez,Child,2022-09-11,M,Active
DP000075501,EE0000755,Leah,Okafor,Child,2026-02-24,M,Active
DP000075502,EE0000755,Elena,Okafor,Child,2023-02-17,F,Active
DP000075701,EE0000757,Ethan,Moore,Domestic Partner,1977-01-26,M,Active
DP000075702,EE0000757,David,Moore,Child,2003-09-09,M,Active
DP000075703,EE0000757,Victor,Moore,Child,2025-02-12,M,Active
DP000075801,EE0000758,Michael,Okafor,Spouse,1975-03-18,F,Active
DP000076101,EE0000761,Sophia,Garcia,Spouse,1987-09-18,M,Active
DP000076201,EE0000762,Michael,Adeyemi,Spouse,1991-03-19,M,Active
DP000076501,EE0000765,Noah,Chen,Child,2010-11-07,M,Active
DP000076801,EE0000768,Olivia,Okafor,Child,2019-03-14,F,Active
DP000077001,EE0000770,Nia,Hernandez,Domestic Partner,1998-11-24,M,Active
DP000077501,EE0000775,Leah,Davis,Child,2025-11-06,M,Active
DP000077701,EE0000777,Sophia,Patel,Child,2011-11-26,F,Active
DP000077901,EE0000779,Naomi,Thomas,Domestic Partner,1966-02-05,M,Active
DP000077902,EE0000779,Noah,Thomas,Child,2012-09-30,M,Active
DP000077903,EE0000779,Fatima,Thomas,Child,2014-12-23,F,Active
DP000078001,EE0000780,Ethan,Adams,Spouse,1974-07-09,F,Active
DP000078002,EE0000780,Daniel,Adams,Child,2023-11-21,M,Active
DP000078201,EE0000782,Leah,Moore,Child,2020-05-04,M,Active
DP000078202,EE0000782,Leah,Moore,Child,2021-05-15,F,Active
DP000078401,EE0000784,Amara,Mensah,Child,2018-08-05,M,Active
DP000078402,EE0000784,Leah,Mensah,Child,2022-07-16,F,Active
DP000078701,EE0000787,Victor,Adeyemi,Domestic Partner,1997-09-18,M,Active
DP000079001,EE0000790,Grace,Robinson,Domestic Partner,1988-01-04,M,Active
DP000079002,EE0000790,Victor,Robinson,Child,2002-04-09,M,Active
DP000079003,EE0000790,Amara,Robinson,Child,2018-06-25,M,Active
DP000079201,EE0000792,Naomi,Davis,Child,2026-02-05,M,Active
DP000079202,EE0000792,Olivia,Davis,Child,2015-07-14,M,Active
DP000079301,EE0000793,Samuel,Johnson,Spouse,1961-01-21,F,Active
DP000079302,EE0000793,Chiamaka,Johnson,Child,2014-06-18,F,Active
DP000079601,EE0000796,Aaliyah,Bennett,Child,2025-05-18,F,Active
DP000080101,EE0000801,Samuel,Adeyemi,Spouse,2004-02-15,F,Active
DP000080102,EE0000801,Angela,Adeyemi,Child,2022-04-01,F,Active
DP000080201,EE0000802,Michael,Bennett,Child,2020-07-25,M,Active
DP000080202,EE0000802,Priya,Bennett,Child,2023-02-20,F,Active
DP000080203,EE0000802,Kevin,Bennett,Child,2025-07-05,F,Active
DP000080301,EE0000803,Olivia,Miller,Domestic Partner,1989-06-25,M,Active
DP000080501,EE0000805,Malik,Moore,Domestic Partner,1965-12-31,F,Active
DP000080701,EE0000807,Victor,Davis,Spouse,1980-07-14,M,Active
DP000080702,EE0000807,David,Davis,Child,2016-06-07,M,Active
DP000080901,EE0000809,Nia,Davis,Child,2018-09-25,F,Active
DP000080902,EE0000809,Nia,Davis,Child,2025-01-10,F,Active
DP000081101,EE0000811,Priya,Smith,Domestic Partner,1983-05-13,M,Active
DP000081201,EE0000812,Aaliyah,Smith,Child,2018-11-04,M,Active
DP000081202,EE0000812,Aaliyah,Smith,Child,2023-05-16,M,Active
DP000081301,EE0000813,Amara,Williams,Domestic Partner,2007-05-04,M,Active
DP000081401,EE0000814,Zoe,Brown,Child,2018-12-16,F,Active
DP000081501,EE0000815,Malik,Patel,Child,2014-09-13,F,Active
DP000081502,EE0000815,Ethan,Patel,Child,2015-06-30,M,Active
DP000081701,EE0000817,Angela,Kim,Spouse,1970-07-26,F,Active
DP000081901,EE0000819,Noah,Mensah,Child,2015-12-03,M,Active
DP000081902,EE0000819,Naomi,Mensah,Child,2011-04-02,M,Active
DP000081903,EE0000819,Andre,Mensah,Child,2001-09-03,F,Active
DP000082001,EE0000820,Leah,Walker,Child,2014-11-04,F,Active
DP000083201,EE0000832,Noah,Taylor,Spouse,1990-12-06,M,Active
DP000083301,EE0000833,Daniel,Wilson,Child,2005-06-21,M,Active
DP000083401,EE0000834,Malik,Nguyen,Child,2024-04-01,F,Active
DP000083402,EE0000834,Daniel,Nguyen,Child,2018-07-30,F,Active
DP000083701,EE0000837,Nia,Adeyemi,Child,2011-11-20,M,Active
DP000083702,EE0000837,Malik,Adeyemi,Child,2021-08-14,F,Active
DP000083703,EE0000837,David,Adeyemi,Child,2013-12-25,F,Active
DP000083801,EE0000838,Noah,Adeyemi,Child,2024-03-02,F,Active
DP000083802,EE0000838,Olivia,Adeyemi,Child,2020-12-01,M,Active
DP000083803,EE0000838,Chiamaka,Adeyemi,Child,2023-09-08,M,Active
DP000084301,EE0000843,Noah,Miller,Child,2026-06-12,M,Active
DP000084601,EE0000846,Grace,Brown,Domestic Partner,1972-05-14,M,Active
DP000084602,EE0000846,Angela,Brown,Child,2025-06-07,M,Active
DP000084701,EE0000847,David,Campbell,Child,2024-03-31,F,Active
DP000084702,EE0000847,Aaliyah,Campbell,Child,2022-08-17,F,Active
DP000084901,EE0000849,Maya,Taylor,Spouse,1996-07-24,M,Active
DP000084902,EE0000849,Zoe,Taylor,Child,2021-08-26,F,Active
DP000085101,EE0000851,Grace,Moore,Domestic Partner,1998-07-06,F,Active
DP000085201,EE0000852,Priya,Adeyemi,Child,2021-04-04,M,Active
DP000085301,EE0000853,Amara,Brown,Spouse,1984-08-24,F,Active
DP000085302,EE0000853,Isaiah,Brown,Child,2007-09-05,F,Active
DP000086301,EE0000863,Grace,Moore,Child,2022-05-03,M,Active
DP000086302,EE0000863,Jordan,Moore,Child,2014-06-26,F,Active
DP000086601,EE0000866,Chiamaka,Martinez,Child,2018-10-03,F,Active
DP000086602,EE0000866,Nia,Martinez,Child,2021-07-24,F,Active
DP000086801,EE0000868,Maya,Wilson,Domestic Partner,1981-01-06,M,Active
DP000087001,EE0000870,Isaiah,Kim,Child,2025-11-04,F,Active
DP000087002,EE0000870,Leah,Kim,Child,2024-10-30,F,Active
DP000087101,EE0000871,Jordan,Brown,Domestic Partner,1977-08-28,F,Active
DP000087102,EE0000871,Naomi,Brown,Child,2004-05-18,M,Active
DP000087201,EE0000872,Victor,Adeyemi,Child,2020-07-12,F,Active
DP000087202,EE0000872,Ethan,Adeyemi,Child,2004-03-19,M,Active
DP000087701,EE0000877,Samuel,Miller,Child,2024-03-28,M,Active
DP000087702,EE0000877,Omar,Miller,Child,2023-08-19,M,Active
DP000087801,EE0000878,Grace,Smith,Child,2004-02-09,F,Active
DP000087802,EE0000878,Ethan,Smith,Child,2017-06-27,F,Active
DP000088101,EE0000881,Naomi,Walker,Domestic Partner,1996-09-26,M,Active
DP000088301,EE0000883,Kevin,Kim,Domestic Partner,2004-06-23,M,Active
DP000088501,EE0000885,Luis,Chen,Domestic Partner,1961-12-09,F,Active
DP000088601,EE0000886,Isaiah,Chen,Child,2023-04-26,M,Active
DP000088602,EE0000886,Luis,Chen,Child,2020-01-31,F,Active
DP000089001,EE0000890,Malik,Williams,Child,2007-03-08,F,Active
DP000089101,EE0000891,Leah,Kim,Child,2023-01-08,F,Active
DP000089401,EE0000894,Sophia,Nguyen,Child,2023-07-08,M,Active
DP000089402,EE0000894,Naomi,Nguyen,Child,2025-05-23,F,Active
DP000089403,EE0000894,Isaiah,Nguyen,Child,2024-06-14,M,Active
DP000089601,EE0000896,Daniel,Brown,Domestic Partner,1971-05-27,M,Active
DP000089602,EE0000896,Malik,Brown,Child,2024-05-23,F,Active
DP000090101,EE0000901,Elena,Robinson,Domestic Partner,1999-12-08,M,Active
DP000090102,EE0000901,Olivia,Robinson,Child,2015-01-25,F,Active
DP000090501,EE0000905,Isaiah,Martinez,Spouse,1964-09-11,F,Active
DP000090502,EE0000905,Sophia,Martinez,Child,2019-12-10,M,Active
DP000090503,EE0000905,Elena,Martinez,Child,2003-06-03,M,Active
DP000090801,EE0000908,Isaiah,Johnson,Child,2010-06-24,M,Active
DP000090901,EE0000909,Andre,Miller,Spouse,1999-12-31,F,Active
DP000091301,EE0000913,Amara,Brown,Domestic Partner,1996-09-15,F,Active
DP000091302,EE0000913,Luis,Brown,Child,2018-08-02,M,Active
DP000091303,EE0000913,Samuel,Brown,Child,2019-01-01,M,Active
DP000091501,EE0000915,Chiamaka,Brown,Child,2015-04-09,M,Active
DP000091502,EE0000915,Omar,Brown,Child,2021-06-12,M,Active
DP000091503,EE0000915,Omar,Brown,Child,2026-05-15,M,Active
DP000091601,EE0000916,Jordan,Johnson,Child,2013-10-18,F,Active
DP000091701,EE0000917,Kevin,Garcia,Child,2017-06-02,M,Active
DP000091702,EE0000917,Naomi,Garcia,Child,2023-06-21,M,Active
DP000091801,EE0000918,Maya,Wilson,Child,2021-03-31,F,Active
DP000091802,EE0000918,Kevin,Wilson,Child,2003-10-14,M,Active
DP000092101,EE0000921,Nia,Mensah,Domestic Partner,2002-07-24,F,Active
DP000092401,EE0000924,Olivia,Ibrahim,Spouse,2000-10-23,F,Active
DP000092601,EE0000926,Samuel,Adams,Child,2022-10-10,M,Active
DP000092602,EE0000926,Angela,Adams,Child,2019-12-22,M,Active
DP000092801,EE0000928,Aaliyah,Bennett,Spouse,1991-08-03,F,Active
DP000092802,EE0000928,Omar,Bennett,Child,2010-05-15,F,Active
DP000092901,EE0000929,Jordan,Adeyemi,Child,2014-09-17,M,Active
DP000092902,EE0000929,Luis,Adeyemi,Child,2009-01-26,M,Active
DP000093501,EE0000935,Maya,Martinez,Spouse,1968-12-27,F,Active
DP000093601,EE0000936,Samuel,Martinez,Child,2016-08-10,F,Active
DP000093602,EE0000936,Sophia,Martinez,Child,2013-03-29,F,Active
DP000093603,EE0000936,Grace,Martinez,Child,2019-04-12,M,Active
DP000093701,EE0000937,Samuel,Nguyen,Child,2018-07-08,M,Active
DP000094001,EE0000940,Carlos,Kim,Child,2017-10-28,M,Active
DP000094002,EE0000940,Kevin,Kim,Child,2017-07-19,F,Active
DP000094101,EE0000941,Sophia,Taylor,Spouse,1984-07-13,M,Active
DP000094401,EE0000944,Samuel,Robinson,Child,2025-06-08,M,Active
DP000094501,EE0000945,Fatima,Hernandez,Domestic Partner,1968-10-15,M,Active
DP000094601,EE0000946,Luis,Chen,Child,2006-03-02,F,Active
DP000094602,EE0000946,Aaliyah,Chen,Child,2004-08-12,M,Active
DP000094701,EE0000947,Nia,Patel,Child,2023-10-19,F,Active
DP000094801,EE0000948,Nia,Robinson,Child,2000-06-12,F,Active
DP000094901,EE0000949,Victor,Williams,Spouse,1980-01-21,M,Active
DP000094902,EE0000949,Kevin,Williams,Child,2017-12-16,F,Active
DP000094903,EE0000949,Victor,Williams,Child,2003-05-26,M,Active
DP000095001,EE0000950,Kevin,Nguyen,Domestic Partner,1998-06-24,M,Active
DP000095002,EE0000950,Noah,Nguyen,Child,2013-08-18,F,Active
DP000095201,EE0000952,Michael,Chen,Spouse,1968-08-30,F,Active
DP000095202,EE0000952,Fatima,Chen,Child,2017-01-13,M,Active
DP000095501,EE0000955,Noah,Moore,Spouse,1990-10-10,F,Active
DP000095502,EE0000955,Zoe,Moore,Child,2011-11-04,F,Active
DP000095601,EE0000956,Jasmine,Johnson,Spouse,1970-03-23,M,Active
DP000096101,EE0000961,Malik,Walker,Domestic Partner,1991-01-20,F,Active
DP000096102,EE0000961,Jordan,Walker,Child,2019-02-07,F,Active
DP000096301,EE0000963,Olivia,Wilson,Child,2013-10-13,F,Active
DP000096501,EE0000965,Luis,Walker,Domestic Partner,1962-11-15,M,Active
DP000096502,EE0000965,Samuel,Walker,Child,2003-03-02,M,Active
DP000096701,EE0000967,Victor,Hernandez,Domestic Partner,1993-12-20,F,Active
DP000096801,EE0000968,Omar,Hernandez,Spouse,1976-09-27,F,Active
DP000096802,EE0000968,Jordan,Hernandez,Child,2021-06-03,F,Active
DP000097201,EE0000972,Sophia,Johnson,Spouse,1984-04-12,F,Active
DP000097301,EE0000973,Priya,Davis,Spouse,1981-02-24,M,Active
DP000097401,EE0000974,Nia,Taylor,Spouse,1980-01-23,M,Active
DP000097501,EE0000975,Ethan,Thomas,Child,2001-04-29,M,Active
DP000097801,EE0000978,Nia,Johnson,Child,2026-06-05,F,Active
DP000097901,EE0000979,Noah,Smith,Child,2017-10-20,M,Active
DP000097902,EE0000979,Chiamaka,Smith,Child,2020-04-01,M,Active
DP000098001,EE0000980,Luis,Ibrahim,Child,2019-03-15,F,Active
DP000098101,EE0000981,Malik,Lewis,Child,2025-01-17,M,Active
DP000098102,EE0000981,Nia,Lewis,Child,2022-12-26,M,Active
DP000098103,EE0000981,Leah,Lewis,Child,2022-03-14,F,Active
DP000098201,EE0000982,Isaiah,Moore,Spouse,2001-08-23,F,Active
DP000098202,EE0000982,Leah,Moore,Child,2024-10-23,M,Active
DP000098401,EE0000984,Nia,Campbell,Domestic Partner,1980-10-31,F,Active
DP000098402,EE0000984,Jasmine,Campbell,Child,2013-10-29,M,Active
DP000098701,EE0000987,Jordan,Lewis,Child,2013-06-22,F,Active
DP000098702,EE0000987,Fatima,Lewis,Child,2001-05-08,M,Active
DP000098703,EE0000987,Chiamaka,Lewis,Child,2008-07-21,F,Active
DP000098901,EE0000989,Amara,Martinez,Spouse,1994-07-02,M,Active
DP000098902,EE0000989,Priya,Martinez,Child,2004-08-22,M,Active
DP000099201,EE0000992,Priya,Davis,Spouse,1965-10-17,F,Active
DP000099202,EE0000992,Isaiah,Davis,Child,2003-02-03,M,Active
DP000099301,EE0000993,Aaliyah,Mensah,Spouse,1981-02-21,F,Active
DP000099501,EE0000995,Ethan,Chen,Child,2022-06-09,F,Active
DP000099801,EE0000998,Daniel,Adams,Domestic Partner,1978-12-13,M,Active
DP000099901,EE0000999,Olivia,Johnson,Domestic Partner,1969-12-24,M,Active
DP000100001,EE0001000,Elena,Davis,Child,2009-04-03,F,Active
DP000100101,EE0001001,Ethan,Adeyemi,Child,2018-09-21,M,Active
DP000100102,EE0001001,Priya,Adeyemi,Child,2003-02-07,F,Active
DP000100103,EE0001001,Fatima,Adeyemi,Child,2013-11-03,M,Active
DP000100301,EE0001003,Chiamaka,Miller,Spouse,1998-07-06,M,Active
DP000100302,EE0001003,Nia,Miller,Child,2025-03-16,M,Active
DP000100303,EE0001003,Aaliyah,Miller,Child,2025-10-12,F,Active
DP000100501,EE0001005,Daniel,Martinez,Spouse,1988-03-31,F,Active
DP000100502,EE0001005,Isaiah,Martinez,Child,2000-03-02,M,Active
DP000100601,EE0001006,Michael,Davis,Child,2002-09-15,F,Active
DP000100602,EE0001006,Andre,Davis,Child,2010-09-09,M,Active
DP000100901,EE0001009,Michael,Brown,Child,2000-05-17,F,Active
DP000100902,EE0001009,Angela,Brown,Child,2011-06-26,M,Active
DP000101001,EE0001010,Angela,Nguyen,Spouse,1968-12-04,F,Active
DP000101501,EE0001015,Ethan,Johnson,Domestic Partner,2002-11-28,F,Active
DP000101502,EE0001015,Luis,Johnson,Child,2026-06-20,M,Active
DP000101701,EE0001017,Malik,Moore,Spouse,1976-02-19,F,Active
DP000101702,EE0001017,Amara,Moore,Child,2022-06-28,M,Active
DP000102701,EE0001027,Jordan,Smith,Domestic Partner,1997-06-04,F,Active
DP000102901,EE0001029,Angela,Lewis,Domestic Partner,1972-05-29,F,Active
DP000102902,EE0001029,Elena,Lewis,Child,2007-04-21,M,Active
DP000103001,EE0001030,Isaiah,Taylor,Child,2023-08-07,M,Active
DP000103002,EE0001030,Olivia,Taylor,Child,2016-12-04,F,Active
DP000103101,EE0001031,Olivia,Garcia,Child,2003-12-10,F,Active
DP000103102,EE0001031,Ethan,Garcia,Child,2012-06-09,F,Active
DP000103401,EE0001034,Carlos,Davis,Spouse,1979-07-06,M,Active
DP000103501,EE0001035,Andre,Thomas,Domestic Partner,1999-11-13,F,Active
DP000103502,EE0001035,David,Thomas,Child,2025-05-26,M,Active
DP000103503,EE0001035,Olivia,Thomas,Child,2016-03-05,F,Active
DP000103601,EE0001036,Olivia,Mensah,Spouse,1968-05-23,F,Active
DP000103602,EE0001036,Elena,Mensah,Child,2012-01-16,M,Active
DP000103603,EE0001036,Jordan,Mensah,Child,2023-05-18,F,Active
DP000103801,EE0001038,Angela,Okafor,Domestic Partner,1974-08-19,F,Active
DP000103901,EE0001039,Daniel,Nguyen,Domestic Partner,1976-12-27,F,Active
DP000104201,EE0001042,Omar,Walker,Child,2001-06-25,F,Active
DP000104401,EE0001044,Luis,Moore,Child,2012-07-31,F,Active
DP000104402,EE0001044,Maya,Moore,Child,2005-02-24,F,Active
DP000104601,EE0001046,Priya,Brown,Child,2017-10-28,M,Active
DP000104602,EE0001046,Carlos,Brown,Child,2020-03-12,M,Active
DP000104801,EE0001048,Maya,Davis,Spouse,1976-07-07,F,Active
DP000104901,EE0001049,David,Adeyemi,Domestic Partner,1991-01-03,M,Active
DP000104902,EE0001049,Michael,Adeyemi,Child,2018-07-26,M,Active
DP000104903,EE0001049,Nia,Adeyemi,Child,2014-06-01,F,Active
DP000105001,EE0001050,Noah,Lewis,Child,2017-09-15,F,Active
DP000105002,EE0001050,Angela,Lewis,Child,2000-03-13,M,Active
DP000105003,EE0001050,Fatima,Lewis,Child,2015-11-18,M,Active
DP000105401,EE0001054,Nia,Martinez,Spouse,1971-06-06,M,Active
DP000105402,EE0001054,Fatima,Martinez,Child,2003-04-24,M,Active
DP000105701,EE0001057,Olivia,Walker,Spouse,1969-10-04,F,Active
DP000106001,EE0001060,Isaiah,Brown,Child,2021-06-05,M,Active
DP000106002,EE0001060,Nia,Brown,Child,2001-09-21,F,Active
DP000106101,EE0001061,Isaiah,Okafor,Spouse,2005-05-04,M,Active
DP000106201,EE0001062,Daniel,Ibrahim,Spouse,1981-02-22,F,Active
DP000106202,EE0001062,Olivia,Ibrahim,Child,2023-04-06,M,Active
DP000106301,EE0001063,Naomi,Brown,Spouse,1968-06-23,F,Active
DP000106601,EE0001066,Jasmine,Patel,Spouse,1968-11-23,F,Active
DP000106602,EE0001066,Michael,Patel,Child,2014-12-11,F,Active
DP000106801,EE0001068,Amara,Robinson,Domestic Partner,1981-08-04,F,Active
DP000107001,EE0001070,Fatima,Kim,Spouse,1987-08-25,F,Active
DP000107002,EE0001070,Daniel,Kim,Child,2007-12-22,M,Active
DP000107101,EE0001071,Jasmine,Moore,Child,2007-05-24,M,Active
DP000107102,EE0001071,Nia,Moore,Child,2018-08-03,F,Active
DP000107103,EE0001071,Isaiah,Moore,Child,2004-10-12,F,Active
DP000107501,EE0001075,Noah,Hernandez,Child,2025-03-21,F,Active
DP000107601,EE0001076,Carlos,Campbell,Child,2020-07-24,M,Active
DP000107602,EE0001076,Luis,Campbell,Child,2008-03-11,F,Active
DP000107701,EE0001077,Fatima,Ibrahim,Domestic Partner,1996-05-13,F,Active
DP000107702,EE0001077,Malik,Ibrahim,Child,2021-02-18,M,Active
DP000107901,EE0001079,Maya,Smith,Child,2023-11-11,M,Active
DP000107902,EE0001079,Luis,Smith,Child,2023-12-23,F,Active
DP000107903,EE0001079,Olivia,Smith,Child,2023-03-28,M,Active
DP000108101,EE0001081,Amara,Martinez,Child,2023-11-23,M,Active
DP000108201,EE0001082,Daniel,Mensah,Domestic Partner,1977-05-08,F,Active
DP000108202,EE0001082,Victor,Mensah,Child,2024-10-05,M,Active
DP000108801,EE0001088,Isaiah,Walker,Spouse,1976-12-25,M,Active
DP000108802,EE0001088,Luis,Walker,Child,2026-04-19,F,Active
DP000109001,EE0001090,Samuel,Wilson,Child,2010-03-08,M,Active
DP000109101,EE0001091,Amara,Robinson,Spouse,1983-10-28,F,Active
DP000109102,EE0001091,Aaliyah,Robinson,Child,2002-02-05,F,Active
DP000109201,EE0001092,Omar,Bennett,Spouse,1970-01-27,F,Active
DP000109401,EE0001094,Fatima,Garcia,Child,2026-01-30,F,Active
DP000109701,EE0001097,Chiamaka,Thomas,Child,2019-10-23,M,Active
DP000110301,EE0001103,Leah,Davis,Domestic Partner,1992-05-18,F,Active
DP000110302,EE0001103,Andre,Davis,Child,2011-03-23,M,Active
DP000110303,EE0001103,Naomi,Davis,Child,2024-10-18,M,Active
DP000110401,EE0001104,Olivia,Williams,Child,2024-07-19,M,Active
DP000110402,EE0001104,Fatima,Williams,Child,2023-04-12,F,Active
DP000110501,EE0001105,Fatima,Adams,Domestic Partner,1975-10-29,F,Active
DP000110601,EE0001106,Carlos,Martinez,Child,2001-07-31,F,Active
DP000110801,EE0001108,Priya,Martinez,Child,2015-11-13,M,Active
DP000111101,EE0001111,Leah,Martinez,Spouse,1994-04-23,F,Active
DP000111102,EE0001111,David,Martinez,Child,2024-06-13,M,Active
DP000111201,EE0001112,Daniel,Garcia,Child,2020-08-19,F,Active
DP000111301,EE0001113,Amara,Campbell,Child,2003-09-27,F,Active
DP000112201,EE0001122,Fatima,Hernandez,Child,2024-03-10,M,Active
DP000112202,EE0001122,Amara,Hernandez,Child,2013-03-17,M,Active
DP000112601,EE0001126,Jasmine,Okafor,Domestic Partner,1965-10-02,M,Active
DP000112602,EE0001126,David,Okafor,Child,2009-06-15,M,Active
DP000112701,EE0001127,Fatima,Ibrahim,Spouse,1974-08-09,F,Active
DP000112702,EE0001127,Ethan,Ibrahim,Child,2003-07-07,M,Active
DP000113101,EE0001131,Sophia,Campbell,Child,2004-02-10,F,Active
DP000113301,EE0001133,Daniel,Miller,Domestic Partner,1979-06-12,M,Active
DP000113302,EE0001133,Omar,Miller,Child,2008-09-08,M,Active
DP000113303,EE0001133,Luis,Miller,Child,2010-11-03,F,Active
DP000113401,EE0001134,Jordan,Okafor,Spouse,1973-10-31,F,Active
DP000113402,EE0001134,Jasmine,Okafor,Child,2010-03-28,F,Active
DP000113403,EE0001134,Victor,Okafor,Child,2006-10-30,M,Active
DP000113701,EE0001137,Leah,Williams,Domestic Partner,1968-04-10,M,Active
DP000113702,EE0001137,Angela,Williams,Child,2021-02-10,M,Active
DP000113703,EE0001137,Michael,Williams,Child,2005-10-15,M,Active
DP000114101,EE0001141,Jasmine,Campbell,Domestic Partner,1968-06-25,M,Active
DP000114102,EE0001141,Sophia,Campbell,Child,2016-07-05,M,Active
DP000114401,EE0001144,Priya,Chen,Domestic Partner,1970-07-19,M,Active
DP000114501,EE0001145,Victor,Williams,Spouse,1965-06-08,F,Active
DP000114701,EE0001147,Fatima,Walker,Child,2023-11-18,M,Active
DP000114801,EE0001148,Daniel,Adeyemi,Spouse,2002-11-05,F,Active
DP000114802,EE0001148,Maya,Adeyemi,Child,2026-02-01,M,Active
DP000114901,EE0001149,Maya,Chen,Domestic Partner,1993-04-21,M,Active
DP000115101,EE0001151,Carlos,Bennett,Domestic Partner,2007-06-03,F,Active
DP000115301,EE0001153,Ethan,Hernandez,Spouse,1982-10-06,M,Active
DP000115401,EE0001154,Michael,Thomas,Child,2025-07-24,F,Active
DP000115402,EE0001154,Michael,Thomas,Child,2021-01-20,M,Active
DP000115601,EE0001156,Noah,Mensah,Spouse,1969-04-25,F,Active
DP000115602,EE0001156,Isaiah,Mensah,Child,2002-05-11,M,Active
DP000116101,EE0001161,Leah,Okafor,Domestic Partner,1986-03-05,F,Active
DP000116102,EE0001161,Olivia,Okafor,Child,2023-11-30,F,Active
DP000116103,EE0001161,Luis,Okafor,Child,2013-11-10,F,Active
DP000116201,EE0001162,Olivia,Adams,Child,2005-11-03,M,Active
DP000116202,EE0001162,Nia,Adams,Child,2005-09-05,M,Active
DP000116203,EE0001162,Malik,Adams,Child,2013-10-11,F,Active
DP000116601,EE0001166,Naomi,Adeyemi,Spouse,1987-05-31,F,Active
DP000117001,EE0001170,Jordan,Moore,Domestic Partner,1998-05-07,M,Active
DP000117002,EE0001170,Amara,Moore,Child,2020-05-01,M,Active
DP000117201,EE0001172,Priya,Smith,Child,2019-05-10,M,Active
DP000117301,EE0001173,Elena,Mensah,Domestic Partner,2000-12-22,M,Active
DP000117901,EE0001179,Nia,Wilson,Domestic Partner,1969-03-28,M,Active
DP000118201,EE0001182,Leah,Kim,Domestic Partner,1967-03-28,M,Active
DP000118301,EE0001183,Jasmine,Nguyen,Child,2025-07-20,M,Active
DP000118501,EE0001185,Leah,Walker,Domestic Partner,1979-09-21,M,Active
DP000118801,EE0001188,Priya,Nguyen,Child,2018-06-08,F,Active
DP000118802,EE0001188,Angela,Nguyen,Child,2015-08-30,M,Active
DP000119001,EE0001190,Omar,Nguyen,Child,2023-12-30,M,Active
DP000119002,EE0001190,Andre,Nguyen,Child,2008-09-27,M,Active
DP000119101,EE0001191,Victor,Wilson,Domestic Partner,1990-07-14,M,Active
DP000119301,EE0001193,Leah,Miller,Child,2013-03-22,F,Active
DP000119501,EE0001195,David,Wilson,Child,2022-08-30,M,Active
DP000119502,EE0001195,Maya,Wilson,Child,2026-01-05,M,Active
DP000119503,EE0001195,Malik,Wilson,Child,2018-07-15,M,Active
DP000119701,EE0001197,Nia,Martinez,Spouse,1965-12-18,F,Active
DP000119901,EE0001199,Noah,Davis,Domestic Partner,1995-01-17,M,Active
DP000119902,EE0001199,Michael,Davis,Child,2017-09-16,M,Active
DP000120001,EE0001200,Isaiah,Bennett,Domestic Partner,1988-12-12,M,Active
DP000120101,EE0001201,Malik,Johnson,Child,2022-10-08,M,Active
DP000120102,EE0001201,Olivia,Johnson,Child,2024-12-10,M,Active
DP000120401,EE0001204,Fatima,Nguyen,Spouse,1998-03-28,M,Active
DP000120402,EE0001204,Ethan,Nguyen,Child,2021-02-16,F,Active
DP000120501,EE0001205,Fatima,Taylor,Child,2021-07-11,M,Active
DP000120502,EE0001205,David,Taylor,Child,2010-07-03,F,Active
DP000120701,EE0001207,Jasmine,Walker,Child,2007-01-23,F,Active
DP000120801,EE0001208,Andre,Adeyemi,Spouse,1968-05-01,F,Active
DP000120901,EE0001209,Grace,Martinez,Domestic Partner,2005-06-03,M,Active
DP000120902,EE0001209,Olivia,Martinez,Child,2016-12-07,M,Active
DP000121201,EE0001212,Naomi,Mensah,Child,2018-10-02,F,Active
DP000121202,EE0001212,Malik,Mensah,Child,2018-10-25,M,Active
DP000121401,EE0001214,Zoe,Adams,Domestic Partner,1974-12-14,F,Active
DP000121701,EE0001217,Isaiah,Lewis,Child,2026-01-19,F,Active
DP000122101,EE0001221,Michael,Wilson,Child,2018-12-29,M,Active
DP000122102,EE0001221,Daniel,Wilson,Child,2010-02-18,M,Active
DP000122401,EE0001224,Daniel,Brown,Spouse,1988-09-30,M,Active
DP000122402,EE0001224,Jordan,Brown,Child,2010-12-13,M,Active
DP000122601,EE0001226,Priya,Martinez,Domestic Partner,1978-05-05,M,Active
DP000122602,EE0001226,Daniel,Martinez,Child,2007-06-23,F,Active
DP000122701,EE0001227,Olivia,Davis,Child,2015-10-30,F,Active
DP000122702,EE0001227,Kevin,Davis,Child,2001-03-27,M,Active
DP000122901,EE0001229,Naomi,Hernandez,Spouse,2004-01-27,M,Active
DP000123001,EE0001230,Ethan,Okafor,Child,2021-12-29,F,Active
DP000123002,EE0001230,Zoe,Okafor,Child,2023-04-13,M,Active
DP000123301,EE0001233,Michael,Adams,Child,2005-12-14,M,Active
DP000123302,EE0001233,Carlos,Adams,Child,2026-02-01,M,Active
DP000123601,EE0001236,Fatima,Adams,Domestic Partner,2002-02-06,F,Active
DP000123602,EE0001236,Leah,Adams,Child,2023-05-24,M,Active
DP000123801,EE0001238,Nia,Bennett,Domestic Partner,1971-06-06,M,Active
DP000123802,EE0001238,Sophia,Bennett,Child,2024-05-13,M,Active
DP000123901,EE0001239,Aaliyah,Walker,Spouse,1999-06-19,F,Active
DP000123902,EE0001239,Aaliyah,Walker,Child,2016-04-30,M,Active
DP000123903,EE0001239,Daniel,Walker,Child,2020-10-02,M,Active
DP000124101,EE0001241,Luis,Okafor,Domestic Partner,1983-04-03,F,Active
DP000124102,EE0001241,Noah,Okafor,Child,2002-09-30,M,Active
DP000124201,EE0001242,Samuel,Hernandez,Child,2024-01-28,M,Active
DP000124301,EE0001243,Sophia,Smith,Spouse,1967-02-22,F,Active
DP000124302,EE0001243,Noah,Smith,Child,2026-01-29,M,Active
DP000124303,EE0001243,Elena,Smith,Child,2018-07-01,F,Active
DP000124401,EE0001244,Elena,Mensah,Spouse,1973-10-26,M,Active
DP000124501,EE0001245,Fatima,Thomas,Child,2010-01-03,F,Active
DP000124502,EE0001245,Leah,Thomas,Child,2007-04-13,F,Active
DP000124701,EE0001247,Kevin,Johnson,Child,2007-09-29,F,Active
DP000124702,EE0001247,Sophia,Johnson,Child,2019-10-01,F,Active
DP000124801,EE0001248,Zoe,Mensah,Domestic Partner,1995-11-12,F,Active
DP000124901,EE0001249,Isaiah,Johnson,Child,2018-01-06,F,Active
DP000124902,EE0001249,Leah,Johnson,Child,2002-07-12,M,Active
DP000125101,EE0001251,Nia,Wilson,Child,2021-03-11,F,Active
DP000125102,EE0001251,Michael,Wilson,Child,2022-09-17,F,Active
DP000125301,EE0001253,Luis,Walker,Spouse,1974-08-07,M,Active
DP000125601,EE0001256,Zoe,Chen,Child,2011-08-12,M,Active
DP000125701,EE0001257,Leah,Wilson,Domestic Partner,1979-06-04,F,Active
DP000125702,EE0001257,Jordan,Wilson,Child,2022-02-28,M,Active
DP000125801,EE0001258,Malik,Bennett,Child,2017-07-14,F,Active
DP000125802,EE0001258,Chiamaka,Bennett,Child,2019-08-04,M,Active
DP000125901,EE0001259,Jasmine,Martinez,Domestic Partner,1971-12-22,M,Active
DP000126101,EE0001261,Victor,Lewis,Spouse,2002-02-13,M,Active
DP000126102,EE0001261,Jasmine,Lewis,Child,2021-07-16,M,Active
DP000126103,EE0001261,Jasmine,Lewis,Child,2022-04-22,M,Active
DP000126301,EE0001263,Victor,Moore,Domestic Partner,1969-11-27,F,Active
DP000126302,EE0001263,Kevin,Moore,Child,2009-08-01,M,Active
DP000126601,EE0001266,Malik,Adeyemi,Child,2020-06-14,F,Active
DP000126602,EE0001266,David,Adeyemi,Child,2012-08-07,M,Active
DP000126603,EE0001266,Zoe,Adeyemi,Child,2014-12-06,F,Active
DP000126701,EE0001267,Naomi,Davis,Child,2017-09-01,F,Active
DP000126702,EE0001267,Carlos,Davis,Child,2017-05-02,M,Active
DP000126801,EE0001268,Luis,Johnson,Domestic Partner,1991-01-14,M,Active
DP000126802,EE0001268,David,Johnson,Child,2007-09-29,M,Active
DP000126803,EE0001268,Victor,Johnson,Child,2011-07-30,M,Active
DP000126901,EE0001269,Olivia,Davis,Domestic Partner,1995-02-27,M,Active
DP000127001,EE0001270,Kevin,Miller,Domestic Partner,2006-04-07,F,Active
DP000127701,EE0001277,Daniel,Davis,Child,2014-07-02,F,Active
DP000127702,EE0001277,Carlos,Davis,Child,2024-08-01,M,Active
DP000127901,EE0001279,Malik,Walker,Child,2018-03-07,F,Active
DP000128301,EE0001283,Malik,Thomas,Spouse,1980-01-24,F,Active
DP000128302,EE0001283,Victor,Thomas,Child,2024-10-12,F,Active
DP000128401,EE0001284,Chiamaka,Patel,Child,2025-01-10,M,Active
DP000128402,EE0001284,Leah,Patel,Child,2022-04-29,M,Active
DP000128403,EE0001284,Maya,Patel,Child,2015-03-05,M,Active
DP000128801,EE0001288,Nia,Thomas,Child,2003-02-25,M,Active
DP000128901,EE0001289,Malik,Walker,Child,2025-03-10,M,Active
DP000128902,EE0001289,Malik,Walker,Child,2022-02-11,F,Active
DP000129101,EE0001291,Malik,Adeyemi,Child,2000-04-22,M,Active
DP000129102,EE0001291,Zoe,Adeyemi,Child,2007-08-31,M,Active
DP000129201,EE0001292,Victor,Patel,Domestic Partner,1999-06-29,F,Active
DP000129202,EE0001292,Carlos,Patel,Child,2020-12-09,M,Active
DP000129401,EE0001294,Elena,Martinez,Domestic Partner,1978-06-30,M,Active
DP000129402,EE0001294,Kevin,Martinez,Child,2010-07-23,M,Active
DP000129501,EE0001295,Maya,Wilson,Domestic Partner,2006-07-24,M,Active
DP000129601,EE0001296,Isaiah,Bennett,Spouse,2001-02-24,M,Active
DP000129801,EE0001298,Isaiah,Williams,Domestic Partner,1984-06-30,F,Active
DP000129802,EE0001298,Samuel,Williams,Child,2000-04-27,M,Active
DP000130601,EE0001306,Ethan,Taylor,Child,2025-08-04,M,Active
DP000130602,EE0001306,Malik,Taylor,Child,2019-03-06,F,Active
DP000130801,EE0001308,Amara,Martinez,Child,2019-11-26,M,Active
DP000130802,EE0001308,Amara,Martinez,Child,2014-06-11,F,Active
DP000130901,EE0001309,Luis,Adeyemi,Child,2022-11-14,M,Active
DP000130902,EE0001309,Naomi,Adeyemi,Child,2025-07-11,F,Active
DP000131001,EE0001310,Grace,Hernandez,Child,2021-04-16,F,Active
DP000131401,EE0001314,Omar,Smith,Child,2021-04-10,M,Active
DP000131501,EE0001315,Jasmine,Chen,Domestic Partner,2000-08-12,F,Active
DP000131701,EE0001317,Zoe,Adams,Child,2021-03-29,F,Active
DP000131801,EE0001318,Priya,Miller,Domestic Partner,1991-05-03,M,Active
DP000131802,EE0001318,Leah,Miller,Child,2019-07-23,F,Active
DP000131901,EE0001319,Jordan,Moore,Child,2014-12-28,F,Active
DP000131902,EE0001319,Grace,Moore,Child,2019-01-09,F,Active
DP000132001,EE0001320,Elena,Martinez,Child,2025-01-27,M,Active
DP000132101,EE0001321,Maya,Lewis,Child,2026-03-12,F,Active
DP000132401,EE0001324,Nia,Johnson,Spouse,1973-03-28,F,Active
DP000132901,EE0001329,Jasmine,Davis,Spouse,1982-09-26,F,Active
DP000133101,EE0001331,Fatima,Campbell,Spouse,1990-12-19,M,Active
DP000133102,EE0001331,Zoe,Campbell,Child,2009-12-16,M,Active
DP000133103,EE0001331,Leah,Campbell,Child,2024-09-20,F,Active
DP000133301,EE0001333,Elena,Brown,Domestic Partner,1977-05-31,M,Active
DP000133401,EE0001334,Olivia,Patel,Domestic Partner,1989-11-07,M,Active
DP000133601,EE0001336,Ethan,Adams,Domestic Partner,1977-10-02,M,Active
DP000133602,EE0001336,Noah,Adams,Child,2023-09-28,M,Active
DP000133603,EE0001336,Luis,Adams,Child,2004-11-23,M,Active
DP000134101,EE0001341,Michael,Ibrahim,Domestic Partner,2001-08-12,M,Active
DP000134102,EE0001341,Zoe,Ibrahim,Child,2021-07-24,M,Active
DP000134501,EE0001345,Daniel,Kim,Child,2020-11-25,F,Active
DP000134502,EE0001345,Ethan,Kim,Child,2021-05-04,M,Active
DP000134503,EE0001345,Chiamaka,Kim,Child,2020-05-31,F,Active
DP000134901,EE0001349,Fatima,Adams,Spouse,1998-06-26,M,Active
DP000135101,EE0001351,David,Hernandez,Child,2022-06-27,M,Active
DP000135102,EE0001351,Samuel,Hernandez,Child,2011-10-05,F,Active
DP000135201,EE0001352,Jordan,Adams,Spouse,1966-07-08,M,Active
DP000135202,EE0001352,Samuel,Adams,Child,2003-05-14,M,Active
DP000135203,EE0001352,Isaiah,Adams,Child,2004-10-24,F,Active
DP000135301,EE0001353,Kevin,Williams,Child,2000-06-17,M,Active
DP000135401,EE0001354,Isaiah,Miller,Child,2018-01-05,F,Active
DP000135501,EE0001355,Chiamaka,Nguyen,Child,2023-10-07,M,Active
DP000135901,EE0001359,Aaliyah,Robinson,Domestic Partner,1976-11-11,F,Active
DP000136101,EE0001361,Angela,Ibrahim,Domestic Partner,1976-12-16,F,Active
DP000136102,EE0001361,Angela,Ibrahim,Child,2024-09-14,F,Active
DP000136801,EE0001368,Priya,Miller,Domestic Partner,1997-12-17,F,Active
DP000137001,EE0001370,Priya,Kim,Child,2001-03-31,F,Active
DP000137002,EE0001370,Ethan,Kim,Child,2018-10-31,M,Active
DP000137201,EE0001372,Daniel,Bennett,Child,2005-10-03,F,Active
DP000137202,EE0001372,Kevin,Bennett,Child,2004-06-25,F,Active
DP000137701,EE0001377,Daniel,Mensah,Child,2019-05-06,M,Active
DP000137702,EE0001377,Priya,Mensah,Child,2019-10-19,F,Active
DP000138301,EE0001383,Grace,Nguyen,Domestic Partner,1967-11-28,F,Active
DP000138302,EE0001383,Omar,Nguyen,Child,2020-01-22,M,Active
DP000138401,EE0001384,Grace,Mensah,Child,2010-06-06,M,Active
DP000138801,EE0001388,Grace,Taylor,Spouse,1970-12-24,F,Active
DP000138802,EE0001388,Victor,Taylor,Child,2004-07-25,F,Active
DP000138901,EE0001389,Nia,Moore,Domestic Partner,1964-05-24,F,Active
DP000138902,EE0001389,Ethan,Moore,Child,2007-05-16,M,Active
DP000139101,EE0001391,Malik,Wilson,Domestic Partner,1967-04-11,M,Active
DP000139102,EE0001391,Ethan,Wilson,Child,2011-04-02,M,Active
DP000139301,EE0001393,Sophia,Williams,Spouse,1962-12-02,F,Active
DP000139601,EE0001396,Priya,Robinson,Child,2009-04-04,F,Active
DP000139602,EE0001396,Maya,Robinson,Child,2001-10-17,F,Active
DP000139901,EE0001399,Luis,Walker,Spouse,1980-11-11,M,Active
DP000140301,EE0001403,Elena,Patel,Spouse,1972-05-24,F,Active
DP000140401,EE0001404,Sophia,Johnson,Domestic Partner,1961-05-06,F,Active
DP000140701,EE0001407,Nia,Moore,Spouse,1979-04-04,M,Active
DP000140702,EE0001407,Andre,Moore,Child,2005-03-10,F,Active
DP000141001,EE0001410,Noah,Kim,Spouse,1989-03-08,M,Active
DP000141002,EE0001410,Elena,Kim,Child,2007-04-25,F,Active
DP000141003,EE0001410,Aaliyah,Kim,Child,2014-01-06,M,Active
DP000141101,EE0001411,Sophia,Adams,Child,2023-09-29,M,Active
DP000141102,EE0001411,Naomi,Adams,Child,2019-12-13,M,Active
DP000141301,EE0001413,Amara,Nguyen,Domestic Partner,2005-05-17,M,Active
DP000141302,EE0001413,Maya,Nguyen,Child,2020-11-08,F,Active
DP000141601,EE0001416,Leah,Miller,Child,2025-04-04,M,Active
DP000141701,EE0001417,Samuel,Wilson,Spouse,1997-10-09,M,Active
DP000141702,EE0001417,Michael,Wilson,Child,2007-02-08,M,Active
DP000141703,EE0001417,Maya,Wilson,Child,2015-11-16,M,Active
DP000141801,EE0001418,Fatima,Martinez,Domestic Partner,1986-03-23,M,Active
DP000141802,EE0001418,Maya,Martinez,Child,2010-07-20,F,Active
DP000142001,EE0001420,Grace,Lewis,Child,2005-09-17,M,Active
DP000142002,EE0001420,Olivia,Lewis,Child,2024-04-26,M,Active
DP000142301,EE0001423,Michael,Johnson,Spouse,1992-03-23,M,Active
DP000142501,EE0001425,Omar,Adeyemi,Spouse,1980-12-23,F,Active
DP000142601,EE0001426,Leah,Wilson,Spouse,1980-01-17,M,Active
DP000143001,EE0001430,Daniel,Adams,Domestic Partner,1979-05-03,F,Active
DP000143002,EE0001430,Malik,Adams,Child,2011-12-31,F,Active
DP000143501,EE0001435,Fatima,Ibrahim,Domestic Partner,1994-02-14,M,Active
DP000143601,EE0001436,Jasmine,Garcia,Domestic Partner,1992-04-20,F,Active
DP000143602,EE0001436,Isaiah,Garcia,Child,2021-06-19,M,Active
DP000143801,EE0001438,Isaiah,Thomas,Child,2020-11-02,M,Active
DP000143802,EE0001438,Aaliyah,Thomas,Child,2025-09-02,F,Active
DP000143901,EE0001439,Sophia,Robinson,Domestic Partner,1970-05-12,F,Active
DP000144001,EE0001440,Samuel,Robinson,Spouse,1991-08-17,M,Active
DP000144101,EE0001441,David,Nguyen,Child,2024-11-03,F,Active
DP000144102,EE0001441,Olivia,Nguyen,Child,2024-05-06,F,Active
DP000144201,EE0001442,Elena,Mensah,Domestic Partner,2007-01-18,M,Active
DP000145001,EE0001450,Olivia,Okafor,Spouse,1989-11-18,M,Active
DP000145101,EE0001451,Fatima,Kim,Spouse,1967-07-02,F,Active
DP000145102,EE0001451,Daniel,Kim,Child,2006-01-03,M,Active
DP000145301,EE0001453,Maya,Moore,Child,2004-04-05,F,Active
DP000145302,EE0001453,Naomi,Moore,Child,2003-12-07,F,Active
DP000145401,EE0001454,Samuel,Thomas,Spouse,1972-12-20,F,Active
DP000145402,EE0001454,David,Thomas,Child,2026-04-13,M,Active
DP000145601,EE0001456,Naomi,Taylor,Child,2015-03-27,F,Active
DP000145701,EE0001457,Chiamaka,Miller,Spouse,1987-10-03,M,Active
DP000146201,EE0001462,Elena,Walker,Domestic Partner,1999-02-14,M,Active
DP000146401,EE0001464,Andre,Williams,Domestic Partner,1968-11-07,F,Active
DP000146402,EE0001464,Naomi,Williams,Child,2004-11-04,M,Active
DP000146901,EE0001469,Elena,Smith,Spouse,2003-12-06,M,Active
DP000147001,EE0001470,Andre,Patel,Domestic Partner,1993-05-06,F,Active
DP000147002,EE0001470,Andre,Patel,Child,2022-09-05,F,Active
DP000147101,EE0001471,Chiamaka,Wilson,Child,2000-10-08,M,Active
DP000147301,EE0001473,Maya,Ibrahim,Child,2005-01-15,F,Active
DP000147302,EE0001473,Amara,Ibrahim,Child,2004-06-14,M,Active
DP000147601,EE0001476,Kevin,Walker,Domestic Partner,1991-02-25,M,Active
DP000147602,EE0001476,Isaiah,Walker,Child,2021-06-20,F,Active
DP000147801,EE0001478,Grace,Mensah,Child,2006-02-12,M,Active
DP000147901,EE0001479,Naomi,Nguyen,Child,2021-09-03,F,Active
DP000147902,EE0001479,Malik,Nguyen,Child,2021-01-10,M,Active
DP000147903,EE0001479,Omar,Nguyen,Child,2023-10-03,M,Active
DP000148001,EE0001480,Ethan,Hernandez,Child,2006-01-25,M,Active
DP000148301,EE0001483,Samuel,Lewis,Domestic Partner,1968-09-01,F,Active
DP000148401,EE0001484,Amara,Martinez,Spouse,1997-07-11,F,Active
DP000148601,EE0001486,Elena,Adeyemi,Child,2025-06-05,F,Active
DP000149101,EE0001491,Isaiah,Adeyemi,Domestic Partner,1973-03-12,F,Active
DP000149301,EE0001493,Nia,Moore,Child,2025-09-13,F,Active
DP000149302,EE0001493,Olivia,Moore,Child,2010-11-13,M,Active
DP000149401,EE0001494,Elena,Hernandez,Child,2021-01-20,F,Active
DP000149501,EE0001495,Kevin,Ibrahim,Child,2020-04-28,F,Active
DP000149701,EE0001497,Elena,Walker,Domestic Partner,1991-02-14,F,Active
DP000149702,EE0001497,Zoe,Walker,Child,2011-08-27,M,Active
DP000149703,EE0001497,Grace,Walker,Child,2025-06-03,F,Active
DP000149901,EE0001499,Leah,Chen,Domestic Partner,1998-12-23,F,Active
DP000150201,EE0001502,Nia,Taylor,Child,2011-06-14,F,Active
DP000150202,EE0001502,Isaiah,Taylor,Child,2024-10-31,F,Active
DP000150401,EE0001504,Jordan,Chen,Child,2005-03-30,F,Active
DP000150501,EE0001505,Priya,Johnson,Domestic Partner,1982-03-31,M,Active
DP000150502,EE0001505,Nia,Johnson,Child,2018-08-18,M,Active
DP000150901,EE0001509,Victor,Adeyemi,Child,2018-03-06,M,Active
DP000151001,EE0001510,Victor,Lewis,Spouse,1981-02-23,M,Active
DP000151002,EE0001510,Naomi,Lewis,Child,2015-06-17,F,Active
DP000151003,EE0001510,Fatima,Lewis,Child,2025-06-02,M,Active
DP000151301,EE0001513,Malik,Adams,Spouse,1993-07-30,F,Active
DP000151302,EE0001513,Malik,Adams,Child,2025-04-03,M,Active
DP000151401,EE0001514,Elena,Patel,Child,2025-12-18,M,Active
DP000151402,EE0001514,Angela,Patel,Child,2020-05-23,F,Active
DP000151403,EE0001514,Priya,Patel,Child,2017-10-09,F,Active
DP000151501,EE0001515,Daniel,Moore,Spouse,1970-01-23,M,Active
DP000151701,EE0001517,David,Lewis,Domestic Partner,1974-03-23,F,Active
DP000152201,EE0001522,David,Ibrahim,Child,2026-01-05,M,Active
DP000152202,EE0001522,Leah,Ibrahim,Child,2020-09-25,M,Active
DP000152301,EE0001523,Elena,Chen,Spouse,1972-11-10,M,Active
DP000152302,EE0001523,Luis,Chen,Child,2002-03-12,F,Active
DP000152601,EE0001526,Omar,Taylor,Child,2024-04-04,F,Active
DP000152602,EE0001526,Andre,Taylor,Child,2001-04-28,F,Active
DP000152901,EE0001529,Priya,Chen,Spouse,1964-07-25,M,Active
DP000152902,EE0001529,Jasmine,Chen,Child,2022-01-01,F,Active
DP000153101,EE0001531,Victor,Mensah,Spouse,1997-09-25,F,Active
DP000153201,EE0001532,Maya,Garcia,Child,2000-08-02,M,Active
DP000153401,EE0001534,Grace,Taylor,Child,2008-03-18,F,Active
DP000153402,EE0001534,Olivia,Taylor,Child,2019-07-13,F,Active
DP000153601,EE0001536,Malik,Smith,Child,2023-08-17,M,Active
DP000153701,EE0001537,Aaliyah,Adams,Child,2024-06-25,M,Active
DP000153901,EE0001539,Olivia,Taylor,Domestic Partner,1999-08-27,F,Active
DP000154001,EE0001540,Andre,Lewis,Domestic Partner,1990-05-01,M,Active
DP000154002,EE0001540,Jasmine,Lewis,Child,2007-07-26,M,Active
DP000154101,EE0001541,Isaiah,Moore,Child,2021-09-29,F,Active
DP000154601,EE0001546,Elena,Adeyemi,Child,2021-09-21,M,Active
DP000154602,EE0001546,Amara,Adeyemi,Child,2017-08-09,M,Active
DP000154701,EE0001547,Priya,Adams,Domestic Partner,2006-05-27,M,Active
DP000154702,EE0001547,Sophia,Adams,Child,2025-06-14,M,Active
DP000154901,EE0001549,Michael,Garcia,Domestic Partner,1997-07-03,F,Active
DP000154902,EE0001549,Carlos,Garcia,Child,2017-02-23,F,Active
DP000155101,EE0001551,Naomi,Miller,Spouse,1977-08-21,F,Active
DP000155201,EE0001552,Luis,Lewis,Domestic Partner,1997-10-06,F,Active
DP000155202,EE0001552,Maya,Lewis,Child,2019-11-20,M,Active
DP000155301,EE0001553,Ethan,Hernandez,Child,2025-03-01,M,Active
DP000155401,EE0001554,Michael,Hernandez,Child,2013-11-21,M,Active
DP000155701,EE0001557,Grace,Moore,Domestic Partner,1969-01-06,F,Active
DP000155901,EE0001559,Malik,Walker,Domestic Partner,1989-07-18,M,Active
DP000156101,EE0001561,Jasmine,Adeyemi,Child,2017-11-06,M,Active
DP000156102,EE0001561,Victor,Adeyemi,Child,2024-05-18,M,Active
DP000156201,EE0001562,Olivia,Mensah,Domestic Partner,1972-01-09,M,Active
DP000156301,EE0001563,Olivia,Wilson,Spouse,1991-04-12,M,Active
DP000156401,EE0001564,Elena,Miller,Domestic Partner,1985-08-03,M,Active
DP000156901,EE0001569,Luis,Hernandez,Child,2020-10-01,F,Active
DP000156902,EE0001569,Olivia,Hernandez,Child,2004-04-19,F,Active
DP000156903,EE0001569,Samuel,Hernandez,Child,2010-12-24,F,Active
DP000157901,EE0001579,Elena,Taylor,Child,2020-11-06,M,Active
DP000157902,EE0001579,Carlos,Taylor,Child,2019-09-19,M,Active
DP000158101,EE0001581,Priya,Brown,Child,2000-07-13,M,Active
DP000158102,EE0001581,Kevin,Brown,Child,2015-12-24,M,Active
DP000158103,EE0001581,Luis,Brown,Child,2000-12-26,M,Active
DP000158201,EE0001582,Daniel,Lewis,Domestic Partner,1981-11-18,F,Active
DP000158202,EE0001582,Daniel,Lewis,Child,2010-02-09,F,Active
DP000158203,EE0001582,Ethan,Lewis,Child,2009-03-19,M,Active
DP000158501,EE0001585,Naomi,Thomas,Domestic Partner,1978-09-17,M,Active
DP000158502,EE0001585,Leah,Thomas,Child,2004-04-29,F,Active
DP000158901,EE0001589,Olivia,Garcia,Spouse,1971-12-02,M,Active
DP000159101,EE0001591,Carlos,Kim,Child,2015-06-21,F,Active
DP000159102,EE0001591,Fatima,Kim,Child,2023-07-22,M,Active
DP000159301,EE0001593,Malik,Martinez,Domestic Partner,1969-10-12,F,Active
DP000159401,EE0001594,Chiamaka,Smith,Child,2015-10-03,M,Active
DP000159402,EE0001594,Fatima,Smith,Child,2024-03-29,M,Active
DP000159403,EE0001594,Isaiah,Smith,Child,2020-01-03,F,Active
DP000159801,EE0001598,Malik,Bennett,Child,2017-06-27,F,Active
DP000159901,EE0001599,Amara,Taylor,Child,2018-12-27,F,Active
DP000160101,EE0001601,Noah,Kim,Domestic Partner,1999-07-21,M,Active
DP000160102,EE0001601,Aaliyah,Kim,Child,2025-04-30,F,Active
DP000160103,EE0001601,Aaliyah,Kim,Child,2014-07-13,M,Active
DP000160201,EE0001602,Olivia,Miller,Domestic Partner,1981-12-06,M,Active
DP000160202,EE0001602,Samuel,Miller,Child,2020-08-11,F,Active
DP000160501,EE0001605,David,Campbell,Child,2023-06-26,M,Active
DP000160701,EE0001607,Kevin,Miller,Domestic Partner,1980-07-24,F,Active
DP000160702,EE0001607,Amara,Miller,Child,2008-04-04,M,Active
DP000160801,EE0001608,Victor,Kim,Spouse,1963-10-06,M,Active
DP000161001,EE0001610,Andre,Okafor,Domestic Partner,1985-04-15,F,Active
DP000161101,EE0001611,Angela,Taylor,Domestic Partner,1976-06-29,M,Active
DP000161201,EE0001612,Luis,Williams,Child,2006-06-21,M,Active
DP000161301,EE0001613,Amara,Garcia,Domestic Partner,1994-02-07,F,Active
DP000161401,EE0001614,Jasmine,Smith,Spouse,1980-04-06,M,Active
DP000161402,EE0001614,Leah,Smith,Child,2009-07-22,M,Active
DP000161601,EE0001616,Naomi,Bennett,Child,2022-11-04,F,Active
DP000161602,EE0001616,Chiamaka,Bennett,Child,2024-08-11,F,Active
DP000161801,EE0001618,Kevin,Patel,Child,2017-02-15,M,Active
DP000161802,EE0001618,Kevin,Patel,Child,2008-12-20,F,Active
DP000161901,EE0001619,Chiamaka,Williams,Child,2016-04-09,F,Active
DP000161902,EE0001619,Amara,Williams,Child,2010-08-23,F,Active
DP000162001,EE0001620,Victor,Lewis,Spouse,2006-10-21,M,Active
DP000162002,EE0001620,Carlos,Lewis,Child,2025-12-10,F,Active
DP000162201,EE0001622,Leah,Lewis,Child,2024-09-03,M,Active
DP000162202,EE0001622,Jasmine,Lewis,Child,2025-06-16,M,Active
DP000162301,EE0001623,Naomi,Thomas,Child,2025-07-02,F,Active
DP000162302,EE0001623,Isaiah,Thomas,Child,2002-12-17,F,Active
DP000162303,EE0001623,Michael,Thomas,Child,2019-08-01,M,Active
DP000162401,EE0001624,Priya,Chen,Child,2019-12-13,M,Active
DP000162402,EE0001624,Andre,Chen,Child,2005-04-21,M,Active
DP000162801,EE0001628,David,Wilson,Domestic Partner,2004-05-15,F,Active
DP000162901,EE0001629,Samuel,Johnson,Domestic Partner,1972-10-14,F,Active
DP000162902,EE0001629,Carlos,Johnson,Child,2020-11-29,M,Active
DP000162903,EE0001629,Michael,Johnson,Child,2024-08-14,F,Active
DP000163101,EE0001631,Sophia,Patel,Spouse,1985-04-22,M,Active
DP000163201,EE0001632,Zoe,Davis,Domestic Partner,2004-01-23,F,Active
DP000163601,EE0001636,Chiamaka,Smith,Domestic Partner,1969-02-21,F,Active
DP000163602,EE0001636,Omar,Smith,Child,2000-08-13,F,Active
DP000163901,EE0001639,Kevin,Ibrahim,Child,2013-06-06,M,Active
DP000164101,EE0001641,Zoe,Thomas,Domestic Partner,2003-06-21,M,Active
DP000164201,EE0001642,Leah,Bennett,Domestic Partner,1994-10-01,F,Active
DP000164301,EE0001643,Malik,Okafor,Child,2021-04-23,F,Active
DP000164302,EE0001643,Olivia,Okafor,Child,2008-01-08,F,Active
DP000164601,EE0001646,Ethan,Wilson,Spouse,1996-11-12,M,Active
DP000164602,EE0001646,Jordan,Wilson,Child,2009-05-05,F,Active
DP000164603,EE0001646,Maya,Wilson,Child,2025-03-06,M,Active
DP000164801,EE0001648,Chiamaka,Johnson,Spouse,1978-08-27,F,Active
DP000165001,EE0001650,Maya,Bennett,Child,2009-04-29,M,Active
DP000165101,EE0001651,Priya,Hernandez,Spouse,1976-07-01,M,Active
DP000165301,EE0001653,Andre,Nguyen,Child,2019-09-16,F,Active
DP000165302,EE0001653,Fatima,Nguyen,Child,2008-05-11,M,Active
DP000165303,EE0001653,Nia,Nguyen,Child,2009-09-23,M,Active
DP000165701,EE0001657,Carlos,Moore,Child,2023-03-02,M,Active
DP000165702,EE0001657,Samuel,Moore,Child,2020-04-25,F,Active
DP000165901,EE0001659,David,Davis,Domestic Partner,1982-07-13,F,Active
DP000166301,EE0001663,David,Moore,Spouse,1994-09-23,F,Active
DP000166401,EE0001664,Kevin,Bennett,Spouse,2006-12-02,M,Active
DP000166402,EE0001664,Nia,Bennett,Child,2016-06-13,M,Active
DP000166501,EE0001665,Amara,Taylor,Domestic Partner,1974-06-19,F,Active
DP000166801,EE0001668,Malik,Davis,Spouse,1970-08-21,F,Active
DP000166802,EE0001668,Ethan,Davis,Child,2001-02-07,F,Active
DP000167001,EE0001670,Olivia,Johnson,Child,2020-05-28,F,Active
DP000167002,EE0001670,Maya,Johnson,Child,2019-02-24,F,Active
DP000167201,EE0001672,Malik,Walker,Spouse,1961-11-08,F,Active
DP000167801,EE0001678,Nia,Johnson,Child,2012-08-31,F,Active
DP000167802,EE0001678,Grace,Johnson,Child,2012-08-21,M,Active
DP000168001,EE0001680,Maya,Miller,Spouse,2002-12-17,M,Active
DP000168002,EE0001680,Jasmine,Miller,Child,2019-08-29,F,Active
DP000168003,EE0001680,Omar,Miller,Child,2018-02-28,M,Active
DP000168501,EE0001685,Luis,Lewis,Child,2008-12-18,F,Active
DP000168901,EE0001689,Priya,Moore,Spouse,1997-02-08,M,Active
DP000169101,EE0001691,Olivia,Garcia,Spouse,1969-04-07,F,Active
DP000169301,EE0001693,Chiamaka,Davis,Domestic Partner,1998-08-12,M,Active
DP000169302,EE0001693,Priya,Davis,Child,2019-01-16,M,Active
DP000169501,EE0001695,Daniel,Adeyemi,Spouse,1980-01-16,M,Active
DP000169502,EE0001695,Priya,Adeyemi,Child,2001-02-14,F,Active
DP000169601,EE0001696,Victor,Adams,Child,2008-03-23,M,Active
DP000169602,EE0001696,Luis,Adams,Child,2020-06-25,M,Active
DP000170001,EE0001700,Michael,Smith,Spouse,1972-08-25,M,Active
DP000170101,EE0001701,Naomi,Adams,Domestic Partner,1963-11-14,M,Active
DP000170102,EE0001701,Naomi,Adams,Child,2022-03-04,F,Active
DP000170201,EE0001702,Naomi,Mensah,Spouse,1976-08-19,M,Active
DP000170202,EE0001702,Aaliyah,Mensah,Child,2003-10-03,M,Active
DP000170401,EE0001704,Victor,Williams,Child,2017-05-28,M,Active
DP000170402,EE0001704,David,Williams,Child,2000-08-30,M,Active
DP000170403,EE0001704,Andre,Williams,Child,2013-11-16,F,Active
DP000170501,EE0001705,Fatima,Bennett,Child,2017-06-14,F,Active
DP000170502,EE0001705,Nia,Bennett,Child,2012-08-19,M,Active
DP000170503,EE0001705,Fatima,Bennett,Child,2014-07-04,M,Active
DP000170701,EE0001707,David,Brown,Child,2016-01-15,F,Active
DP000171001,EE0001710,Isaiah,Chen,Child,2006-06-01,M,Active
DP000171002,EE0001710,Jordan,Chen,Child,2004-08-19,F,Active
DP000171101,EE0001711,Noah,Williams,Child,2014-11-29,F,Active
DP000171201,EE0001712,Michael,Moore,Child,2017-07-15,M,Active
DP000171202,EE0001712,Kevin,Moore,Child,2019-06-15,F,Active
DP000171301,EE0001713,Aaliyah,Brown,Child,2019-09-05,F,Active
DP000171701,EE0001717,Leah,Bennett,Spouse,1981-02-16,F,Active
DP000172001,EE0001720,Jasmine,Okafor,Domestic Partner,1998-12-15,M,Active
DP000172002,EE0001720,Victor,Okafor,Child,2023-08-10,F,Active
DP000172101,EE0001721,Olivia,Johnson,Domestic Partner,2000-04-03,F,Active
DP000172201,EE0001722,Noah,Garcia,Spouse,1975-06-16,F,Active
DP000172202,EE0001722,Sophia,Garcia,Child,2003-11-28,M,Active
DP000172203,EE0001722,Malik,Garcia,Child,2015-11-26,M,Active
DP000172501,EE0001725,Sophia,Wilson,Child,2005-05-11,M,Active
DP000172502,EE0001725,Carlos,Wilson,Child,2016-11-07,M,Active
DP000173101,EE0001731,Kevin,Okafor,Spouse,1999-02-21,F,Active
DP000173401,EE0001734,Kevin,Bennett,Domestic Partner,1987-12-11,M,Active
DP000173402,EE0001734,Nia,Bennett,Child,2011-08-28,F,Active
DP000173403,EE0001734,Zoe,Bennett,Child,2008-03-14,M,Active
DP000173501,EE0001735,Fatima,Johnson,Child,2005-01-28,M,Active
DP000173502,EE0001735,Andre,Johnson,Child,2001-11-07,M,Active
DP000173601,EE0001736,Michael,Adeyemi,Domestic Partner,1968-07-23,M,Active
DP000173602,EE0001736,Maya,Adeyemi,Child,2023-05-30,M,Active
DP000173901,EE0001739,Samuel,Johnson,Spouse,1990-12-12,F,Active
DP000174101,EE0001741,Elena,Hernandez,Spouse,1987-05-08,M,Active
DP000174601,EE0001746,Victor,Wilson,Domestic Partner,1972-09-07,F,Active
DP000174701,EE0001747,Olivia,Walker,Child,2025-02-07,M,Active
DP000174702,EE0001747,Angela,Walker,Child,2024-08-05,M,Active
DP000174801,EE0001748,Michael,Campbell,Domestic Partner,1974-08-31,F,Active
DP000174802,EE0001748,Elena,Campbell,Child,2015-08-14,F,Active
DP000174803,EE0001748,Samuel,Campbell,Child,2024-07-07,F,Active
DP000175101,EE0001751,Kevin,Kim,Child,2026-06-02,M,Active
DP000175102,EE0001751,Leah,Kim,Child,2019-05-28,M,Active
DP000175103,EE0001751,Noah,Kim,Child,2019-01-19,M,Active
DP000175401,EE0001754,Leah,Williams,Spouse,1983-03-13,F,Active
DP000175402,EE0001754,Priya,Williams,Child,2002-05-10,M,Active
DP000175501,EE0001755,Leah,Chen,Spouse,1974-06-28,F,Active
DP000175502,EE0001755,Jasmine,Chen,Child,2022-08-11,F,Active
DP000175601,EE0001756,Sophia,Hernandez,Domestic Partner,1983-08-28,F,Active
DP000175901,EE0001759,Noah,Campbell,Child,2019-12-17,F,Active
DP000176301,EE0001763,Malik,Martinez,Child,2020-02-26,F,Active
DP000176302,EE0001763,Jasmine,Martinez,Child,2020-10-04,M,Active
DP000176501,EE0001765,Sophia,Davis,Child,2004-03-19,F,Active
DP000176502,EE0001765,Kevin,Davis,Child,2019-05-13,M,Active
DP000176503,EE0001765,Noah,Davis,Child,2002-08-13,F,Active
DP000176801,EE0001768,Elena,Adeyemi,Spouse,2007-04-03,F,Active
DP000176802,EE0001768,Fatima,Adeyemi,Child,2020-08-09,M,Active
DP000176901,EE0001769,Zoe,Smith,Child,2024-11-28,F,Active
DP000177001,EE0001770,Zoe,Thomas,Child,2020-06-30,F,Active
DP000177002,EE0001770,Jordan,Thomas,Child,2025-04-05,F,Active
DP000177003,EE0001770,Jordan,Thomas,Child,2023-06-19,M,Active
DP000177501,EE0001775,Samuel,Campbell,Domestic Partner,1988-04-20,F,Active
DP000177701,EE0001777,Olivia,Miller,Child,2022-10-26,F,Active
DP000177702,EE0001777,Aaliyah,Miller,Child,2025-01-16,M,Active
DP000177801,EE0001778,Samuel,Walker,Child,2024-08-27,F,Active
DP000178101,EE0001781,Daniel,Kim,Child,2022-03-08,F,Active
DP000178201,EE0001782,Isaiah,Walker,Domestic Partner,1962-11-04,F,Active
DP000178202,EE0001782,Angela,Walker,Child,2017-05-26,F,Active
DP000178301,EE0001783,Chiamaka,Chen,Child,2014-10-28,M,Active
DP000178401,EE0001784,Andre,Adams,Spouse,1993-06-15,M,Active
DP000178501,EE0001785,Nia,Moore,Domestic Partner,1999-09-18,M,Active
DP000178601,EE0001786,Chiamaka,Garcia,Domestic Partner,1994-01-28,M,Active
DP000178801,EE0001788,Jasmine,Adams,Child,2020-09-21,M,Active
DP000178901,EE0001789,Jordan,Williams,Spouse,1987-08-22,F,Active
DP000178902,EE0001789,Michael,Williams,Child,2016-11-04,M,Active
DP000179101,EE0001791,Angela,Smith,Child,2022-05-11,F,Active
DP000179201,EE0001792,Olivia,Hernandez,Spouse,1968-12-31,F,Active
DP000179601,EE0001796,Naomi,Martinez,Spouse,1988-11-28,M,Active
DP000179901,EE0001799,Naomi,Chen,Child,2023-08-20,F,Active
DP000180001,EE0001800,Nia,Wilson,Domestic Partner,1983-01-07,F,Active
DP000180101,EE0001801,David,Moore,Spouse,1981-09-04,M,Active
DP000180102,EE0001801,Olivia,Moore,Child,2011-08-13,F,Active
DP000180103,EE0001801,Fatima,Moore,Child,2007-12-05,F,Active
DP000180201,EE0001802,Leah,Kim,Child,2017-10-28,F,Active
DP000180301,EE0001803,Ethan,Smith,Child,2010-07-25,M,Active
DP000180601,EE0001806,Maya,Taylor,Spouse,1967-08-25,F,Active
DP000180701,EE0001807,Chiamaka,Mensah,Spouse,1964-05-14,F,Active
DP000181101,EE0001811,Ethan,Patel,Spouse,1962-04-29,M,Active
DP000181201,EE0001812,Carlos,Robinson,Child,2021-12-05,F,Active
DP000181202,EE0001812,Aaliyah,Robinson,Child,2025-05-18,M,Active
DP000181401,EE0001814,Amara,Taylor,Child,2024-11-27,F,Active
DP000181501,EE0001815,Fatima,Chen,Spouse,1991-10-10,M,Active
DP000181701,EE0001817,Jasmine,Martinez,Spouse,1981-04-08,M,Active
DP000181702,EE0001817,Ethan,Martinez,Child,2021-05-29,F,Active
DP000181901,EE0001819,Jordan,Wilson,Child,2012-03-18,F,Active
DP000181902,EE0001819,Daniel,Wilson,Child,2017-06-03,F,Active
DP000182101,EE0001821,David,Campbell,Spouse,1975-05-04,F,Active
DP000182601,EE0001826,Malik,Brown,Spouse,1999-02-09,M,Active
DP000182602,EE0001826,Sophia,Brown,Child,2026-02-03,F,Active
DP000182701,EE0001827,Malik,Chen,Domestic Partner,1975-04-18,M,Active
DP000182702,EE0001827,Chiamaka,Chen,Child,2009-04-03,M,Active
DP000182901,EE0001829,Elena,Patel,Spouse,1964-12-07,M,Active
DP000183101,EE0001831,Michael,Robinson,Domestic Partner,1991-09-17,M,Active
DP000183102,EE0001831,Malik,Robinson,Child,2005-07-10,F,Active
DP000183201,EE0001832,Malik,Robinson,Child,2021-07-16,F,Active
DP000183202,EE0001832,Amara,Robinson,Child,2018-06-18,F,Active
DP000183203,EE0001832,Olivia,Robinson,Child,2023-09-28,F,Active
DP000183301,EE0001833,Isaiah,Smith,Child,2017-09-24,F,Active
DP000183401,EE0001834,Daniel,Walker,Spouse,1979-12-07,M,Active
DP000183701,EE0001837,Grace,Lewis,Domestic Partner,1982-12-18,M,Active
DP000183702,EE0001837,Naomi,Lewis,Child,2010-04-14,M,Active
DP000184001,EE0001840,Samuel,Bennett,Domestic Partner,1972-05-03,M,Active
DP000184002,EE0001840,Jasmine,Bennett,Child,2004-08-09,F,Active
DP000184201,EE0001842,Victor,Brown,Child,2025-10-14,M,Active
DP000184202,EE0001842,Priya,Brown,Child,2005-02-10,F,Active
DP000184301,EE0001843,Sophia,Moore,Spouse,1966-02-10,M,Active
DP000184401,EE0001844,Priya,Adams,Child,2010-09-07,F,Active
DP000184501,EE0001845,Carlos,Miller,Child,2010-02-24,M,Active
DP000184502,EE0001845,Maya,Miller,Child,2008-06-22,F,Active
DP000184701,EE0001847,Elena,Taylor,Domestic Partner,1969-03-05,F,Active
DP000184702,EE0001847,David,Taylor,Child,2003-10-16,F,Active
DP000184901,EE0001849,Leah,Martinez,Spouse,1964-10-25,F,Active
DP000184902,EE0001849,Aaliyah,Martinez,Child,2001-09-05,M,Active
DP000185101,EE0001851,Chiamaka,Kim,Child,2008-01-12,M,Active
DP000185102,EE0001851,Michael,Kim,Child,2013-01-12,M,Active
DP000185301,EE0001853,Aaliyah,Moore,Child,2010-07-31,F,Active
DP000185401,EE0001854,Angela,Nguyen,Domestic Partner,1986-12-25,F,Active
DP000185501,EE0001855,Kevin,Mensah,Domestic Partner,1979-12-06,M,Active
DP000185502,EE0001855,Elena,Mensah,Child,2015-07-04,F,Active
DP000185503,EE0001855,Amara,Mensah,Child,2026-03-19,M,Active
DP000185901,EE0001859,Victor,Taylor,Child,2013-10-05,M,Active
DP000185902,EE0001859,Kevin,Taylor,Child,2015-11-27,F,Active
DP000186001,EE0001860,Kevin,Thomas,Spouse,1981-03-01,F,Active
DP000186101,EE0001861,Luis,Taylor,Child,2019-01-19,F,Active
DP000186102,EE0001861,Fatima,Taylor,Child,2026-06-29,M,Active
DP000186401,EE0001864,Ethan,Miller,Child,2016-07-28,M,Active
DP000186701,EE0001867,Leah,Davis,Child,2010-01-15,F,Active
DP000186801,EE0001868,Victor,Robinson,Domestic Partner,1972-09-22,M,Active
DP000186802,EE0001868,Sophia,Robinson,Child,2018-12-29,M,Active
DP000186901,EE0001869,Olivia,Garcia,Spouse,1964-07-19,F,Active
DP000186902,EE0001869,Luis,Garcia,Child,2022-06-07,F,Active
DP000187101,EE0001871,Daniel,Chen,Child,2020-01-18,M,Active
DP000187102,EE0001871,Malik,Chen,Child,2004-04-08,M,Active
DP000187401,EE0001874,Amara,Wilson,Spouse,1968-05-04,F,Active
DP000187501,EE0001875,Maya,Bennett,Domestic Partner,1972-05-03,M,Active
DP000187601,EE0001876,Luis,Mensah,Child,2022-05-19,M,Active
DP000187602,EE0001876,Sophia,Mensah,Child,2024-07-04,F,Active
DP000187701,EE0001877,Kevin,Hernandez,Domestic Partner,1974-07-01,F,Active
DP000187901,EE0001879,Isaiah,Mensah,Child,2020-11-30,F,Active
DP000187902,EE0001879,Carlos,Mensah,Child,2023-04-24,F,Active
DP000188001,EE0001880,Naomi,Johnson,Spouse,1991-12-17,M,Active
DP000188002,EE0001880,Andre,Johnson,Child,2021-03-20,M,Active
DP000188301,EE0001883,Jordan,Hernandez,Spouse,1983-08-03,F,Active
DP000188401,EE0001884,Jordan,Chen,Spouse,1987-08-23,F,Active
DP000188402,EE0001884,Priya,Chen,Child,2022-04-04,F,Active
DP000188801,EE0001888,Andre,Patel,Domestic Partner,1992-11-06,F,Active
DP000189001,EE0001890,Jordan,Miller,Child,2013-04-27,M,Active
DP000189201,EE0001892,Omar,Okafor,Child,2005-01-11,F,Active
DP000189202,EE0001892,Omar,Okafor,Child,2006-07-16,F,Active
DP000189401,EE0001894,Zoe,Mensah,Child,2025-12-14,M,Active
DP000189402,EE0001894,Elena,Mensah,Child,2025-11-06,M,Active
DP000189403,EE0001894,Ethan,Mensah,Child,2015-09-02,F,Active
DP000189501,EE0001895,Naomi,Campbell,Domestic Partner,2004-04-22,M,Active
DP000189701,EE0001897,Sophia,Patel,Spouse,1993-01-26,M,Active
DP000189702,EE0001897,Leah,Patel,Child,2019-04-17,F,Active
DP000189801,EE0001898,Priya,Bennett,Child,2014-09-20,F,Active
DP000189802,EE0001898,Luis,Bennett,Child,2021-12-28,F,Active
DP000189803,EE0001898,Samuel,Bennett,Child,2007-12-16,M,Active
DP000189901,EE0001899,Sophia,Brown,Domestic Partner,1969-02-10,F,Active
DP000189902,EE0001899,David,Brown,Child,2010-03-10,F,Active
DP000190201,EE0001902,Sophia,Patel,Child,2019-08-12,F,Active
DP000190202,EE0001902,Chiamaka,Patel,Child,2007-03-31,M,Active
DP000190301,EE0001903,Samuel,Ibrahim,Spouse,1978-10-22,M,Active
DP000190302,EE0001903,Aaliyah,Ibrahim,Child,2001-08-27,M,Active
DP000190401,EE0001904,Aaliyah,Hernandez,Child,2023-07-30,M,Active
DP000190402,EE0001904,Malik,Hernandez,Child,2023-06-24,M,Active
DP000190501,EE0001905,Aaliyah,Wilson,Spouse,1971-11-17,M,Active
DP000190502,EE0001905,Chiamaka,Wilson,Child,2018-03-05,F,Active
DP000190901,EE0001909,Nia,Williams,Domestic Partner,1973-05-02,F,Active
DP000190902,EE0001909,Malik,Williams,Child,2001-11-23,M,Active
DP000191301,EE0001913,Grace,Nguyen,Child,2014-12-12,M,Active
DP000191302,EE0001913,Jasmine,Nguyen,Child,2017-05-30,M,Active
DP000191501,EE0001915,Jasmine,Okafor,Spouse,1973-04-23,F,Active
DP000191701,EE0001917,Elena,Brown,Child,2025-12-13,F,Active
DP000191702,EE0001917,Carlos,Brown,Child,2022-10-17,F,Active
DP000191801,EE0001918,Maya,Bennett,Spouse,1970-01-19,M,Active
DP000191901,EE0001919,Sophia,Thomas,Domestic Partner,1986-07-14,F,Active
DP000192001,EE0001920,Isaiah,Okafor,Domestic Partner,2003-06-29,F,Active
DP000192002,EE0001920,Isaiah,Okafor,Child,2021-02-08,F,Active
DP000192501,EE0001925,Malik,Thomas,Child,2017-01-26,M,Active
DP000192502,EE0001925,Malik,Thomas,Child,2017-04-02,M,Active
DP000192503,EE0001925,Carlos,Thomas,Child,2020-05-25,M,Active
DP000192601,EE0001926,Omar,Ibrahim,Domestic Partner,1992-08-01,M,Active
DP000192801,EE0001928,Amara,Brown,Child,2017-10-02,M,Active
DP000193001,EE0001930,Zoe,Bennett,Spouse,1999-07-06,F,Active
DP000193201,EE0001932,Michael,Nguyen,Child,2023-06-09,F,Active
DP000193301,EE0001933,Elena,Taylor,Domestic Partner,1977-08-21,F,Active
DP000193302,EE0001933,Grace,Taylor,Child,2026-04-08,F,Active
DP000193401,EE0001934,Noah,Campbell,Domestic Partner,2005-05-29,M,Active
DP000193402,EE0001934,Victor,Campbell,Child,2024-01-04,M,Active
DP000193501,EE0001935,Maya,Adeyemi,Child,2017-08-14,M,Active
DP000193701,EE0001937,Zoe,Nguyen,Spouse,1981-04-03,M,Active
DP000194301,EE0001943,Grace,Nguyen,Child,2002-07-01,F,Active
DP000194701,EE0001947,Angela,Taylor,Child,2016-11-10,F,Active
DP000194702,EE0001947,Omar,Taylor,Child,2023-10-20,F,Active
DP000194801,EE0001948,Samuel,Chen,Domestic Partner,2002-05-05,M,Active
DP000194802,EE0001948,Ethan,Chen,Child,2025-10-02,M,Active
DP000194803,EE0001948,Jasmine,Chen,Child,2025-09-10,F,Active
DP000194901,EE0001949,David,Miller,Spouse,1974-02-11,F,Active
DP000194902,EE0001949,Leah,Miller,Child,2018-03-10,M,Active
DP000194903,EE0001949,Kevin,Miller,Child,2012-04-09,M,Active
DP000195001,EE0001950,Kevin,Thomas,Spouse,1977-09-07,M,Active
DP000195401,EE0001954,Elena,Miller,Child,2024-08-28,F,Active
DP000195402,EE0001954,Grace,Miller,Child,2021-11-01,F,Active
DP000195501,EE0001955,Fatima,Wilson,Domestic Partner,1987-04-13,M,Active
DP000195601,EE0001956,Priya,Smith,Child,2025-01-29,M,Active
DP000195701,EE0001957,Leah,Smith,Spouse,1999-06-26,F,Active
DP000195702,EE0001957,Andre,Smith,Child,2019-07-14,M,Active
DP000195801,EE0001958,Carlos,Campbell,Domestic Partner,1992-07-20,M,Active
DP000195802,EE0001958,Angela,Campbell,Child,2024-10-16,M,Active
DP000195901,EE0001959,Luis,Okafor,Spouse,1975-07-07,F,Active
DP000195902,EE0001959,Noah,Okafor,Child,2025-11-13,F,Active
DP000196101,EE0001961,Isaiah,Hernandez,Spouse,1991-01-30,M,Active
DP000196201,EE0001962,Victor,Chen,Child,2011-05-07,F,Active
DP000196202,EE0001962,Jasmine,Chen,Child,2008-10-18,M,Active
DP000196601,EE0001966,Noah,Chen,Domestic Partner,2005-03-03,F,Active
DP000196801,EE0001968,Carlos,Martinez,Child,2010-10-18,M,Active
DP000196901,EE0001969,Grace,Chen,Spouse,1991-11-14,M,Active
DP000197001,EE0001970,David,Chen,Child,2008-10-02,M,Active
DP000197002,EE0001970,Aaliyah,Chen,Child,2002-02-27,M,Active
DP000197301,EE0001973,Michael,Davis,Domestic Partner,1969-08-30,M,Active
DP000197302,EE0001973,Angela,Davis,Child,2000-10-05,M,Active
DP000197601,EE0001976,Olivia,Kim,Child,2023-01-01,M,Active
DP000197602,EE0001976,Kevin,Kim,Child,2010-10-18,M,Active
DP000197801,EE0001978,Andre,Thomas,Child,2008-05-14,F,Active
DP000197901,EE0001979,Samuel,Taylor,Child,2000-01-24,M,Active
DP000197902,EE0001979,Carlos,Taylor,Child,2009-07-06,F,Active
DP000197903,EE0001979,Priya,Taylor,Child,2001-12-07,M,Active
DP000198201,EE0001982,Isaiah,Adams,Spouse,1984-02-14,M,Active
DP000198202,EE0001982,Zoe,Adams,Child,2009-08-09,M,Active
DP000198301,EE0001983,Priya,Lewis,Child,2002-12-21,M,Active
DP000198401,EE0001984,Samuel,Ibrahim,Spouse,2006-12-27,F,Active
DP000198402,EE0001984,Noah,Ibrahim,Child,2019-07-16,M,Active
DP000198501,EE0001985,Omar,Mensah,Child,2012-07-17,F,Active
DP000198601,EE0001986,Chiamaka,Patel,Child,2021-07-21,F,Active
DP000198602,EE0001986,Noah,Patel,Child,2008-04-24,F,Active
DP000198701,EE0001987,Aaliyah,Walker,Child,2021-07-16,M,Active
DP000198702,EE0001987,Priya,Walker,Child,2024-06-20,M,Active
DP000198801,EE0001988,Chiamaka,Williams,Child,2011-11-20,F,Active
DP000198901,EE0001989,Samuel,Davis,Domestic Partner,1994-11-07,M,Active
DP000198902,EE0001989,Andre,Davis,Child,2023-11-17,F,Active
DP000199001,EE0001990,Luis,Adams,Spouse,1972-09-16,F,Active
DP000199401,EE0001994,Elena,Miller,Child,2022-10-30,F,Active
DP000199601,EE0001996,Angela,Davis,Child,2017-04-02,F,Active
DP000199602,EE0001996,Jordan,Davis,Child,2009-01-31,M,Active
DP000199801,EE0001998,Naomi,Chen,Spouse,1996-08-31,F,Active
DP000199802,EE0001998,Ethan,Chen,Child,2020-08-10,F,Active
DP000200001,EE0002000,Omar,Patel,Domestic Partner,1975-05-11,M,Active
DP000200002,EE0002000,Sophia,Patel,Child,2007-05-09,M,Active
DP000200201,EE0002002,Daniel,Lewis,Spouse,2006-10-30,F,Active
DP000200301,EE0002003,Amara,Walker,Domestic Partner,1983-02-26,M,Active
DP000200302,EE0002003,Nia,Walker,Child,2021-01-02,M,Active
DP000200601,EE0002006,Omar,Williams,Domestic Partner,2001-03-15,M,Active
DP000200801,EE0002008,Priya,Walker,Domestic Partner,1963-05-12,M,Active
DP000200901,EE0002009,Jasmine,Okafor,Child,2020-02-28,F,Active
DP000200902,EE0002009,Luis,Okafor,Child,2018-11-18,F,Active
DP000201001,EE0002010,Fatima,Johnson,Child,2006-02-27,M,Active
DP000201002,EE0002010,Angela,Johnson,Child,2012-04-05,F,Active
DP000201003,EE0002010,Angela,Johnson,Child,2000-08-14,F,Active
DP000201101,EE0002011,Leah,Thomas,Spouse,1989-08-03,M,Active
DP000201401,EE0002014,Grace,Bennett,Domestic Partner,1997-08-11,F,Active
DP000201402,EE0002014,Andre,Bennett,Child,2026-03-08,F,Active
DP000201403,EE0002014,Angela,Bennett,Child,2025-05-12,F,Active
DP000201601,EE0002016,Malik,Martinez,Child,2006-09-03,M,Active
DP000201602,EE0002016,Malik,Martinez,Child,2022-04-17,F,Active
DP000201603,EE0002016,Sophia,Martinez,Child,2026-06-21,M,Active
DP000202001,EE0002020,Omar,Johnson,Spouse,2001-02-09,F,Active
DP000202301,EE0002023,Angela,Hernandez,Child,2018-02-05,M,Active
DP000202701,EE0002027,Zoe,Garcia,Domestic Partner,1977-02-04,M,Active
DP000202702,EE0002027,Andre,Garcia,Child,2001-01-02,M,Active
DP000202703,EE0002027,Olivia,Garcia,Child,2000-05-02,F,Active
DP000202801,EE0002028,Priya,Garcia,Child,2016-11-29,F,Active
DP000203101,EE0002031,Leah,Walker,Child,2015-09-21,M,Active
DP000203201,EE0002032,Zoe,Adams,Child,2018-03-29,M,Active
DP000203202,EE0002032,Sophia,Adams,Child,2018-07-27,M,Active
DP000203301,EE0002033,Chiamaka,Miller,Spouse,1992-04-02,M,Active
DP000203501,EE0002035,Chiamaka,Walker,Child,2018-06-04,F,Active
DP000203502,EE0002035,Victor,Walker,Child,2023-08-12,F,Active
DP000203601,EE0002036,Priya,Lewis,Spouse,2003-07-01,M,Active
DP000203701,EE0002037,Jordan,Lewis,Spouse,1985-11-27,M,Active
DP000203801,EE0002038,Daniel,Taylor,Spouse,1961-10-14,M,Active
DP000203802,EE0002038,Kevin,Taylor,Child,2010-12-15,M,Active
DP000203803,EE0002038,Olivia,Taylor,Child,2010-01-13,F,Active
DP000203901,EE0002039,Noah,Mensah,Spouse,1966-09-14,M,Active
DP000203902,EE0002039,Leah,Mensah,Child,2017-12-03,M,Active
DP000204101,EE0002041,Grace,Thomas,Child,2007-10-15,M,Active
DP000204301,EE0002043,Angela,Adeyemi,Spouse,1968-12-14,F,Active
DP000204401,EE0002044,Jasmine,Adams,Child,2024-11-23,F,Active
DP000204701,EE0002047,Noah,Thomas,Spouse,1998-03-02,F,Active
DP000204702,EE0002047,Luis,Thomas,Child,2024-12-03,F,Active
DP000204801,EE0002048,Isaiah,Campbell,Domestic Partner,1982-05-27,M,Active
DP000204802,EE0002048,Samuel,Campbell,Child,2008-05-03,F,Active
DP000204901,EE0002049,Maya,Bennett,Child,2017-05-06,M,Active
DP000205001,EE0002050,Olivia,Okafor,Spouse,1975-01-23,F,Active
DP000205002,EE0002050,Michael,Okafor,Child,2017-07-25,M,Active
DP000205201,EE0002052,Zoe,Taylor,Child,2025-11-16,F,Active
DP000205401,EE0002054,Kevin,Adeyemi,Spouse,1989-08-20,M,Active
DP000206101,EE0002061,Fatima,Walker,Domestic Partner,1996-11-02,M,Active
DP000206102,EE0002061,Angela,Walker,Child,2007-03-12,F,Active
DP000206103,EE0002061,Ethan,Walker,Child,2010-08-17,M,Active
DP000206301,EE0002063,Jasmine,Adams,Spouse,1999-01-07,M,Active
DP000206302,EE0002063,Ethan,Adams,Child,2022-07-12,F,Active
DP000206401,EE0002064,Leah,Lewis,Child,2025-04-29,M,Active
DP000206402,EE0002064,Omar,Lewis,Child,2020-07-13,M,Active
DP000206403,EE0002064,Michael,Lewis,Child,2020-05-21,M,Active
DP000206601,EE0002066,Victor,Walker,Child,2007-01-31,F,Active
DP000206602,EE0002066,Olivia,Walker,Child,2018-03-25,F,Active
DP000206701,EE0002067,Omar,Lewis,Domestic Partner,1980-01-19,M,Active
DP000206702,EE0002067,Nia,Lewis,Child,2021-04-29,M,Active
DP000206901,EE0002069,Daniel,Moore,Child,2015-10-03,M,Active
DP000207001,EE0002070,Angela,Garcia,Spouse,1989-04-01,F,Active
DP000207401,EE0002074,Jasmine,Chen,Domestic Partner,1984-12-22,M,Active
DP000207601,EE0002076,Malik,Nguyen,Child,2007-03-26,M,Active
DP000207801,EE0002078,David,Brown,Child,2021-01-10,F,Active
DP000207901,EE0002079,David,Martinez,Spouse,1997-05-30,F,Active
DP000208001,EE0002080,Elena,Nguyen,Spouse,1982-10-26,F,Active
DP000208301,EE0002083,Leah,Lewis,Domestic Partner,1982-05-12,M,Active
DP000208401,EE0002084,Jasmine,Williams,Domestic Partner,1981-12-08,F,Active
DP000208701,EE0002087,Carlos,Moore,Domestic Partner,1971-11-18,F,Active
DP000208702,EE0002087,Fatima,Moore,Child,2022-04-30,F,Active
DP000208703,EE0002087,Jordan,Moore,Child,2000-10-16,M,Active
DP000209001,EE0002090,Noah,Johnson,Spouse,1996-02-09,M,Active
DP000209002,EE0002090,Michael,Johnson,Child,2014-06-24,F,Active
DP000209101,EE0002091,David,Kim,Spouse,1990-02-20,M,Active
DP000209102,EE0002091,Omar,Kim,Child,2013-09-30,M,Active
DP000209301,EE0002093,Kevin,Wilson,Child,2021-03-21,M,Active
DP000209302,EE0002093,Chiamaka,Wilson,Child,2026-04-08,M,Active
DP000209401,EE0002094,Priya,Adams,Spouse,1974-03-19,M,Active
DP000209402,EE0002094,Zoe,Adams,Child,2004-06-14,F,Active
DP000209701,EE0002097,Noah,Ibrahim,Child,2008-10-13,M,Active
DP000210001,EE0002100,Ethan,Thomas,Domestic Partner,1986-07-27,M,Active
DP000210002,EE0002100,David,Thomas,Child,2000-06-12,M,Active
DP000210201,EE0002102,Daniel,Johnson,Child,2012-01-20,M,Active
DP000210202,EE0002102,Fatima,Johnson,Child,2010-07-31,M,Active
DP000210501,EE0002105,Chiamaka,Kim,Spouse,1985-04-01,F,Active
DP000210502,EE0002105,David,Kim,Child,2018-10-21,F,Active
DP000210901,EE0002109,Noah,Patel,Child,2007-07-15,M,Active
DP000210902,EE0002109,Victor,Patel,Child,2026-06-29,F,Active
DP000211001,EE0002110,Victor,Thomas,Domestic Partner,2004-08-17,M,Active
DP000211002,EE0002110,Zoe,Thomas,Child,2024-04-08,M,Active
DP000211401,EE0002114,Andre,Johnson,Child,2000-03-24,M,Active
DP000211402,EE0002114,Isaiah,Johnson,Child,2004-03-10,M,Active
DP000211403,EE0002114,Isaiah,Johnson,Child,2010-03-28,M,Active
DP000211701,EE0002117,David,Davis,Spouse,1995-09-14,F,Active
DP000211702,EE0002117,Michael,Davis,Child,2017-04-08,M,Active
DP000212001,EE0002120,David,Williams,Spouse,1993-08-11,M,Active
DP000212002,EE0002120,Nia,Williams,Child,2017-09-25,M,Active
DP000212201,EE0002122,Daniel,Hernandez,Child,2015-06-17,F,Active
DP000212202,EE0002122,Chiamaka,Hernandez,Child,2014-12-12,F,Active
DP000212203,EE0002122,Elena,Hernandez,Child,2023-05-13,F,Active
DP000212401,EE0002124,Olivia,Davis,Child,2021-03-21,F,Active
DP000212402,EE0002124,Isaiah,Davis,Child,2025-02-20,F,Active
DP000212403,EE0002124,Omar,Davis,Child,2018-07-21,M,Active
DP000213101,EE0002131,Fatima,Wilson,Child,2020-09-02,F,Active
DP000213102,EE0002131,Maya,Wilson,Child,2025-07-31,M,Active
DP000213401,EE0002134,Ethan,Walker,Child,2010-03-11,M,Active
DP000213701,EE0002137,Daniel,Brown,Domestic Partner,2001-06-12,M,Active
DP000213702,EE0002137,Leah,Brown,Child,2026-03-27,M,Active
DP000213801,EE0002138,Kevin,Patel,Child,2021-01-23,F,Active
DP000213802,EE0002138,Victor,Patel,Child,2014-01-24,F,Active
DP000213803,EE0002138,Daniel,Patel,Child,2022-08-05,M,Active
DP000213901,EE0002139,Andre,Ibrahim,Child,2022-04-13,M,Active
DP000214201,EE0002142,Zoe,Wilson,Child,2007-10-24,M,Active
DP000214401,EE0002144,Kevin,Davis,Spouse,1970-02-09,M,Active
DP000214402,EE0002144,Victor,Davis,Child,2012-06-04,F,Active
DP000214403,EE0002144,Kevin,Davis,Child,2008-04-02,M,Active
DP000214601,EE0002146,Sophia,Taylor,Domestic Partner,1962-02-22,M,Active
DP000214602,EE0002146,Ethan,Taylor,Child,2002-06-06,F,Active
DP000214701,EE0002147,Maya,Smith,Child,2009-09-25,F,Active
DP000214702,EE0002147,Chiamaka,Smith,Child,2006-03-25,F,Active
DP000214703,EE0002147,Ethan,Smith,Child,2017-10-24,M,Active
DP000214801,EE0002148,Elena,Adeyemi,Spouse,1973-11-22,F,Active
DP000214802,EE0002148,Isaiah,Adeyemi,Child,2011-06-01,F,Active
DP000214901,EE0002149,Noah,Patel,Spouse,1971-04-27,F,Active
DP000215201,EE0002152,Nia,Williams,Spouse,1976-07-07,M,Active
DP000215202,EE0002152,Malik,Williams,Child,2003-10-08,M,Active
DP000215401,EE0002154,Sophia,Hernandez,Child,2012-04-25,M,Active
DP000215402,EE0002154,Omar,Hernandez,Child,2025-05-14,F,Active
DP000215403,EE0002154,Elena,Hernandez,Child,2020-11-02,M,Active
DP000215501,EE0002155,Ethan,Campbell,Domestic Partner,2000-11-04,M,Active
DP000215601,EE0002156,Noah,Patel,Spouse,1984-05-29,F,Active
DP000215701,EE0002157,Priya,Moore,Spouse,2003-07-02,M,Active
DP000215702,EE0002157,Leah,Moore,Child,2024-06-30,M,Active
DP000215801,EE0002158,Samuel,Patel,Spouse,1977-11-20,M,Active
DP000215802,EE0002158,Zoe,Patel,Child,2024-07-22,M,Active
DP000216101,EE0002161,Omar,Chen,Spouse,1977-05-25,M,Active
DP000216201,EE0002162,Luis,Williams,Domestic Partner,1972-08-08,M,Active
DP000216801,EE0002168,Ethan,Campbell,Child,2026-01-11,M,Active
DP000216802,EE0002168,Victor,Campbell,Child,2003-03-08,M,Active
DP000216901,EE0002169,Leah,Moore,Spouse,1988-12-13,M,Active
DP000217001,EE0002170,Ethan,Davis,Domestic Partner,1990-02-25,M,Active
DP000217002,EE0002170,Leah,Davis,Child,2023-07-31,F,Active
DP000217101,EE0002171,Jordan,Davis,Child,2010-10-20,F,Active
DP000217102,EE0002171,Maya,Davis,Child,2014-06-05,M,Active
DP000217301,EE0002173,Ethan,Wilson,Child,2026-05-23,F,Active
DP000217601,EE0002176,Jordan,Robinson,Domestic Partner,1974-05-11,M,Active
DP000217602,EE0002176,Luis,Robinson,Child,2002-03-08,M,Active
DP000218501,EE0002185,Nia,Martinez,Domestic Partner,1969-03-03,M,Active
DP000218601,EE0002186,Daniel,Nguyen,Spouse,1981-01-22,F,Active
DP000218602,EE0002186,Priya,Nguyen,Child,2004-07-20,M,Active
DP000218701,EE0002187,Samuel,Walker,Child,2000-05-01,F,Active
DP000218702,EE0002187,Isaiah,Walker,Child,2017-05-17,M,Active
DP000218801,EE0002188,Jasmine,Moore,Child,2023-08-05,M,Active
DP000218802,EE0002188,Victor,Moore,Child,2019-07-13,F,Active
DP000219101,EE0002191,Andre,Johnson,Spouse,1997-03-07,F,Active
DP000219102,EE0002191,Carlos,Johnson,Child,2019-05-10,F,Active
DP000219301,EE0002193,Carlos,Lewis,Spouse,2004-07-04,F,Active
DP000219302,EE0002193,Kevin,Lewis,Child,2024-02-24,M,Active
DP000219303,EE0002193,Jordan,Lewis,Child,2023-12-23,M,Active
DP000219701,EE0002197,Jasmine,Patel,Child,2002-04-20,F,Active
DP000219901,EE0002199,Michael,Walker,Child,2016-12-11,M,Active
DP000219902,EE0002199,Elena,Walker,Child,2018-05-31,F,Active
DP000220001,EE0002200,Luis,Lewis,Spouse,1977-12-12,F,Active
DP000220101,EE0002201,Priya,Taylor,Child,2021-07-25,M,Active
DP000220301,EE0002203,Grace,Martinez,Child,2007-10-27,M,Active
DP000220601,EE0002206,Maya,Brown,Spouse,1998-08-11,F,Active
DP000220602,EE0002206,Kevin,Brown,Child,2018-01-23,M,Active
DP000220603,EE0002206,Amara,Brown,Child,2024-03-26,M,Active
DP000221001,EE0002210,Isaiah,Williams,Spouse,1975-03-24,M,Active
DP000221201,EE0002212,Naomi,Nguyen,Spouse,1992-04-04,M,Active
DP000221202,EE0002212,Zoe,Nguyen,Child,2020-08-25,M,Active
DP000221401,EE0002214,Naomi,Robinson,Child,2023-08-04,M,Active
DP000221501,EE0002215,Luis,Adeyemi,Child,2018-04-27,M,Active
DP000221502,EE0002215,Angela,Adeyemi,Child,2018-05-03,M,Active
DP000221503,EE0002215,Sophia,Adeyemi,Child,2023-06-24,F,Active
DP000221701,EE0002217,Malik,Campbell,Domestic Partner,1995-12-14,F,Active
DP000221702,EE0002217,Andre,Campbell,Child,2022-08-16,F,Active
DP000221801,EE0002218,Isaiah,Taylor,Spouse,1974-04-05,M,Active
DP000221901,EE0002219,Angela,Kim,Spouse,1985-05-15,M,Active
DP000222001,EE0002220,Daniel,Mensah,Child,2009-12-11,M,Active
DP000222002,EE0002220,Olivia,Mensah,Child,2012-10-02,M,Active
DP000222201,EE0002222,Noah,Walker,Domestic Partner,1966-08-25,M,Active
DP000222301,EE0002223,Zoe,Williams,Child,2024-02-29,M,Active
DP000222401,EE0002224,Priya,Thomas,Domestic Partner,1973-04-17,M,Active
DP000222402,EE0002224,Naomi,Thomas,Child,2008-08-16,F,Active
DP000222701,EE0002227,Chiamaka,Brown,Spouse,1965-11-16,F,Active
DP000222901,EE0002229,Naomi,Adams,Spouse,1992-03-28,F,Active
DP000223001,EE0002230,Angela,Taylor,Child,2023-08-01,M,Active
DP000223002,EE0002230,David,Taylor,Child,2014-06-09,F,Active
DP000223003,EE0002230,Priya,Taylor,Child,2001-02-19,M,Active
DP000223201,EE0002232,Samuel,Miller,Child,2008-11-15,F,Active
DP000223202,EE0002232,Ethan,Miller,Child,2008-09-18,F,Active
DP000223203,EE0002232,Priya,Miller,Child,2022-02-21,M,Active
DP000223401,EE0002234,Samuel,Mensah,Domestic Partner,1980-12-27,F,Active
DP000223601,EE0002236,Maya,Adeyemi,Child,2026-04-18,M,Active
DP000223602,EE0002236,Ethan,Adeyemi,Child,2024-03-22,F,Active
DP000223801,EE0002238,Carlos,Wilson,Spouse,1984-03-01,M,Active
DP000223802,EE0002238,Nia,Wilson,Child,2010-08-02,F,Active
DP000223901,EE0002239,Amara,Walker,Domestic Partner,1971-05-11,M,Active
DP000223902,EE0002239,Ethan,Walker,Child,2024-02-28,F,Active
DP000223903,EE0002239,Naomi,Walker,Child,2023-07-26,F,Active
DP000224001,EE0002240,Jasmine,Ibrahim,Child,2005-03-03,M,Active
DP000224002,EE0002240,David,Ibrahim,Child,2025-04-26,F,Active
DP000224101,EE0002241,Luis,Nguyen,Domestic Partner,1997-12-17,F,Active
DP000224201,EE0002242,Luis,Garcia,Domestic Partner,1998-11-08,F,Active
DP000224202,EE0002242,Andre,Garcia,Child,2013-03-10,F,Active
DP000224203,EE0002242,Amara,Garcia,Child,2013-09-07,F,Active
DP000224301,EE0002243,Grace,Patel,Spouse,1966-05-11,F,Active
DP000224501,EE0002245,Victor,Chen,Spouse,2005-03-30,F,Active
DP000224502,EE0002245,Victor,Chen,Child,2022-03-30,F,Active
DP000224701,EE0002247,Zoe,Brown,Spouse,1970-03-07,M,Active
DP000224702,EE0002247,Samuel,Brown,Child,2007-01-25,F,Active
DP000224801,EE0002248,Kevin,Kim,Child,2001-08-21,F,Active
DP000224802,EE0002248,Malik,Kim,Child,2011-05-18,M,Active
DP000224901,EE0002249,Chiamaka,Nguyen,Child,2023-06-04,M,Active
DP000225001,EE0002250,Omar,Williams,Child,2002-12-16,F,Active
DP000225101,EE0002251,Nia,Nguyen,Child,2007-12-15,F,Active
DP000225201,EE0002252,Aaliyah,Robinson,Domestic Partner,1992-08-05,M,Active
DP000225901,EE0002259,Chiamaka,Taylor,Child,2020-07-22,M,Active
DP000225902,EE0002259,Isaiah,Taylor,Child,2021-11-03,F,Active
DP000226301,EE0002263,Naomi,Hernandez,Child,2022-10-24,M,Active
DP000226601,EE0002266,Elena,Robinson,Spouse,1969-08-13,F,Active
DP000226801,EE0002268,Luis,Nguyen,Domestic Partner,1983-03-16,M,Active
DP000226802,EE0002268,Jordan,Nguyen,Child,2018-11-17,M,Active
DP000226901,EE0002269,Noah,Nguyen,Child,2026-06-29,M,Active
DP000227001,EE0002270,Fatima,Hernandez,Domestic Partner,2000-08-31,F,Active
DP000227201,EE0002272,Fatima,Thomas,Spouse,1984-03-24,F,Active
DP000227202,EE0002272,Kevin,Thomas,Child,2026-01-26,F,Active
DP000227301,EE0002273,Naomi,Adeyemi,Domestic Partner,1970-08-15,M,Active
DP000227302,EE0002273,Sophia,Adeyemi,Child,2023-12-20,M,Active
DP000227303,EE0002273,Aaliyah,Adeyemi,Child,2007-12-27,F,Active
DP000227401,EE0002274,Angela,Mensah,Domestic Partner,2005-06-01,F,Active
DP000227402,EE0002274,Maya,Mensah,Child,2024-05-09,M,Active
DP000227701,EE0002277,Kevin,Adams,Spouse,1989-12-28,M,Active
DP000228001,EE0002280,Angela,Okafor,Spouse,1992-10-15,M,Active
DP000228101,EE0002281,Andre,Taylor,Domestic Partner,1972-02-21,M,Active
DP000228201,EE0002282,Nia,Davis,Child,2013-01-30,M,Active
DP000228301,EE0002283,Kevin,Chen,Child,2013-09-07,M,Active
DP000228501,EE0002285,Malik,Davis,Spouse,1974-07-25,F,Active
DP000228502,EE0002285,Jasmine,Davis,Child,2021-05-23,M,Active
DP000228801,EE0002288,Sophia,Brown,Domestic Partner,2000-05-18,M,Active
DP000228802,EE0002288,Noah,Brown,Child,2021-06-23,M,Active
DP000228803,EE0002288,Grace,Brown,Child,2023-08-21,F,Active
DP000228901,EE0002289,Jasmine,Wilson,Spouse,1978-02-12,M,Active
DP000229301,EE0002293,Malik,Williams,Spouse,2001-03-06,F,Active
DP000229401,EE0002294,Angela,Nguyen,Child,2010-10-23,M,Active
DP000229402,EE0002294,Zoe,Nguyen,Child,2010-01-11,M,Active
DP000229403,EE0002294,Fatima,Nguyen,Child,2011-12-06,M,Active
DP000229601,EE0002296,Noah,Lewis,Child,2023-12-17,M,Active
DP000229602,EE0002296,Jasmine,Lewis,Child,2015-09-18,M,Active
DP000229801,EE0002298,Samuel,Johnson,Child,2018-03-17,F,Active
DP000229901,EE0002299,Omar,Campbell,Domestic Partner,2000-01-02,M,Active
DP000229902,EE0002299,Nia,Campbell,Child,2021-08-11,M,Active
DP000230001,EE0002300,Amara,Moore,Child,2015-06-03,F,Active
DP000230101,EE0002301,Jasmine,Chen,Child,2006-09-04,F,Active
DP000230701,EE0002307,Zoe,Miller,Domestic Partner,2006-09-27,F,Active
DP000230901,EE0002309,Jordan,Nguyen,Child,2021-07-08,F,Active
DP000231201,EE0002312,Maya,Okafor,Spouse,1972-07-15,F,Active
DP000231202,EE0002312,Naomi,Okafor,Child,2010-01-09,M,Active
DP000231203,EE0002312,Carlos,Okafor,Child,2014-01-11,M,Active
DP000231501,EE0002315,Elena,Patel,Child,2023-04-21,M,Active
DP000231502,EE0002315,Isaiah,Patel,Child,2009-09-26,F,Active
DP000231601,EE0002316,Carlos,Robinson,Domestic Partner,2005-04-09,F,Active
DP000231602,EE0002316,Priya,Robinson,Child,2020-11-24,M,Active
DP000231603,EE0002316,Jasmine,Robinson,Child,2026-06-17,M,Active
DP000231901,EE0002319,Priya,Brown,Spouse,2007-04-06,F,Active
DP000231902,EE0002319,Kevin,Brown,Child,2024-03-13,F,Active
DP000232301,EE0002323,Isaiah,Wilson,Child,2017-09-12,M,Active
DP000232501,EE0002325,Andre,Taylor,Child,2021-02-25,M,Active
DP000232601,EE0002326,Angela,Okafor,Spouse,1968-12-03,F,Active
DP000232701,EE0002327,Sophia,Patel,Spouse,1973-12-29,M,Active
DP000232801,EE0002328,Nia,Davis,Domestic Partner,2000-07-23,M,Active
DP000232901,EE0002329,Sophia,Hernandez,Child,2016-05-04,M,Active
DP000233401,EE0002334,Naomi,Kim,Child,2002-01-05,F,Active
DP000233501,EE0002335,Grace,Chen,Child,2006-03-08,F,Active
DP000233502,EE0002335,Maya,Chen,Child,2012-08-16,M,Active
DP000233601,EE0002336,Leah,Garcia,Child,2001-07-11,M,Active
DP000233701,EE0002337,Kevin,Nguyen,Spouse,2000-01-09,M,Active
DP000233702,EE0002337,Luis,Nguyen,Child,2024-07-29,F,Active
DP000234001,EE0002340,Jasmine,Chen,Child,2023-02-23,F,Active
DP000234601,EE0002346,Isaiah,Garcia,Spouse,1976-12-23,M,Active
DP000234701,EE0002347,Priya,Chen,Domestic Partner,1984-12-09,M,Active
DP000234702,EE0002347,Leah,Chen,Child,2002-04-24,F,Active
DP000234703,EE0002347,Angela,Chen,Child,2013-10-23,M,Active
DP000234801,EE0002348,Luis,Miller,Domestic Partner,1972-07-23,M,Active
DP000234901,EE0002349,Leah,Davis,Child,2019-12-13,M,Active
DP000235101,EE0002351,Olivia,Johnson,Spouse,2005-06-29,M,Active
DP000235102,EE0002351,Sophia,Johnson,Child,2018-05-07,F,Active
DP000235201,EE0002352,Noah,Martinez,Domestic Partner,2004-09-22,F,Active
DP000235202,EE0002352,Naomi,Martinez,Child,2019-08-06,M,Active
DP000235203,EE0002352,Zoe,Martinez,Child,2022-01-27,M,Active
DP000235301,EE0002353,Jasmine,Patel,Domestic Partner,1993-05-11,M,Active
DP000235501,EE0002355,Sophia,Kim,Child,2026-02-15,F,Active
DP000235502,EE0002355,Michael,Kim,Child,2020-03-19,F,Active
DP000235601,EE0002356,Luis,Smith,Spouse,1993-11-15,M,Active
DP000235801,EE0002358,Carlos,Lewis,Domestic Partner,1995-12-18,M,Active
DP000235802,EE0002358,Andre,Lewis,Child,2020-03-27,M,Active
DP000236001,EE0002360,Omar,Moore,Child,2018-12-09,F,Active
DP000236201,EE0002362,Jasmine,Lewis,Child,2009-06-03,M,Active
DP000236301,EE0002363,Maya,Adams,Domestic Partner,1995-08-22,M,Active
DP000236501,EE0002365,Angela,Johnson,Child,2023-03-08,F,Active
DP000236502,EE0002365,Kevin,Johnson,Child,2018-08-28,M,Active
DP000236801,EE0002368,Noah,Ibrahim,Domestic Partner,1965-07-24,M,Active
DP000236901,EE0002369,Malik,Kim,Child,2013-01-03,M,Active
DP000237201,EE0002372,Victor,Martinez,Domestic Partner,1992-11-25,F,Active
DP000237401,EE0002374,Fatima,Walker,Domestic Partner,1974-05-20,F,Active
DP000237701,EE0002377,Luis,Martinez,Spouse,1963-11-03,M,Active
DP000237702,EE0002377,Fatima,Martinez,Child,2003-08-17,F,Active
DP000237801,EE0002378,Aaliyah,Thomas,Spouse,1974-11-09,M,Active
DP000237901,EE0002379,Amara,Patel,Domestic Partner,1984-01-14,F,Active
DP000238001,EE0002380,Andre,Williams,Spouse,1966-10-06,F,Active
DP000238201,EE0002382,Samuel,Adeyemi,Domestic Partner,1961-07-15,M,Active
DP000238202,EE0002382,Andre,Adeyemi,Child,2007-06-20,F,Active
DP000238401,EE0002384,Carlos,Campbell,Child,2014-12-12,F,Active
DP000238601,EE0002386,Zoe,Walker,Domestic Partner,2001-05-03,M,Active
DP000238801,EE0002388,Michael,Nguyen,Domestic Partner,1977-11-15,F,Active
DP000238802,EE0002388,Omar,Nguyen,Child,2009-11-04,M,Active
DP000238803,EE0002388,Kevin,Nguyen,Child,2000-03-29,F,Active
DP000239201,EE0002392,Chiamaka,Nguyen,Spouse,1994-04-19,F,Active
DP000239202,EE0002392,Victor,Nguyen,Child,2009-12-19,M,Active
DP000239203,EE0002392,Victor,Nguyen,Child,2017-08-06,M,Active
DP000239601,EE0002396,Maya,Miller,Domestic Partner,1975-01-09,M,Active
DP000239602,EE0002396,Jasmine,Miller,Child,2021-06-25,F,Active
DP000240101,EE0002401,Carlos,Campbell,Child,2025-10-04,M,Active
DP000240301,EE0002403,Leah,Johnson,Child,2023-01-01,M,Active
DP000240302,EE0002403,Samuel,Johnson,Child,2024-02-15,M,Active
DP000240303,EE0002403,Amara,Johnson,Child,2016-10-04,M,Active
DP000240701,EE0002407,Daniel,Robinson,Spouse,2004-08-30,M,Active
DP000240702,EE0002407,Maya,Robinson,Child,2019-01-04,F,Active
DP000241201,EE0002412,Sophia,Adeyemi,Spouse,1998-05-24,F,Active
DP000241301,EE0002413,Chiamaka,Thomas,Child,2002-03-08,M,Active
DP000241302,EE0002413,Jasmine,Thomas,Child,2015-03-22,M,Active
DP000241401,EE0002414,Samuel,Walker,Domestic Partner,1987-08-27,M,Active
DP000241402,EE0002414,Omar,Walker,Child,2022-06-22,M,Active
DP000241701,EE0002417,Malik,Garcia,Spouse,1988-08-12,F,Active
DP000241702,EE0002417,Carlos,Garcia,Child,2015-02-15,F,Active
DP000241801,EE0002418,Malik,Wilson,Spouse,1999-03-29,M,Active
DP000241802,EE0002418,Kevin,Wilson,Child,2022-05-18,M,Active
DP000242001,EE0002420,Ethan,Nguyen,Domestic Partner,1964-03-16,M,Active
DP000242101,EE0002421,Victor,Thomas,Domestic Partner,1962-08-06,F,Active
DP000242102,EE0002421,Maya,Thomas,Child,2015-07-11,M,Active
DP000242103,EE0002421,Samuel,Thomas,Child,2014-01-27,F,Active
DP000242301,EE0002423,Maya,Taylor,Child,2024-01-10,F,Active
DP000242302,EE0002423,Carlos,Taylor,Child,2024-07-22,M,Active
DP000242401,EE0002424,Zoe,Walker,Child,2017-02-02,M,Active
DP000242601,EE0002426,Grace,Patel,Child,2016-05-18,F,Active
DP000242901,EE0002429,Aaliyah,Adeyemi,Spouse,1968-02-29,M,Active
DP000243001,EE0002430,Grace,Ibrahim,Child,2023-09-16,F,Active
DP000243401,EE0002434,Zoe,Campbell,Domestic Partner,1989-11-03,M,Active
DP000243402,EE0002434,Leah,Campbell,Child,2022-11-03,M,Active
DP000243801,EE0002438,Zoe,Campbell,Child,2013-04-20,M,Active
DP000243802,EE0002438,Jordan,Campbell,Child,2005-11-13,F,Active
DP000244001,EE0002440,Aaliyah,Garcia,Spouse,1988-12-16,F,Active
DP000244101,EE0002441,Andre,Chen,Spouse,1999-03-06,F,Active
DP000244102,EE0002441,Samuel,Chen,Child,2022-10-06,F,Active
DP000244301,EE0002443,Nia,Miller,Spouse,1985-01-09,M,Active
DP000244302,EE0002443,Malik,Miller,Child,2014-02-01,M,Active
DP000244401,EE0002444,Victor,Adams,Child,2019-07-24,M,Active
DP000244501,EE0002445,Leah,Ibrahim,Spouse,1999-08-31,F,Active
DP000244502,EE0002445,Leah,Ibrahim,Child,2022-09-25,F,Active
DP000244801,EE0002448,Grace,Bennett,Domestic Partner,1974-03-17,M,Active
DP000245101,EE0002451,Luis,Ibrahim,Child,2010-02-11,M,Active
DP000245102,EE0002451,Luis,Ibrahim,Child,2009-08-04,M,Active
DP000245401,EE0002454,Daniel,Chen,Child,2023-01-07,M,Active
DP000245402,EE0002454,Omar,Chen,Child,2013-11-05,F,Active
DP000245701,EE0002457,Ethan,Adams,Child,2018-02-06,M,Active
DP000245702,EE0002457,Isaiah,Adams,Child,2020-08-26,M,Active
DP000245703,EE0002457,Elena,Adams,Child,2020-12-21,M,Active
DP000245801,EE0002458,Naomi,Walker,Domestic Partner,1995-03-18,M,Active
DP000245802,EE0002458,Victor,Walker,Child,2005-08-20,M,Active
DP000246001,EE0002460,Fatima,Johnson,Spouse,1967-04-11,F,Active
DP000246101,EE0002461,Jasmine,Wilson,Child,2014-08-29,M,Active
DP000246201,EE0002462,Naomi,Patel,Child,2023-01-22,M,Active
DP000246202,EE0002462,Luis,Patel,Child,2017-11-02,F,Active
DP000246501,EE0002465,Priya,Thomas,Domestic Partner,1961-01-28,M,Active
DP000246502,EE0002465,Zoe,Thomas,Child,2012-01-24,F,Active
DP000246701,EE0002467,Elena,Campbell,Domestic Partner,1968-09-24,M,Active
DP000246702,EE0002467,Noah,Campbell,Child,2003-04-29,M,Active
DP000246901,EE0002469,Priya,Bennett,Child,2025-08-26,F,Active
DP000246902,EE0002469,Andre,Bennett,Child,2018-10-27,M,Active
DP000247001,EE0002470,Malik,Miller,Child,2008-06-11,F,Active
DP000247002,EE0002470,Maya,Miller,Child,2021-02-20,M,Active
DP000247003,EE0002470,Kevin,Miller,Child,2006-12-04,M,Active
DP000247301,EE0002473,Ethan,Chen,Domestic Partner,1978-03-07,F,Active
DP000247401,EE0002474,Michael,Chen,Domestic Partner,1995-08-02,F,Active
DP000247501,EE0002475,Omar,Davis,Spouse,1978-04-04,F,Active
DP000247502,EE0002475,Zoe,Davis,Child,2006-01-08,M,Active
DP000247701,EE0002477,Andre,Taylor,Domestic Partner,1969-02-05,M,Active
DP000247901,EE0002479,Elena,Moore,Spouse,1969-03-28,M,Active
DP000247902,EE0002479,Maya,Moore,Child,2025-06-08,M,Active
DP000248001,EE0002480,Sophia,Williams,Child,2008-03-31,F,Active
DP000248401,EE0002484,Isaiah,Walker,Domestic Partner,1973-06-09,M,Active
DP000248402,EE0002484,Nia,Walker,Child,2007-04-02,F,Active
DP000248501,EE0002485,Omar,Johnson,Child,2024-07-08,F,Active
DP000248502,EE0002485,Carlos,Johnson,Child,2023-04-13,M,Active
DP000248503,EE0002485,Jordan,Johnson,Child,2025-02-06,F,Active
DP000248601,EE0002486,Carlos,Lewis,Domestic Partner,1979-09-19,F,Active
DP000248801,EE0002488,Sophia,Taylor,Spouse,2007-02-01,F,Active
DP000248802,EE0002488,Amara,Taylor,Child,2019-07-08,M,Active
DP000248901,EE0002489,Samuel,Brown,Spouse,1964-05-04,M,Active
DP000249501,EE0002495,Victor,Chen,Spouse,1966-05-16,F,Active
DP000249502,EE0002495,Zoe,Chen,Child,2013-03-22,M,Active
DP000249601,EE0002496,Isaiah,Williams,Child,2012-03-21,M,Active
DP000249602,EE0002496,Andre,Williams,Child,2025-06-08,M,Active
DP000249603,EE0002496,Andre,Williams,Child,2015-12-13,M,Active
DP000249801,EE0002498,Aaliyah,Hernandez,Child,2022-08-11,M,Active
DP000249901,EE0002499,Fatima,Garcia,Domestic Partner,1970-05-02,M,Active
DP000249902,EE0002499,Jasmine,Garcia,Child,2008-02-02,M,Active
DP000249903,EE0002499,Grace,Garcia,Child,2004-08-20,F,Active
DP000250101,EE0002501,Angela,Moore,Domestic Partner,1995-03-06,M,Active
DP000250301,EE0002503,Grace,Martinez,Child,2014-04-14,F,Active
DP000250401,EE0002504,Naomi,Wilson,Child,2011-02-28,F,Active
DP000250402,EE0002504,Samuel,Wilson,Child,2000-05-10,M,Active
DP000250501,EE0002505,Luis,Mensah,Domestic Partner,1985-10-04,F,Active
DP000250601,EE0002506,Zoe,Lewis,Domestic Partner,1995-01-19,F,Active
DP000250901,EE0002509,Aaliyah,Lewis,Spouse,1977-04-26,F,Active
DP000251401,EE0002514,Kevin,Bennett,Child,2000-03-05,M,Active
DP000251501,EE0002515,Chiamaka,Martinez,Child,2001-09-24,F,Active
DP000251801,EE0002518,Kevin,Mensah,Child,2013-07-22,F,Active
DP000251802,EE0002518,Michael,Mensah,Child,2013-11-10,F,Active
DP000251901,EE0002519,Jasmine,Miller,Spouse,1993-06-05,F,Active
DP000252001,EE0002520,Luis,Davis,Child,2019-02-08,M,Active
DP000252002,EE0002520,Olivia,Davis,Child,2025-04-05,F,Active
DP000252003,EE0002520,Noah,Davis,Child,2009-03-14,F,Active
DP000252201,EE0002522,Jasmine,Miller,Spouse,1970-01-23,F,Active
DP000252301,EE0002523,Kevin,Bennett,Child,2019-10-22,F,Active
DP000252302,EE0002523,Grace,Bennett,Child,2020-08-12,M,Active
DP000252401,EE0002524,Amara,Martinez,Child,2010-07-01,F,Active
DP000252402,EE0002524,Ethan,Martinez,Child,2009-03-28,M,Active
DP000252501,EE0002525,Amara,Wilson,Child,2023-12-03,F,Active
DP000252601,EE0002526,Noah,Smith,Child,2004-01-04,F,Active
DP000252602,EE0002526,Chiamaka,Smith,Child,2007-09-04,F,Active
DP000252701,EE0002527,Priya,Garcia,Child,2003-05-23,F,Active
DP000252801,EE0002528,Jordan,Williams,Child,2022-04-13,M,Active
DP000252802,EE0002528,Andre,Williams,Child,2020-12-18,F,Active
DP000253001,EE0002530,Sophia,Ibrahim,Child,2022-11-22,F,Active
DP000253002,EE0002530,Maya,Ibrahim,Child,2003-05-13,F,Active
DP000253101,EE0002531,Leah,Patel,Domestic Partner,1976-04-28,M,Active
DP000253201,EE0002532,Victor,Davis,Spouse,1981-06-20,F,Active
DP000253301,EE0002533,Aaliyah,Johnson,Child,2022-07-27,M,Active
DP000254001,EE0002540,Leah,Williams,Child,2007-10-25,F,Active
DP000254002,EE0002540,Chiamaka,Williams,Child,2005-04-22,M,Active
DP000254003,EE0002540,David,Williams,Child,2019-04-29,M,Active
DP000254301,EE0002543,Malik,Ibrahim,Spouse,1988-08-11,F,Active
DP000254302,EE0002543,Omar,Ibrahim,Child,2008-03-27,M,Active
DP000254901,EE0002549,Ethan,Lewis,Spouse,2004-06-29,M,Active
DP000255401,EE0002554,Zoe,Hernandez,Child,2020-09-10,F,Active
DP000255501,EE0002555,Kevin,Davis,Spouse,1977-12-10,F,Active
DP000255601,EE0002556,Jordan,Patel,Child,2022-09-17,F,Active
DP000255602,EE0002556,Angela,Patel,Child,2011-10-13,M,Active
DP000256101,EE0002561,Olivia,Moore,Child,2013-08-02,M,Active
DP000256102,EE0002561,David,Moore,Child,2014-09-01,M,Active
DP000256701,EE0002567,David,Mensah,Child,2014-08-27,F,Active
DP000256801,EE0002568,Aaliyah,Taylor,Domestic Partner,1979-10-26,F,Active
DP000256802,EE0002568,Zoe,Taylor,Child,2002-06-07,M,Active
DP000256901,EE0002569,Angela,Miller,Domestic Partner,1996-12-10,F,Active
DP000256902,EE0002569,Daniel,Miller,Child,2025-02-12,F,Active
DP000257001,EE0002570,Malik,Bennett,Child,2014-10-13,M,Active
DP000257101,EE0002571,Ethan,Adeyemi,Spouse,1965-09-28,F,Active
DP000257201,EE0002572,Omar,Bennett,Child,2023-04-01,M,Active
DP000257401,EE0002574,Luis,Adams,Child,2008-01-14,F,Active
DP000257501,EE0002575,Victor,Martinez,Child,2019-08-13,F,Active
DP000257502,EE0002575,Kevin,Martinez,Child,2010-04-21,F,Active
DP000257601,EE0002576,Naomi,Lewis,Child,2009-01-28,F,Active
DP000257602,EE0002576,Andre,Lewis,Child,2014-12-24,M,Active
DP000257701,EE0002577,Priya,Mensah,Spouse,1964-11-04,F,Active
DP000257702,EE0002577,Angela,Mensah,Child,2023-07-24,F,Active
DP000257901,EE0002579,Amara,Johnson,Spouse,1999-03-10,M,Active
DP000257902,EE0002579,Omar,Johnson,Child,2018-09-08,M,Active
DP000258001,EE0002580,Grace,Mensah,Spouse,1984-07-11,F,Active
DP000258401,EE0002584,Olivia,Chen,Domestic Partner,1993-05-17,M,Active
DP000258601,EE0002586,Jordan,Okafor,Child,2023-03-20,F,Active
DP000258602,EE0002586,Jordan,Okafor,Child,2014-06-15,F,Active
DP000258901,EE0002589,Olivia,Thomas,Domestic Partner,1989-08-11,F,Active
DP000258902,EE0002589,Victor,Thomas,Child,2012-04-01,F,Active
DP000259101,EE0002591,Chiamaka,Smith,Child,2024-08-27,M,Active
DP000259102,EE0002591,Leah,Smith,Child,2021-07-06,M,Active
DP000259201,EE0002592,Ethan,Lewis,Spouse,1993-02-08,M,Active
DP000259501,EE0002595,Daniel,Kim,Domestic Partner,1974-11-14,M,Active
DP000259801,EE0002598,Olivia,Miller,Domestic Partner,1971-04-03,M,Active
DP000260201,EE0002602,Nia,Chen,Child,2019-07-28,M,Active
DP000260202,EE0002602,Naomi,Chen,Child,2016-01-26,F,Active
DP000260401,EE0002604,Leah,Bennett,Child,2015-06-17,M,Active
DP000260501,EE0002605,Samuel,Thomas,Domestic Partner,1977-01-12,M,Active
DP000260502,EE0002605,Zoe,Thomas,Child,2021-08-15,M,Active
DP000260601,EE0002606,Priya,Nguyen,Child,2023-05-17,F,Active
DP000260602,EE0002606,Leah,Nguyen,Child,2010-03-04,F,Active
DP000260701,EE0002607,Zoe,Kim,Domestic Partner,1998-10-29,F,Active
DP000260702,EE0002607,Kevin,Kim,Child,2014-07-11,F,Active
DP000260703,EE0002607,David,Kim,Child,2017-06-01,M,Active
DP000260801,EE0002608,Leah,Thomas,Child,2004-12-21,F,Active
DP000261101,EE0002611,Fatima,Adeyemi,Spouse,1984-06-09,F,Active
DP000261401,EE0002614,Isaiah,Martinez,Child,2020-05-16,F,Active
DP000261402,EE0002614,Amara,Martinez,Child,2021-05-18,F,Active
DP000261601,EE0002616,Kevin,Moore,Domestic Partner,1980-10-12,M,Active
DP000261701,EE0002617,Victor,Taylor,Spouse,1985-10-03,M,Active
DP000261702,EE0002617,Samuel,Taylor,Child,2025-07-16,M,Active
DP000261801,EE0002618,Daniel,Thomas,Child,2018-02-14,M,Active
DP000261901,EE0002619,Aaliyah,Brown,Domestic Partner,1981-08-30,F,Active
DP000261902,EE0002619,Nia,Brown,Child,2022-10-03,F,Active
DP000261903,EE0002619,Ethan,Brown,Child,2001-04-07,M,Active
DP000262001,EE0002620,Isaiah,Lewis,Domestic Partner,1995-02-11,M,Active
DP000262002,EE0002620,Amara,Lewis,Child,2020-08-07,M,Active
DP000262101,EE0002621,Malik,Miller,Child,2024-08-20,F,Active
DP000262201,EE0002622,Leah,Garcia,Domestic Partner,2000-10-08,M,Active
DP000262202,EE0002622,Elena,Garcia,Child,2020-07-26,M,Active
DP000262601,EE0002626,Kevin,Brown,Domestic Partner,1967-06-12,F,Active
DP000263201,EE0002632,Zoe,Adeyemi,Child,2021-10-28,M,Active
DP000263401,EE0002634,Priya,Williams,Child,2018-10-02,M,Active
DP000263501,EE0002635,Angela,Adeyemi,Domestic Partner,1965-07-12,M,Active
DP000263601,EE0002636,Ethan,Hernandez,Spouse,1997-04-18,M,Active
DP000263801,EE0002638,Isaiah,Martinez,Child,2020-06-01,M,Active
DP000264001,EE0002640,Ethan,Hernandez,Spouse,1976-09-14,M,Active
DP000264002,EE0002640,Jasmine,Hernandez,Child,2018-03-07,M,Active
DP000264401,EE0002644,Leah,Martinez,Domestic Partner,2005-01-02,F,Active
DP000264402,EE0002644,Naomi,Martinez,Child,2020-11-23,F,Active
DP000264403,EE0002644,Priya,Martinez,Child,2017-08-02,M,Active
DP000264601,EE0002646,Isaiah,Taylor,Spouse,1974-06-20,F,Active
DP000264602,EE0002646,Isaiah,Taylor,Child,2020-08-06,M,Active
DP000264901,EE0002649,Daniel,Kim,Domestic Partner,1977-04-05,M,Active
DP000264902,EE0002649,Elena,Kim,Child,2004-12-16,F,Active
DP000265101,EE0002651,Nia,Moore,Domestic Partner,1983-02-06,M,Active
DP000265102,EE0002651,Amara,Moore,Child,2019-08-02,M,Active
DP000265301,EE0002653,Zoe,Patel,Child,2024-02-26,F,Active
DP000265302,EE0002653,Chiamaka,Patel,Child,2023-09-13,F,Active
DP000265401,EE0002654,Zoe,Johnson,Child,2010-10-09,M,Active
DP000265402,EE0002654,Naomi,Johnson,Child,2017-04-22,M,Active
DP000265403,EE0002654,Michael,Johnson,Child,2013-12-11,M,Active
DP000266001,EE0002660,Isaiah,Campbell,Spouse,1998-10-29,M,Active
DP000266301,EE0002663,Malik,Thomas,Domestic Partner,1974-07-29,F,Active
DP000266401,EE0002664,Isaiah,Garcia,Domestic Partner,1979-02-19,F,Active
DP000266402,EE0002664,Luis,Garcia,Child,2001-11-09,M,Active
DP000266701,EE0002667,Aaliyah,Garcia,Child,2023-11-14,F,Active
DP000267101,EE0002671,Naomi,Lewis,Spouse,1979-06-05,F,Active
DP000267102,EE0002671,Daniel,Lewis,Child,2003-05-13,F,Active
DP000267201,EE0002672,Noah,Garcia,Child,2009-03-20,M,Active
DP000267202,EE0002672,Chiamaka,Garcia,Child,2014-11-30,F,Active
DP000267301,EE0002673,Zoe,Bennett,Spouse,1971-09-28,M,Active
DP000267302,EE0002673,Grace,Bennett,Child,2000-09-13,M,Active
DP000267303,EE0002673,Elena,Bennett,Child,2025-05-04,F,Active
DP000267401,EE0002674,Naomi,Adams,Domestic Partner,1973-08-26,M,Active
DP000267501,EE0002675,Sophia,Chen,Domestic Partner,1978-04-23,F,Active
DP000267502,EE0002675,Isaiah,Chen,Child,2011-06-15,M,Active
DP000267601,EE0002676,Michael,Walker,Spouse,2001-08-23,M,Active
DP000268301,EE0002683,Michael,Brown,Child,2022-09-16,F,Active
DP000268302,EE0002683,Andre,Brown,Child,2024-12-10,M,Active
DP000268303,EE0002683,Angela,Brown,Child,2022-03-23,F,Active
DP000268401,EE0002684,Daniel,Adams,Domestic Partner,1971-09-16,M,Active
DP000268402,EE0002684,Ethan,Adams,Child,2007-01-30,M,Active
DP000268403,EE0002684,Leah,Adams,Child,2024-08-01,M,Active
DP000268501,EE0002685,Zoe,Thomas,Domestic Partner,1985-11-03,F,Active
DP000268901,EE0002689,Elena,Lewis,Domestic Partner,1977-03-28,M,Active
DP000269101,EE0002691,Malik,Thomas,Spouse,1998-08-04,M,Active
DP000269102,EE0002691,Priya,Thomas,Child,2013-12-01,M,Active
DP000269201,EE0002692,Nia,Chen,Child,2023-07-30,F,Active
DP000269202,EE0002692,Jasmine,Chen,Child,2021-10-12,M,Active
DP000269203,EE0002692,Victor,Chen,Child,2021-05-27,F,Active
DP000269401,EE0002694,Aaliyah,Ibrahim,Domestic Partner,1991-06-20,M,Active
DP000269701,EE0002697,Sophia,Moore,Child,2024-10-09,M,Active
DP000269901,EE0002699,Leah,Wilson,Domestic Partner,1962-03-15,F,Active
DP000269902,EE0002699,Chiamaka,Wilson,Child,2023-09-28,M,Active
DP000270101,EE0002701,Amara,Johnson,Domestic Partner,1984-05-11,M,Active
DP000270102,EE0002701,Priya,Johnson,Child,2015-05-17,M,Active
DP000270201,EE0002702,Naomi,Walker,Child,2018-09-26,F,Active
DP000270301,EE0002703,Michael,Taylor,Spouse,1994-05-14,F,Active
DP000270401,EE0002704,Malik,Chen,Child,2023-03-11,F,Active
DP000270601,EE0002706,Zoe,Martinez,Child,2018-02-07,M,Active
DP000270602,EE0002706,Zoe,Martinez,Child,2012-06-03,M,Active
DP000270701,EE0002707,Zoe,Miller,Spouse,1984-08-01,M,Active
DP000270702,EE0002707,Olivia,Miller,Child,2019-04-04,F,Active
DP000270901,EE0002709,Jasmine,Kim,Child,2023-09-18,M,Active
DP000271001,EE0002710,Chiamaka,Garcia,Child,2000-06-06,F,Active
DP000271101,EE0002711,Angela,Lewis,Child,2017-09-03,M,Active
DP000271102,EE0002711,Maya,Lewis,Child,2025-01-15,M,Active
DP000271201,EE0002712,Andre,Adeyemi,Domestic Partner,1980-05-09,M,Active
DP000271601,EE0002716,Angela,Miller,Child,2019-09-22,F,Active
DP000271701,EE0002717,Aaliyah,Adeyemi,Spouse,1968-06-26,M,Active
DP000271901,EE0002719,Jordan,Williams,Child,2021-12-27,F,Active
DP000272401,EE0002724,Maya,Kim,Child,2003-08-22,F,Active
DP000272501,EE0002725,Jordan,Bennett,Spouse,2000-06-02,F,Active
DP000272701,EE0002727,Omar,Johnson,Spouse,1998-05-23,F,Active
DP000272801,EE0002728,Zoe,Miller,Child,2001-04-11,F,Active
DP000272901,EE0002729,Omar,Johnson,Child,2011-04-01,F,Active
DP000272902,EE0002729,Naomi,Johnson,Child,2021-10-13,M,Active
DP000273101,EE0002731,Malik,Wilson,Child,2024-02-02,F,Active
DP000273102,EE0002731,Naomi,Wilson,Child,2025-11-14,M,Active
DP000273501,EE0002735,Noah,Johnson,Domestic Partner,1976-11-11,M,Active
DP000273502,EE0002735,Chiamaka,Johnson,Child,2023-11-20,F,Active
DP000273601,EE0002736,Fatima,Patel,Spouse,1982-01-20,F,Active
DP000273602,EE0002736,Grace,Patel,Child,2021-03-06,F,Active
DP000273603,EE0002736,Nia,Patel,Child,2008-04-26,F,Active
DP000273701,EE0002737,Naomi,Ibrahim,Child,2025-12-26,M,Active
DP000273801,EE0002738,Carlos,Smith,Domestic Partner,1994-07-11,F,Active
DP000273802,EE0002738,Maya,Smith,Child,2020-03-16,F,Active
DP000274001,EE0002740,Luis,Lewis,Child,2004-05-02,M,Active
DP000274002,EE0002740,Isaiah,Lewis,Child,2010-02-23,M,Active
DP000274201,EE0002742,Jordan,Miller,Child,2018-04-07,F,Active
DP000274301,EE0002743,Malik,Ibrahim,Domestic Partner,1970-03-09,M,Active
DP000274302,EE0002743,Victor,Ibrahim,Child,2008-08-09,F,Active
DP000274601,EE0002746,Leah,Walker,Domestic Partner,1987-09-10,F,Active
DP000274602,EE0002746,Priya,Walker,Child,2019-09-17,F,Active
DP000274701,EE0002747,Elena,Adams,Spouse,1974-07-08,F,Active
DP000274901,EE0002749,Daniel,Davis,Spouse,1963-09-09,M,Active
DP000275001,EE0002750,Sophia,Robinson,Spouse,2001-07-28,M,Active
DP000275101,EE0002751,Samuel,Smith,Spouse,1981-09-24,M,Active
DP000275401,EE0002754,Fatima,Bennett,Child,2026-02-21,M,Active
DP000275402,EE0002754,Michael,Bennett,Child,2015-03-06,M,Active
DP000275601,EE0002756,Aaliyah,Davis,Child,2023-11-22,M,Active
DP000275901,EE0002759,Chiamaka,Walker,Spouse,1979-11-25,F,Active
DP000276201,EE0002762,Malik,Martinez,Child,2002-02-13,M,Active
DP000276202,EE0002762,Noah,Martinez,Child,2019-01-23,F,Active
DP000276401,EE0002764,Malik,Smith,Child,2013-12-04,M,Active
DP000276501,EE0002765,David,Wilson,Child,2012-07-14,M,Active
DP000276502,EE0002765,Michael,Wilson,Child,2009-07-23,F,Active
DP000276801,EE0002768,Jasmine,Walker,Spouse,1969-09-02,F,Active
DP000277301,EE0002773,Amara,Johnson,Spouse,1981-03-16,F,Active
DP000277302,EE0002773,Kevin,Johnson,Child,2012-10-26,M,Active
DP000278301,EE0002783,Maya,Martinez,Spouse,1964-08-10,M,Active
DP000278401,EE0002784,Sophia,Mensah,Domestic Partner,1963-03-13,F,Active
DP000278402,EE0002784,Fatima,Mensah,Child,2000-04-13,M,Active
DP000278403,EE0002784,Amara,Mensah,Child,2012-05-10,M,Active
DP000279101,EE0002791,Zoe,Mensah,Spouse,1982-07-08,M,Active
DP000279102,EE0002791,Omar,Mensah,Child,2015-07-29,M,Active
DP000279103,EE0002791,Jordan,Mensah,Child,2026-03-12,M,Active
DP000279201,EE0002792,Fatima,Smith,Child,2019-05-19,F,Active
DP000279202,EE0002792,Amara,Smith,Child,2017-01-28,M,Active
DP000279301,EE0002793,Michael,Robinson,Domestic Partner,1978-04-21,F,Active
DP000279302,EE0002793,Luis,Robinson,Child,2003-11-13,M,Active
DP000279303,EE0002793,Jordan,Robinson,Child,2019-03-19,F,Active
DP000279401,EE0002794,Andre,Moore,Child,2021-01-10,M,Active
DP000279402,EE0002794,Elena,Moore,Child,2023-11-15,F,Active
DP000279601,EE0002796,Daniel,Bennett,Spouse,1976-06-16,M,Active
DP000279701,EE0002797,Grace,Williams,Spouse,1998-01-15,F,Active
DP000279702,EE0002797,Olivia,Williams,Child,2024-03-07,F,Active
DP000279801,EE0002798,Andre,Lewis,Child,2023-09-26,F,Active
DP000279901,EE0002799,Amara,Chen,Domestic Partner,1980-12-19,F,Active
DP000280001,EE0002800,David,Smith,Spouse,1983-06-18,M,Active
DP000280002,EE0002800,Maya,Smith,Child,2013-06-01,F,Active
DP000280201,EE0002802,Jordan,Williams,Spouse,2004-03-22,F,Active
DP000280501,EE0002805,Noah,Chen,Spouse,2003-12-24,M,Active
DP000280801,EE0002808,Kevin,Hernandez,Child,2025-04-18,F,Active
DP000280802,EE0002808,Kevin,Hernandez,Child,2021-10-04,F,Active
DP000280803,EE0002808,Zoe,Hernandez,Child,2016-10-13,F,Active
DP000280901,EE0002809,Noah,Adams,Spouse,1967-03-24,F,Active
DP000281201,EE0002812,Michael,Ibrahim,Domestic Partner,1992-04-01,F,Active
DP000281501,EE0002815,Omar,Lewis,Spouse,1993-01-11,F,Active
DP000281502,EE0002815,Amara,Lewis,Child,2016-07-17,F,Active
DP000281503,EE0002815,Naomi,Lewis,Child,2024-01-20,F,Active
DP000282101,EE0002821,Malik,Chen,Child,2011-07-12,M,Active
DP000282401,EE0002824,Maya,Bennett,Domestic Partner,1970-08-09,M,Active
DP000282402,EE0002824,Carlos,Bennett,Child,2020-06-30,M,Active
DP000283001,EE0002830,Olivia,Lewis,Spouse,1968-03-02,F,Active
DP000283002,EE0002830,Sophia,Lewis,Child,2005-02-21,F,Active
DP000283101,EE0002831,Olivia,Mensah,Spouse,1961-05-04,F,Active
DP000283401,EE0002834,Malik,Lewis,Domestic Partner,2004-09-29,M,Active
DP000283402,EE0002834,Naomi,Lewis,Child,2023-04-02,M,Active
DP000283501,EE0002835,Kevin,Bennett,Spouse,1974-11-17,F,Active
DP000283701,EE0002837,Angela,Kim,Child,2024-07-20,F,Active
DP000283702,EE0002837,Carlos,Kim,Child,2012-05-07,M,Active
DP000283801,EE0002838,Fatima,Campbell,Domestic Partner,2006-12-16,F,Active
DP000283802,EE0002838,Isaiah,Campbell,Child,2023-01-03,M,Active
DP000283803,EE0002838,Omar,Campbell,Child,2022-11-06,M,Active
DP000283901,EE0002839,Samuel,Taylor,Child,2006-05-26,F,Active
DP000283902,EE0002839,Noah,Taylor,Child,2014-01-14,M,Active
DP000283903,EE0002839,Noah,Taylor,Child,2015-09-15,M,Active
DP000284101,EE0002841,Elena,Adeyemi,Spouse,1965-11-10,F,Active
DP000284501,EE0002845,Angela,Lewis,Child,2007-08-24,F,Active
DP000284502,EE0002845,Daniel,Lewis,Child,2023-11-04,F,Active
DP000284601,EE0002846,Michael,Davis,Spouse,1962-11-10,F,Active
DP000284602,EE0002846,Nia,Davis,Child,2001-12-01,F,Active
DP000284603,EE0002846,Jordan,Davis,Child,2004-06-29,F,Active
DP000284701,EE0002847,Sophia,Taylor,Child,2016-12-16,F,Active
DP000284801,EE0002848,Nia,Adams,Child,2020-05-12,F,Active
DP000285001,EE0002850,Isaiah,Smith,Domestic Partner,1976-12-25,M,Active
DP000285002,EE0002850,Angela,Smith,Child,2001-09-24,M,Active
DP000285101,EE0002851,Andre,Lewis,Spouse,1962-04-05,F,Active
DP000285301,EE0002853,Leah,Walker,Spouse,1990-11-21,M,Active
DP000285302,EE0002853,Ethan,Walker,Child,2011-06-08,M,Active
DP000285501,EE0002855,Naomi,Campbell,Spouse,1974-04-01,F,Active
DP000285701,EE0002857,Noah,Wilson,Spouse,1970-02-26,M,Active
DP000285901,EE0002859,Maya,Robinson,Child,2022-03-01,F,Active
DP000286101,EE0002861,Daniel,Williams,Child,2023-02-16,F,Active
DP000286201,EE0002862,Luis,Miller,Domestic Partner,1981-05-15,F,Active
DP000286301,EE0002863,Sophia,Nguyen,Domestic Partner,1962-05-07,F,Active
DP000286302,EE0002863,Olivia,Nguyen,Child,2001-04-04,F,Active
DP000286601,EE0002866,Grace,Taylor,Domestic Partner,1967-05-10,M,Active
DP000286602,EE0002866,Angela,Taylor,Child,2005-03-13,F,Active
DP000286701,EE0002867,Fatima,Chen,Child,2021-05-31,M,Active
DP000286702,EE0002867,Samuel,Chen,Child,2024-08-30,F,Active
DP000286703,EE0002867,Jasmine,Chen,Child,2023-01-26,M,Active
DP000287001,EE0002870,Priya,Walker,Spouse,1994-02-11,F,Active
DP000287501,EE0002875,Aaliyah,Kim,Domestic Partner,1973-02-26,F,Active
DP000287502,EE0002875,Daniel,Kim,Child,2002-05-22,F,Active
DP000287801,EE0002878,Naomi,Moore,Child,2008-02-08,F,Active
DP000287901,EE0002879,Omar,Wilson,Child,2010-05-21,F,Active
DP000288101,EE0002881,Nia,Wilson,Spouse,2002-06-30,F,Active
DP000288102,EE0002881,Malik,Wilson,Child,2015-12-18,F,Active
DP000288201,EE0002882,Zoe,Garcia,Domestic Partner,1994-03-28,M,Active
DP000288202,EE0002882,Amara,Garcia,Child,2008-06-06,M,Active
DP000288203,EE0002882,Fatima,Garcia,Child,2007-05-25,M,Active
DP000288301,EE0002883,Nia,Mensah,Domestic Partner,1974-03-01,M,Active
DP000288401,EE0002884,Angela,Kim,Child,2000-06-04,F,Active
DP000288402,EE0002884,Angela,Kim,Child,2008-02-17,F,Active
DP000288403,EE0002884,Ethan,Kim,Child,2001-11-10,M,Active
DP000288601,EE0002886,Michael,Garcia,Child,2018-10-13,F,Active
DP000288602,EE0002886,Leah,Garcia,Child,2020-08-28,F,Active
DP000288801,EE0002888,Elena,Okafor,Child,2022-10-30,F,Active
DP000289001,EE0002890,Kevin,Robinson,Domestic Partner,1985-03-23,M,Active
DP000289002,EE0002890,Leah,Robinson,Child,2011-08-24,M,Active
DP000289003,EE0002890,Isaiah,Robinson,Child,2010-12-09,M,Active
DP000289301,EE0002893,Samuel,Taylor,Domestic Partner,1961-06-01,F,Active
DP000289701,EE0002897,Ethan,Patel,Spouse,1980-06-08,F,Active
DP000289702,EE0002897,Grace,Patel,Child,2005-05-29,F,Active
DP000289703,EE0002897,Elena,Patel,Child,2020-06-22,F,Active
DP000289801,EE0002898,Zoe,Smith,Domestic Partner,1965-05-07,F,Active
DP000289802,EE0002898,Omar,Smith,Child,2007-05-08,F,Active
DP000289901,EE0002899,Elena,Mensah,Child,2012-02-17,F,Active
DP000289902,EE0002899,Isaiah,Mensah,Child,2018-12-21,M,Active
DP000290101,EE0002901,Carlos,Bennett,Spouse,1989-09-23,F,Active
DP000290102,EE0002901,Priya,Bennett,Child,2014-12-06,F,Active
DP000290301,EE0002903,Fatima,Brown,Child,2002-04-01,F,Active
DP000290501,EE0002905,Carlos,Campbell,Child,2024-04-29,F,Active
DP000290502,EE0002905,Luis,Campbell,Child,2025-01-07,M,Active
DP000290601,EE0002906,Omar,Johnson,Domestic Partner,1971-08-01,M,Active
DP000290602,EE0002906,Carlos,Johnson,Child,2017-02-17,F,Active
DP000290603,EE0002906,Jordan,Johnson,Child,2001-10-25,M,Active
DP000290801,EE0002908,Ethan,Campbell,Spouse,2002-02-12,F,Active
DP000290802,EE0002908,Angela,Campbell,Child,2024-05-08,M,Active
DP000290803,EE0002908,Daniel,Campbell,Child,2025-11-10,F,Active
DP000291001,EE0002910,Maya,Davis,Spouse,1965-09-14,M,Active
DP000291101,EE0002911,Angela,Wilson,Child,2023-03-11,M,Active
DP000291102,EE0002911,Andre,Wilson,Child,2023-04-09,F,Active
DP000291401,EE0002914,Samuel,Martinez,Domestic Partner,1976-09-28,M,Active
DP000291501,EE0002915,Maya,Ibrahim,Spouse,1980-09-26,F,Active
DP000291502,EE0002915,Grace,Ibrahim,Child,2018-10-14,M,Active
DP000291701,EE0002917,Amara,Walker,Domestic Partner,1980-07-11,F,Active
DP000291901,EE0002919,Aaliyah,Adeyemi,Child,2010-11-28,M,Active
DP000292101,EE0002921,Zoe,Robinson,Spouse,1968-02-19,F,Active
DP000292102,EE0002921,Chiamaka,Robinson,Child,2022-10-25,F,Active
DP000292201,EE0002922,Aaliyah,Mensah,Spouse,1974-10-30,F,Active
DP000292202,EE0002922,Amara,Mensah,Child,2025-02-06,F,Active
DP000292601,EE0002926,Priya,Miller,Child,2013-10-20,F,Active
DP000292602,EE0002926,Elena,Miller,Child,2021-04-10,F,Active
DP000292603,EE0002926,Leah,Miller,Child,2005-04-03,M,Active
DP000292701,EE0002927,Michael,Kim,Spouse,1984-09-06,M,Active
DP000292702,EE0002927,Daniel,Kim,Child,2014-08-08,F,Active
DP000293101,EE0002931,Chiamaka,Walker,Spouse,1992-06-25,M,Active
DP000293201,EE0002932,Fatima,Nguyen,Spouse,1967-09-02,F,Active
DP000293202,EE0002932,Leah,Nguyen,Child,2007-09-16,M,Active
DP000293301,EE0002933,Zoe,Davis,Domestic Partner,1975-12-16,F,Active
DP000293302,EE0002933,Samuel,Davis,Child,2024-07-01,M,Active
DP000293303,EE0002933,Michael,Davis,Child,2025-12-31,M,Active
DP000293401,EE0002934,Chiamaka,Smith,Domestic Partner,1993-03-12,F,Active
DP000293901,EE0002939,Michael,Patel,Domestic Partner,1973-03-31,F,Active
DP000293902,EE0002939,Ethan,Patel,Child,2001-05-02,F,Active
DP000294001,EE0002940,Malik,Okafor,Spouse,1993-12-28,M,Active
DP000294002,EE0002940,Priya,Okafor,Child,2017-10-05,F,Active
DP000294101,EE0002941,Priya,Walker,Domestic Partner,1967-07-17,F,Active
DP000294102,EE0002941,Chiamaka,Walker,Child,2008-11-23,M,Active
DP000294103,EE0002941,Malik,Walker,Child,2009-11-07,F,Active
DP000294201,EE0002942,Malik,Taylor,Spouse,1997-08-07,F,Active
DP000294202,EE0002942,Ethan,Taylor,Child,2022-06-28,F,Active
DP000294301,EE0002943,Nia,Thomas,Child,2015-02-07,M,Active
DP000294302,EE0002943,Angela,Thomas,Child,2016-02-07,M,Active
DP000294501,EE0002945,Aaliyah,Miller,Spouse,1979-10-22,F,Active
DP000294502,EE0002945,Luis,Miller,Child,2006-06-22,M,Active
DP000295101,EE0002951,Leah,Garcia,Domestic Partner,1994-04-22,M,Active
DP000295102,EE0002951,David,Garcia,Child,2018-11-12,F,Active
DP000295201,EE0002952,Samuel,Moore,Child,2007-04-02,M,Active
DP000295501,EE0002955,Victor,Moore,Child,2013-08-01,M,Active
DP000295601,EE0002956,Luis,Okafor,Child,2002-08-21,F,Active
DP000295701,EE0002957,Angela,Johnson,Spouse,1983-05-23,F,Active
DP000296101,EE0002961,Angela,Ibrahim,Spouse,2006-02-05,F,Active
DP000296102,EE0002961,Omar,Ibrahim,Child,2024-07-07,M,Active
DP000296103,EE0002961,Nia,Ibrahim,Child,2022-10-10,F,Active
DP000296201,EE0002962,Kevin,Johnson,Child,2018-12-10,F,Active
DP000296202,EE0002962,Priya,Johnson,Child,2018-05-13,F,Active
DP000296301,EE0002963,Andre,Robinson,Child,2014-04-19,M,Active
DP000296302,EE0002963,Victor,Robinson,Child,2006-04-17,M,Active
DP000296501,EE0002965,Carlos,Johnson,Child,2016-02-19,F,Active
DP000296701,EE0002967,Michael,Wilson,Spouse,1970-04-15,F,Active
DP000296702,EE0002967,Angela,Wilson,Child,2013-06-10,M,Active
DP000296901,EE0002969,Sophia,Hernandez,Domestic Partner,1988-12-11,F,Active
DP000296902,EE0002969,Angela,Hernandez,Child,2023-06-25,M,Active
DP000297101,EE0002971,David,Taylor,Spouse,1967-12-30,M,Active
DP000297201,EE0002972,Noah,Patel,Domestic Partner,1982-04-17,M,Active
DP000297801,EE0002978,Chiamaka,Ibrahim,Child,2008-12-10,M,Active
DP000297901,EE0002979,Priya,Lewis,Child,2015-08-17,M,Active
DP000297902,EE0002979,Nia,Lewis,Child,2002-09-17,F,Active
DP000297903,EE0002979,Priya,Lewis,Child,2000-06-08,M,Active
DP000298101,EE0002981,Victor,Mensah,Child,2014-12-27,F,Active
DP000298102,EE0002981,Elena,Mensah,Child,2010-07-24,M,Active
DP000298401,EE0002984,Malik,Smith,Child,2015-10-16,F,Active
DP000298601,EE0002986,Aaliyah,Kim,Child,2014-05-09,M,Active
DP000298701,EE0002987,Olivia,Johnson,Spouse,1968-03-27,F,Active
DP000298801,EE0002988,Grace,Garcia,Domestic Partner,1964-05-01,M,Active
DP000298901,EE0002989,Leah,Nguyen,Spouse,2003-08-29,F,Active
DP000298902,EE0002989,Kevin,Nguyen,Child,2021-08-23,M,Active
DP000299001,EE0002990,Noah,Ibrahim,Spouse,1968-07-23,F,Active
DP000299301,EE0002993,Kevin,Ibrahim,Domestic Partner,1976-08-13,M,Active
DP000299302,EE0002993,Victor,Ibrahim,Child,2017-09-29,F,Active
DP000299501,EE0002995,Jasmine,Kim,Child,2020-04-21,F,Active
DP000299502,EE0002995,Aaliyah,Kim,Child,2022-08-01,M,Active
DP000299601,EE0002996,Amara,Campbell,Child,2022-04-10,F,Active
DP000299602,EE0002996,Elena,Campbell,Child,2023-02-13,M,Active
DP000299701,EE0002997,Noah,Davis,Spouse,1999-06-12,F,Active
DP000299901,EE0002999,Carlos,Brown,Spouse,1973-06-26,F,Active
DP000300001,EE0003000,Samuel,Okafor,Domestic Partner,1971-09-09,M,Active
DP000300501,EE0003005,Maya,Smith,Domestic Partner,1988-10-28,M,Active
DP000300502,EE0003005,Grace,Smith,Child,2023-08-21,F,Active
DP000301001,EE0003010,Jordan,Johnson,Domestic Partner,1995-07-17,F,Active
DP000301002,EE0003010,Nia,Johnson,Child,2013-08-20,M,Active
DP000301101,EE0003011,Victor,Lewis,Child,2017-08-11,M,Active
DP000301102,EE0003011,Amara,Lewis,Child,2012-01-01,M,Active
DP000301201,EE0003012,Carlos,Davis,Domestic Partner,1974-03-07,M,Active
DP000301301,EE0003013,Luis,Mensah,Child,2011-10-30,M,Active
DP000301302,EE0003013,Jordan,Mensah,Child,2011-07-16,F,Active
DP000301601,EE0003016,Omar,Patel,Spouse,1989-07-31,M,Active
DP000301602,EE0003016,Nia,Patel,Child,2007-04-21,M,Active
DP000301701,EE0003017,Kevin,Brown,Child,2017-02-05,F,Active
DP000301801,EE0003018,Elena,Robinson,Child,2008-04-01,F,Active
DP000301802,EE0003018,Noah,Robinson,Child,2001-09-09,M,Active
DP000301901,EE0003019,Naomi,Martinez,Child,2021-11-19,M,Active
DP000302001,EE0003020,David,Adams,Spouse,1971-02-07,F,Active
DP000302601,EE0003026,Priya,Hernandez,Domestic Partner,1961-10-04,F,Active
DP000302801,EE0003028,Michael,Adams,Spouse,1968-11-29,M,Active
DP000303201,EE0003032,Malik,Ibrahim,Spouse,1984-02-21,M,Active
DP000303301,EE0003033,Naomi,Johnson,Spouse,1998-10-20,M,Active
DP000303302,EE0003033,Olivia,Johnson,Child,2022-06-16,F,Active
DP000303303,EE0003033,Samuel,Johnson,Child,2021-02-07,M,Active
DP000303401,EE0003034,Fatima,Miller,Domestic Partner,1979-09-15,F,Active
DP000303501,EE0003035,Sophia,Walker,Domestic Partner,1975-02-20,M,Active
DP000303601,EE0003036,Kevin,Patel,Child,2015-08-30,F,Active
DP000303701,EE0003037,Maya,Campbell,Spouse,1976-07-10,M,Active
DP000303901,EE0003039,Priya,Okafor,Domestic Partner,1974-09-02,F,Active
DP000303902,EE0003039,Andre,Okafor,Child,2011-11-04,F,Active
DP000304001,EE0003040,Maya,Walker,Child,2013-04-19,F,Active
DP000304301,EE0003043,Leah,Brown,Domestic Partner,1979-01-08,F,Active
DP000304302,EE0003043,Chiamaka,Brown,Child,2006-06-08,F,Active
DP000304801,EE0003048,Fatima,Campbell,Child,2019-01-26,F,Active
DP000304802,EE0003048,Angela,Campbell,Child,2019-12-07,M,Active
DP000304901,EE0003049,Priya,Davis,Child,2017-05-17,M,Active
DP000304902,EE0003049,Maya,Davis,Child,2004-10-31,M,Active
DP000305001,EE0003050,Priya,Adams,Child,2006-06-13,M,Active
DP000305002,EE0003050,Carlos,Adams,Child,2013-08-08,F,Active
DP000305101,EE0003051,Priya,Moore,Child,2026-02-22,F,Active
DP000305102,EE0003051,Daniel,Moore,Child,2022-03-23,M,Active
DP000305301,EE0003053,Elena,Moore,Child,2025-04-23,M,Active
DP000305701,EE0003057,Carlos,Campbell,Domestic Partner,1969-11-14,M,Active
DP000305901,EE0003059,Daniel,Hernandez,Spouse,1971-07-22,F,Active
DP000306001,EE0003060,Daniel,Martinez,Spouse,1968-04-09,M,Active
DP000306002,EE0003060,Isaiah,Martinez,Child,2024-11-28,F,Active
DP000306003,EE0003060,Aaliyah,Martinez,Child,2020-03-14,M,Active
DP000306101,EE0003061,Jordan,Martinez,Child,2011-09-18,F,Active
DP000306201,EE0003062,Carlos,Adams,Domestic Partner,1965-04-07,F,Active
DP000306301,EE0003063,Andre,Hernandez,Child,2025-08-30,F,Active
DP000306401,EE0003064,Omar,Bennett,Child,2024-08-23,M,Active
DP000306402,EE0003064,Zoe,Bennett,Child,2003-11-24,F,Active
DP000306501,EE0003065,Naomi,Garcia,Domestic Partner,1991-12-06,F,Active
DP000306502,EE0003065,Noah,Garcia,Child,2020-12-15,M,Active
DP000306503,EE0003065,Aaliyah,Garcia,Child,2010-06-30,F,Active
DP000306601,EE0003066,David,Martinez,Child,2022-10-14,F,Active
DP000306901,EE0003069,Noah,Brown,Child,2022-08-29,M,Active
DP000307001,EE0003070,Michael,Bennett,Spouse,1998-05-30,M,Active
DP000307101,EE0003071,Malik,Campbell,Domestic Partner,1989-06-16,F,Active
DP000307102,EE0003071,Chiamaka,Campbell,Child,2018-11-14,F,Active
DP000307201,EE0003072,Malik,Taylor,Child,2022-05-30,M,Active
DP000307401,EE0003074,Andre,Smith,Domestic Partner,1998-05-10,F,Active
DP000307701,EE0003077,Maya,Bennett,Child,2021-12-19,F,Active
DP000307901,EE0003079,Kevin,Johnson,Child,2024-12-02,F,Active
DP000308401,EE0003084,Ethan,Kim,Spouse,1997-11-30,M,Active
DP000308501,EE0003085,Grace,Lewis,Child,2012-06-21,M,Active
DP000308601,EE0003086,Sophia,Davis,Domestic Partner,1990-08-14,M,Active
DP000308701,EE0003087,Naomi,Brown,Child,2023-03-31,F,Active
DP000308702,EE0003087,Jordan,Brown,Child,2004-10-22,M,Active
DP000308801,EE0003088,Victor,Hernandez,Child,2015-06-23,M,Active
DP000308802,EE0003088,Nia,Hernandez,Child,2022-04-02,F,Active
DP000308803,EE0003088,Priya,Hernandez,Child,2018-12-25,F,Active
DP000308901,EE0003089,Priya,Bennett,Domestic Partner,1968-10-23,F,Active
DP000309301,EE0003093,Kevin,Johnson,Domestic Partner,2002-09-19,M,Active
DP000309302,EE0003093,Amara,Johnson,Child,2022-07-21,M,Active
DP000309601,EE0003096,Grace,Hernandez,Domestic Partner,1988-10-12,F,Active
DP000309602,EE0003096,Maya,Hernandez,Child,2005-02-16,F,Active
DP000309801,EE0003098,Naomi,Adams,Spouse,1977-08-19,F,Active
DP000309802,EE0003098,Ethan,Adams,Child,2018-12-01,F,Active
DP000310201,EE0003102,Elena,Okafor,Domestic Partner,1996-08-15,M,Active
DP000310301,EE0003103,Sophia,Ibrahim,Child,2022-07-01,F,Active
DP000310401,EE0003104,Ethan,Thomas,Spouse,1992-09-06,M,Active
DP000310402,EE0003104,Carlos,Thomas,Child,2024-10-07,M,Active
DP000310501,EE0003105,Naomi,Davis,Child,2017-12-21,F,Active
DP000310502,EE0003105,Ethan,Davis,Child,2018-08-10,F,Active
DP000310601,EE0003106,Victor,Hernandez,Domestic Partner,1962-07-23,M,Active
DP000310801,EE0003108,Aaliyah,Miller,Child,2014-12-17,M,Active
DP000311001,EE0003110,Daniel,Moore,Child,2004-03-24,F,Active
DP000311201,EE0003112,Grace,Ibrahim,Child,2016-08-11,M,Active
DP000311901,EE0003119,Nia,Moore,Spouse,1994-05-17,M,Active
DP000312001,EE0003120,Jordan,Williams,Child,2024-07-24,F,Active
DP000312101,EE0003121,Michael,Okafor,Child,2007-08-04,F,Active
DP000312301,EE0003123,Andre,Patel,Domestic Partner,2002-05-31,F,Active
DP000312302,EE0003123,Isaiah,Patel,Child,2019-02-04,M,Active
DP000312303,EE0003123,Daniel,Patel,Child,2022-06-25,M,Active
DP000312401,EE0003124,Naomi,Patel,Domestic Partner,1967-03-11,F,Active
DP000312501,EE0003125,Priya,Campbell,Child,2003-07-30,M,Active
DP000312601,EE0003126,Luis,Chen,Child,2008-08-19,M,Active
DP000312602,EE0003126,David,Chen,Child,2009-05-20,M,Active
DP000312801,EE0003128,Angela,Okafor,Child,2006-11-15,M,Active
DP000313101,EE0003131,David,Hernandez,Child,2010-12-24,F,Active
DP000313102,EE0003131,Zoe,Hernandez,Child,2010-12-27,F,Active
DP000313103,EE0003131,Carlos,Hernandez,Child,2025-02-17,F,Active
DP000313301,EE0003133,Omar,Chen,Domestic Partner,1993-04-22,F,Active
DP000313401,EE0003134,Sophia,Hernandez,Spouse,1986-10-02,F,Active
DP000313402,EE0003134,Priya,Hernandez,Child,2025-02-24,F,Active
DP000313501,EE0003135,Aaliyah,Johnson,Domestic Partner,1971-06-15,F,Active
DP000313502,EE0003135,Elena,Johnson,Child,2013-11-14,F,Active
DP000313801,EE0003138,Angela,Hernandez,Spouse,1975-03-02,M,Active
DP000313901,EE0003139,Carlos,Adams,Child,2006-04-03,M,Active
DP000314001,EE0003140,Carlos,Hernandez,Domestic Partner,2001-11-07,F,Active
DP000314101,EE0003141,Elena,Robinson,Child,2014-05-15,M,Active
DP000314102,EE0003141,Aaliyah,Robinson,Child,2014-06-04,M,Active
DP000314201,EE0003142,Amara,Robinson,Domestic Partner,2002-06-30,F,Active
DP000314401,EE0003144,Zoe,Robinson,Domestic Partner,1997-11-09,M,Active
DP000314402,EE0003144,Grace,Robinson,Child,2022-09-07,F,Active
DP000314501,EE0003145,David,Adeyemi,Child,2003-11-23,M,Active
DP000314601,EE0003146,Isaiah,Williams,Domestic Partner,2000-05-25,M,Active
DP000314602,EE0003146,Nia,Williams,Child,2018-09-10,F,Active
DP000315001,EE0003150,Fatima,Martinez,Domestic Partner,1984-12-21,M,Active
DP000315002,EE0003150,Priya,Martinez,Child,2013-10-19,M,Active
DP000315003,EE0003150,Ethan,Martinez,Child,2016-05-31,M,Active
DP000315201,EE0003152,Victor,Chen,Child,2002-05-31,M,Active
DP000315202,EE0003152,Luis,Chen,Child,2009-11-03,M,Active
DP000315401,EE0003154,Samuel,Chen,Domestic Partner,1980-09-10,M,Active
DP000315501,EE0003155,Noah,Martinez,Domestic Partner,2003-08-10,F,Active
DP000315601,EE0003156,Victor,Johnson,Spouse,1996-11-28,M,Active
DP000315901,EE0003159,Sophia,Martinez,Child,2012-11-29,F,Active
DP000315902,EE0003159,Chiamaka,Martinez,Child,2011-12-06,F,Active
DP000315903,EE0003159,Aaliyah,Martinez,Child,2022-11-02,M,Active
DP000316101,EE0003161,Michael,Campbell,Domestic Partner,1985-12-13,M,Active
DP000316102,EE0003161,Carlos,Campbell,Child,2022-04-13,F,Active
DP000316201,EE0003162,Jasmine,Robinson,Spouse,1996-11-04,M,Active
DP000316202,EE0003162,Andre,Robinson,Child,2021-10-10,F,Active
DP000316401,EE0003164,Luis,Johnson,Spouse,1996-10-05,M,Active
DP000316501,EE0003165,Kevin,Chen,Child,2012-11-12,F,Active
DP000316601,EE0003166,Priya,Miller,Domestic Partner,2000-08-06,M,Active
DP000316602,EE0003166,Andre,Miller,Child,2025-08-22,M,Active
DP000316801,EE0003168,Jordan,Davis,Child,2021-04-28,F,Active
DP000316802,EE0003168,Aaliyah,Davis,Child,2001-04-23,M,Active
DP000316901,EE0003169,Luis,Hernandez,Child,2009-04-15,M,Active
DP000317101,EE0003171,Omar,Smith,Spouse,1994-03-31,M,Active
DP000317102,EE0003171,Angela,Smith,Child,2022-06-14,M,Active
DP000317201,EE0003172,Michael,Okafor,Domestic Partner,1961-01-16,M,Active
DP000317202,EE0003172,Noah,Okafor,Child,2011-11-09,M,Active
DP000317203,EE0003172,Jordan,Okafor,Child,2016-09-16,M,Active
DP000317301,EE0003173,Luis,Taylor,Domestic Partner,1975-11-25,M,Active
DP000317401,EE0003174,Daniel,Garcia,Domestic Partner,1973-03-13,F,Active
DP000317402,EE0003174,Noah,Garcia,Child,2003-11-19,F,Active
DP000317501,EE0003175,Victor,Smith,Child,2015-08-20,M,Active
DP000317502,EE0003175,Jasmine,Smith,Child,2013-09-27,F,Active
DP000317801,EE0003178,Omar,Nguyen,Spouse,1983-02-08,M,Active
DP000318001,EE0003180,Daniel,Adams,Child,2005-06-08,F,Active
DP000318101,EE0003181,Leah,Okafor,Child,2005-06-03,F,Active
DP000318201,EE0003182,Carlos,Taylor,Child,2015-11-22,M,Active
DP000318401,EE0003184,Angela,Williams,Domestic Partner,1981-02-20,F,Active
DP000318402,EE0003184,Michael,Williams,Child,2022-04-07,F,Active
DP000318501,EE0003185,Michael,Miller,Child,2023-06-29,F,Active
DP000318502,EE0003185,Zoe,Miller,Child,2009-01-21,M,Active
DP000318701,EE0003187,Fatima,Lewis,Domestic Partner,1996-06-14,F,Active
DP000318901,EE0003189,Noah,Moore,Child,2012-05-23,M,Active
DP000318902,EE0003189,Malik,Moore,Child,2024-04-02,F,Active
DP000318903,EE0003189,Angela,Moore,Child,2026-06-03,F,Active
DP000319401,EE0003194,Noah,Miller,Domestic Partner,1992-05-30,M,Active
DP000319601,EE0003196,Malik,Brown,Spouse,1973-08-06,F,Active
DP000319701,EE0003197,Jordan,Kim,Domestic Partner,1963-07-25,M,Active
DP000319801,EE0003198,Elena,Wilson,Domestic Partner,1974-03-02,F,Active
DP000319901,EE0003199,Omar,Nguyen,Child,2016-10-11,M,Active
DP000320101,EE0003201,Angela,Lewis,Spouse,1981-10-22,F,Active
DP000320401,EE0003204,Omar,Bennett,Child,2026-06-04,M,Active
DP000320402,EE0003204,Naomi,Bennett,Child,2026-05-22,M,Active
DP000320701,EE0003207,Amara,Hernandez,Domestic Partner,1982-04-05,M,Active
DP000320702,EE0003207,Priya,Hernandez,Child,2023-05-31,F,Active
DP000320801,EE0003208,Leah,Nguyen,Spouse,1985-05-01,M,Active
DP000320802,EE0003208,Nia,Nguyen,Child,2026-01-14,F,Active
DP000320803,EE0003208,Luis,Nguyen,Child,2009-02-27,F,Active
DP000321001,EE0003210,Aaliyah,Johnson,Domestic Partner,1978-08-08,F,Active
DP000321002,EE0003210,Daniel,Johnson,Child,2025-09-05,F,Active
DP000321101,EE0003211,Olivia,Ibrahim,Spouse,1987-06-16,M,Active
DP000321401,EE0003214,Noah,Nguyen,Child,2015-01-14,F,Active
DP000321402,EE0003214,Jordan,Nguyen,Child,2005-03-03,F,Active
DP000321501,EE0003215,Nia,Taylor,Domestic Partner,1979-05-19,M,Active
DP000321601,EE0003216,Kevin,Miller,Child,2009-05-18,M,Active
DP000322201,EE0003222,Fatima,Thomas,Spouse,2001-04-24,F,Active
DP000322202,EE0003222,Aaliyah,Thomas,Child,2025-12-02,F,Active
DP000322301,EE0003223,Samuel,Campbell,Spouse,1999-06-16,M,Active
DP000322501,EE0003225,Zoe,Garcia,Domestic Partner,2000-01-05,M,Active
DP000322502,EE0003225,Daniel,Garcia,Child,2015-10-19,M,Active
DP000322801,EE0003228,Ethan,Wilson,Domestic Partner,1974-02-28,F,Active
DP000323501,EE0003235,Aaliyah,Lewis,Child,2017-09-15,M,Active
DP000323502,EE0003235,Maya,Lewis,Child,2018-04-26,F,Active
DP000323503,EE0003235,Fatima,Lewis,Child,2008-05-03,M,Active
DP000323601,EE0003236,Nia,Okafor,Domestic Partner,2000-12-07,F,Active
DP000323602,EE0003236,Grace,Okafor,Child,2023-09-08,M,Active
DP000324001,EE0003240,Samuel,Miller,Domestic Partner,1978-02-20,M,Active
DP000324101,EE0003241,Isaiah,Okafor,Spouse,2006-05-13,M,Active
DP000324701,EE0003247,Elena,Moore,Child,2006-04-22,F,Active
DP000324702,EE0003247,David,Moore,Child,2003-08-25,M,Active
DP000324703,EE0003247,Kevin,Moore,Child,2021-10-28,M,Active
DP000325001,EE0003250,Elena,Nguyen,Spouse,2006-01-18,M,Active
DP000325002,EE0003250,Kevin,Nguyen,Child,2025-04-20,M,Active
DP000325003,EE0003250,Maya,Nguyen,Child,2024-11-28,M,Active
DP000325401,EE0003254,Luis,Garcia,Domestic Partner,1994-06-16,M,Active
DP000325402,EE0003254,Fatima,Garcia,Child,2010-10-20,M,Active
DP000325601,EE0003256,Carlos,Chen,Spouse,1977-03-28,M,Active
DP000325602,EE0003256,Chiamaka,Chen,Child,2018-10-05,F,Active
DP000326001,EE0003260,Fatima,Ibrahim,Child,2006-05-06,F,Active
DP000326002,EE0003260,Samuel,Ibrahim,Child,2018-05-18,M,Active
DP000326101,EE0003261,David,Bennett,Domestic Partner,1965-02-08,M,Active
DP000326501,EE0003265,Angela,Williams,Domestic Partner,1999-10-07,F,Active
DP000326801,EE0003268,Victor,Mensah,Child,2024-05-27,M,Active
DP000326802,EE0003268,Fatima,Mensah,Child,2022-03-31,M,Active
DP000327001,EE0003270,Jordan,Patel,Child,2017-06-02,F,Active
DP000327002,EE0003270,Samuel,Patel,Child,2006-08-24,F,Active
DP000327201,EE0003272,Jordan,Campbell,Spouse,1994-08-16,M,Active
DP000327301,EE0003273,Noah,Kim,Domestic Partner,1989-08-03,M,Active
DP000327501,EE0003275,Andre,Thomas,Child,2009-12-04,F,Active
DP000327601,EE0003276,Michael,Walker,Child,2015-07-13,F,Active
DP000327701,EE0003277,Aaliyah,Adams,Spouse,2005-10-06,F,Active
DP000327702,EE0003277,Chiamaka,Adams,Child,2020-09-15,M,Active
DP000327901,EE0003279,Luis,Brown,Spouse,1987-03-08,M,Active
DP000327902,EE0003279,Grace,Brown,Child,2006-05-08,M,Active
DP000327903,EE0003279,Zoe,Brown,Child,2023-03-25,M,Active
DP000328301,EE0003283,Sophia,Johnson,Child,2025-03-22,F,Active
DP000328302,EE0003283,Daniel,Johnson,Child,2023-09-02,F,Active
DP000328501,EE0003285,Omar,Moore,Child,2023-09-19,M,Active
DP000328502,EE0003285,Sophia,Moore,Child,2022-04-12,M,Active
DP000328503,EE0003285,Leah,Moore,Child,2020-02-01,F,Active
DP000328701,EE0003287,Daniel,Williams,Spouse,2000-05-05,M,Active
DP000329101,EE0003291,Andre,Campbell,Child,2022-10-18,F,Active
DP000329201,EE0003292,Michael,Okafor,Child,2021-09-22,M,Active
DP000329202,EE0003292,Jasmine,Okafor,Child,2017-08-15,F,Active
DP000329801,EE0003298,Naomi,Miller,Child,2010-01-20,F,Active
DP000330001,EE0003300,Jasmine,Brown,Domestic Partner,1999-02-09,M,Active
DP000330002,EE0003300,Daniel,Brown,Child,2008-10-09,M,Active
DP000330401,EE0003304,Samuel,Brown,Domestic Partner,1989-09-12,M,Active
DP000330501,EE0003305,Kevin,Brown,Child,2008-03-10,F,Active
DP000330502,EE0003305,Nia,Brown,Child,2021-07-18,F,Active
DP000330503,EE0003305,Priya,Brown,Child,2019-08-27,M,Active
DP000330601,EE0003306,Malik,Wilson,Domestic Partner,1965-12-15,F,Active
DP000330602,EE0003306,Angela,Wilson,Child,2026-02-06,F,Active
DP000331001,EE0003310,Fatima,Walker,Domestic Partner,1964-12-04,M,Active
DP000331002,EE0003310,Kevin,Walker,Child,2006-10-28,F,Active
DP000331201,EE0003312,Elena,Ibrahim,Spouse,1975-10-17,F,Active
DP000331601,EE0003316,Fatima,Adeyemi,Domestic Partner,1981-03-14,M,Active
DP000332001,EE0003320,Carlos,Smith,Child,2008-05-11,M,Active
DP000332101,EE0003321,Victor,Thomas,Child,2023-05-10,M,Active
DP000332201,EE0003322,Victor,Ibrahim,Domestic Partner,1980-05-07,M,Active
DP000332202,EE0003322,Daniel,Ibrahim,Child,2022-07-18,F,Active
DP000332203,EE0003322,Elena,Ibrahim,Child,2014-06-03,F,Active
DP000332301,EE0003323,Priya,Kim,Domestic Partner,1969-09-07,M,Active
DP000332401,EE0003324,Luis,Bennett,Domestic Partner,1998-05-19,F,Active
DP000332501,EE0003325,Aaliyah,Adeyemi,Child,2016-07-15,F,Active
DP000332801,EE0003328,Luis,Chen,Domestic Partner,1976-04-24,F,Active
DP000332802,EE0003328,Elena,Chen,Child,2014-07-11,M,Active
DP000332901,EE0003329,Priya,Hernandez,Spouse,1969-03-23,F,Active
DP000332902,EE0003329,Priya,Hernandez,Child,2022-03-31,F,Active
DP000332903,EE0003329,Naomi,Hernandez,Child,2017-09-29,F,Active
DP000333001,EE0003330,Amara,Adams,Domestic Partner,1987-08-22,F,Active
DP000333002,EE0003330,Amara,Adams,Child,2023-05-14,F,Active
DP000333401,EE0003334,Luis,Robinson,Child,2012-01-22,F,Active
DP000333402,EE0003334,Priya,Robinson,Child,2018-02-20,M,Active
DP000333501,EE0003335,Angela,Martinez,Child,2013-06-26,M,Active
DP000333601,EE0003336,Aaliyah,Thomas,Child,2025-07-18,F,Active
DP000333701,EE0003337,Priya,Campbell,Domestic Partner,1997-10-27,M,Active
DP000333702,EE0003337,Fatima,Campbell,Child,2024-08-12,M,Active
DP000333801,EE0003338,Naomi,Hernandez,Spouse,1994-08-20,M,Active
DP000333901,EE0003339,Amara,Patel,Child,2002-07-19,F,Active
DP000334201,EE0003342,Amara,Adams,Child,2003-07-06,F,Active
DP000334202,EE0003342,Naomi,Adams,Child,2006-01-02,M,Active
DP000334203,EE0003342,Zoe,Adams,Child,2001-04-08,M,Active
DP000334301,EE0003343,Andre,Wilson,Spouse,1985-03-31,M,Active
DP000334401,EE0003344,Carlos,Campbell,Child,2003-10-30,F,Active
DP000334501,EE0003345,Fatima,Patel,Spouse,1976-11-04,F,Active
DP000334601,EE0003346,Luis,Williams,Child,2008-06-26,M,Active
DP000334801,EE0003348,Isaiah,Walker,Child,2025-09-24,F,Active
DP000334802,EE0003348,Jordan,Walker,Child,2006-07-14,M,Active
DP000334901,EE0003349,Grace,Taylor,Domestic Partner,1982-12-28,M,Active
DP000335001,EE0003350,Jordan,Bennett,Spouse,1991-07-03,M,Active
DP000335301,EE0003353,Luis,Smith,Domestic Partner,1998-09-17,F,Active
DP000335302,EE0003353,Priya,Smith,Child,2025-07-15,M,Active
DP000335401,EE0003354,Sophia,Johnson,Child,2026-02-22,F,Active
DP000335901,EE0003359,Daniel,Hernandez,Domestic Partner,1988-04-25,F,Active
DP000336001,EE0003360,Samuel,Johnson,Child,2022-11-12,M,Active
DP000336002,EE0003360,Amara,Johnson,Child,2021-12-02,F,Active
DP000336101,EE0003361,Victor,Moore,Spouse,1974-12-05,M,Active
DP000336102,EE0003361,Luis,Moore,Child,2004-09-25,F,Active
DP000336103,EE0003361,Aaliyah,Moore,Child,2020-12-04,M,Active
DP000336201,EE0003362,Noah,Thomas,Domestic Partner,1967-11-23,M,Active
DP000336202,EE0003362,Malik,Thomas,Child,2019-02-04,F,Active
DP000336401,EE0003364,Priya,Lewis,Spouse,1962-01-17,F,Active
DP000336501,EE0003365,Noah,Lewis,Domestic Partner,1999-12-31,F,Active
DP000336502,EE0003365,Malik,Lewis,Child,2020-02-27,F,Active
DP000336503,EE0003365,Chiamaka,Lewis,Child,2024-08-19,M,Active
DP000336601,EE0003366,Naomi,Robinson,Child,2022-04-26,M,Active
DP000336701,EE0003367,Noah,Miller,Child,2017-08-23,M,Active
DP000336702,EE0003367,Jasmine,Miller,Child,2014-12-16,M,Active
DP000336703,EE0003367,Ethan,Miller,Child,2010-01-28,F,Active
DP000337001,EE0003370,Andre,Brown,Child,2025-07-31,F,Active
DP000337002,EE0003370,Andre,Brown,Child,2011-11-16,M,Active
DP000337003,EE0003370,Angela,Brown,Child,2014-07-11,F,Active
DP000337101,EE0003371,Nia,Mensah,Child,2026-04-01,M,Active
DP000337102,EE0003371,Chiamaka,Mensah,Child,2021-09-14,F,Active
DP000337501,EE0003375,Victor,Bennett,Child,2018-01-31,M,Active
DP000337502,EE0003375,Priya,Bennett,Child,2022-09-21,F,Active
DP000337701,EE0003377,Isaiah,Mensah,Spouse,1999-02-10,M,Active
DP000337801,EE0003378,Elena,Campbell,Child,2016-11-06,M,Active
DP000337802,EE0003378,Jordan,Campbell,Child,2020-06-18,F,Active
DP000338001,EE0003380,Aaliyah,Robinson,Child,2024-03-13,F,Active
DP000338201,EE0003382,Malik,Lewis,Child,2007-01-17,M,Active
DP000338301,EE0003383,Olivia,Garcia,Child,2025-10-13,M,Active
DP000338601,EE0003386,Amara,Smith,Domestic Partner,1993-02-28,F,Active
DP000338602,EE0003386,Leah,Smith,Child,2022-10-30,M,Active
DP000338603,EE0003386,Luis,Smith,Child,2024-08-27,M,Active
DP000339001,EE0003390,Noah,Bennett,Child,2025-05-14,F,Active
DP000339002,EE0003390,Fatima,Bennett,Child,2026-05-13,M,Active
DP000339003,EE0003390,Andre,Bennett,Child,2024-08-20,F,Active
DP000339201,EE0003392,Samuel,Campbell,Domestic Partner,1994-03-31,M,Active
DP000339202,EE0003392,Grace,Campbell,Child,2023-11-15,M,Active
DP000339401,EE0003394,Sophia,Williams,Child,2022-06-06,M,Active
DP000339402,EE0003394,Noah,Williams,Child,2014-11-15,F,Active
DP000339701,EE0003397,Samuel,Garcia,Child,2021-02-22,F,Active
DP000339702,EE0003397,Angela,Garcia,Child,2019-05-25,M,Active
DP000339801,EE0003398,Isaiah,Martinez,Child,2022-11-26,M,Active
DP000340001,EE0003400,Michael,Davis,Spouse,1989-04-24,F,Active
DP000340002,EE0003400,Aaliyah,Davis,Child,2005-10-30,M,Active
DP000340201,EE0003402,Jasmine,Garcia,Spouse,1970-11-27,F,Active
DP000341201,EE0003412,Samuel,Miller,Child,2011-02-15,F,Active
DP000341202,EE0003412,Jordan,Miller,Child,2011-07-09,M,Active
DP000341203,EE0003412,Daniel,Miller,Child,2024-12-18,F,Active
DP000341601,EE0003416,Isaiah,Miller,Child,2002-04-21,F,Active
DP000341701,EE0003417,Andre,Hernandez,Child,2013-12-13,F,Active
DP000341702,EE0003417,Victor,Hernandez,Child,2016-03-06,F,Active
DP000341703,EE0003417,Grace,Hernandez,Child,2025-03-29,F,Active
DP000342001,EE0003420,Isaiah,Adams,Spouse,1982-02-04,M,Active
DP000342301,EE0003423,Daniel,Robinson,Domestic Partner,1984-01-24,F,Active
DP000342401,EE0003424,Isaiah,Patel,Domestic Partner,1962-08-25,F,Active
DP000342402,EE0003424,Carlos,Patel,Child,2013-02-14,M,Active
DP000342501,EE0003425,Carlos,Smith,Domestic Partner,1969-07-08,F,Active
DP000342601,EE0003426,David,Thomas,Spouse,1980-07-25,F,Active
DP000342701,EE0003427,Leah,Campbell,Domestic Partner,1961-03-05,M,Active
DP000343201,EE0003432,Andre,Kim,Child,2022-09-01,F,Active
DP000343202,EE0003432,Isaiah,Kim,Child,2021-09-16,F,Active
DP000343301,EE0003433,Omar,Hernandez,Domestic Partner,1981-02-08,F,Active
DP000343302,EE0003433,Fatima,Hernandez,Child,2014-04-23,F,Active
DP000343501,EE0003435,Noah,Thomas,Spouse,1994-08-07,F,Active
DP000343601,EE0003436,Noah,Hernandez,Spouse,1989-04-07,F,Active
DP000343801,EE0003438,Andre,Garcia,Child,2022-12-11,M,Active
DP000344001,EE0003440,Victor,Chen,Spouse,1975-05-01,F,Active
DP000344002,EE0003440,Priya,Chen,Child,2011-03-14,F,Active
DP000344101,EE0003441,Nia,Campbell,Domestic Partner,1984-07-06,M,Active
DP000344401,EE0003444,Jordan,Adeyemi,Child,2010-12-03,M,Active
DP000344501,EE0003445,Carlos,Garcia,Child,2021-01-02,M,Active
DP000344601,EE0003446,David,Williams,Child,2026-06-01,M,Active
DP000344602,EE0003446,Ethan,Williams,Child,2024-04-29,M,Active
DP000344603,EE0003446,Andre,Williams,Child,2026-02-06,M,Active
DP000344701,EE0003447,Nia,Davis,Spouse,1994-05-11,F,Active
DP000344702,EE0003447,Nia,Davis,Child,2022-06-26,F,Active
DP000344801,EE0003448,Angela,Robinson,Spouse,1973-10-04,M,Active
DP000344901,EE0003449,Omar,Adeyemi,Child,2022-10-23,F,Active
DP000345001,EE0003450,Daniel,Okafor,Spouse,1977-02-09,M,Active
DP000345101,EE0003451,Samuel,Garcia,Child,2002-01-14,M,Active
DP000345201,EE0003452,Olivia,Okafor,Domestic Partner,1978-02-08,M,Active
DP000345202,EE0003452,Ethan,Okafor,Child,2023-12-24,M,Active
DP000345301,EE0003453,Victor,Patel,Child,2020-09-07,M,Active
DP000345401,EE0003454,Elena,Kim,Child,2018-11-01,M,Active
DP000345402,EE0003454,Daniel,Kim,Child,2008-05-26,M,Active
DP000345501,EE0003455,Carlos,Adeyemi,Domestic Partner,1992-05-17,M,Active
DP000345502,EE0003455,Priya,Adeyemi,Child,2023-05-26,M,Active
DP000345601,EE0003456,Kevin,Ibrahim,Child,2001-06-12,M,Active
DP000345602,EE0003456,Andre,Ibrahim,Child,2000-08-27,F,Active
DP000345801,EE0003458,Nia,Adams,Domestic Partner,1997-11-20,F,Active
DP000346301,EE0003463,Samuel,Chen,Domestic Partner,1995-09-07,M,Active
DP000346401,EE0003464,Ethan,Smith,Spouse,1985-01-23,F,Active
DP000346402,EE0003464,Amara,Smith,Child,2006-06-19,M,Active
DP000346403,EE0003464,Ethan,Smith,Child,2016-01-14,F,Active
DP000346501,EE0003465,Grace,Brown,Child,2017-09-01,F,Active
DP000346502,EE0003465,Angela,Brown,Child,2013-04-30,M,Active
DP000346901,EE0003469,Sophia,Kim,Child,2014-05-23,F,Active
DP000347201,EE0003472,Jordan,Hernandez,Spouse,1983-11-18,M,Active
DP000347601,EE0003476,Elena,Hernandez,Child,2008-06-29,M,Active
DP000347602,EE0003476,Kevin,Hernandez,Child,2017-10-11,F,Active
DP000347603,EE0003476,Leah,Hernandez,Child,2013-04-28,M,Active
DP000347801,EE0003478,Malik,Miller,Spouse,1997-12-27,F,Active
DP000347802,EE0003478,Leah,Miller,Child,2024-07-29,M,Active
DP000348201,EE0003482,Isaiah,Ibrahim,Domestic Partner,2003-07-29,M,Active
DP000348501,EE0003485,Leah,Campbell,Domestic Partner,1981-11-29,M,Active
DP000348502,EE0003485,Samuel,Campbell,Child,2020-01-19,M,Active
DP000348503,EE0003485,Noah,Campbell,Child,2012-02-11,M,Active
DP000348701,EE0003487,Maya,Thomas,Spouse,1969-03-15,M,Active
DP000348702,EE0003487,Maya,Thomas,Child,2023-07-16,M,Active
DP000348801,EE0003488,Michael,Taylor,Child,2025-08-09,M,Active
DP000348901,EE0003489,Malik,Bennett,Domestic Partner,1996-03-17,F,Active
DP000349001,EE0003490,Andre,Taylor,Spouse,1974-11-06,M,Active
DP000349801,EE0003498,Michael,Nguyen,Spouse,2000-01-19,F,Active
DP000349802,EE0003498,Olivia,Nguyen,Child,2022-02-03,M,Active
DP000350101,EE0003501,Andre,Bennett,Domestic Partner,1969-02-14,F,Active
DP000350102,EE0003501,Sophia,Bennett,Child,2023-04-27,M,Active
DP000350201,EE0003502,Sophia,Patel,Child,2002-08-07,M,Active
DP000350202,EE0003502,Priya,Patel,Child,2000-01-26,M,Active
DP000350301,EE0003503,Amara,Chen,Child,2022-09-11,F,Active
DP000350501,EE0003505,Samuel,Moore,Spouse,1962-01-23,M,Active
DP000350701,EE0003507,Ethan,Nguyen,Child,2007-03-21,F,Active
DP000350901,EE0003509,Luis,Martinez,Domestic Partner,1971-06-15,F,Active
DP000350902,EE0003509,Angela,Martinez,Child,2000-09-07,F,Active
DP000351101,EE0003511,Leah,Davis,Child,2012-03-21,F,Active
DP000351102,EE0003511,Malik,Davis,Child,2011-11-15,F,Active
DP000351201,EE0003512,Jordan,Johnson,Spouse,1972-10-10,F,Active
DP000351601,EE0003516,Aaliyah,Bennett,Spouse,1976-12-04,M,Active
DP000351602,EE0003516,Zoe,Bennett,Child,2007-04-22,F,Active
DP000351701,EE0003517,Samuel,Bennett,Child,2007-12-21,F,Active
DP000351801,EE0003518,David,Brown,Child,2005-05-30,M,Active
DP000351802,EE0003518,Leah,Brown,Child,2019-10-09,F,Active
DP000351803,EE0003518,Jordan,Brown,Child,2018-06-22,F,Active
DP000351901,EE0003519,Carlos,Smith,Child,2025-07-06,M,Active
DP000351902,EE0003519,Noah,Smith,Child,2020-09-19,M,Active
DP000352101,EE0003521,Victor,Adeyemi,Child,2025-03-30,F,Active
DP000352102,EE0003521,Noah,Adeyemi,Child,2017-01-04,F,Active
DP000352401,EE0003524,Andre,Robinson,Spouse,1969-08-07,F,Active
DP000352501,EE0003525,Victor,Chen,Domestic Partner,1978-11-03,M,Active
DP000352601,EE0003526,Jasmine,Davis,Child,2014-12-26,F,Active
DP000352701,EE0003527,Jasmine,Taylor,Spouse,1991-12-10,M,Active
DP000352702,EE0003527,Michael,Taylor,Child,2023-07-14,F,Active
DP000352801,EE0003528,Naomi,Williams,Spouse,1996-11-14,F,Active
DP000352802,EE0003528,Chiamaka,Williams,Child,2025-07-25,F,Active
DP000352901,EE0003529,Nia,Taylor,Spouse,1985-12-02,F,Active
DP000353101,EE0003531,Victor,Kim,Child,2022-08-07,F,Active
DP000353102,EE0003531,Elena,Kim,Child,2020-10-31,M,Active
DP000353201,EE0003532,Nia,Thomas,Child,2019-05-05,M,Active
DP000353202,EE0003532,Leah,Thomas,Child,2012-10-04,M,Active
DP000353203,EE0003532,Jordan,Thomas,Child,2000-01-28,M,Active
DP000353401,EE0003534,Samuel,Lewis,Domestic Partner,1977-06-11,F,Active
DP000353402,EE0003534,Sophia,Lewis,Child,2006-02-02,F,Active
DP000353601,EE0003536,Leah,Miller,Domestic Partner,2005-12-02,M,Active
DP000353801,EE0003538,Omar,Davis,Spouse,1991-04-03,F,Active
DP000353802,EE0003538,Chiamaka,Davis,Child,2006-09-14,M,Active
DP000353901,EE0003539,Ethan,Davis,Spouse,2003-12-18,M,Active
DP000354001,EE0003540,Michael,Moore,Domestic Partner,1998-11-30,M,Active
DP000354002,EE0003540,Andre,Moore,Child,2025-01-24,F,Active
DP000354201,EE0003542,Amara,Williams,Child,2024-05-18,F,Active
DP000354202,EE0003542,Luis,Williams,Child,2017-05-22,F,Active
DP000354401,EE0003544,Maya,Campbell,Domestic Partner,2006-11-04,F,Active
DP000354601,EE0003546,Daniel,Brown,Spouse,1976-02-19,M,Active
DP000354801,EE0003548,Andre,Smith,Spouse,1978-07-30,M,Active
DP000354802,EE0003548,Naomi,Smith,Child,2017-01-02,F,Active
DP000355101,EE0003551,Chiamaka,Kim,Child,2025-06-17,F,Active
DP000355102,EE0003551,Isaiah,Kim,Child,2026-02-06,M,Active
DP000355103,EE0003551,Victor,Kim,Child,2025-08-31,F,Active
DP000355201,EE0003552,Michael,Smith,Domestic Partner,1982-09-06,M,Active
DP000355501,EE0003555,Fatima,Adams,Spouse,1973-03-04,M,Active
DP000356201,EE0003562,Leah,Smith,Spouse,1970-04-13,M,Active
DP000356202,EE0003562,Jordan,Smith,Child,2010-02-21,M,Active
DP000356301,EE0003563,Andre,Garcia,Spouse,1970-10-10,F,Active
DP000356601,EE0003566,Chiamaka,Taylor,Spouse,2000-05-09,M,Active
DP000356701,EE0003567,Zoe,Chen,Domestic Partner,1979-12-17,F,Active
DP000356801,EE0003568,David,Thomas,Child,2025-09-09,M,Active
DP000356802,EE0003568,Maya,Thomas,Child,2025-11-18,F,Active
DP000357001,EE0003570,Samuel,Nguyen,Child,2015-10-12,M,Active
DP000357301,EE0003573,Zoe,Smith,Domestic Partner,1970-09-10,M,Active
DP000357302,EE0003573,Victor,Smith,Child,2019-01-20,F,Active
DP000357601,EE0003576,Grace,Hernandez,Child,2010-05-16,M,Active
DP000357602,EE0003576,Grace,Hernandez,Child,2011-12-12,M,Active
DP000357701,EE0003577,Chiamaka,Smith,Spouse,1989-10-11,F,Active
DP000358001,EE0003580,Kevin,Bennett,Child,2026-02-05,M,Active
DP000358002,EE0003580,Omar,Bennett,Child,2024-08-22,M,Active
DP000358003,EE0003580,Samuel,Bennett,Child,2025-11-29,F,Active
DP000358601,EE0003586,Samuel,Okafor,Domestic Partner,1998-12-23,F,Active
DP000358602,EE0003586,Daniel,Okafor,Child,2018-11-18,M,Active
DP000358701,EE0003587,Naomi,Hernandez,Child,2013-06-15,M,Active
DP000358702,EE0003587,Maya,Hernandez,Child,2020-09-27,M,Active
DP000358901,EE0003589,Carlos,Chen,Spouse,1965-10-05,F,Active
DP000358902,EE0003589,Luis,Chen,Child,2004-01-19,F,Active
DP000358903,EE0003589,Olivia,Chen,Child,2022-05-02,F,Active
DP000359001,EE0003590,Daniel,Okafor,Child,2024-02-02,M,Active
DP000359002,EE0003590,Aaliyah,Okafor,Child,2008-09-29,M,Active
DP000359201,EE0003592,Carlos,Williams,Child,2010-08-03,F,Active
DP000359301,EE0003593,Daniel,Adams,Child,2018-01-08,F,Active
DP000359401,EE0003594,Aaliyah,Nguyen,Spouse,1999-06-10,M,Active
DP000359402,EE0003594,Jasmine,Nguyen,Child,2022-04-07,M,Active
DP000359601,EE0003596,Malik,Patel,Child,2021-11-17,F,Active
DP000359701,EE0003597,Priya,Ibrahim,Spouse,1989-01-09,F,Active
DP000359702,EE0003597,Priya,Ibrahim,Child,2019-05-19,F,Active
DP000360301,EE0003603,Malik,Williams,Domestic Partner,2006-09-13,F,Active
DP000360302,EE0003603,Amara,Williams,Child,2023-01-24,M,Active
DP000360501,EE0003605,Leah,Wilson,Spouse,2005-03-18,M,Active
DP000360601,EE0003606,Angela,Kim,Spouse,1974-03-05,M,Active
DP000360801,EE0003608,Angela,Okafor,Child,2014-07-05,M,Active
DP000360802,EE0003608,Olivia,Okafor,Child,2021-09-04,M,Active
DP000361101,EE0003611,Carlos,Okafor,Domestic Partner,1988-07-21,F,Active
DP000361102,EE0003611,Malik,Okafor,Child,2021-09-15,M,Active
DP000361301,EE0003613,Elena,Bennett,Domestic Partner,1988-05-14,F,Active
DP000361601,EE0003616,Zoe,Lewis,Child,2021-04-19,M,Active
DP000361701,EE0003617,Sophia,Campbell,Spouse,1984-03-03,F,Active
DP000361801,EE0003618,Victor,Adams,Spouse,1992-05-07,M,Active
DP000361802,EE0003618,Nia,Adams,Child,2019-09-25,F,Active
DP000362301,EE0003623,Naomi,Mensah,Spouse,1995-09-27,M,Active
DP000362302,EE0003623,Leah,Mensah,Child,2022-03-10,F,Active
DP000362401,EE0003624,Andre,Johnson,Child,2023-07-26,M,Active
DP000362601,EE0003626,Elena,Wilson,Spouse,1970-01-03,M,Active
DP000362701,EE0003627,Victor,Garcia,Domestic Partner,1966-12-05,M,Active
DP000362702,EE0003627,Elena,Garcia,Child,2010-05-05,F,Active
DP000362901,EE0003629,Chiamaka,Garcia,Spouse,1979-02-06,M,Active
DP000362902,EE0003629,Leah,Garcia,Child,2017-11-30,F,Active
DP000363201,EE0003632,Chiamaka,Martinez,Spouse,1976-05-27,F,Active
DP000363301,EE0003633,Andre,Okafor,Domestic Partner,2005-12-09,F,Active
DP000363302,EE0003633,Olivia,Okafor,Child,2020-03-21,F,Active
DP000363701,EE0003637,Olivia,Robinson,Child,2016-06-12,M,Active
DP000363702,EE0003637,David,Robinson,Child,2013-01-28,F,Active
DP000363801,EE0003638,Andre,Lewis,Domestic Partner,1986-07-08,M,Active
DP000363802,EE0003638,Kevin,Lewis,Child,2017-11-16,F,Active
DP000363901,EE0003639,Maya,Moore,Spouse,1980-06-30,M,Active
DP000364101,EE0003641,Noah,Wilson,Domestic Partner,1997-05-13,F,Active
DP000364701,EE0003647,Chiamaka,Ibrahim,Domestic Partner,1997-05-07,F,Active
DP000364901,EE0003649,Andre,Nguyen,Spouse,1965-07-08,M,Active
DP000365101,EE0003651,Elena,Chen,Spouse,1968-03-17,F,Active
DP000365301,EE0003653,Grace,Hernandez,Child,2020-03-26,F,Active
DP000365601,EE0003656,Priya,Patel,Child,2008-02-07,M,Active
DP000365801,EE0003658,Luis,Johnson,Spouse,1975-06-09,F,Active
DP000366001,EE0003660,Jasmine,Adams,Child,2023-10-30,M,Active
DP000366002,EE0003660,Carlos,Adams,Child,2008-01-18,F,Active
DP000366101,EE0003661,Fatima,Bennett,Spouse,1998-08-31,M,Active
DP000366102,EE0003661,Zoe,Bennett,Child,2020-09-10,M,Active
DP000366201,EE0003662,Kevin,Wilson,Child,2010-10-06,M,Active
DP000366501,EE0003665,Maya,Davis,Spouse,1961-09-26,M,Active
DP000366502,EE0003665,Isaiah,Davis,Child,2017-02-21,M,Active
DP000366901,EE0003669,Amara,Nguyen,Child,2014-06-12,F,Active
DP000366902,EE0003669,Omar,Nguyen,Child,2008-06-26,F,Active
DP000367001,EE0003670,Luis,Mensah,Spouse,1994-02-21,F,Active
DP000367002,EE0003670,Naomi,Mensah,Child,2008-05-29,M,Active
DP000367701,EE0003677,Luis,Smith,Domestic Partner,1976-08-01,M,Active
DP000367702,EE0003677,Chiamaka,Smith,Child,2007-08-01,F,Active
DP000368001,EE0003680,Isaiah,Patel,Domestic Partner,1978-10-05,M,Active
DP000368002,EE0003680,Isaiah,Patel,Child,2001-04-30,F,Active
DP000368201,EE0003682,Noah,Williams,Spouse,1983-03-19,F,Active
DP000368202,EE0003682,Isaiah,Williams,Child,2016-05-03,F,Active
DP000368501,EE0003685,Priya,Moore,Domestic Partner,1986-12-24,M,Active
DP000368502,EE0003685,Luis,Moore,Child,2023-07-11,F,Active
DP000368801,EE0003688,Sophia,Martinez,Child,2015-12-20,M,Active
DP000368802,EE0003688,Ethan,Martinez,Child,2006-06-11,F,Active
DP000368901,EE0003689,Zoe,Johnson,Child,2000-06-19,M,Active
DP000369301,EE0003693,David,Miller,Spouse,1964-11-08,M,Active
DP000369302,EE0003693,Samuel,Miller,Child,2007-04-22,F,Active
DP000369303,EE0003693,Jasmine,Miller,Child,2013-08-19,M,Active
DP000369401,EE0003694,Maya,Brown,Domestic Partner,1993-11-01,F,Active
DP000369501,EE0003695,Zoe,Campbell,Spouse,2000-01-12,M,Active
DP000369502,EE0003695,Daniel,Campbell,Child,2023-03-08,M,Active
DP000369601,EE0003696,Maya,Hernandez,Domestic Partner,2002-10-24,F,Active
DP000369602,EE0003696,Nia,Hernandez,Child,2024-02-08,F,Active
DP000370001,EE0003700,Sophia,Thomas,Spouse,2001-12-08,M,Active
DP000370301,EE0003703,Fatima,Thomas,Spouse,1968-02-08,F,Active
DP000370302,EE0003703,Samuel,Thomas,Child,2006-10-18,F,Active
DP000370401,EE0003704,Priya,Mensah,Spouse,1998-12-28,F,Active
DP000370701,EE0003707,Kevin,Robinson,Spouse,1969-08-07,F,Active
DP000370801,EE0003708,Omar,Smith,Child,2019-12-31,M,Active
DP000370802,EE0003708,Noah,Smith,Child,2011-06-06,F,Active
DP000370901,EE0003709,Jordan,Adams,Child,2022-02-03,M,Active
DP000370902,EE0003709,Omar,Adams,Child,2022-09-11,F,Active
DP000371401,EE0003714,Fatima,Smith,Child,2016-09-02,M,Active
DP000371402,EE0003714,Fatima,Smith,Child,2013-08-20,F,Active
DP000371403,EE0003714,Sophia,Smith,Child,2003-04-23,F,Active
DP000371501,EE0003715,Michael,Miller,Domestic Partner,1980-07-23,F,Active
DP000371502,EE0003715,Angela,Miller,Child,2005-03-09,M,Active
DP000371601,EE0003716,Naomi,Moore,Domestic Partner,1974-05-19,F,Active
DP000371701,EE0003717,Naomi,Lewis,Child,2025-02-16,F,Active
DP000371702,EE0003717,Olivia,Lewis,Child,2025-12-14,M,Active
DP000372001,EE0003720,Amara,Patel,Child,2023-03-01,M,Active
DP000372002,EE0003720,Angela,Patel,Child,2002-08-17,F,Active
DP000372301,EE0003723,Grace,Adams,Domestic Partner,1969-12-01,F,Active
DP000372302,EE0003723,Kevin,Adams,Child,2016-12-10,M,Active
DP000372501,EE0003725,Angela,Brown,Spouse,1990-04-16,F,Active
DP000372801,EE0003728,Omar,Brown,Spouse,2000-05-23,F,Active
DP000372802,EE0003728,Ethan,Brown,Child,2025-07-07,M,Active
DP000372803,EE0003728,Isaiah,Brown,Child,2025-12-29,F,Active
DP000372901,EE0003729,Grace,Kim,Child,2024-04-30,M,Active
DP000373101,EE0003731,Fatima,Nguyen,Child,2005-05-16,F,Active
DP000373401,EE0003734,Aaliyah,Smith,Child,2020-03-13,F,Active
DP000373402,EE0003734,Andre,Smith,Child,2008-09-06,F,Active
DP000373801,EE0003738,Daniel,Moore,Domestic Partner,1973-01-25,M,Active
DP000373802,EE0003738,Fatima,Moore,Child,2000-01-31,F,Active
DP000373803,EE0003738,Jasmine,Moore,Child,2018-09-15,M,Active
DP000374201,EE0003742,Luis,Hernandez,Child,2016-02-19,F,Active
DP000374202,EE0003742,Victor,Hernandez,Child,2022-03-14,F,Active
DP000374203,EE0003742,Priya,Hernandez,Child,2026-06-19,M,Active
DP000374301,EE0003743,Ethan,Moore,Child,2014-11-26,F,Active
DP000374401,EE0003744,Priya,Robinson,Spouse,1961-12-31,M,Active
DP000374801,EE0003748,Leah,Bennett,Child,2017-02-17,F,Active
DP000374802,EE0003748,Elena,Bennett,Child,2020-06-06,F,Active
DP000374803,EE0003748,Leah,Bennett,Child,2024-10-06,M,Active
DP000374901,EE0003749,Malik,Mensah,Spouse,1971-06-12,M,Active
DP000375201,EE0003752,Ethan,Okafor,Child,2002-09-11,F,Active
DP000375301,EE0003753,Zoe,Adams,Child,2022-09-01,F,Active
DP000375401,EE0003754,Chiamaka,Mensah,Spouse,2001-08-04,M,Active
DP000375601,EE0003756,Elena,Mensah,Domestic Partner,1968-06-25,F,Active
DP000375602,EE0003756,Priya,Mensah,Child,2020-08-25,M,Active
DP000375603,EE0003756,Aaliyah,Mensah,Child,2015-09-17,M,Active
DP000375901,EE0003759,Isaiah,Mensah,Domestic Partner,1976-11-01,F,Active
DP000375902,EE0003759,Aaliyah,Mensah,Child,2001-11-14,M,Active
DP000376001,EE0003760,Isaiah,Nguyen,Domestic Partner,1963-12-09,M,Active
DP000376002,EE0003760,Elena,Nguyen,Child,2016-07-04,M,Active
DP000376101,EE0003761,Angela,Campbell,Child,2006-04-27,F,Active
DP000376102,EE0003761,Jordan,Campbell,Child,2023-12-25,M,Active
DP000376201,EE0003762,Maya,Patel,Child,2021-11-27,F,Active
DP000376202,EE0003762,Fatima,Patel,Child,2026-06-24,M,Active
DP000376301,EE0003763,Noah,Hernandez,Domestic Partner,1990-03-02,M,Active
DP000376302,EE0003763,Naomi,Hernandez,Child,2013-11-15,F,Active
DP000376501,EE0003765,Michael,Walker,Child,2012-07-19,F,Active
DP000376502,EE0003765,Leah,Walker,Child,2023-09-22,M,Active
DP000376601,EE0003766,Priya,Hernandez,Child,2023-02-17,M,Active
DP000376602,EE0003766,Olivia,Hernandez,Child,2018-04-24,M,Active
DP000376603,EE0003766,David,Hernandez,Child,2008-11-16,F,Active
DP000376801,EE0003768,Michael,Mensah,Domestic Partner,2001-05-31,F,Active
DP000376901,EE0003769,Leah,Miller,Spouse,1997-08-19,M,Active
DP000377001,EE0003770,Malik,Robinson,Child,2004-07-22,F,Active
DP000377002,EE0003770,Andre,Robinson,Child,2024-03-29,M,Active
DP000377201,EE0003772,Naomi,Wilson,Child,2026-01-03,F,Active
DP000377301,EE0003773,Grace,Lewis,Spouse,1995-06-03,M,Active
DP000377401,EE0003774,Grace,Adams,Spouse,1984-07-02,F,Active
DP000377501,EE0003775,Grace,Adams,Domestic Partner,1991-05-09,M,Active
DP000377502,EE0003775,Victor,Adams,Child,2005-10-22,M,Active
DP000377601,EE0003776,Omar,Nguyen,Child,2013-08-08,F,Active
DP000377602,EE0003776,Priya,Nguyen,Child,2018-10-03,F,Active
DP000377701,EE0003777,Aaliyah,Okafor,Spouse,1985-09-14,F,Active
DP000377702,EE0003777,Carlos,Okafor,Child,2023-09-24,M,Active
DP000377801,EE0003778,Nia,Campbell,Child,2025-05-23,F,Active
DP000378701,EE0003787,Luis,Nguyen,Spouse,1984-10-12,M,Active
DP000378702,EE0003787,David,Nguyen,Child,2007-04-19,M,Active
DP000379101,EE0003791,Aaliyah,Williams,Domestic Partner,1991-12-24,M,Active
DP000379301,EE0003793,Chiamaka,Nguyen,Child,2017-02-02,F,Active
DP000379302,EE0003793,Carlos,Nguyen,Child,2012-06-20,M,Active
DP000380001,EE0003800,Fatima,Johnson,Spouse,2001-11-29,F,Active
DP000380002,EE0003800,Fatima,Johnson,Child,2024-03-07,M,Active
DP000380301,EE0003803,Fatima,Miller,Domestic Partner,1971-12-22,M,Active
DP000380501,EE0003805,Carlos,Miller,Spouse,2005-03-04,F,Active
DP000381401,EE0003814,Sophia,Martinez,Domestic Partner,1964-09-19,F,Active
DP000381501,EE0003815,Michael,Wilson,Domestic Partner,1966-08-04,M,Active
DP000381701,EE0003817,Michael,Hernandez,Spouse,1989-10-12,F,Active
DP000381702,EE0003817,Leah,Hernandez,Child,2023-11-11,M,Active
DP000381703,EE0003817,Amara,Hernandez,Child,2019-07-27,M,Active
DP000382001,EE0003820,Angela,Bennett,Spouse,2004-12-14,F,Active
DP000382002,EE0003820,David,Bennett,Child,2020-07-14,F,Active
DP000382201,EE0003822,Naomi,Davis,Spouse,1980-10-13,M,Active
DP000382202,EE0003822,Andre,Davis,Child,2013-06-27,M,Active
DP000382301,EE0003823,Grace,Okafor,Spouse,1978-12-22,M,Active
DP000382401,EE0003824,Daniel,Hernandez,Spouse,1995-12-25,F,Active
DP000382501,EE0003825,Kevin,Miller,Domestic Partner,1976-08-19,M,Active
DP000382601,EE0003826,Victor,Okafor,Child,2005-12-08,F,Active
DP000382602,EE0003826,Grace,Okafor,Child,2021-02-23,F,Active
DP000382603,EE0003826,Daniel,Okafor,Child,2021-11-04,F,Active
DP000382801,EE0003828,Fatima,Okafor,Child,2003-08-04,F,Active
DP000383101,EE0003831,Daniel,Campbell,Spouse,1966-02-04,M,Active
DP000383102,EE0003831,Olivia,Campbell,Child,2014-12-21,M,Active
DP000383301,EE0003833,Naomi,Lewis,Domestic Partner,2004-01-18,M,Active
DP000383302,EE0003833,Ethan,Lewis,Child,2023-05-25,M,Active
DP000383701,EE0003837,Grace,Chen,Spouse,1997-12-12,M,Active
DP000383801,EE0003838,David,Lewis,Spouse,1985-06-02,M,Active
DP000383901,EE0003839,Malik,Lewis,Domestic Partner,1965-01-17,M,Active
DP000384201,EE0003842,Michael,Miller,Spouse,1966-12-28,F,Active
DP000384202,EE0003842,Carlos,Miller,Child,2009-08-11,M,Active
DP000384301,EE0003843,Carlos,Johnson,Spouse,1991-08-30,F,Active
DP000384302,EE0003843,Priya,Johnson,Child,2008-07-15,F,Active
DP000384303,EE0003843,Daniel,Johnson,Child,2003-12-16,F,Active
DP000384401,EE0003844,Malik,Walker,Spouse,1991-11-01,F,Active
DP000384501,EE0003845,Sophia,Taylor,Domestic Partner,1994-03-02,M,Active
DP000384502,EE0003845,Angela,Taylor,Child,2007-03-30,M,Active
DP000384601,EE0003846,Zoe,Kim,Spouse,1999-02-01,M,Active
DP000384602,EE0003846,Carlos,Kim,Child,2010-07-21,F,Active
DP000384603,EE0003846,Kevin,Kim,Child,2019-11-06,M,Active
DP000384701,EE0003847,Jasmine,Garcia,Child,2012-06-03,M,Active
DP000384702,EE0003847,Naomi,Garcia,Child,2015-01-18,F,Active
DP000384801,EE0003848,Carlos,Davis,Domestic Partner,1996-10-06,M,Active
DP000384802,EE0003848,Ethan,Davis,Child,2011-10-27,M,Active
DP000384803,EE0003848,Andre,Davis,Child,2012-03-04,M,Active
DP000384901,EE0003849,Victor,Adeyemi,Spouse,1984-08-11,F,Active
DP000385201,EE0003852,Zoe,Ibrahim,Child,2017-11-19,F,Active
DP000385202,EE0003852,Zoe,Ibrahim,Child,2010-09-23,F,Active
DP000385701,EE0003857,Olivia,Mensah,Domestic Partner,1968-01-28,M,Active
DP000385702,EE0003857,Andre,Mensah,Child,2001-08-07,F,Active
DP000385801,EE0003858,Maya,Smith,Domestic Partner,1991-02-26,M,Active
DP000385802,EE0003858,Jordan,Smith,Child,2021-03-16,F,Active
DP000385803,EE0003858,Sophia,Smith,Child,2025-04-12,M,Active
DP000386301,EE0003863,Noah,Moore,Child,2006-04-14,F,Active
DP000386302,EE0003863,David,Moore,Child,2020-11-02,M,Active
DP000386303,EE0003863,David,Moore,Child,2006-12-07,F,Active
DP000386401,EE0003864,Angela,Martinez,Child,2020-02-03,F,Active
DP000386501,EE0003865,Chiamaka,Moore,Domestic Partner,1981-02-17,M,Active
DP000386502,EE0003865,Grace,Moore,Child,2008-02-05,F,Active
DP000386601,EE0003866,Daniel,Okafor,Child,2020-01-30,M,Active
DP000386602,EE0003866,Andre,Okafor,Child,2014-11-08,M,Active
DP000386701,EE0003867,Angela,Robinson,Domestic Partner,1972-11-20,F,Active
DP000386801,EE0003868,Leah,Robinson,Spouse,1972-12-13,M,Active
DP000386802,EE0003868,Nia,Robinson,Child,2010-05-28,M,Active
DP000387201,EE0003872,Isaiah,Lewis,Child,2025-05-28,F,Active
DP000387202,EE0003872,Daniel,Lewis,Child,2022-01-02,F,Active
DP000387301,EE0003873,Naomi,Thomas,Spouse,1963-04-16,F,Active
DP000387302,EE0003873,Kevin,Thomas,Child,2021-03-11,M,Active
DP000387401,EE0003874,Noah,Kim,Domestic Partner,1967-02-05,M,Active
DP000387402,EE0003874,Carlos,Kim,Child,2000-01-10,M,Active
DP000388001,EE0003880,Malik,Patel,Child,2022-02-10,F,Active
DP000388101,EE0003881,Leah,Kim,Domestic Partner,1972-09-26,F,Active
DP000388201,EE0003882,Michael,Martinez,Child,2000-09-08,M,Active
DP000388202,EE0003882,Michael,Martinez,Child,2010-08-19,M,Active
DP000388203,EE0003882,Angela,Martinez,Child,2014-08-03,M,Active
DP000388301,EE0003883,Chiamaka,Kim,Child,2012-01-17,M,Active
DP000388302,EE0003883,Angela,Kim,Child,2013-05-20,F,Active
DP000388303,EE0003883,Naomi,Kim,Child,2015-07-02,M,Active
DP000388601,EE0003886,Amara,Martinez,Domestic Partner,1969-02-20,M,Active
DP000388901,EE0003889,Priya,Campbell,Spouse,1966-09-02,M,Active
DP000388902,EE0003889,Andre,Campbell,Child,2019-02-20,F,Active
DP000389201,EE0003892,Olivia,Campbell,Spouse,1976-02-22,F,Active
DP000389301,EE0003893,Amara,Johnson,Spouse,1968-07-08,M,Active
DP000389501,EE0003895,Isaiah,Lewis,Child,2000-07-19,M,Active
DP000389502,EE0003895,David,Lewis,Child,2006-03-06,M,Active
DP000389503,EE0003895,Michael,Lewis,Child,2001-11-08,F,Active
DP000389701,EE0003897,Ethan,Lewis,Domestic Partner,1973-10-19,F,Active
DP000389702,EE0003897,Aaliyah,Lewis,Child,2023-08-05,F,Active
DP000389901,EE0003899,Ethan,Miller,Domestic Partner,2000-01-30,M,Active
DP000390101,EE0003901,Nia,Adams,Child,2021-03-18,F,Active
DP000390102,EE0003901,Samuel,Adams,Child,2021-04-25,F,Active
DP000390201,EE0003902,Luis,Moore,Child,2007-08-16,M,Active
DP000390301,EE0003903,Samuel,Wilson,Domestic Partner,1980-07-09,F,Active
DP000390302,EE0003903,Kevin,Wilson,Child,2008-08-29,F,Active
DP000390401,EE0003904,Leah,Williams,Domestic Partner,2004-02-28,M,Active
DP000390402,EE0003904,Malik,Williams,Child,2023-07-21,M,Active
DP000390501,EE0003905,Angela,Moore,Domestic Partner,2002-02-26,F,Active
DP000390601,EE0003906,Jasmine,Nguyen,Spouse,1976-10-22,M,Active
DP000390602,EE0003906,Michael,Nguyen,Child,2015-05-17,M,Active
DP000390801,EE0003908,Jordan,Thomas,Domestic Partner,2001-01-19,F,Active
DP000390802,EE0003908,Victor,Thomas,Child,2025-03-03,F,Active
DP000390901,EE0003909,Fatima,Thomas,Spouse,1974-07-06,M,Active
DP000391101,EE0003911,Nia,Brown,Domestic Partner,1990-10-14,M,Active
DP000391401,EE0003914,Aaliyah,Walker,Child,2012-01-08,M,Active
DP000391501,EE0003915,Jasmine,Brown,Spouse,1961-04-17,F,Active
DP000391701,EE0003917,Nia,Miller,Domestic Partner,1979-01-09,M,Active
DP000392101,EE0003921,Jasmine,Thomas,Child,2012-04-03,F,Active
DP000392102,EE0003921,Samuel,Thomas,Child,2004-07-08,M,Active
DP000392103,EE0003921,Malik,Thomas,Child,2019-11-09,F,Active
DP000392301,EE0003923,Sophia,Thomas,Domestic Partner,1989-11-22,M,Active
DP000392501,EE0003925,Grace,Brown,Spouse,1962-04-21,M,Active
DP000392502,EE0003925,Nia,Brown,Child,2011-03-25,F,Active
DP000392503,EE0003925,Jasmine,Brown,Child,2010-10-19,F,Active
DP000392601,EE0003926,Chiamaka,Okafor,Domestic Partner,2003-10-03,M,Active
DP000392602,EE0003926,Samuel,Okafor,Child,2021-09-13,M,Active
DP000393001,EE0003930,Grace,Mensah,Domestic Partner,2000-11-26,M,Active
DP000393201,EE0003932,Jasmine,Garcia,Child,2004-10-17,F,Active
DP000393202,EE0003932,Carlos,Garcia,Child,2023-09-03,F,Active
DP000393701,EE0003937,Noah,Walker,Spouse,1962-11-01,M,Active
DP000393801,EE0003938,Priya,Hernandez,Spouse,1984-11-01,F,Active
DP000393802,EE0003938,Amara,Hernandez,Child,2010-05-31,M,Active
DP000393803,EE0003938,Kevin,Hernandez,Child,2015-04-09,M,Active
DP000394201,EE0003942,Grace,Hernandez,Child,2024-05-02,M,Active
DP000394202,EE0003942,Amara,Hernandez,Child,2023-11-13,F,Active
DP000394301,EE0003943,Naomi,Patel,Child,2020-04-13,F,Active
DP000394401,EE0003944,Omar,Thomas,Spouse,1968-11-04,F,Active
DP000394501,EE0003945,Isaiah,Adams,Spouse,1977-06-21,M,Active
DP000394502,EE0003945,Maya,Adams,Child,2025-05-02,F,Active
DP000395101,EE0003951,Leah,Nguyen,Domestic Partner,1961-05-22,F,Active
DP000395301,EE0003953,Olivia,Robinson,Domestic Partner,1986-10-22,F,Active
DP000395302,EE0003953,Samuel,Robinson,Child,2022-06-17,M,Active
DP000395303,EE0003953,Olivia,Robinson,Child,2019-05-30,F,Active
DP000395501,EE0003955,Priya,Johnson,Child,2025-01-15,F,Active
DP000395601,EE0003956,Leah,Moore,Child,2019-10-07,F,Active
DP000395901,EE0003959,Priya,Davis,Spouse,2000-07-09,F,Active
DP000395902,EE0003959,Noah,Davis,Child,2023-08-04,F,Active
DP000395903,EE0003959,Priya,Davis,Child,2018-07-10,M,Active
DP000396201,EE0003962,Zoe,Miller,Spouse,1994-02-15,F,Active
DP000396202,EE0003962,Samuel,Miller,Child,2008-10-25,M,Active
DP000396501,EE0003965,Jordan,Ibrahim,Child,2001-09-23,F,Active
DP000396701,EE0003967,Omar,Smith,Domestic Partner,1969-07-24,F,Active
DP000396702,EE0003967,Angela,Smith,Child,2020-10-28,M,Active
DP000396703,EE0003967,Amara,Smith,Child,2001-05-16,F,Active
DP000396901,EE0003969,Michael,Wilson,Spouse,1962-04-09,F,Active
DP000396902,EE0003969,Elena,Wilson,Child,2010-05-06,M,Active
DP000397201,EE0003972,Angela,Okafor,Domestic Partner,1975-09-20,M,Active
DP000397202,EE0003972,Ethan,Okafor,Child,2012-07-13,F,Active
DP000397203,EE0003972,Elena,Okafor,Child,2011-05-25,M,Active
DP000397501,EE0003975,Naomi,Chen,Domestic Partner,1976-01-19,F,Active
DP000397601,EE0003976,Chiamaka,Thomas,Spouse,1965-08-13,M,Active
DP000397602,EE0003976,Kevin,Thomas,Child,2024-11-17,F,Active
DP000397801,EE0003978,Elena,Lewis,Domestic Partner,1968-01-17,F,Active
DP000397802,EE0003978,Michael,Lewis,Child,2014-11-21,F,Active
DP000398001,EE0003980,Kevin,Williams,Child,2003-03-19,F,Active
DP000398301,EE0003983,Andre,Okafor,Domestic Partner,2005-02-09,M,Active
DP000398401,EE0003984,Jordan,Mensah,Domestic Partner,1965-01-19,F,Active
DP000398402,EE0003984,Sophia,Mensah,Child,2013-01-29,M,Active
DP000398901,EE0003989,Jordan,Garcia,Domestic Partner,1998-07-17,F,Active
DP000399001,EE0003990,Omar,Moore,Spouse,1995-02-20,M,Active
DP000399002,EE0003990,Maya,Moore,Child,2024-07-05,M,Active
DP000399201,EE0003992,Zoe,Kim,Domestic Partner,1967-08-31,M,Active
DP000399301,EE0003993,Sophia,Smith,Domestic Partner,1964-11-27,F,Active
DP000399302,EE0003993,Maya,Smith,Child,2021-08-11,F,Active
DP000399401,EE0003994,Chiamaka,Ibrahim,Child,2012-07-15,F,Active
DP000399701,EE0003997,Jasmine,Patel,Child,2015-01-07,M,Active
DP000399901,EE0003999,Priya,Smith,Child,2005-04-19,F,Active
DP000399902,EE0003999,Chiamaka,Smith,Child,2017-11-15,F,Active
DP000399903,EE0003999,Maya,Smith,Child,2007-09-19,F,Active
DP000400101,EE0004001,Fatima,Martinez,Spouse,1967-12-20,F,Active
DP000400102,EE0004001,Aaliyah,Martinez,Child,2002-06-24,F,Active
DP000400601,EE0004006,Fatima,Hernandez,Child,2017-05-21,M,Active
DP000400801,EE0004008,Daniel,Wilson,Spouse,1992-11-15,M,Active
DP000400802,EE0004008,Sophia,Wilson,Child,2014-11-11,F,Active
DP000401001,EE0004010,Naomi,Adams,Child,2017-08-24,M,Active
DP000401002,EE0004010,Jasmine,Adams,Child,2014-10-23,F,Active
DP000401501,EE0004015,Michael,Okafor,Spouse,1990-10-02,F,Active
DP000401502,EE0004015,Jasmine,Okafor,Child,2025-07-06,F,Active
DP000401601,EE0004016,Omar,Kim,Spouse,1983-10-05,M,Active
DP000401602,EE0004016,Michael,Kim,Child,2012-08-18,M,Active
DP000401801,EE0004018,Michael,Nguyen,Child,2021-03-26,M,Active
DP000401802,EE0004018,Maya,Nguyen,Child,2022-11-22,F,Active
DP000401803,EE0004018,Kevin,Nguyen,Child,2005-04-14,F,Active
DP000401901,EE0004019,Malik,Ibrahim,Child,2016-09-30,M,Active
DP000401902,EE0004019,Naomi,Ibrahim,Child,2009-09-30,F,Active
DP000401903,EE0004019,Sophia,Ibrahim,Child,2011-08-30,F,Active
DP000402001,EE0004020,Priya,Mensah,Child,2016-11-02,F,Active
DP000402101,EE0004021,Isaiah,Mensah,Domestic Partner,1990-03-10,M,Active
DP000402201,EE0004022,Malik,Kim,Child,2019-02-18,M,Active
DP000402202,EE0004022,Luis,Kim,Child,2021-12-09,M,Active
DP000402301,EE0004023,Malik,Kim,Child,2023-05-20,M,Active
DP000402302,EE0004023,Chiamaka,Kim,Child,2024-06-11,F,Active
DP000402401,EE0004024,Andre,Miller,Domestic Partner,1995-08-16,F,Active
DP000402501,EE0004025,Angela,Chen,Child,2019-09-29,F,Active
DP000402502,EE0004025,Elena,Chen,Child,2020-01-09,M,Active
DP000402801,EE0004028,Grace,Bennett,Spouse,1985-07-03,F,Active
DP000402901,EE0004029,Andre,Miller,Domestic Partner,2006-03-03,F,Active
DP000402902,EE0004029,Leah,Miller,Child,2025-07-21,F,Active
DP000402903,EE0004029,Elena,Miller,Child,2022-07-28,M,Active
DP000403101,EE0004031,Elena,Martinez,Child,2005-09-24,F,Active
DP000403102,EE0004031,Amara,Martinez,Child,2024-01-05,F,Active
DP000403201,EE0004032,Victor,Thomas,Spouse,1962-03-20,M,Active
DP000403301,EE0004033,Omar,Robinson,Child,2003-02-24,F,Active
DP000403401,EE0004034,Michael,Robinson,Child,2013-01-05,M,Active
DP000403402,EE0004034,Grace,Robinson,Child,2022-09-13,F,Active
DP000404201,EE0004042,Carlos,Wilson,Child,2009-11-02,F,Active
DP000404202,EE0004042,Daniel,Wilson,Child,2021-10-08,M,Active
DP000404401,EE0004044,Victor,Lewis,Spouse,1964-10-06,F,Active
DP000404402,EE0004044,Priya,Lewis,Child,2005-07-04,M,Active
DP000404403,EE0004044,Omar,Lewis,Child,2004-12-09,F,Active
DP000404501,EE0004045,Luis,Nguyen,Spouse,2007-03-30,M,Active
DP000404601,EE0004046,Amara,Walker,Child,2026-03-16,M,Active
DP000404602,EE0004046,Jasmine,Walker,Child,2006-06-27,M,Active
DP000404901,EE0004049,Noah,Miller,Spouse,1974-08-21,M,Active
DP000405001,EE0004050,Jordan,Lewis,Spouse,1971-10-01,M,Active
DP000405002,EE0004050,Ethan,Lewis,Child,2025-06-25,M,Active
DP000405201,EE0004052,Amara,Kim,Child,2023-09-22,F,Active
DP000405202,EE0004052,Sophia,Kim,Child,2011-06-23,F,Active
DP000405601,EE0004056,Leah,Ibrahim,Spouse,1961-11-22,F,Active
DP000405602,EE0004056,Michael,Ibrahim,Child,2026-06-04,M,Active
DP000406301,EE0004063,Nia,Patel,Domestic Partner,1986-01-26,F,Active
DP000406302,EE0004063,Fatima,Patel,Child,2017-05-13,F,Active
DP000406401,EE0004064,Priya,Moore,Domestic Partner,1979-03-04,M,Active
DP000406402,EE0004064,Andre,Moore,Child,2022-08-29,M,Active
DP000406601,EE0004066,Grace,Davis,Domestic Partner,1984-06-19,M,Active
DP000407001,EE0004070,Chiamaka,Williams,Spouse,1962-02-14,M,Active
DP000407002,EE0004070,Ethan,Williams,Child,2003-12-20,F,Active
DP000407101,EE0004071,Daniel,Robinson,Child,2025-12-28,F,Active
DP000407102,EE0004071,Kevin,Robinson,Child,2023-03-01,M,Active
DP000407103,EE0004071,Malik,Robinson,Child,2021-05-25,M,Active
DP000407401,EE0004074,Samuel,Campbell,Child,2011-04-01,F,Active
DP000407402,EE0004074,Sophia,Campbell,Child,2000-08-05,M,Active
DP000407601,EE0004076,David,Nguyen,Domestic Partner,2002-09-11,F,Active
DP000407602,EE0004076,Leah,Nguyen,Child,2024-07-23,M,Active
DP000407701,EE0004077,Angela,Lewis,Spouse,1972-08-11,F,Active
DP000407801,EE0004078,Ethan,Ibrahim,Child,2022-03-31,F,Active
DP000408001,EE0004080,Zoe,Garcia,Child,2024-05-18,F,Active
DP000408002,EE0004080,Aaliyah,Garcia,Child,2020-03-06,F,Active
DP000408201,EE0004082,Amara,Chen,Child,2020-07-09,F,Active
DP000408601,EE0004086,Maya,Okafor,Domestic Partner,1972-03-01,M,Active
DP000408602,EE0004086,Jasmine,Okafor,Child,2007-01-23,F,Active
DP000408603,EE0004086,Noah,Okafor,Child,2024-12-20,M,Active
DP000408901,EE0004089,Daniel,Robinson,Child,2024-02-26,F,Active
DP000409501,EE0004095,Angela,Adams,Child,2023-07-04,F,Active
DP000409502,EE0004095,Noah,Adams,Child,2021-08-03,M,Active
DP000409503,EE0004095,Carlos,Adams,Child,2023-03-21,M,Active
DP000409601,EE0004096,Jasmine,Smith,Child,2015-04-04,M,Active
DP000409602,EE0004096,Nia,Smith,Child,2015-12-05,F,Active
DP000409701,EE0004097,Jordan,Taylor,Child,2026-04-21,F,Active
DP000409702,EE0004097,Jasmine,Taylor,Child,2021-08-02,F,Active
DP000409901,EE0004099,Olivia,Campbell,Child,2004-06-06,M,Active
DP000410201,EE0004102,Jasmine,Nguyen,Child,2015-03-30,M,Active
DP000410202,EE0004102,Naomi,Nguyen,Child,2023-07-26,M,Active
DP000410501,EE0004105,Andre,Kim,Child,2020-09-09,M,Active
DP000410701,EE0004107,Samuel,Davis,Child,2000-09-10,M,Active
DP000411001,EE0004110,Isaiah,Garcia,Domestic Partner,1986-04-25,F,Active
DP000411002,EE0004110,Samuel,Garcia,Child,2018-02-05,M,Active
DP000411401,EE0004114,Ethan,Adeyemi,Child,2002-03-09,F,Active
DP000411701,EE0004117,Isaiah,Nguyen,Spouse,2003-12-24,F,Active
DP000411702,EE0004117,Michael,Nguyen,Child,2019-05-07,F,Active
DP000411901,EE0004119,Fatima,Robinson,Domestic Partner,2002-12-16,M,Active
DP000411902,EE0004119,Sophia,Robinson,Child,2023-03-23,M,Active
DP000412101,EE0004121,Isaiah,Martinez,Spouse,1972-01-03,M,Active
DP000412102,EE0004121,Priya,Martinez,Child,2023-01-30,F,Active
DP000412103,EE0004121,Michael,Martinez,Child,2023-03-30,M,Active
DP000412201,EE0004122,Sophia,Patel,Domestic Partner,1970-03-08,M,Active
DP000412202,EE0004122,Jordan,Patel,Child,2017-10-18,M,Active
DP000412601,EE0004126,David,Kim,Spouse,1985-08-23,M,Active
DP000412602,EE0004126,Michael,Kim,Child,2023-10-09,M,Active
DP000412801,EE0004128,Zoe,Bennett,Spouse,1961-09-22,F,Active
DP000413201,EE0004132,Elena,Robinson,Spouse,1971-10-20,F,Active
DP000413202,EE0004132,Priya,Robinson,Child,2016-04-14,F,Active
DP000413301,EE0004133,Elena,Hernandez,Child,2016-11-03,F,Active
DP000413501,EE0004135,Grace,Adams,Domestic Partner,1986-10-11,M,Active
DP000413502,EE0004135,Aaliyah,Adams,Child,2023-08-25,M,Active
DP000413601,EE0004136,Zoe,Nguyen,Child,2021-02-03,M,Active
DP000413602,EE0004136,Carlos,Nguyen,Child,2025-01-23,M,Active
DP000413801,EE0004138,Aaliyah,Williams,Child,2011-11-09,M,Active
DP000414101,EE0004141,Carlos,Ibrahim,Child,2023-08-01,F,Active
DP000414102,EE0004141,Amara,Ibrahim,Child,2008-11-05,M,Active
DP000414201,EE0004142,Fatima,Bennett,Child,2020-03-06,F,Active
DP000414301,EE0004143,Isaiah,Kim,Child,2017-09-07,F,Active
DP000414601,EE0004146,Noah,Kim,Child,2026-06-09,M,Active
DP000414701,EE0004147,Jasmine,Campbell,Domestic Partner,2000-04-18,M,Active
DP000414702,EE0004147,Priya,Campbell,Child,2022-12-14,M,Active
DP000414703,EE0004147,Omar,Campbell,Child,2025-12-12,F,Active
DP000414901,EE0004149,Malik,Chen,Child,2022-04-11,F,Active
DP000415001,EE0004150,Daniel,Bennett,Child,2021-01-25,F,Active
DP000415201,EE0004152,Nia,Patel,Child,2025-12-16,F,Active
DP000415202,EE0004152,Elena,Patel,Child,2006-02-27,M,Active
DP000415203,EE0004152,Isaiah,Patel,Child,2021-03-13,F,Active
DP000415301,EE0004153,David,Hernandez,Child,2020-09-14,F,Active
DP000415501,EE0004155,Kevin,Johnson,Domestic Partner,1970-08-03,F,Active
DP000415502,EE0004155,Carlos,Johnson,Child,2006-12-20,M,Active
DP000415503,EE0004155,Priya,Johnson,Child,2009-04-28,F,Active
DP000415601,EE0004156,Aaliyah,Walker,Spouse,1983-11-12,M,Active
DP000415701,EE0004157,Nia,Bennett,Child,2012-01-29,F,Active
DP000415702,EE0004157,Isaiah,Bennett,Child,2016-04-14,M,Active
DP000415901,EE0004159,David,Ibrahim,Spouse,1971-12-23,M,Active
DP000415902,EE0004159,Victor,Ibrahim,Child,2021-06-01,F,Active
DP000415903,EE0004159,Jordan,Ibrahim,Child,2019-09-06,M,Active
DP000416001,EE0004160,Elena,Wilson,Child,2011-01-14,F,Active
DP000416002,EE0004160,Carlos,Wilson,Child,2011-09-02,F,Active
DP000416101,EE0004161,Amara,Chen,Child,2021-09-05,F,Active
DP000416201,EE0004162,Priya,Patel,Spouse,1979-09-02,F,Active
DP000416701,EE0004167,Andre,Mensah,Spouse,2004-06-26,M,Active
DP000416801,EE0004168,Fatima,Lewis,Spouse,1997-08-25,F,Active
DP000416901,EE0004169,Angela,Adeyemi,Domestic Partner,2001-12-15,M,Active
DP000416902,EE0004169,Jasmine,Adeyemi,Child,2015-01-12,M,Active
DP000417101,EE0004171,Andre,Ibrahim,Child,2007-10-23,M,Active
DP000417102,EE0004171,Priya,Ibrahim,Child,2009-12-10,F,Active
DP000417103,EE0004171,Sophia,Ibrahim,Child,2023-12-02,M,Active
DP000417401,EE0004174,Omar,Ibrahim,Spouse,1996-02-09,M,Active
DP000417402,EE0004174,Samuel,Ibrahim,Child,2022-03-05,M,Active
DP000417701,EE0004177,Priya,Hernandez,Child,2026-02-22,M,Active
DP000417901,EE0004179,Omar,Robinson,Child,2014-11-29,F,Active
DP000418101,EE0004181,Maya,Kim,Child,2024-04-18,M,Active
DP000418102,EE0004181,Victor,Kim,Child,2021-06-27,F,Active
DP000418301,EE0004183,Aaliyah,Campbell,Child,2008-04-22,M,Active
DP000418401,EE0004184,Grace,Moore,Spouse,1978-12-23,F,Active
DP000418402,EE0004184,Jordan,Moore,Child,2005-12-11,M,Active
DP000418501,EE0004185,Luis,Robinson,Domestic Partner,1965-03-16,M,Active
DP000418701,EE0004187,Andre,Walker,Child,2021-05-15,F,Active
DP000418702,EE0004187,David,Walker,Child,2010-09-09,M,Active
DP000418801,EE0004188,Amara,Ibrahim,Child,2012-08-09,F,Active
DP000418802,EE0004188,Michael,Ibrahim,Child,2021-10-29,F,Active
DP000419101,EE0004191,Angela,Smith,Child,2005-04-15,M,Active
DP000419201,EE0004192,Omar,Davis,Domestic Partner,1984-10-28,F,Active
DP000419202,EE0004192,Luis,Davis,Child,2015-03-02,M,Active
DP000419401,EE0004194,Fatima,Lewis,Spouse,1994-09-04,F,Active
DP000419601,EE0004196,Andre,Garcia,Child,2012-07-31,F,Active
DP000419602,EE0004196,Chiamaka,Garcia,Child,2004-12-02,F,Active
DP000419701,EE0004197,Elena,Patel,Domestic Partner,1985-01-28,M,Active
DP000419702,EE0004197,Samuel,Patel,Child,2018-07-28,M,Active
DP000420101,EE0004201,Grace,Walker,Child,2021-08-07,F,Active
DP000420501,EE0004205,Zoe,Adeyemi,Domestic Partner,1969-11-28,M,Active
DP000420502,EE0004205,Fatima,Adeyemi,Child,2020-04-06,F,Active
DP000420701,EE0004207,Samuel,Garcia,Domestic Partner,1999-12-12,F,Active
DP000420702,EE0004207,Kevin,Garcia,Child,2024-01-18,M,Active
DP000421401,EE0004214,Andre,Nguyen,Spouse,1989-10-08,M,Active
DP000421402,EE0004214,Ethan,Nguyen,Child,2013-05-10,M,Active
DP000421701,EE0004217,Andre,Lewis,Spouse,1986-03-21,M,Active
DP000421702,EE0004217,Zoe,Lewis,Child,2003-12-15,F,Active
DP000422101,EE0004221,Leah,Robinson,Child,2006-02-19,F,Active
DP000422801,EE0004228,Nia,Thomas,Domestic Partner,2003-11-24,M,Active
DP000422802,EE0004228,David,Thomas,Child,2022-12-03,F,Active
DP000423401,EE0004234,Jordan,Garcia,Child,2025-02-06,F,Active
DP000423501,EE0004235,Olivia,Martinez,Spouse,1963-09-05,F,Active
DP000423601,EE0004236,Sophia,Nguyen,Domestic Partner,1992-01-24,M,Active
DP000423602,EE0004236,Jasmine,Nguyen,Child,2025-04-02,F,Active
DP000423801,EE0004238,Luis,Lewis,Domestic Partner,1997-01-24,M,Active
DP000423802,EE0004238,Jasmine,Lewis,Child,2020-05-21,F,Active
DP000423901,EE0004239,Zoe,Bennett,Spouse,1970-03-15,F,Active
DP000424001,EE0004240,Aaliyah,Smith,Child,2014-08-18,F,Active
DP000424002,EE0004240,Aaliyah,Smith,Child,2013-03-10,M,Active
DP000424003,EE0004240,Malik,Smith,Child,2008-11-29,M,Active
DP000424101,EE0004241,Kevin,Miller,Spouse,1984-06-30,M,Active
DP000424301,EE0004243,Isaiah,Ibrahim,Child,2026-06-27,M,Active
DP000424302,EE0004243,Priya,Ibrahim,Child,2004-10-18,F,Active
DP000424501,EE0004245,Omar,Mensah,Spouse,1980-09-17,F,Active
DP000424801,EE0004248,Naomi,Campbell,Spouse,1982-06-13,M,Active
DP000424802,EE0004248,Elena,Campbell,Child,2023-08-24,F,Active
DP000424803,EE0004248,Grace,Campbell,Child,2006-09-16,M,Active
DP000424901,EE0004249,Jordan,Smith,Spouse,1983-10-17,F,Active
DP000425001,EE0004250,Samuel,Smith,Child,2023-06-14,M,Active
DP000425101,EE0004251,Andre,Adeyemi,Child,2025-09-26,M,Active
DP000425301,EE0004253,Malik,Garcia,Domestic Partner,1994-12-03,M,Active
DP000425302,EE0004253,Isaiah,Garcia,Child,2024-09-20,M,Active
DP000425303,EE0004253,Samuel,Garcia,Child,2022-05-11,M,Active
DP000425401,EE0004254,Jordan,Johnson,Spouse,1999-12-28,M,Active
DP000425402,EE0004254,Carlos,Johnson,Child,2021-11-05,M,Active
DP000425601,EE0004256,Maya,Taylor,Spouse,1971-05-27,F,Active
DP000425801,EE0004258,Victor,Brown,Domestic Partner,1974-06-08,M,Active
DP000425802,EE0004258,Grace,Brown,Child,2006-04-21,M,Active
DP000425901,EE0004259,Aaliyah,Garcia,Domestic Partner,1993-09-21,M,Active
DP000426101,EE0004261,Nia,Walker,Child,2017-05-22,M,Active
DP000426201,EE0004262,Fatima,Davis,Spouse,2002-03-02,M,Active
DP000426202,EE0004262,Jasmine,Davis,Child,2026-06-28,F,Active
DP000426203,EE0004262,Andre,Davis,Child,2026-06-16,M,Active
DP000426301,EE0004263,Naomi,Patel,Child,2008-07-30,F,Active
DP000426401,EE0004264,Olivia,Miller,Domestic Partner,1973-07-07,M,Active
DP000426801,EE0004268,Aaliyah,Miller,Child,2003-02-06,M,Active
DP000426802,EE0004268,Chiamaka,Miller,Child,2023-07-16,M,Active
DP000426803,EE0004268,Chiamaka,Miller,Child,2009-09-09,F,Active
DP000427001,EE0004270,Angela,Lewis,Domestic Partner,1974-11-02,M,Active
DP000427401,EE0004274,Grace,Adeyemi,Spouse,1980-03-11,F,Active
DP000427402,EE0004274,Angela,Adeyemi,Child,2005-01-05,F,Active
DP000427501,EE0004275,Elena,Martinez,Child,2021-01-20,M,Active
DP000427801,EE0004278,Ethan,Patel,Child,2015-03-18,M,Active
DP000428001,EE0004280,Amara,Ibrahim,Domestic Partner,2005-10-24,F,Active
DP000428201,EE0004282,Amara,Walker,Child,2004-03-19,F,Active
DP000428202,EE0004282,Luis,Walker,Child,2009-12-09,F,Active
DP000428203,EE0004282,Zoe,Walker,Child,2019-12-23,M,Active
DP000428301,EE0004283,Andre,Campbell,Child,2011-11-03,F,Active
DP000428302,EE0004283,Elena,Campbell,Child,2024-12-19,M,Active
DP000428701,EE0004287,Grace,Miller,Domestic Partner,1971-08-20,F,Active
DP000428702,EE0004287,Omar,Miller,Child,2003-03-16,M,Active
DP000429001,EE0004290,Naomi,Kim,Child,2014-10-05,F,Active
DP000429101,EE0004291,Daniel,Robinson,Child,2005-07-14,M,Active
DP000429102,EE0004291,Jordan,Robinson,Child,2020-06-18,M,Active
DP000429103,EE0004291,Olivia,Robinson,Child,2015-05-07,F,Active
DP000429201,EE0004292,Jordan,Thomas,Child,2025-02-26,M,Active
DP000429301,EE0004293,Angela,Patel,Child,2024-03-31,M,Active
DP000429302,EE0004293,Elena,Patel,Child,2006-03-13,M,Active
DP000429401,EE0004294,Michael,Bennett,Domestic Partner,2002-07-10,M,Active
DP000429402,EE0004294,Andre,Bennett,Child,2025-05-25,F,Active
DP000429601,EE0004296,Aaliyah,Chen,Domestic Partner,1998-02-03,F,Active
DP000429602,EE0004296,Zoe,Chen,Child,2026-01-28,M,Active
DP000429603,EE0004296,Zoe,Chen,Child,2019-01-09,M,Active
DP000429701,EE0004297,Luis,Adeyemi,Spouse,1971-07-22,M,Active
DP000430001,EE0004300,Ethan,Ibrahim,Spouse,1969-08-15,F,Active
DP000430201,EE0004302,Elena,Kim,Domestic Partner,1967-09-14,F,Active
DP000430202,EE0004302,Olivia,Kim,Child,2022-07-08,M,Active
DP000430301,EE0004303,Leah,Lewis,Spouse,1981-08-05,F,Active
DP000430302,EE0004303,Kevin,Lewis,Child,2013-10-06,F,Active
DP000430601,EE0004306,Luis,Chen,Domestic Partner,1973-12-05,F,Active
DP000430602,EE0004306,Isaiah,Chen,Child,2012-10-08,F,Active
DP000430901,EE0004309,Grace,Kim,Domestic Partner,1967-05-20,F,Active
DP000430902,EE0004309,Aaliyah,Kim,Child,2013-10-04,M,Active
DP000430903,EE0004309,Amara,Kim,Child,2015-04-20,F,Active
DP000431101,EE0004311,Chiamaka,Williams,Domestic Partner,1995-03-16,M,Active
DP000431201,EE0004312,Jasmine,Kim,Spouse,1971-07-11,M,Active
DP000431301,EE0004313,Angela,Williams,Domestic Partner,1991-03-08,M,Active
DP000431302,EE0004313,David,Williams,Child,2021-10-31,M,Active
DP000431303,EE0004313,Carlos,Williams,Child,2017-10-31,F,Active
DP000431401,EE0004314,Maya,Martinez,Domestic Partner,1965-08-25,M,Active
DP000431501,EE0004315,Maya,Walker,Spouse,1977-03-17,M,Active
DP000431601,EE0004316,Elena,Wilson,Domestic Partner,1999-06-22,F,Active
DP000431701,EE0004317,Nia,Mensah,Spouse,1986-06-06,M,Active
DP000432101,EE0004321,Isaiah,Ibrahim,Domestic Partner,1963-12-22,M,Active
DP000432102,EE0004321,Andre,Ibrahim,Child,2007-09-22,F,Active
DP000432103,EE0004321,Angela,Ibrahim,Child,2008-01-01,M,Active
DP000432201,EE0004322,Naomi,Wilson,Domestic Partner,1970-08-22,M,Active
DP000432202,EE0004322,Sophia,Wilson,Child,2008-12-28,M,Active
DP000432301,EE0004323,Nia,Kim,Spouse,1984-09-15,F,Active
DP000432401,EE0004324,Nia,Chen,Spouse,1995-01-28,F,Active
DP000432402,EE0004324,Jordan,Chen,Child,2024-05-13,F,Active
DP000432501,EE0004325,Omar,Patel,Child,2005-07-01,F,Active
DP000432601,EE0004326,Samuel,Hernandez,Child,2004-08-24,F,Active
DP000432801,EE0004328,Nia,Davis,Child,2008-12-09,F,Active
DP000432901,EE0004329,Fatima,Hernandez,Child,2024-09-10,F,Active
DP000432902,EE0004329,Angela,Hernandez,Child,2022-01-24,F,Active
DP000433101,EE0004331,Jordan,Adams,Domestic Partner,1991-12-02,M,Active
DP000433301,EE0004333,Priya,Taylor,Spouse,2000-09-28,F,Active
DP000433501,EE0004335,Andre,Okafor,Child,2021-06-19,M,Active
DP000433502,EE0004335,Grace,Okafor,Child,2014-03-20,F,Active
DP000433503,EE0004335,Olivia,Okafor,Child,2024-10-10,M,Active
DP000433901,EE0004339,Kevin,Robinson,Domestic Partner,1967-01-05,F,Active
DP000433902,EE0004339,Isaiah,Robinson,Child,2016-06-16,F,Active
DP000434001,EE0004340,Victor,Smith,Spouse,1964-11-27,F,Active
DP000434002,EE0004340,Maya,Smith,Child,2004-04-29,M,Active
DP000434101,EE0004341,Ethan,Walker,Spouse,1996-05-19,F,Active
DP000434102,EE0004341,Michael,Walker,Child,2016-06-07,F,Active
DP000434201,EE0004342,Aaliyah,Hernandez,Child,2015-02-09,F,Active
DP000434202,EE0004342,Noah,Hernandez,Child,2016-02-12,M,Active
DP000434301,EE0004343,Aaliyah,Williams,Child,2015-07-16,M,Active
DP000434302,EE0004343,Leah,Williams,Child,2006-09-05,F,Active
DP000434501,EE0004345,Fatima,Moore,Child,2015-12-30,M,Active
DP000434502,EE0004345,Isaiah,Moore,Child,2004-01-30,M,Active
DP000434801,EE0004348,Noah,Garcia,Domestic Partner,1986-06-12,F,Active
DP000434802,EE0004348,Jasmine,Garcia,Child,2016-08-31,F,Active
DP000435101,EE0004351,Noah,Patel,Child,2025-04-03,M,Active
DP000435501,EE0004355,Jasmine,Chen,Domestic Partner,2001-03-22,F,Active
DP000435502,EE0004355,Michael,Chen,Child,2021-02-14,M,Active
DP000435503,EE0004355,Jordan,Chen,Child,2023-08-29,M,Active
DP000435601,EE0004356,Luis,Smith,Domestic Partner,1976-01-26,F,Active
DP000435602,EE0004356,Samuel,Smith,Child,2021-08-24,M,Active
DP000435701,EE0004357,Sophia,Williams,Child,2004-09-16,M,Active
DP000435702,EE0004357,Isaiah,Williams,Child,2022-09-21,F,Active
DP000435703,EE0004357,Zoe,Williams,Child,2008-10-30,F,Active
DP000436501,EE0004365,Jordan,Walker,Child,2023-06-25,F,Active
DP000436502,EE0004365,Elena,Walker,Child,2024-12-16,M,Active
DP000436601,EE0004366,Sophia,Robinson,Domestic Partner,1970-07-01,F,Active
DP000436602,EE0004366,Carlos,Robinson,Child,2001-11-25,M,Active
DP000436901,EE0004369,Noah,Brown,Child,2020-05-27,M,Active
DP000437401,EE0004374,Kevin,Hernandez,Spouse,1988-09-18,M,Active
DP000437402,EE0004374,Priya,Hernandez,Child,2025-05-21,M,Active
DP000437501,EE0004375,Luis,Kim,Spouse,1985-10-16,F,Active
DP000437502,EE0004375,Sophia,Kim,Child,2016-07-22,M,Active
DP000437601,EE0004376,Omar,Brown,Spouse,1984-10-10,F,Active
DP000437602,EE0004376,Michael,Brown,Child,2019-07-14,F,Active
DP000437603,EE0004376,Zoe,Brown,Child,2011-07-12,F,Active
DP000437701,EE0004377,Naomi,Adeyemi,Child,2024-08-05,F,Active
DP000437702,EE0004377,Naomi,Adeyemi,Child,2013-10-25,F,Active
DP000438101,EE0004381,Andre,Hernandez,Child,2018-09-06,M,Active
DP000438102,EE0004381,Isaiah,Hernandez,Child,2018-07-10,F,Active
DP000438401,EE0004384,Leah,Campbell,Child,2003-01-02,F,Active
DP000438701,EE0004387,Daniel,Chen,Domestic Partner,1975-06-30,M,Active
DP000438702,EE0004387,Omar,Chen,Child,2010-12-04,M,Active
DP000438801,EE0004388,Andre,Chen,Child,2001-04-07,F,Active
DP000438802,EE0004388,Omar,Chen,Child,2014-04-27,M,Active
DP000438803,EE0004388,David,Chen,Child,2001-05-06,M,Active
DP000439101,EE0004391,Chiamaka,Johnson,Domestic Partner,2004-04-03,M,Active
DP000439201,EE0004392,Grace,Brown,Child,2003-02-19,F,Active
DP000439601,EE0004396,Malik,Hernandez,Spouse,1980-02-25,F,Active
DP000439602,EE0004396,Nia,Hernandez,Child,2019-07-16,F,Active
DP000439801,EE0004398,Maya,Williams,Domestic Partner,1975-11-18,F,Active
DP000439802,EE0004398,David,Williams,Child,2017-10-21,F,Active
DP000439803,EE0004398,Noah,Williams,Child,2002-04-30,F,Active
DP000439901,EE0004399,Michael,Chen,Domestic Partner,2006-02-04,M,Active
DP000440101,EE0004401,Luis,Taylor,Domestic Partner,1995-07-18,F,Active
DP000440102,EE0004401,Victor,Taylor,Child,2025-09-02,F,Active
DP000440103,EE0004401,Isaiah,Taylor,Child,2015-01-21,M,Active
DP000440201,EE0004402,Jordan,Taylor,Domestic Partner,2001-05-02,M,Active
DP000440202,EE0004402,Nia,Taylor,Child,2025-01-11,F,Active
DP000440301,EE0004403,Andre,Wilson,Child,2009-10-27,F,Active
DP000440401,EE0004404,Malik,Adeyemi,Domestic Partner,1985-06-17,F,Active
DP000440402,EE0004404,Jordan,Adeyemi,Child,2009-12-22,F,Active
DP000440501,EE0004405,Jordan,Robinson,Domestic Partner,1994-01-25,M,Active
DP000440502,EE0004405,Ethan,Robinson,Child,2021-05-28,M,Active
DP000441101,EE0004411,Elena,Johnson,Domestic Partner,1991-09-02,F,Active
DP000441201,EE0004412,Victor,Davis,Child,2020-10-19,M,Active
DP000441202,EE0004412,Aaliyah,Davis,Child,2019-07-09,F,Active
DP000441701,EE0004417,Michael,Lewis,Child,2009-07-19,M,Active
DP000441801,EE0004418,Grace,Mensah,Child,2024-04-12,F,Active
DP000441802,EE0004418,Nia,Mensah,Child,2016-05-05,F,Active
DP000442101,EE0004421,Chiamaka,Williams,Spouse,1996-06-08,F,Active
DP000442301,EE0004423,Zoe,Johnson,Spouse,1985-07-08,F,Active
DP000442302,EE0004423,Grace,Johnson,Child,2017-09-28,F,Active
DP000442501,EE0004425,Isaiah,Patel,Spouse,1986-07-15,F,Active
DP000442701,EE0004427,Victor,Bennett,Domestic Partner,1973-01-03,M,Active
DP000442702,EE0004427,Angela,Bennett,Child,2005-02-27,F,Active
DP000442703,EE0004427,Olivia,Bennett,Child,2026-06-10,F,Active
DP000442801,EE0004428,Daniel,Davis,Spouse,1972-10-08,F,Active
DP000443001,EE0004430,Isaiah,Adams,Child,2007-07-19,M,Active
DP000443501,EE0004435,Daniel,Moore,Child,2025-03-22,M,Active
DP000443601,EE0004436,Carlos,Okafor,Child,2024-05-10,M,Active
DP000444001,EE0004440,Angela,Kim,Domestic Partner,1985-10-31,M,Active
DP000444002,EE0004440,Fatima,Kim,Child,2017-11-18,M,Active
DP000444101,EE0004441,Kevin,Adeyemi,Child,2012-10-11,M,Active
DP000444301,EE0004443,David,Robinson,Child,2015-10-16,F,Active
DP000444302,EE0004443,Carlos,Robinson,Child,2014-08-09,F,Active
DP000444601,EE0004446,Andre,Taylor,Domestic Partner,1981-04-18,F,Active
DP000444901,EE0004449,Luis,Kim,Domestic Partner,1988-10-23,F,Active
DP000445001,EE0004450,Maya,Wilson,Domestic Partner,2001-03-25,F,Active
DP000445002,EE0004450,Maya,Wilson,Child,2017-01-30,M,Active
DP000445401,EE0004454,Noah,Johnson,Child,2015-07-22,M,Active
DP000445501,EE0004455,Naomi,Campbell,Spouse,1961-06-03,M,Active
DP000445502,EE0004455,Andre,Campbell,Child,2015-07-11,F,Active
DP000445503,EE0004455,Malik,Campbell,Child,2015-09-08,M,Active
DP000445801,EE0004458,Olivia,Nguyen,Spouse,2000-08-07,M,Active
DP000445802,EE0004458,Aaliyah,Nguyen,Child,2022-02-17,F,Active
DP000446101,EE0004461,Jasmine,Campbell,Domestic Partner,1962-11-29,M,Active
DP000446102,EE0004461,Luis,Campbell,Child,2021-02-09,F,Active
DP000446201,EE0004462,Isaiah,Thomas,Spouse,1990-05-12,F,Active
DP000446301,EE0004463,Carlos,Nguyen,Domestic Partner,1981-06-03,F,Active
DP000446302,EE0004463,Carlos,Nguyen,Child,2024-01-01,F,Active
DP000446501,EE0004465,Zoe,Nguyen,Spouse,1964-11-30,F,Active
DP000446502,EE0004465,Elena,Nguyen,Child,2004-07-08,M,Active
DP000446601,EE0004466,Victor,Adeyemi,Spouse,2000-07-05,M,Active
DP000446602,EE0004466,Leah,Adeyemi,Child,2025-12-20,F,Active
DP000446901,EE0004469,Chiamaka,Brown,Domestic Partner,2000-03-30,F,Active
DP000447101,EE0004471,Grace,Moore,Spouse,1966-12-30,F,Active
DP000447102,EE0004471,Nia,Moore,Child,2016-01-15,F,Active
DP000447501,EE0004475,Omar,Smith,Child,2020-05-22,F,Active
DP000447801,EE0004478,Leah,Robinson,Domestic Partner,1978-06-19,M,Active
DP000447802,EE0004478,Chiamaka,Robinson,Child,2021-04-15,F,Active
DP000447803,EE0004478,Olivia,Robinson,Child,2021-01-27,F,Active
DP000447901,EE0004479,Luis,Brown,Child,2020-09-27,M,Active
DP000448001,EE0004480,Priya,Williams,Domestic Partner,1998-02-16,M,Active
DP000448201,EE0004482,Noah,Brown,Domestic Partner,1969-10-04,M,Active
DP000448202,EE0004482,Andre,Brown,Child,2022-06-09,F,Active
DP000448401,EE0004484,Jordan,Okafor,Child,2012-05-05,M,Active
DP000448402,EE0004484,Grace,Okafor,Child,2024-05-20,M,Active
DP000448501,EE0004485,Malik,Bennett,Spouse,1985-04-05,M,Active
DP000448502,EE0004485,Noah,Bennett,Child,2010-03-09,F,Active
DP000448601,EE0004486,Andre,Davis,Spouse,1996-09-23,F,Active
DP000448602,EE0004486,Noah,Davis,Child,2017-12-16,F,Active
DP000448603,EE0004486,Samuel,Davis,Child,2019-04-03,M,Active
DP000448701,EE0004487,Luis,Campbell,Domestic Partner,1971-05-23,M,Active
DP000448702,EE0004487,Fatima,Campbell,Child,2006-01-29,M,Active
DP000449101,EE0004491,Leah,Adeyemi,Child,2025-08-06,M,Active
DP000449102,EE0004491,Naomi,Adeyemi,Child,2024-11-01,M,Active
DP000449201,EE0004492,Kevin,Thomas,Domestic Partner,1981-05-10,F,Active
DP000449301,EE0004493,Jasmine,Patel,Spouse,1979-07-12,M,Active
DP000449302,EE0004493,Andre,Patel,Child,2008-10-18,F,Active
DP000449601,EE0004496,Omar,Wilson,Domestic Partner,1980-10-01,M,Active
DP000449602,EE0004496,Isaiah,Wilson,Child,2004-08-29,F,Active
DP000449603,EE0004496,Michael,Wilson,Child,2017-04-26,F,Active
DP000449701,EE0004497,Jasmine,Kim,Domestic Partner,1973-12-20,M,Active
DP000449702,EE0004497,Jordan,Kim,Child,2022-10-30,M,Active
DP000449703,EE0004497,Malik,Kim,Child,2021-04-02,M,Active
DP000449801,EE0004498,Chiamaka,Walker,Domestic Partner,1963-12-04,M,Active
DP000449802,EE0004498,Carlos,Walker,Child,2013-05-02,M,Active
DP000450001,EE0004500,Jordan,Hernandez,Child,2015-10-24,M,Active
DP000450201,EE0004502,Kevin,Moore,Domestic Partner,1975-07-30,F,Active
DP000450301,EE0004503,Isaiah,Davis,Spouse,1985-10-31,F,Active
DP000450701,EE0004507,Noah,Moore,Spouse,1989-06-10,M,Active
DP000450702,EE0004507,Olivia,Moore,Child,2008-01-26,F,Active
DP000450801,EE0004508,Carlos,Okafor,Child,2013-05-21,F,Active
DP000450901,EE0004509,Grace,Nguyen,Child,2008-04-20,M,Active
DP000450902,EE0004509,Kevin,Nguyen,Child,2017-03-29,F,Active
DP000450903,EE0004509,Angela,Nguyen,Child,2003-12-23,F,Active
DP000451301,EE0004513,Amara,Adeyemi,Child,2009-08-03,M,Active
DP000451701,EE0004517,Naomi,Bennett,Child,2025-09-12,M,Active
DP000451801,EE0004518,David,Walker,Spouse,1962-06-01,F,Active
DP000451802,EE0004518,Angela,Walker,Child,2024-06-18,M,Active
DP000451901,EE0004519,Jordan,Miller,Domestic Partner,1983-03-19,F,Active
DP000451902,EE0004519,Noah,Miller,Child,2011-09-08,M,Active
DP000452001,EE0004520,Michael,Robinson,Domestic Partner,1987-02-21,M,Active
DP000452002,EE0004520,Leah,Robinson,Child,2024-11-26,F,Active
DP000452101,EE0004521,Olivia,Campbell,Child,2017-02-02,F,Active
DP000452102,EE0004521,Angela,Campbell,Child,2021-09-09,M,Active
DP000452401,EE0004524,Samuel,Johnson,Child,2000-10-07,M,Active
DP000452402,EE0004524,Olivia,Johnson,Child,2012-09-11,F,Active
DP000452403,EE0004524,Amara,Johnson,Child,2002-05-02,M,Active
DP000452501,EE0004525,Sophia,Davis,Child,2014-12-06,M,Active
DP000452601,EE0004526,Kevin,Smith,Spouse,1984-04-23,M,Active
DP000452602,EE0004526,Fatima,Smith,Child,2018-04-11,M,Active
DP000452801,EE0004528,Priya,Adams,Domestic Partner,1971-02-04,M,Active
DP000452802,EE0004528,Grace,Adams,Child,2017-06-13,M,Active
DP000452803,EE0004528,Ethan,Adams,Child,2024-11-17,F,Active
DP000452901,EE0004529,Amara,Robinson,Domestic Partner,1974-01-10,F,Active
DP000453301,EE0004533,Zoe,Brown,Child,2015-08-07,F,Active
DP000453501,EE0004535,Elena,Okafor,Child,2023-01-21,M,Active
DP000453601,EE0004536,Leah,Patel,Spouse,2001-12-10,F,Active
DP000453901,EE0004539,Leah,Davis,Child,2026-01-24,F,Active
DP000454001,EE0004540,Omar,Garcia,Domestic Partner,1981-04-30,M,Active
DP000454101,EE0004541,Samuel,Smith,Child,2024-03-10,M,Active
DP000454102,EE0004541,Zoe,Smith,Child,2022-08-11,F,Active
DP000454201,EE0004542,Amara,Adams,Child,2016-04-26,M,Active
DP000454202,EE0004542,Michael,Adams,Child,2017-09-01,F,Active
DP000454401,EE0004544,Carlos,Bennett,Domestic Partner,1991-12-01,M,Active
DP000454601,EE0004546,Sophia,Okafor,Domestic Partner,1966-07-03,M,Active
DP000454602,EE0004546,Isaiah,Okafor,Child,2006-04-06,F,Active
DP000455001,EE0004550,Michael,Chen,Domestic Partner,1999-07-16,M,Active
DP000455101,EE0004551,Olivia,Lewis,Domestic Partner,1999-07-08,M,Active
DP000455102,EE0004551,Ethan,Lewis,Child,2020-11-17,F,Active
DP000455201,EE0004552,Michael,Brown,Child,2014-04-30,F,Active
DP000455202,EE0004552,Michael,Brown,Child,2022-06-03,M,Active
DP000455203,EE0004552,Angela,Brown,Child,2011-11-18,M,Active
DP000455301,EE0004553,Ethan,Adams,Domestic Partner,1992-10-09,M,Active
DP000455401,EE0004554,Priya,Bennett,Child,2003-08-10,F,Active
DP000455402,EE0004554,Aaliyah,Bennett,Child,2026-03-30,M,Active
DP000455501,EE0004555,David,Chen,Child,2009-05-17,F,Active
DP000455601,EE0004556,Fatima,Lewis,Spouse,1994-08-09,F,Active
DP000455602,EE0004556,Grace,Lewis,Child,2024-06-30,M,Active
DP000455603,EE0004556,Malik,Lewis,Child,2012-01-09,F,Active
DP000455701,EE0004557,Michael,Smith,Domestic Partner,1966-04-08,F,Active
DP000455901,EE0004559,Chiamaka,Smith,Domestic Partner,1989-11-09,F,Active
DP000456101,EE0004561,Michael,Martinez,Child,2006-05-29,M,Active
DP000456301,EE0004563,Chiamaka,Chen,Domestic Partner,1999-01-28,F,Active
DP000456401,EE0004564,Angela,Smith,Spouse,2004-01-16,F,Active
DP000456402,EE0004564,Carlos,Smith,Child,2025-02-24,M,Active
DP000456403,EE0004564,Amara,Smith,Child,2024-05-11,M,Active
DP000456501,EE0004565,Angela,Williams,Spouse,1999-06-29,F,Active
DP000456801,EE0004568,Amara,Taylor,Child,2014-02-06,F,Active
DP000456802,EE0004568,Jordan,Taylor,Child,2014-05-27,M,Active
DP000456803,EE0004568,Luis,Taylor,Child,2015-08-19,M,Active
DP000456901,EE0004569,Priya,Campbell,Child,2026-05-22,F,Active
DP000457101,EE0004571,Leah,Adeyemi,Spouse,1991-03-20,F,Active
DP000457301,EE0004573,Elena,Moore,Domestic Partner,1968-02-27,F,Active
DP000457401,EE0004574,Angela,Williams,Spouse,1993-01-14,F,Active
DP000457402,EE0004574,Jasmine,Williams,Child,2006-04-21,M,Active
DP000457701,EE0004577,Noah,Campbell,Domestic Partner,1993-05-30,M,Active
DP000457702,EE0004577,Elena,Campbell,Child,2019-02-14,M,Active
DP000458001,EE0004580,Chiamaka,Wilson,Spouse,1971-06-16,M,Active
DP000458002,EE0004580,Jasmine,Wilson,Child,2017-10-28,F,Active
DP000458201,EE0004582,Jordan,Thomas,Domestic Partner,2006-10-03,M,Active
DP000458401,EE0004584,Kevin,Thomas,Domestic Partner,1974-03-28,M,Active
DP000458402,EE0004584,Zoe,Thomas,Child,2008-07-25,M,Active
DP000458501,EE0004585,Amara,Miller,Domestic Partner,1998-01-06,F,Active
DP000458502,EE0004585,Elena,Miller,Child,2020-06-30,F,Active
DP000458601,EE0004586,Grace,Kim,Domestic Partner,1969-12-01,F,Active
DP000458701,EE0004587,Grace,Walker,Domestic Partner,1962-04-16,F,Active
DP000458801,EE0004588,Olivia,Taylor,Child,2010-03-03,F,Active
DP000458901,EE0004589,Amara,Mensah,Child,2005-07-14,M,Active
DP000458902,EE0004589,Michael,Mensah,Child,2001-06-02,M,Active
DP000459201,EE0004592,Samuel,Garcia,Child,2018-10-24,F,Active
DP000459202,EE0004592,Noah,Garcia,Child,2006-07-23,M,Active
DP000459801,EE0004598,Kevin,Thomas,Domestic Partner,1996-05-09,M,Active
DP000460001,EE0004600,Isaiah,Lewis,Spouse,1996-01-09,F,Active
DP000460101,EE0004601,Fatima,Garcia,Spouse,1972-10-17,M,Active
DP000460102,EE0004601,Fatima,Garcia,Child,2021-08-06,F,Active
DP000460401,EE0004604,Elena,Adams,Child,2013-01-29,M,Active
DP000460402,EE0004604,Luis,Adams,Child,2005-01-14,M,Active
DP000460601,EE0004606,Omar,Kim,Child,2024-06-01,F,Active
DP000460602,EE0004606,Chiamaka,Kim,Child,2021-08-21,M,Active
DP000460801,EE0004608,Maya,Taylor,Child,2005-06-28,F,Active
DP000460901,EE0004609,Nia,Taylor,Spouse,2003-08-14,F,Active
DP000461201,EE0004612,Angela,Moore,Child,2003-08-16,F,Active
DP000461501,EE0004615,Ethan,Adams,Domestic Partner,2007-05-27,M,Active
DP000461502,EE0004615,Elena,Adams,Child,2026-04-29,M,Active
DP000461701,EE0004617,Kevin,Lewis,Child,2020-12-13,M,Active
DP000461702,EE0004617,David,Lewis,Child,2010-01-09,F,Active
DP000461703,EE0004617,Grace,Lewis,Child,2023-06-12,F,Active
DP000462001,EE0004620,Olivia,Okafor,Domestic Partner,1991-05-16,M,Active
DP000462002,EE0004620,Samuel,Okafor,Child,2017-11-25,M,Active
DP000462201,EE0004622,Noah,Kim,Spouse,2001-05-30,F,Active
DP000462401,EE0004624,Jordan,Okafor,Child,2015-05-15,F,Active
DP000462402,EE0004624,Amara,Okafor,Child,2000-08-14,F,Active
DP000462501,EE0004625,Fatima,Adeyemi,Domestic Partner,1987-03-31,F,Active
DP000462601,EE0004626,Aaliyah,Smith,Domestic Partner,1963-04-03,M,Active
DP000462602,EE0004626,Isaiah,Smith,Child,2005-02-17,M,Active
DP000462801,EE0004628,Carlos,Adeyemi,Child,2017-09-10,M,Active
DP000462802,EE0004628,Michael,Adeyemi,Child,2019-08-25,M,Active
DP000462901,EE0004629,Sophia,Davis,Spouse,1967-07-12,F,Active
DP000462902,EE0004629,Omar,Davis,Child,2017-06-27,F,Active
DP000463101,EE0004631,Luis,Thomas,Domestic Partner,1963-08-07,M,Active
DP000463102,EE0004631,Elena,Thomas,Child,2024-10-06,M,Active
DP000463201,EE0004632,Andre,Walker,Domestic Partner,2003-09-18,F,Active
DP000463202,EE0004632,Priya,Walker,Child,2023-09-06,M,Active
DP000463301,EE0004633,Omar,Garcia,Domestic Partner,1975-05-16,M,Active
DP000463501,EE0004635,Daniel,Bennett,Spouse,1961-12-24,M,Active
DP000463502,EE0004635,Noah,Bennett,Child,2013-03-18,M,Active
DP000463601,EE0004636,Daniel,Adams,Child,2003-04-20,F,Active
DP000463701,EE0004637,Amara,Mensah,Child,2023-02-14,M,Active
DP000463702,EE0004637,David,Mensah,Child,2023-04-18,M,Active
DP000463801,EE0004638,Ethan,Patel,Child,2018-05-30,M,Active
DP000463802,EE0004638,Noah,Patel,Child,2004-12-21,M,Active
DP000463803,EE0004638,David,Patel,Child,2010-07-18,M,Active
DP000463901,EE0004639,Omar,Williams,Child,2016-11-21,F,Active
DP000463902,EE0004639,David,Williams,Child,2021-04-21,M,Active
DP000464001,EE0004640,Aaliyah,Smith,Domestic Partner,1982-01-05,F,Active
DP000464101,EE0004641,Noah,Patel,Child,2009-05-17,F,Active
DP000464102,EE0004641,Ethan,Patel,Child,2017-03-06,F,Active
DP000464103,EE0004641,Chiamaka,Patel,Child,2001-08-29,M,Active
DP000464301,EE0004643,Isaiah,Johnson,Child,2024-10-13,M,Active
DP000464401,EE0004644,Samuel,Williams,Domestic Partner,1961-04-10,F,Active
DP000464402,EE0004644,Priya,Williams,Child,2015-10-08,F,Active
DP000464701,EE0004647,Carlos,Adams,Child,2019-12-19,M,Active
DP000464801,EE0004648,Elena,Kim,Domestic Partner,1997-10-06,F,Active
DP000464802,EE0004648,Daniel,Kim,Child,2015-09-28,F,Active
DP000464803,EE0004648,Grace,Kim,Child,2018-07-10,F,Active
DP000464901,EE0004649,Maya,Wilson,Child,2025-10-24,F,Active
DP000465301,EE0004653,Naomi,Hernandez,Child,2020-10-20,M,Active
DP000465302,EE0004653,Andre,Hernandez,Child,2022-10-02,F,Active
DP000465401,EE0004654,Isaiah,Brown,Domestic Partner,1997-11-16,F,Active
DP000465601,EE0004656,Chiamaka,Adeyemi,Child,2018-01-08,F,Active
DP000465602,EE0004656,Sophia,Adeyemi,Child,2025-10-07,M,Active
DP000465801,EE0004658,Maya,Lewis,Spouse,1974-11-10,M,Active
DP000465802,EE0004658,Zoe,Lewis,Child,2013-05-04,M,Active
DP000466001,EE0004660,Luis,Martinez,Child,2006-01-12,F,Active
DP000466401,EE0004664,Sophia,Bennett,Spouse,1989-02-17,F,Active
DP000466402,EE0004664,Daniel,Bennett,Child,2019-03-09,M,Active
DP000466501,EE0004665,Elena,Robinson,Child,2011-07-02,F,Active
DP000466502,EE0004665,Naomi,Robinson,Child,2019-05-06,M,Active
DP000466503,EE0004665,Priya,Robinson,Child,2002-01-31,M,Active
DP000466801,EE0004668,Elena,Bennett,Domestic Partner,1976-10-10,F,Active
DP000466802,EE0004668,Amara,Bennett,Child,2022-02-03,M,Active
DP000466803,EE0004668,Naomi,Bennett,Child,2022-12-04,F,Active
DP000467101,EE0004671,Samuel,Adeyemi,Child,2023-02-11,F,Active
DP000467201,EE0004672,Nia,Nguyen,Child,2013-01-29,M,Active
DP000467301,EE0004673,Olivia,Kim,Child,2023-09-06,M,Active
DP000467601,EE0004676,Sophia,Ibrahim,Child,2019-07-12,M,Active
DP000467602,EE0004676,Grace,Ibrahim,Child,2007-09-05,M,Active
DP000467701,EE0004677,David,Thomas,Child,2021-06-25,F,Active
DP000467801,EE0004678,Nia,Adams,Child,2007-09-07,M,Active
DP000468001,EE0004680,Priya,Johnson,Domestic Partner,1994-12-19,F,Active
DP000468002,EE0004680,Sophia,Johnson,Child,2026-04-15,F,Active
DP000468201,EE0004682,Sophia,Chen,Child,2011-05-26,F,Active
DP000468202,EE0004682,Malik,Chen,Child,2009-08-26,F,Active
DP000468501,EE0004685,Sophia,Patel,Spouse,2002-05-21,M,Active
DP000468601,EE0004686,Carlos,Lewis,Spouse,1971-02-06,F,Active
DP000468901,EE0004689,Maya,Campbell,Spouse,1971-10-14,F,Active
DP000468902,EE0004689,Zoe,Campbell,Child,2004-01-31,M,Active
DP000469001,EE0004690,Noah,Miller,Child,2001-03-28,M,Active
DP000469002,EE0004690,Malik,Miller,Child,2003-09-29,M,Active
DP000469003,EE0004690,Fatima,Miller,Child,2005-12-02,M,Active
DP000469101,EE0004691,Kevin,Thomas,Domestic Partner,1993-12-24,F,Active
DP000469102,EE0004691,Omar,Thomas,Child,2010-02-13,F,Active
DP000469501,EE0004695,Isaiah,Nguyen,Child,2011-07-07,F,Active
DP000469502,EE0004695,Zoe,Nguyen,Child,2025-08-09,F,Active
DP000469701,EE0004697,Fatima,Adeyemi,Domestic Partner,1970-03-10,M,Active
DP000469801,EE0004698,Zoe,Bennett,Domestic Partner,1986-05-28,F,Active
DP000469901,EE0004699,Naomi,Patel,Child,2023-02-14,F,Active
DP000469902,EE0004699,Naomi,Patel,Child,2022-12-18,M,Active
DP000469903,EE0004699,Jasmine,Patel,Child,2023-06-18,F,Active
DP000470001,EE0004700,Amara,Davis,Child,2005-08-04,M,Active
DP000470201,EE0004702,Chiamaka,Davis,Spouse,1992-03-30,M,Active
DP000470401,EE0004704,Kevin,Robinson,Child,2020-09-23,M,Active
DP000470402,EE0004704,Isaiah,Robinson,Child,2024-01-11,M,Active
DP000470501,EE0004705,Grace,Davis,Domestic Partner,2000-06-08,M,Active
DP000470502,EE0004705,Chiamaka,Davis,Child,2021-01-15,M,Active
DP000470601,EE0004706,Sophia,Brown,Spouse,1982-07-13,M,Active
DP000470602,EE0004706,Maya,Brown,Child,2005-01-14,M,Active
DP000470701,EE0004707,Isaiah,Martinez,Child,2014-07-08,M,Active
DP000470801,EE0004708,Aaliyah,Brown,Spouse,2000-12-16,F,Active
DP000471001,EE0004710,Grace,Brown,Domestic Partner,2000-11-18,M,Active
DP000471002,EE0004710,Sophia,Brown,Child,2015-04-27,F,Active
DP000471101,EE0004711,Aaliyah,Patel,Spouse,2005-09-03,M,Active
DP000471501,EE0004715,Jasmine,Garcia,Spouse,1992-06-22,M,Active
DP000471502,EE0004715,Ethan,Garcia,Child,2004-10-06,M,Active
DP000471801,EE0004718,Priya,Adams,Spouse,1968-04-18,M,Active
DP000471901,EE0004719,Noah,Nguyen,Child,2024-04-01,M,Active
DP000472001,EE0004720,Jasmine,Johnson,Child,2009-08-12,F,Active
DP000472201,EE0004722,Naomi,Thomas,Spouse,1963-08-16,M,Active
DP000472202,EE0004722,Angela,Thomas,Child,2005-09-05,M,Active
DP000472301,EE0004723,Victor,Okafor,Spouse,1984-07-02,M,Active
DP000472801,EE0004728,Nia,Chen,Child,2014-06-24,M,Active
DP000472901,EE0004729,Elena,Williams,Spouse,1984-10-13,F,Active
DP000473001,EE0004730,Elena,Chen,Child,2005-03-08,M,Active
DP000473201,EE0004732,Chiamaka,Robinson,Child,2004-12-16,F,Active
DP000473202,EE0004732,Andre,Robinson,Child,2021-07-31,F,Active
DP000473203,EE0004732,Sophia,Robinson,Child,2021-05-19,M,Active
DP000473701,EE0004737,Olivia,Adams,Domestic Partner,1980-02-05,M,Active
DP000474001,EE0004740,Jordan,Miller,Child,2023-11-19,M,Active
DP000474002,EE0004740,David,Miller,Child,2022-04-05,F,Active
DP000474003,EE0004740,Naomi,Miller,Child,2023-11-29,F,Active
DP000474101,EE0004741,Omar,Williams,Spouse,1971-04-01,M,Active
DP000474102,EE0004741,Ethan,Williams,Child,2005-04-07,M,Active
DP000474201,EE0004742,Leah,Garcia,Child,2019-04-21,F,Active
DP000474202,EE0004742,Isaiah,Garcia,Child,2013-11-23,M,Active
DP000474301,EE0004743,Amara,Okafor,Domestic Partner,2000-12-04,M,Active
DP000474302,EE0004743,Daniel,Okafor,Child,2018-11-30,M,Active
DP000474501,EE0004745,Angela,Okafor,Domestic Partner,2001-06-08,M,Active
DP000474701,EE0004747,Zoe,Ibrahim,Child,2020-02-02,M,Active
DP000474702,EE0004747,Olivia,Ibrahim,Child,2008-05-01,M,Active
DP000475001,EE0004750,Carlos,Thomas,Spouse,1967-02-06,M,Active
DP000475002,EE0004750,Kevin,Thomas,Child,2010-09-08,F,Active
DP000475101,EE0004751,Olivia,Campbell,Domestic Partner,1980-07-03,F,Active
DP000475201,EE0004752,Amara,Garcia,Spouse,1973-06-09,M,Active
DP000475202,EE0004752,Isaiah,Garcia,Child,2011-09-15,M,Active
DP000475301,EE0004753,Amara,Robinson,Spouse,1987-11-21,F,Active
DP000475901,EE0004759,Leah,Kim,Spouse,1969-07-09,M,Active
DP000475902,EE0004759,Noah,Kim,Child,2016-02-25,F,Active
DP000475903,EE0004759,Omar,Kim,Child,2011-08-10,M,Active
DP000476101,EE0004761,Malik,Miller,Child,2022-02-02,M,Active
DP000476401,EE0004764,Nia,Kim,Spouse,1968-05-05,F,Active
DP000476501,EE0004765,David,Lewis,Spouse,2001-07-24,M,Active
DP000476701,EE0004767,Samuel,Thomas,Domestic Partner,1998-05-11,F,Active
DP000476801,EE0004768,Michael,Okafor,Child,2005-04-17,F,Active
DP000476802,EE0004768,Malik,Okafor,Child,2010-12-01,M,Active
DP000477001,EE0004770,Aaliyah,Nguyen,Child,2020-10-22,M,Active
DP000477002,EE0004770,Amara,Nguyen,Child,2020-12-08,M,Active
DP000477101,EE0004771,Sophia,Adams,Child,2011-05-09,M,Active
DP000477301,EE0004773,Aaliyah,Kim,Spouse,1966-10-17,M,Active
DP000477302,EE0004773,Angela,Kim,Child,2005-05-08,F,Active
DP000477401,EE0004774,Nia,Hernandez,Domestic Partner,1989-07-17,F,Active
DP000477501,EE0004775,David,Nguyen,Child,2016-04-11,M,Active
DP000477502,EE0004775,Maya,Nguyen,Child,2019-11-01,F,Active
DP000477601,EE0004776,Kevin,Robinson,Child,2018-12-23,F,Active
DP000477801,EE0004778,Noah,Hernandez,Domestic Partner,2000-12-03,M,Active
DP000477901,EE0004779,David,Thomas,Spouse,1966-03-11,M,Active
DP000478601,EE0004786,Sophia,Thomas,Child,2025-09-05,F,Active
DP000478602,EE0004786,Zoe,Thomas,Child,2000-01-27,M,Active
DP000478701,EE0004787,Samuel,Garcia,Child,2023-02-18,M,Active
DP000478702,EE0004787,Luis,Garcia,Child,2010-09-23,F,Active
DP000478901,EE0004789,Isaiah,Kim,Child,2025-01-08,F,Active
DP000478902,EE0004789,Olivia,Kim,Child,2025-11-17,M,Active
DP000479001,EE0004790,Malik,Garcia,Child,2015-05-16,M,Active
DP000479002,EE0004790,Grace,Garcia,Child,2019-03-21,M,Active
DP000479501,EE0004795,Daniel,Chen,Spouse,1992-01-31,M,Active
DP000479502,EE0004795,Amara,Chen,Child,2017-08-27,F,Active
DP000479601,EE0004796,Naomi,Williams,Domestic Partner,2002-02-02,M,Active
DP000479602,EE0004796,Luis,Williams,Child,2025-03-22,F,Active
DP000479603,EE0004796,Olivia,Williams,Child,2026-01-25,F,Active
DP000479701,EE0004797,Amara,Garcia,Spouse,1998-08-25,F,Active
DP000479901,EE0004799,Carlos,Okafor,Spouse,1962-05-12,M,Active
DP000479902,EE0004799,Kevin,Okafor,Child,2022-05-15,F,Active
DP000480001,EE0004800,Ethan,Robinson,Child,2025-06-16,F,Active
DP000480201,EE0004802,Malik,Martinez,Domestic Partner,2001-02-18,F,Active
DP000480202,EE0004802,Daniel,Martinez,Child,2026-01-08,M,Active
DP000480601,EE0004806,Kevin,Taylor,Child,2020-06-18,F,Active
DP000480801,EE0004808,Jasmine,Williams,Spouse,1977-02-04,F,Active
DP000481001,EE0004810,Zoe,Thomas,Domestic Partner,1966-09-01,F,Active
DP000481101,EE0004811,Malik,Thomas,Domestic Partner,2002-07-15,F,Active
DP000481201,EE0004812,Maya,Okafor,Spouse,1970-11-01,F,Active
DP000481401,EE0004814,Jasmine,Davis,Child,2020-09-23,M,Active
DP000481402,EE0004814,Samuel,Davis,Child,2000-05-13,F,Active
DP000481501,EE0004815,Carlos,Adams,Domestic Partner,2000-09-02,F,Active
DP000481502,EE0004815,Zoe,Adams,Child,2023-11-06,F,Active
DP000481601,EE0004816,Fatima,Williams,Domestic Partner,1993-11-22,F,Active
DP000481602,EE0004816,Elena,Williams,Child,2022-05-23,F,Active
DP000481603,EE0004816,Andre,Williams,Child,2024-06-01,F,Active
DP000481701,EE0004817,Carlos,Smith,Spouse,1989-07-22,F,Active
DP000481702,EE0004817,Sophia,Smith,Child,2010-02-11,F,Active
DP000481703,EE0004817,Amara,Smith,Child,2009-12-03,M,Active
DP000481901,EE0004819,Fatima,Brown,Domestic Partner,2004-05-29,M,Active
DP000482101,EE0004821,Zoe,Ibrahim,Domestic Partner,1990-06-10,M,Active
DP000482102,EE0004821,Jordan,Ibrahim,Child,2020-11-02,F,Active
DP000482201,EE0004822,Aaliyah,Ibrahim,Spouse,1966-03-09,M,Active
DP000482202,EE0004822,Angela,Ibrahim,Child,2010-03-06,M,Active
DP000482203,EE0004822,Zoe,Ibrahim,Child,2017-02-09,M,Active
DP000482501,EE0004825,Kevin,Adeyemi,Child,2024-10-07,M,Active
DP000482502,EE0004825,Kevin,Adeyemi,Child,2017-12-15,F,Active
DP000482701,EE0004827,Priya,Thomas,Domestic Partner,1966-01-02,M,Active
DP000483001,EE0004830,Victor,Ibrahim,Domestic Partner,1973-04-25,F,Active
DP000483101,EE0004831,Jordan,Bennett,Domestic Partner,1997-10-27,M,Active
DP000483201,EE0004832,Daniel,Brown,Child,2025-06-18,F,Active
DP000483601,EE0004836,Carlos,Campbell,Child,2008-11-14,F,Active
DP000483602,EE0004836,David,Campbell,Child,2018-12-28,F,Active
DP000483603,EE0004836,Omar,Campbell,Child,2010-05-20,M,Active
DP000483901,EE0004839,Maya,Smith,Domestic Partner,2000-12-23,M,Active
DP000483902,EE0004839,Michael,Smith,Child,2025-06-17,F,Active
DP000484401,EE0004844,Daniel,Hernandez,Child,2024-02-25,M,Active
DP000484402,EE0004844,Priya,Hernandez,Child,2022-12-14,F,Active
DP000484501,EE0004845,Naomi,Wilson,Domestic Partner,1994-05-22,F,Active
DP000484502,EE0004845,Elena,Wilson,Child,2014-08-06,F,Active
DP000484801,EE0004848,Andre,Brown,Child,2011-09-15,M,Active
DP000484802,EE0004848,David,Brown,Child,2006-05-14,F,Active
DP000485401,EE0004854,Daniel,Moore,Domestic Partner,1994-03-20,M,Active
DP000485501,EE0004855,Zoe,Ibrahim,Domestic Partner,2005-05-07,F,Active
DP000485502,EE0004855,Priya,Ibrahim,Child,2023-04-17,F,Active
DP000485701,EE0004857,Jasmine,Lewis,Spouse,1983-01-29,M,Active
DP000485801,EE0004858,Malik,Davis,Domestic Partner,1999-11-26,M,Active
DP000485802,EE0004858,Sophia,Davis,Child,2023-11-22,M,Active
DP000486301,EE0004863,David,Thomas,Child,2015-04-12,F,Active
DP000486302,EE0004863,Isaiah,Thomas,Child,2001-09-11,M,Active
DP000486401,EE0004864,Priya,Davis,Domestic Partner,1978-10-10,F,Active
DP000486402,EE0004864,Jasmine,Davis,Child,2025-08-26,F,Active
DP000486601,EE0004866,Amara,Williams,Domestic Partner,2004-07-01,M,Active
DP000486801,EE0004868,Luis,Ibrahim,Spouse,2000-02-19,F,Active
DP000486802,EE0004868,Grace,Ibrahim,Child,2021-09-09,M,Active
DP000487401,EE0004874,Luis,Ibrahim,Spouse,1964-12-14,M,Active
DP000487402,EE0004874,Maya,Ibrahim,Child,2023-02-07,F,Active
DP000487701,EE0004877,Malik,Lewis,Child,2017-03-10,M,Active
DP000487702,EE0004877,Sophia,Lewis,Child,2006-04-01,M,Active
DP000487801,EE0004878,Andre,Kim,Spouse,1966-12-07,F,Active
DP000487802,EE0004878,Aaliyah,Kim,Child,2012-11-10,F,Active
DP000487803,EE0004878,Samuel,Kim,Child,2016-06-14,M,Active
DP000488001,EE0004880,Elena,Chen,Domestic Partner,1971-11-20,F,Active
DP000488101,EE0004881,Isaiah,Taylor,Domestic Partner,1986-11-18,M,Active
DP000488102,EE0004881,Kevin,Taylor,Child,2014-12-21,M,Active
DP000488201,EE0004882,Grace,Hernandez,Domestic Partner,1985-02-23,M,Active
DP000488202,EE0004882,Nia,Hernandez,Child,2005-06-30,M,Active
DP000489101,EE0004891,Isaiah,Garcia,Spouse,2003-05-01,M,Active
DP000489102,EE0004891,Carlos,Garcia,Child,2021-10-01,F,Active
DP000489301,EE0004893,Fatima,Adams,Child,2012-05-05,M,Active
DP000489302,EE0004893,Grace,Adams,Child,2023-06-25,M,Active
DP000489901,EE0004899,Fatima,Miller,Domestic Partner,1962-03-12,F,Active
DP000489902,EE0004899,Grace,Miller,Child,2008-09-07,M,Active
DP000490301,EE0004903,Noah,Johnson,Spouse,1969-09-03,M,Active
DP000490501,EE0004905,Naomi,Patel,Domestic Partner,1982-08-06,M,Active
DP000490801,EE0004908,Luis,Martinez,Child,2022-09-14,M,Active
DP000490802,EE0004908,Victor,Martinez,Child,2013-06-13,M,Active
DP000491001,EE0004910,Olivia,Ibrahim,Child,2025-04-17,M,Active
DP000491002,EE0004910,Maya,Ibrahim,Child,2007-01-23,F,Active
DP000491101,EE0004911,Ethan,Chen,Child,2016-02-25,M,Active
DP000491102,EE0004911,Samuel,Chen,Child,2001-08-26,F,Active
DP000491501,EE0004915,Malik,Williams,Domestic Partner,1985-11-01,M,Active
DP000491502,EE0004915,Priya,Williams,Child,2007-01-11,M,Active
DP000491601,EE0004916,Olivia,Garcia,Spouse,1988-04-29,F,Active
DP000491701,EE0004917,Fatima,Williams,Child,2010-09-09,F,Active
DP000491702,EE0004917,Luis,Williams,Child,2012-12-14,F,Active
DP000491801,EE0004918,Jordan,Johnson,Child,2024-07-21,F,Active
DP000492001,EE0004920,Victor,Hernandez,Child,2025-06-10,M,Active
DP000492002,EE0004920,Amara,Hernandez,Child,2022-02-15,M,Active
DP000492003,EE0004920,Daniel,Hernandez,Child,2024-03-04,F,Active
DP000492201,EE0004922,Zoe,Robinson,Spouse,1969-07-26,F,Active
DP000492202,EE0004922,Priya,Robinson,Child,2005-08-26,F,Active
DP000492401,EE0004924,Nia,Wilson,Child,2018-08-27,M,Active
DP000492402,EE0004924,Kevin,Wilson,Child,2020-06-10,F,Active
DP000492501,EE0004925,Malik,Campbell,Child,2023-05-07,M,Active
DP000492601,EE0004926,Daniel,Mensah,Domestic Partner,1964-04-27,F,Active
DP000493101,EE0004931,Maya,Miller,Child,2025-07-05,M,Active
DP000493601,EE0004936,Naomi,Adams,Spouse,1971-08-04,F,Active
DP000493602,EE0004936,Aaliyah,Adams,Child,2000-07-23,F,Active
DP000493701,EE0004937,Grace,Smith,Spouse,2000-11-19,M,Active
DP000494001,EE0004940,Nia,Moore,Domestic Partner,1984-12-09,M,Active
DP000494101,EE0004941,Chiamaka,Nguyen,Spouse,1989-04-07,M,Active
DP000494102,EE0004941,Jasmine,Nguyen,Child,2011-01-12,F,Active
DP000494201,EE0004942,Zoe,Kim,Child,2022-05-22,F,Active
DP000494401,EE0004944,Elena,Moore,Child,2008-11-02,F,Active
DP000495001,EE0004950,Sophia,Martinez,Child,2018-10-15,F,Active
DP000495002,EE0004950,Victor,Martinez,Child,2005-07-11,F,Active
DP000495003,EE0004950,Victor,Martinez,Child,2015-02-03,F,Active
DP000495101,EE0004951,Grace,Lewis,Spouse,2005-12-12,M,Active
DP000495102,EE0004951,Chiamaka,Lewis,Child,2021-09-16,F,Active
DP000495401,EE0004954,Malik,Kim,Domestic Partner,1998-05-28,M,Active
DP000495501,EE0004955,David,Ibrahim,Child,2025-12-19,M,Active
DP000495601,EE0004956,Luis,Miller,Spouse,1985-12-15,F,Active
DP000495701,EE0004957,Chiamaka,Kim,Spouse,1990-07-15,F,Active
DP000495702,EE0004957,Zoe,Kim,Child,2014-05-22,M,Active
DP000495703,EE0004957,Noah,Kim,Child,2009-07-25,M,Active
DP000495801,EE0004958,Angela,Adams,Spouse,1988-06-14,F,Active
DP000496201,EE0004962,David,Moore,Domestic Partner,1994-06-06,M,Active
DP000496401,EE0004964,Luis,Hernandez,Domestic Partner,1984-09-04,M,Active
DP000496402,EE0004964,Olivia,Hernandez,Child,2011-04-03,F,Active
DP000496403,EE0004964,Noah,Hernandez,Child,2022-01-06,F,Active
DP000496701,EE0004967,Samuel,Hernandez,Child,2008-10-08,F,Active
DP000496702,EE0004967,Grace,Hernandez,Child,2014-08-14,F,Active
DP000497001,EE0004970,Ethan,Okafor,Domestic Partner,2004-10-24,F,Active
DP000497401,EE0004974,Sophia,Taylor,Domestic Partner,1961-03-12,M,Active
DP000497501,EE0004975,Omar,Miller,Child,2011-11-06,M,Active
DP000497701,EE0004977,Chiamaka,Garcia,Spouse,1961-05-15,F,Active
DP000497702,EE0004977,Zoe,Garcia,Child,2025-08-12,M,Active
DP000497703,EE0004977,Victor,Garcia,Child,2022-02-26,M,Active
DP000497801,EE0004978,Chiamaka,Garcia,Spouse,1989-06-22,F,Active
DP000497802,EE0004978,Daniel,Garcia,Child,2017-03-20,F,Active
DP000497901,EE0004979,Leah,Kim,Domestic Partner,1998-02-16,M,Active
DP000498101,EE0004981,Grace,Thomas,Domestic Partner,1983-05-20,F,Active
DP000498102,EE0004981,Zoe,Thomas,Child,2020-03-17,M,Active
DP000498401,EE0004984,Priya,Walker,Child,2022-07-27,M,Active
DP000498501,EE0004985,Chiamaka,Patel,Domestic Partner,1971-04-25,M,Active
DP000498601,EE0004986,Ethan,Brown,Domestic Partner,2004-01-18,M,Active
DP000498602,EE0004986,Nia,Brown,Child,2023-09-20,F,Active
DP000498701,EE0004987,Sophia,Lewis,Child,2021-11-02,F,Active
DP000498901,EE0004989,Ethan,Walker,Domestic Partner,1992-06-02,F,Active
DP000499001,EE0004990,Olivia,Robinson,Domestic Partner,1990-06-08,M,Active
DP000499002,EE0004990,Aaliyah,Robinson,Child,2018-06-19,M,Active
DP000499101,EE0004991,Carlos,Hernandez,Child,2013-03-24,F,Active
DP000499102,EE0004991,David,Hernandez,Child,2006-11-30,F,Active
DP000499103,EE0004991,Daniel,Hernandez,Child,2001-03-17,F,Active
DP000499201,EE0004992,Leah,Lewis,Child,2016-09-22,M,Active
DP000499202,EE0004992,Isaiah,Lewis,Child,2021-03-25,F,Active
DP000499203,EE0004992,Leah,Lewis,Child,2023-12-22,M,Active
DP000499301,EE0004993,Jasmine,Taylor,Child,2011-04-15,F,Active
DP000499701,EE0004997,Angela,Garcia,Spouse,1994-10-17,M,Active
DP000499702,EE0004997,Omar,Garcia,Child,2024-06-29,F,Active
DP000499801,EE0004998,Angela,Williams,Domestic Partner,1995-12-08,M,Active
DP000500101,EE0005001,Maya,Williams,Spouse,1979-11-09,F,Active
DP000500102,EE0005001,Grace,Williams,Child,2002-01-15,F,Active
DP000500401,EE0005004,Andre,Lewis,Spouse,1964-03-10,M,Active
DP000500501,EE0005005,Daniel,Walker,Spouse,1962-09-17,F,Active
DP000500502,EE0005005,Carlos,Walker,Child,2020-07-03,M,Active
DP000500801,EE0005008,Malik,Campbell,Spouse,1969-07-28,M,Active
DP000501001,EE0005010,Malik,Okafor,Child,2021-12-24,M,Active
DP000501002,EE0005010,Isaiah,Okafor,Child,2018-03-12,F,Active
DP000501101,EE0005011,Fatima,Wilson,Domestic Partner,1978-01-24,M,Active
DP000501301,EE0005013,Olivia,Johnson,Child,2005-02-08,F,Active
DP000501302,EE0005013,Nia,Johnson,Child,2024-08-16,M,Active
DP000501303,EE0005013,Victor,Johnson,Child,2004-07-07,F,Active
DP000501401,EE0005014,Zoe,Brown,Domestic Partner,1962-06-08,F,Active
DP000501601,EE0005016,Angela,Kim,Spouse,1965-10-24,F,Active
DP000501701,EE0005017,Olivia,Brown,Child,2020-06-15,M,Active
DP000501801,EE0005018,Andre,Brown,Child,2009-12-09,F,Active
DP000501802,EE0005018,Noah,Brown,Child,2010-03-08,M,Active
DP000502301,EE0005023,Andre,Campbell,Domestic Partner,1995-10-23,M,Active
DP000502302,EE0005023,Fatima,Campbell,Child,2024-06-10,F,Active
DP000502501,EE0005025,Leah,Patel,Child,2007-01-26,M,Active
DP000502502,EE0005025,Nia,Patel,Child,2017-11-27,F,Active
DP000502503,EE0005025,Samuel,Patel,Child,2014-08-09,M,Active
DP000503301,EE0005033,Angela,Johnson,Child,2016-11-19,F,Active
DP000503601,EE0005036,Maya,Williams,Domestic Partner,1980-07-08,M,Active
DP000503701,EE0005037,Priya,Smith,Child,2016-11-23,F,Active
DP000503801,EE0005038,Daniel,Taylor,Spouse,1981-09-03,M,Active
DP000503802,EE0005038,Malik,Taylor,Child,2013-07-31,M,Active
DP000503901,EE0005039,Daniel,Ibrahim,Domestic Partner,1976-08-27,M,Active
DP000503902,EE0005039,Zoe,Ibrahim,Child,2023-07-09,M,Active
DP000504001,EE0005040,Naomi,Wilson,Child,2016-01-15,F,Active
DP000504101,EE0005041,Zoe,Ibrahim,Child,2019-05-07,M,Active
DP000504102,EE0005041,Maya,Ibrahim,Child,2020-05-11,F,Active
DP000504301,EE0005043,Maya,Bennett,Spouse,1969-04-01,F,Active
DP000504501,EE0005045,Michael,Patel,Child,2018-10-02,F,Active
DP000504502,EE0005045,Aaliyah,Patel,Child,2025-02-24,F,Active
DP000505101,EE0005051,Michael,Walker,Child,2025-02-01,M,Active
DP000505501,EE0005055,Ethan,Robinson,Child,2004-09-15,M,Active
DP000505502,EE0005055,Isaiah,Robinson,Child,2023-02-13,M,Active
DP000505701,EE0005057,Michael,Thomas,Child,2011-07-30,F,Active
DP000505702,EE0005057,Samuel,Thomas,Child,2006-12-05,M,Active
DP000506101,EE0005061,Victor,Davis,Child,2021-12-13,F,Active
DP000506301,EE0005063,Andre,Lewis,Child,2008-06-07,F,Active
DP000506302,EE0005063,Zoe,Lewis,Child,2022-05-14,M,Active
DP000506401,EE0005064,Carlos,Adeyemi,Domestic Partner,1971-08-29,F,Active
DP000506501,EE0005065,Nia,Martinez,Child,2017-07-18,M,Active
DP000506601,EE0005066,Luis,Hernandez,Spouse,1966-07-28,F,Active
DP000506801,EE0005068,Chiamaka,Nguyen,Child,2023-12-07,F,Active
DP000506802,EE0005068,Maya,Nguyen,Child,2021-12-29,M,Active
DP000506901,EE0005069,Jordan,Moore,Child,2017-07-05,M,Active
DP000507001,EE0005070,Carlos,Adeyemi,Domestic Partner,1968-07-06,M,Active
DP000507101,EE0005071,Jordan,Walker,Child,2023-07-01,M,Active
DP000507102,EE0005071,Jasmine,Walker,Child,2018-09-28,F,Active
DP000507301,EE0005073,Nia,Taylor,Spouse,2000-07-12,M,Active
DP000507302,EE0005073,Jordan,Taylor,Child,2018-12-11,F,Active
DP000507701,EE0005077,Elena,Bennett,Domestic Partner,1975-09-22,M,Active
DP000507702,EE0005077,Jordan,Bennett,Child,2016-02-10,F,Active
DP000507801,EE0005078,Maya,Moore,Spouse,1970-07-17,F,Active
DP000508001,EE0005080,Zoe,Walker,Child,2023-06-19,M,Active
DP000508101,EE0005081,Noah,Okafor,Spouse,2003-02-20,M,Active
DP000508301,EE0005083,Amara,Johnson,Child,2020-10-08,F,Active
DP000508302,EE0005083,Omar,Johnson,Child,2012-12-29,M,Active
DP000508601,EE0005086,Daniel,Adeyemi,Domestic Partner,2004-07-21,M,Active
DP000508801,EE0005088,Naomi,Hernandez,Domestic Partner,1962-05-27,F,Active
DP000508802,EE0005088,Kevin,Hernandez,Child,2023-04-22,F,Active
DP000508901,EE0005089,Kevin,Adams,Domestic Partner,1979-04-23,M,Active
DP000509201,EE0005092,Jordan,Garcia,Spouse,1974-04-20,M,Active
DP000509301,EE0005093,Noah,Nguyen,Spouse,1962-05-29,M,Active
DP000510201,EE0005102,Sophia,Mensah,Domestic Partner,1978-10-17,F,Active
DP000510202,EE0005102,Malik,Mensah,Child,2025-12-29,M,Active
DP000510301,EE0005103,Luis,Robinson,Child,2015-12-03,F,Active
DP000510901,EE0005109,Jordan,Hernandez,Child,2008-07-31,F,Active
DP000510902,EE0005109,Aaliyah,Hernandez,Child,2004-04-05,M,Active
DP000510903,EE0005109,Ethan,Hernandez,Child,2008-09-19,M,Active
DP000511101,EE0005111,Elena,Walker,Domestic Partner,1994-12-29,M,Active
DP000511102,EE0005111,Kevin,Walker,Child,2020-01-30,F,Active
DP000511201,EE0005112,Isaiah,Brown,Domestic Partner,1986-09-27,M,Active
DP000511202,EE0005112,Aaliyah,Brown,Child,2012-04-10,M,Active
DP000511401,EE0005114,Zoe,Lewis,Child,2011-08-08,F,Active
DP000511501,EE0005115,Carlos,Ibrahim,Child,2009-07-24,M,Active
DP000511701,EE0005117,Andre,Brown,Child,2002-01-21,M,Active
DP000512401,EE0005124,Nia,Smith,Child,2024-02-13,M,Active
DP000512402,EE0005124,Daniel,Smith,Child,2022-11-27,F,Active
DP000512701,EE0005127,Amara,Nguyen,Child,2024-03-30,F,Active
DP000512702,EE0005127,Olivia,Nguyen,Child,2020-07-05,M,Active
DP000512901,EE0005129,Michael,Mensah,Child,2013-03-14,M,Active
DP000512902,EE0005129,Leah,Mensah,Child,2023-10-25,F,Active
DP000513501,EE0005135,Elena,Taylor,Spouse,2002-04-21,M,Active
DP000513601,EE0005136,Grace,Adams,Child,2016-02-23,M,Active
DP000513602,EE0005136,Leah,Adams,Child,2019-04-14,F,Active
DP000513701,EE0005137,Nia,Lewis,Spouse,1975-11-15,M,Active
DP000513702,EE0005137,Priya,Lewis,Child,2017-07-14,M,Active
DP000513801,EE0005138,Leah,Patel,Child,2013-02-27,F,Active
DP000514001,EE0005140,Kevin,Adeyemi,Domestic Partner,1978-02-02,M,Active
DP000514002,EE0005140,Samuel,Adeyemi,Child,2016-09-19,F,Active
DP000514101,EE0005141,Naomi,Thomas,Domestic Partner,2005-05-07,M,Active
DP000514601,EE0005146,Maya,Bennett,Child,2013-12-06,F,Active
DP000514701,EE0005147,Omar,Johnson,Domestic Partner,2000-10-15,M,Active
DP000514702,EE0005147,Sophia,Johnson,Child,2018-09-09,F,Active
DP000514801,EE0005148,Jasmine,Chen,Spouse,2000-04-11,M,Active
DP000515001,EE0005150,Priya,Martinez,Child,2025-01-09,F,Active
DP000515002,EE0005150,Omar,Martinez,Child,2023-09-06,M,Active
DP000515201,EE0005152,Kevin,Williams,Domestic Partner,1976-05-13,F,Active
DP000515202,EE0005152,Elena,Williams,Child,2001-02-19,M,Active
DP000515701,EE0005157,Elena,Lewis,Domestic Partner,1978-10-13,M,Active
DP000515702,EE0005157,Naomi,Lewis,Child,2020-03-15,M,Active
DP000515901,EE0005159,Ethan,Garcia,Spouse,1974-05-09,M,Active
DP000516401,EE0005164,Isaiah,Johnson,Domestic Partner,1973-11-19,F,Active
DP000516601,EE0005166,Isaiah,Garcia,Domestic Partner,1978-03-29,F,Active
DP000516602,EE0005166,Victor,Garcia,Child,2014-10-22,F,Active
DP000516801,EE0005168,Nia,Williams,Spouse,1964-05-30,F,Active
DP000516802,EE0005168,Sophia,Williams,Child,2018-05-05,F,Active
DP000517001,EE0005170,Kevin,Campbell,Spouse,1984-06-18,F,Active
DP000517101,EE0005171,Grace,Walker,Child,2022-11-27,M,Active
DP000517201,EE0005172,Omar,Nguyen,Child,2023-09-17,M,Active
DP000517501,EE0005175,Luis,Smith,Domestic Partner,1977-12-12,M,Active
DP000517502,EE0005175,David,Smith,Child,2024-05-19,F,Active
DP000517701,EE0005177,Grace,Hernandez,Domestic Partner,2001-05-07,M,Active
DP000517702,EE0005177,Leah,Hernandez,Child,2025-04-22,M,Active
DP000518101,EE0005181,Andre,Taylor,Domestic Partner,2000-09-09,F,Active
DP000518401,EE0005184,Michael,Thomas,Domestic Partner,1980-10-28,M,Active
DP000518701,EE0005187,Olivia,Martinez,Child,2022-07-22,M,Active
DP000518801,EE0005188,Michael,Moore,Child,2013-07-19,M,Active
DP000518802,EE0005188,Michael,Moore,Child,2006-05-11,F,Active
DP000519001,EE0005190,Leah,Kim,Child,2009-01-20,F,Active
DP000519002,EE0005190,David,Kim,Child,2014-01-04,M,Active
DP000519003,EE0005190,Isaiah,Kim,Child,2025-06-09,M,Active
DP000519101,EE0005191,Andre,Nguyen,Domestic Partner,1993-07-22,F,Active
DP000519102,EE0005191,Zoe,Nguyen,Child,2014-05-19,F,Active
DP000519201,EE0005192,Nia,Bennett,Spouse,1975-07-14,F,Active
DP000519701,EE0005197,Omar,Davis,Spouse,1968-04-22,F,Active
DP000519801,EE0005198,Victor,Thomas,Spouse,1969-02-16,M,Active
DP000520101,EE0005201,Leah,Nguyen,Spouse,2007-05-25,M,Active
DP000520102,EE0005201,Nia,Nguyen,Child,2023-02-21,F,Active
DP000520103,EE0005201,Nia,Nguyen,Child,2023-02-22,F,Active
DP000520301,EE0005203,Kevin,Miller,Child,2022-05-27,F,Active
DP000520302,EE0005203,Jordan,Miller,Child,2016-05-07,F,Active
DP000520303,EE0005203,Jasmine,Miller,Child,2023-02-11,M,Active
DP000520401,EE0005204,Kevin,Bennett,Child,2026-03-16,M,Active
DP000520402,EE0005204,Andre,Bennett,Child,2023-05-02,F,Active
DP000520501,EE0005205,Zoe,Martinez,Domestic Partner,1969-05-15,M,Active
DP000520502,EE0005205,Isaiah,Martinez,Child,2001-12-25,F,Active
DP000520601,EE0005206,Leah,Johnson,Domestic Partner,1974-10-29,M,Active
DP000520602,EE0005206,Carlos,Johnson,Child,2023-11-11,M,Active
DP000520603,EE0005206,Victor,Johnson,Child,2021-06-05,M,Active
DP000520701,EE0005207,Fatima,Brown,Domestic Partner,1981-12-22,F,Active
DP000520702,EE0005207,Maya,Brown,Child,2008-05-03,M,Active
DP000521201,EE0005212,Nia,Bennett,Spouse,1977-04-07,M,Active
DP000521202,EE0005212,Priya,Bennett,Child,2009-09-21,M,Active
DP000521301,EE0005213,Victor,Miller,Spouse,2000-03-24,F,Active
DP000521401,EE0005214,Samuel,Garcia,Spouse,1969-09-28,M,Active
DP000521801,EE0005218,Omar,Taylor,Child,2022-10-23,M,Active
DP000521901,EE0005219,Amara,Bennett,Domestic Partner,1979-07-25,M,Active
DP000521902,EE0005219,Fatima,Bennett,Child,2025-10-20,M,Active
DP000522101,EE0005221,Elena,Lewis,Child,2022-03-09,F,Active
DP000522201,EE0005222,Jasmine,Thomas,Child,2019-11-25,M,Active
DP000522401,EE0005224,Nia,Adams,Domestic Partner,1982-08-15,F,Active
DP000523001,EE0005230,Omar,Brown,Child,2006-05-30,M,Active
DP000523101,EE0005231,Omar,Patel,Child,2018-03-17,M,Active
DP000523102,EE0005231,Kevin,Patel,Child,2017-05-06,M,Active
DP000523301,EE0005233,Michael,Garcia,Child,2019-01-08,M,Active
DP000523302,EE0005233,Andre,Garcia,Child,2015-02-10,M,Active
DP000523303,EE0005233,Fatima,Garcia,Child,2010-03-07,M,Active
DP000523801,EE0005238,Aaliyah,Moore,Domestic Partner,1995-08-02,F,Active
DP000523802,EE0005238,Angela,Moore,Child,2022-07-01,F,Active
DP000524001,EE0005240,Jordan,Williams,Spouse,1967-11-24,F,Active
DP000524201,EE0005242,Naomi,Davis,Domestic Partner,1997-03-13,M,Active
DP000524202,EE0005242,Andre,Davis,Child,2024-03-16,M,Active
DP000524401,EE0005244,Leah,Brown,Spouse,1984-03-26,F,Active
DP000524501,EE0005245,Grace,Hernandez,Spouse,2006-11-12,M,Active
DP000524502,EE0005245,Kevin,Hernandez,Child,2021-02-05,F,Active
DP000524503,EE0005245,Samuel,Hernandez,Child,2026-06-03,M,Active
DP000524801,EE0005248,Victor,Garcia,Spouse,2001-02-01,F,Active
DP000524802,EE0005248,Samuel,Garcia,Child,2017-07-13,F,Active
DP000524803,EE0005248,Omar,Garcia,Child,2026-01-19,M,Active
DP000524901,EE0005249,Olivia,Adams,Domestic Partner,1967-01-25,M,Active
DP000524902,EE0005249,David,Adams,Child,2023-09-24,F,Active
DP000525101,EE0005251,Omar,Moore,Spouse,1984-05-29,M,Active
DP000525501,EE0005255,Naomi,Thomas,Spouse,1995-01-02,M,Active
DP000525502,EE0005255,Amara,Thomas,Child,2013-10-30,F,Active
DP000525601,EE0005256,Fatima,Robinson,Child,2024-03-03,M,Active
DP000526201,EE0005262,Elena,Moore,Child,2018-12-01,F,Active
DP000526202,EE0005262,Angela,Moore,Child,2021-02-22,F,Active
DP000526301,EE0005263,Isaiah,Patel,Child,2001-05-11,F,Active
DP000526401,EE0005264,Malik,Patel,Domestic Partner,1968-08-24,F,Active
DP000526501,EE0005265,Omar,Adams,Domestic Partner,1999-03-27,F,Active
DP000526502,EE0005265,Grace,Adams,Child,2015-08-19,M,Active
DP000526503,EE0005265,Samuel,Adams,Child,2015-07-04,M,Active
DP000526701,EE0005267,Daniel,Robinson,Child,2000-02-01,F,Active
DP000527001,EE0005270,Victor,Brown,Child,2023-12-25,M,Active
DP000527101,EE0005271,Chiamaka,Ibrahim,Child,2024-06-28,F,Active
DP000527102,EE0005271,Angela,Ibrahim,Child,2024-05-02,F,Active
DP000527201,EE0005272,Angela,Lewis,Domestic Partner,1988-01-15,F,Active
DP000527202,EE0005272,Zoe,Lewis,Child,2013-10-04,F,Active
DP000527301,EE0005273,Leah,Hernandez,Child,2021-08-30,F,Active
DP000527302,EE0005273,Priya,Hernandez,Child,2001-08-09,F,Active
DP000527401,EE0005274,Omar,Martinez,Child,2021-04-15,M,Active
DP000527601,EE0005276,Priya,Taylor,Spouse,1990-10-07,F,Active
DP000527602,EE0005276,Andre,Taylor,Child,2015-01-16,M,Active
DP000527603,EE0005276,Chiamaka,Taylor,Child,2006-07-01,M,Active
DP000527701,EE0005277,Carlos,Patel,Child,2022-09-22,F,Active
DP000528001,EE0005280,Amara,Moore,Child,2012-04-18,F,Active
DP000528201,EE0005282,Elena,Williams,Domestic Partner,1974-08-15,M,Active
DP000528501,EE0005285,Naomi,Nguyen,Child,2022-07-31,M,Active
DP000528601,EE0005286,Samuel,Lewis,Child,2024-05-14,M,Active
DP000528602,EE0005286,Jasmine,Lewis,Child,2025-10-15,M,Active
DP000528701,EE0005287,Olivia,Okafor,Spouse,2002-09-12,M,Active
DP000528702,EE0005287,Luis,Okafor,Child,2016-02-25,F,Active
DP000528703,EE0005287,Chiamaka,Okafor,Child,2020-01-27,F,Active
DP000528801,EE0005288,Olivia,Ibrahim,Domestic Partner,1998-12-08,F,Active
DP000529001,EE0005290,Jasmine,Johnson,Child,2012-04-26,F,Active
DP000529002,EE0005290,Priya,Johnson,Child,2005-05-13,F,Active
DP000529003,EE0005290,Omar,Johnson,Child,2004-04-05,F,Active
DP000529301,EE0005293,David,Brown,Child,2008-02-19,F,Active
DP000529601,EE0005296,Naomi,Bennett,Spouse,1997-11-07,M,Active
DP000529701,EE0005297,Victor,Walker,Domestic Partner,1969-01-30,F,Active
DP000529702,EE0005297,Jordan,Walker,Child,2021-01-01,F,Active
DP000529703,EE0005297,Victor,Walker,Child,2008-07-22,F,Active
DP000529801,EE0005298,Noah,Robinson,Domestic Partner,1966-07-10,F,Active
DP000529901,EE0005299,Fatima,Johnson,Child,2015-12-05,F,Active
DP000529902,EE0005299,Fatima,Johnson,Child,2020-11-13,M,Active
DP000530301,EE0005303,Maya,Patel,Child,2016-12-06,F,Active
DP000530302,EE0005303,Omar,Patel,Child,2019-04-24,M,Active
DP000530401,EE0005304,Olivia,Robinson,Child,2015-09-12,M,Active
DP000530402,EE0005304,Ethan,Robinson,Child,2022-08-31,M,Active
DP000530701,EE0005307,Amara,Bennett,Child,2025-10-02,F,Active
DP000530702,EE0005307,Isaiah,Bennett,Child,2014-07-24,M,Active
DP000530801,EE0005308,Fatima,Garcia,Domestic Partner,1966-09-01,M,Active
DP000530802,EE0005308,Omar,Garcia,Child,2022-05-24,F,Active
DP000531101,EE0005311,Ethan,Nguyen,Domestic Partner,1977-01-06,M,Active
DP000531501,EE0005315,Nia,Garcia,Child,2018-03-06,M,Active
DP000531801,EE0005318,Fatima,Okafor,Child,2002-04-09,F,Active
DP000531802,EE0005318,Priya,Okafor,Child,2008-05-18,M,Active
DP000532001,EE0005320,Daniel,Kim,Spouse,1995-11-24,M,Active
DP000532002,EE0005320,Noah,Kim,Child,2014-07-22,M,Active
DP000532101,EE0005321,Sophia,Miller,Child,2026-06-19,M,Active
DP000532301,EE0005323,Luis,Martinez,Child,2022-12-21,M,Active
DP000532701,EE0005327,Michael,Thomas,Child,2021-07-16,M,Active
DP000532702,EE0005327,Andre,Thomas,Child,2019-12-15,F,Active
DP000532801,EE0005328,Sophia,Adams,Child,2019-01-20,F,Active
DP000533301,EE0005333,Victor,Campbell,Child,2026-01-29,M,Active
DP000533801,EE0005338,Olivia,Bennett,Spouse,2006-03-02,M,Active
DP000533901,EE0005339,Chiamaka,Hernandez,Child,2014-09-12,F,Active
DP000534101,EE0005341,Angela,Kim,Spouse,2003-06-08,M,Active
DP000534102,EE0005341,Michael,Kim,Child,2017-10-17,F,Active
DP000534103,EE0005341,Elena,Kim,Child,2022-02-20,F,Active
DP000534201,EE0005342,Grace,Miller,Child,2019-02-05,F,Active
DP000534301,EE0005343,Aaliyah,Lewis,Child,2020-01-28,F,Active
DP000534302,EE0005343,Amara,Lewis,Child,2020-04-06,M,Active
DP000534401,EE0005344,Jasmine,Williams,Spouse,1999-09-07,F,Active
DP000534402,EE0005344,Daniel,Williams,Child,2021-02-15,M,Active
DP000535201,EE0005352,Priya,Davis,Domestic Partner,1976-03-15,M,Active
DP000535501,EE0005355,Aaliyah,Wilson,Domestic Partner,1986-08-24,M,Active
DP000535502,EE0005355,Priya,Wilson,Child,2011-01-25,F,Active
DP000535601,EE0005356,Grace,Thomas,Domestic Partner,1981-06-18,M,Active
DP000535602,EE0005356,Jasmine,Thomas,Child,2007-06-05,M,Active
DP000535701,EE0005357,Ethan,Davis,Child,2022-09-13,F,Active
DP000535702,EE0005357,Samuel,Davis,Child,2011-11-09,M,Active
DP000535703,EE0005357,Angela,Davis,Child,2019-10-26,F,Active
DP000535801,EE0005358,Jasmine,Bennett,Domestic Partner,1972-10-16,F,Active
DP000535802,EE0005358,Maya,Bennett,Child,2015-07-12,F,Active
DP000536001,EE0005360,Angela,Okafor,Child,2016-01-15,M,Active
DP000536002,EE0005360,Amara,Okafor,Child,2015-12-18,M,Active
DP000536201,EE0005362,Chiamaka,Mensah,Domestic Partner,2006-07-08,M,Active
DP000536202,EE0005362,Fatima,Mensah,Child,2018-11-11,M,Active
DP000536401,EE0005364,Omar,Smith,Child,2013-07-11,F,Active
DP000536402,EE0005364,Zoe,Smith,Child,2013-11-03,F,Active
DP000536501,EE0005365,Jordan,Smith,Domestic Partner,1981-07-08,F,Active
DP000536701,EE0005367,Luis,Moore,Child,2021-10-08,M,Active
DP000536702,EE0005367,Zoe,Moore,Child,2016-06-24,M,Active
DP000536901,EE0005369,Omar,Bennett,Spouse,1993-09-17,M,Active
DP000537101,EE0005371,Samuel,Robinson,Spouse,2002-03-12,M,Active
DP000537102,EE0005371,Elena,Robinson,Child,2017-06-09,M,Active
DP000537401,EE0005374,Leah,Thomas,Domestic Partner,1968-09-22,M,Active
DP000537402,EE0005374,Daniel,Thomas,Child,2024-07-04,F,Active
DP000537501,EE0005375,Aaliyah,Nguyen,Spouse,1994-06-15,F,Active
DP000537601,EE0005376,Noah,Adams,Domestic Partner,1979-04-21,M,Active
DP000537602,EE0005376,Elena,Adams,Child,2016-02-04,M,Active
DP000537701,EE0005377,David,Bennett,Child,2025-10-05,F,Active
DP000537801,EE0005378,Ethan,Martinez,Spouse,1996-11-19,M,Active
DP000537802,EE0005378,Priya,Martinez,Child,2025-09-12,M,Active
DP000537901,EE0005379,Daniel,Williams,Spouse,2000-11-22,F,Active
DP000538101,EE0005381,Malik,Wilson,Child,2017-09-07,F,Active
DP000538401,EE0005384,Michael,Johnson,Child,2015-01-25,M,Active
DP000538402,EE0005384,Malik,Johnson,Child,2022-06-14,F,Active
DP000538501,EE0005385,Grace,Davis,Spouse,2005-12-31,M,Active
DP000538502,EE0005385,Daniel,Davis,Child,2023-11-16,F,Active
DP000538503,EE0005385,Chiamaka,Davis,Child,2021-12-26,M,Active
DP000538601,EE0005386,Noah,Mensah,Domestic Partner,2003-12-17,F,Active
DP000538701,EE0005387,Kevin,Martinez,Child,2024-10-15,M,Active
DP000538702,EE0005387,Michael,Martinez,Child,2023-10-25,F,Active
DP000538801,EE0005388,Ethan,Walker,Spouse,1992-04-20,F,Active
DP000539001,EE0005390,Kevin,Smith,Domestic Partner,2000-01-01,M,Active
DP000539002,EE0005390,Grace,Smith,Child,2019-07-04,M,Active
DP000539301,EE0005393,Olivia,Walker,Child,2009-06-04,F,Active
DP000539601,EE0005396,Nia,Martinez,Domestic Partner,1984-11-29,F,Active
DP000539901,EE0005399,Naomi,Davis,Child,2017-11-25,F,Active
DP000539902,EE0005399,Zoe,Davis,Child,2023-09-16,M,Active
DP000540401,EE0005404,Grace,Adeyemi,Child,2022-11-04,M,Active
DP000540402,EE0005404,Jasmine,Adeyemi,Child,2026-04-02,F,Active
DP000540403,EE0005404,Aaliyah,Adeyemi,Child,2017-04-09,M,Active
DP000540501,EE0005405,Luis,Garcia,Child,2000-12-04,M,Active
DP000540502,EE0005405,Jordan,Garcia,Child,2014-05-20,M,Active
DP000540801,EE0005408,Priya,Miller,Child,2024-08-22,F,Active
DP000540802,EE0005408,Daniel,Miller,Child,2025-04-22,F,Active
DP000540901,EE0005409,Priya,Chen,Spouse,1977-06-10,M,Active
DP000540902,EE0005409,Sophia,Chen,Child,2001-06-08,M,Active
DP000540903,EE0005409,Leah,Chen,Child,2020-11-23,F,Active
DP000541001,EE0005410,Isaiah,Robinson,Domestic Partner,1982-01-22,M,Active
DP000541201,EE0005412,Samuel,Okafor,Spouse,2000-06-05,F,Active
DP000541202,EE0005412,Elena,Okafor,Child,2026-04-05,F,Active
DP000541301,EE0005413,Samuel,Miller,Child,2020-02-02,F,Active
DP000541501,EE0005415,Andre,Hernandez,Child,2005-09-08,F,Active
DP000541502,EE0005415,Omar,Hernandez,Child,2006-07-20,F,Active
DP000541601,EE0005416,Fatima,Miller,Spouse,1994-02-18,F,Active
DP000541901,EE0005419,Zoe,Robinson,Domestic Partner,1994-11-25,F,Active
DP000541902,EE0005419,Ethan,Robinson,Child,2015-07-18,F,Active
DP000542001,EE0005420,Victor,Chen,Child,2019-04-27,M,Active
DP000542301,EE0005423,David,Lewis,Child,2016-09-18,M,Active
DP000542302,EE0005423,Isaiah,Lewis,Child,2010-03-18,F,Active
DP000542401,EE0005424,Amara,Patel,Domestic Partner,1975-07-22,M,Active
DP000542402,EE0005424,Jasmine,Patel,Child,2006-06-11,F,Active
DP000542901,EE0005429,Zoe,Walker,Domestic Partner,1961-07-27,M,Active
DP000542902,EE0005429,Andre,Walker,Child,2020-08-28,F,Active
DP000542903,EE0005429,Sophia,Walker,Child,2000-11-30,M,Active
DP000543101,EE0005431,Nia,Johnson,Child,2014-12-02,F,Active
DP000543701,EE0005437,Daniel,Okafor,Child,2024-06-10,F,Active
DP000544001,EE0005440,David,Taylor,Spouse,1975-03-13,M,Active
DP000544002,EE0005440,Isaiah,Taylor,Child,2016-12-28,F,Active
DP000544401,EE0005444,Chiamaka,Williams,Child,2010-08-24,F,Active
DP000544402,EE0005444,Kevin,Williams,Child,2009-09-18,M,Active
DP000544403,EE0005444,Sophia,Williams,Child,2025-04-23,M,Active
DP000544501,EE0005445,Priya,Davis,Child,2014-03-25,F,Active
DP000544601,EE0005446,Noah,Williams,Child,2006-12-01,M,Active
DP000544602,EE0005446,Jasmine,Williams,Child,2017-07-23,M,Active
DP000545101,EE0005451,Fatima,Walker,Domestic Partner,1968-07-13,M,Active
DP000545701,EE0005457,Sophia,Hernandez,Child,2000-09-17,M,Active
DP000545801,EE0005458,Michael,Nguyen,Child,2019-05-31,F,Active
DP000545802,EE0005458,David,Nguyen,Child,2013-11-23,M,Active
DP000546301,EE0005463,Amara,Walker,Domestic Partner,1983-04-21,F,Active
DP000546302,EE0005463,Nia,Walker,Child,2017-07-09,F,Active
DP000546401,EE0005464,Malik,Davis,Spouse,1987-02-22,M,Active
DP000546402,EE0005464,Samuel,Davis,Child,2012-01-28,M,Active
DP000546501,EE0005465,Ethan,Taylor,Domestic Partner,1975-10-22,F,Active
DP000546502,EE0005465,Andre,Taylor,Child,2018-03-09,M,Active
DP000546601,EE0005466,Nia,Robinson,Child,2009-07-31,F,Active
DP000546602,EE0005466,Malik,Robinson,Child,2002-07-22,M,Active
DP000546901,EE0005469,Isaiah,Adeyemi,Child,2006-03-17,M,Active
DP000547101,EE0005471,Jasmine,Thomas,Spouse,1991-08-12,F,Active
DP000547201,EE0005472,Jasmine,Smith,Spouse,1977-10-12,F,Active
DP000547202,EE0005472,Olivia,Smith,Child,2000-04-11,M,Active
DP000547301,EE0005473,Aaliyah,Taylor,Child,2023-07-09,F,Active
DP000547302,EE0005473,Ethan,Taylor,Child,2020-07-03,M,Active
DP000547701,EE0005477,Fatima,Nguyen,Domestic Partner,1967-03-01,M,Active
DP000547702,EE0005477,Isaiah,Nguyen,Child,2003-07-30,F,Active
DP000548001,EE0005480,Andre,Patel,Spouse,1969-09-14,F,Active
DP000548101,EE0005481,Naomi,Lewis,Child,2013-12-20,F,Active
DP000548102,EE0005481,Olivia,Lewis,Child,2013-03-30,F,Active
DP000548103,EE0005481,Aaliyah,Lewis,Child,2016-08-09,F,Active
DP000548401,EE0005484,Maya,Mensah,Domestic Partner,1983-12-27,F,Active
DP000548402,EE0005484,Priya,Mensah,Child,2026-01-04,F,Active
DP000548403,EE0005484,Chiamaka,Mensah,Child,2013-07-14,M,Active
DP000548501,EE0005485,Priya,Johnson,Child,2010-04-17,M,Active
DP000548502,EE0005485,Victor,Johnson,Child,2018-09-01,M,Active
DP000549101,EE0005491,Daniel,Garcia,Domestic Partner,1978-09-23,F,Active
DP000549301,EE0005493,Maya,Mensah,Child,2017-11-15,F,Active
DP000549501,EE0005495,Carlos,Mensah,Child,2021-02-28,F,Active
DP000549601,EE0005496,Carlos,Johnson,Child,2018-08-17,M,Active
DP000549602,EE0005496,Andre,Johnson,Child,2015-08-05,M,Active
DP000549603,EE0005496,Naomi,Johnson,Child,2022-11-14,M,Active
DP000549701,EE0005497,Angela,Bennett,Child,2019-01-30,M,Active
DP000550301,EE0005503,David,Johnson,Domestic Partner,2006-10-15,M,Active
DP000550302,EE0005503,Jordan,Johnson,Child,2025-11-15,M,Active
DP000550401,EE0005504,Isaiah,Williams,Domestic Partner,1979-05-01,M,Active
DP000550402,EE0005504,Carlos,Williams,Child,2026-05-30,F,Active
DP000550601,EE0005506,Michael,Campbell,Spouse,1976-01-22,M,Active
DP000550602,EE0005506,Zoe,Campbell,Child,2005-11-22,F,Active
DP000550603,EE0005506,Zoe,Campbell,Child,2002-12-26,F,Active
DP000550701,EE0005507,Daniel,Robinson,Domestic Partner,1967-01-06,M,Active
DP000550801,EE0005508,Zoe,Chen,Child,2022-04-12,M,Active
DP000550901,EE0005509,Leah,Bennett,Child,2018-01-04,F,Active
DP000550902,EE0005509,Zoe,Bennett,Child,2024-10-14,M,Active
DP000551101,EE0005511,Priya,Lewis,Spouse,2004-10-01,F,Active
DP000551201,EE0005512,Andre,Mensah,Spouse,1968-05-24,M,Active
DP000551401,EE0005514,Malik,Campbell,Child,2020-06-04,M,Active
DP000551701,EE0005517,Angela,Chen,Spouse,2002-08-15,F,Active
DP000551702,EE0005517,Aaliyah,Chen,Child,2024-01-26,F,Active
DP000551703,EE0005517,Naomi,Chen,Child,2025-06-13,M,Active
DP000551901,EE0005519,Jordan,Campbell,Domestic Partner,1986-09-17,F,Active
DP000551902,EE0005519,Grace,Campbell,Child,2019-09-13,F,Active
DP000552001,EE0005520,David,Brown,Domestic Partner,1961-08-12,M,Active
DP000552101,EE0005521,Jordan,Adams,Domestic Partner,2004-01-06,M,Active
DP000552301,EE0005523,David,Bennett,Domestic Partner,1989-11-13,M,Active
DP000552401,EE0005524,Elena,Adams,Child,2012-03-15,F,Active
DP000552402,EE0005524,Daniel,Adams,Child,2007-11-04,M,Active
DP000552501,EE0005525,Andre,Smith,Child,2012-03-11,F,Active
DP000552502,EE0005525,Daniel,Smith,Child,2021-09-05,M,Active
DP000552901,EE0005529,Omar,Bennett,Child,2023-03-26,F,Active
DP000552902,EE0005529,Nia,Bennett,Child,2021-10-12,F,Active
DP000553001,EE0005530,Olivia,Williams,Child,2002-01-27,F,Active
DP000553101,EE0005531,Jordan,Adeyemi,Domestic Partner,1978-04-22,F,Active
DP000553301,EE0005533,Ethan,Walker,Child,2006-10-04,F,Active
DP000553401,EE0005534,Naomi,Adeyemi,Child,2019-08-09,M,Active
DP000553402,EE0005534,Chiamaka,Adeyemi,Child,2023-06-18,M,Active
DP000553403,EE0005534,Michael,Adeyemi,Child,2022-10-18,M,Active
DP000553801,EE0005538,Samuel,Robinson,Child,2023-06-17,M,Active
DP000553802,EE0005538,Aaliyah,Robinson,Child,2025-06-14,F,Active
DP000553901,EE0005539,Samuel,Wilson,Child,2010-09-03,F,Active
DP000553902,EE0005539,Naomi,Wilson,Child,2021-03-26,M,Active
DP000554101,EE0005541,Zoe,Garcia,Domestic Partner,1998-08-07,M,Active
DP000554102,EE0005541,Carlos,Garcia,Child,2014-03-13,F,Active
DP000554301,EE0005543,Aaliyah,Adams,Child,2018-07-21,M,Active
DP000554501,EE0005545,Victor,Robinson,Child,2016-07-07,F,Active
DP000554502,EE0005545,Noah,Robinson,Child,2024-02-17,F,Active
DP000554503,EE0005545,Luis,Robinson,Child,2015-02-04,F,Active
DP000554601,EE0005546,Angela,Adams,Spouse,1967-12-27,F,Active
DP000554602,EE0005546,Jasmine,Adams,Child,2015-04-17,F,Active
DP000554801,EE0005548,Samuel,Okafor,Child,2005-02-27,F,Active
DP000554802,EE0005548,Carlos,Okafor,Child,2017-01-18,M,Active
DP000555101,EE0005551,Malik,Chen,Domestic Partner,1985-01-22,F,Active
DP000555301,EE0005553,Nia,Adeyemi,Spouse,1985-07-16,F,Active
DP000555302,EE0005553,Aaliyah,Adeyemi,Child,2004-12-20,F,Active
DP000555401,EE0005554,Jordan,Smith,Child,2012-01-26,M,Active
DP000555701,EE0005557,Noah,Smith,Child,2023-08-25,F,Active
DP000555702,EE0005557,Aaliyah,Smith,Child,2023-04-14,F,Active
DP000555801,EE0005558,Andre,Miller,Domestic Partner,1989-05-12,M,Active
DP000555802,EE0005558,Malik,Miller,Child,2021-12-29,M,Active
DP000556001,EE0005560,Samuel,Walker,Domestic Partner,1996-05-09,F,Active
DP000556002,EE0005560,Angela,Walker,Child,2012-09-30,F,Active
DP000556401,EE0005564,Maya,Campbell,Spouse,1963-09-14,M,Active
DP000556901,EE0005569,Amara,Taylor,Domestic Partner,1973-11-21,F,Active
DP000556902,EE0005569,Amara,Taylor,Child,2010-05-13,F,Active
DP000557101,EE0005571,Daniel,Miller,Child,2022-04-07,F,Active
DP000557102,EE0005571,Aaliyah,Miller,Child,2018-02-11,F,Active
DP000557201,EE0005572,Omar,Miller,Domestic Partner,1973-11-27,F,Active
DP000557202,EE0005572,Aaliyah,Miller,Child,2002-04-14,F,Active
DP000557301,EE0005573,Omar,Adams,Spouse,1985-09-08,M,Active
DP000557302,EE0005573,David,Adams,Child,2003-01-10,F,Active
DP000557501,EE0005575,Sophia,Bennett,Child,2022-12-16,F,Active
DP000557502,EE0005575,Omar,Bennett,Child,2011-07-01,F,Active
DP000557601,EE0005576,Aaliyah,Davis,Child,2019-08-30,F,Active
DP000557602,EE0005576,Malik,Davis,Child,2024-01-30,F,Active
DP000557701,EE0005577,Grace,Taylor,Spouse,1990-05-17,M,Active
DP000557702,EE0005577,Amara,Taylor,Child,2003-06-02,F,Active
DP000557801,EE0005578,Samuel,Bennett,Domestic Partner,2000-12-29,M,Active
DP000558201,EE0005582,Malik,Taylor,Child,2018-02-01,M,Active
DP000558301,EE0005583,Jordan,Williams,Spouse,1978-03-17,F,Active
DP000558302,EE0005583,Omar,Williams,Child,2006-09-06,F,Active
DP000559001,EE0005590,Michael,Moore,Child,2024-02-26,F,Active
DP000559101,EE0005591,Angela,Johnson,Domestic Partner,1968-04-25,M,Active
DP000559301,EE0005593,Sophia,Adeyemi,Child,2017-12-30,M,Active
DP000559501,EE0005595,Fatima,Smith,Child,2013-01-04,M,Active
DP000559502,EE0005595,Amara,Smith,Child,2015-08-13,F,Active
DP000559503,EE0005595,Maya,Smith,Child,2022-07-11,M,Active
DP000559601,EE0005596,Andre,Moore,Domestic Partner,1993-11-19,M,Active
DP000559602,EE0005596,Angela,Moore,Child,2012-02-28,M,Active
DP000559701,EE0005597,Leah,Thomas,Spouse,1994-05-21,M,Active
DP000559901,EE0005599,David,Mensah,Child,2000-08-06,M,Active
DP000560001,EE0005600,Olivia,Adeyemi,Domestic Partner,1975-03-06,F,Active
DP000560101,EE0005601,Luis,Robinson,Domestic Partner,1970-07-12,M,Active
DP000560102,EE0005601,Chiamaka,Robinson,Child,2013-09-01,M,Active
DP000560103,EE0005601,Kevin,Robinson,Child,2015-12-03,F,Active
DP000560201,EE0005602,Omar,Brown,Child,2015-05-31,F,Active
DP000560202,EE0005602,Grace,Brown,Child,2014-01-26,M,Active
DP000560203,EE0005602,Elena,Brown,Child,2019-05-29,M,Active
DP000560301,EE0005603,Isaiah,Adams,Spouse,1969-12-11,M,Active
DP000560401,EE0005604,Naomi,Brown,Spouse,1983-08-07,F,Active
DP000560801,EE0005608,Isaiah,Wilson,Spouse,1992-04-23,F,Active
DP000560802,EE0005608,Fatima,Wilson,Child,2016-05-09,F,Active
DP000561301,EE0005613,Olivia,Taylor,Domestic Partner,1990-06-08,F,Active
DP000561302,EE0005613,Daniel,Taylor,Child,2019-05-10,M,Active
DP000561701,EE0005617,Olivia,Walker,Child,2018-11-27,F,Active
DP000561702,EE0005617,Victor,Walker,Child,2012-12-14,F,Active
DP000562201,EE0005622,Leah,Adams,Spouse,2001-03-07,F,Active
DP000562401,EE0005624,Amara,Walker,Domestic Partner,1979-01-06,M,Active
DP000562402,EE0005624,Elena,Walker,Child,2014-10-01,F,Active
DP000562501,EE0005625,Leah,Walker,Spouse,1989-01-03,M,Active
DP000562502,EE0005625,Leah,Walker,Child,2014-02-05,F,Active
DP000562503,EE0005625,Sophia,Walker,Child,2014-01-27,M,Active
DP000562801,EE0005628,Grace,Hernandez,Domestic Partner,2005-07-10,F,Active
DP000562802,EE0005628,Omar,Hernandez,Child,2020-10-05,M,Active
DP000563001,EE0005630,Nia,Okafor,Spouse,1987-09-07,M,Active
DP000563002,EE0005630,Michael,Okafor,Child,2009-10-03,M,Active
DP000563301,EE0005633,Jordan,Patel,Spouse,1983-05-26,F,Active
DP000563302,EE0005633,Carlos,Patel,Child,2017-11-14,M,Active
DP000563303,EE0005633,Naomi,Patel,Child,2006-07-23,M,Active
DP000563401,EE0005634,Malik,Johnson,Child,2021-11-30,F,Active
DP000564001,EE0005640,Carlos,Davis,Child,2016-06-11,F,Active
DP000564101,EE0005641,Carlos,Johnson,Spouse,2006-02-21,F,Active
DP000564201,EE0005642,Malik,Kim,Child,2022-12-19,F,Active
DP000564202,EE0005642,Carlos,Kim,Child,2008-10-01,F,Active
DP000564501,EE0005645,Maya,Johnson,Spouse,2004-06-21,F,Active
DP000564701,EE0005647,Omar,Smith,Domestic Partner,2002-07-11,F,Active
DP000564702,EE0005647,Aaliyah,Smith,Child,2025-09-19,M,Active
DP000564901,EE0005649,Grace,Patel,Spouse,1970-03-08,F,Active
DP000564902,EE0005649,Elena,Patel,Child,2021-05-19,M,Active
DP000565001,EE0005650,Luis,Thomas,Child,2009-04-30,F,Active
DP000565002,EE0005650,Omar,Thomas,Child,2000-04-22,M,Active
DP000565301,EE0005653,Luis,Walker,Child,2012-01-14,F,Active
DP000565302,EE0005653,Jasmine,Walker,Child,2000-10-22,F,Active
DP000565303,EE0005653,Angela,Walker,Child,2018-05-12,F,Active
DP000565401,EE0005654,Chiamaka,Adeyemi,Child,2026-03-18,F,Active
DP000565501,EE0005655,Andre,Hernandez,Child,2001-01-19,F,Active
DP000565502,EE0005655,Fatima,Hernandez,Child,2000-12-13,M,Active
DP000565801,EE0005658,Grace,Kim,Domestic Partner,1999-03-25,F,Active
DP000565802,EE0005658,David,Kim,Child,2025-03-24,M,Active
DP000565901,EE0005659,Noah,Patel,Spouse,1992-10-26,M,Active
DP000566401,EE0005664,Naomi,Thomas,Child,2012-04-21,M,Active
DP000566402,EE0005664,Priya,Thomas,Child,2025-10-18,M,Active
DP000566701,EE0005667,Sophia,Smith,Child,2012-10-16,F,Active
DP000566702,EE0005667,Priya,Smith,Child,2013-11-14,F,Active
DP000566901,EE0005669,Leah,Kim,Domestic Partner,1984-10-17,F,Active
DP000567201,EE0005672,Andre,Bennett,Child,2007-10-02,M,Active
DP000567301,EE0005673,Malik,Ibrahim,Domestic Partner,1973-06-28,F,Active
DP000567302,EE0005673,Victor,Ibrahim,Child,2012-07-14,M,Active
DP000567303,EE0005673,Noah,Ibrahim,Child,2023-03-30,M,Active
DP000567601,EE0005676,Elena,Taylor,Spouse,1977-06-07,M,Active
DP000567602,EE0005676,Kevin,Taylor,Child,2005-01-07,M,Active
DP000567901,EE0005679,Isaiah,Williams,Child,2009-02-28,F,Active
DP000567902,EE0005679,Nia,Williams,Child,2000-02-20,M,Active
DP000567903,EE0005679,Noah,Williams,Child,2000-01-11,F,Active
DP000568001,EE0005680,Leah,Taylor,Child,2023-07-29,M,Active
DP000568002,EE0005680,Luis,Taylor,Child,2023-05-14,M,Active
DP000568601,EE0005686,Zoe,Adams,Child,2019-10-01,M,Active
DP000568602,EE0005686,Amara,Adams,Child,2018-12-13,F,Active
DP000568801,EE0005688,Leah,Davis,Domestic Partner,1985-09-06,M,Active
DP000569001,EE0005690,Samuel,Thomas,Spouse,1990-09-29,F,Active
DP000569002,EE0005690,Chiamaka,Thomas,Child,2025-05-24,F,Active
DP000569201,EE0005692,Luis,Lewis,Spouse,1975-09-18,F,Active
DP000569202,EE0005692,Jordan,Lewis,Child,2005-09-21,M,Active
DP000569203,EE0005692,Chiamaka,Lewis,Child,2017-05-07,M,Active
DP000569401,EE0005694,Luis,Williams,Spouse,1994-11-27,M,Active
DP000569701,EE0005697,Naomi,Chen,Child,2014-02-01,M,Active
DP000570101,EE0005701,Kevin,Lewis,Child,2018-10-20,M,Active
DP000570102,EE0005701,Grace,Lewis,Child,2015-10-31,M,Active
DP000570103,EE0005701,Priya,Lewis,Child,2014-06-09,M,Active
DP000570201,EE0005702,Isaiah,Ibrahim,Spouse,1961-06-23,M,Active
DP000570401,EE0005704,Zoe,Martinez,Spouse,1998-08-15,M,Active
DP000570402,EE0005704,Andre,Martinez,Child,2020-10-15,M,Active
DP000570501,EE0005705,Samuel,Walker,Domestic Partner,1963-02-20,F,Active
DP000570502,EE0005705,Kevin,Walker,Child,2005-02-02,F,Active
DP000571201,EE0005712,Andre,Lewis,Child,2005-04-27,F,Active
DP000571202,EE0005712,Maya,Lewis,Child,2000-05-08,M,Active
DP000571203,EE0005712,Nia,Lewis,Child,2012-04-05,M,Active
DP000571501,EE0005715,Aaliyah,Ibrahim,Domestic Partner,1990-08-16,F,Active
DP000571801,EE0005718,Zoe,Walker,Child,2025-10-22,M,Active
DP000571901,EE0005719,Samuel,Kim,Domestic Partner,1967-09-13,M,Active
DP000571902,EE0005719,Nia,Kim,Child,2020-04-02,M,Active
DP000572401,EE0005724,Sophia,Nguyen,Child,2009-03-23,F,Active
DP000572501,EE0005725,Luis,Garcia,Spouse,1998-08-19,M,Active
DP000572701,EE0005727,Grace,Lewis,Domestic Partner,1999-08-24,F,Active
DP000572801,EE0005728,Isaiah,Campbell,Child,2011-05-09,F,Active
DP000572802,EE0005728,Chiamaka,Campbell,Child,2017-12-10,F,Active
DP000572901,EE0005729,Amara,Okafor,Domestic Partner,1967-02-02,F,Active
DP000572902,EE0005729,Malik,Okafor,Child,2000-12-13,F,Active
DP000573401,EE0005734,Fatima,Mensah,Child,2011-08-22,M,Active
DP000573402,EE0005734,Michael,Mensah,Child,2012-04-18,M,Active
DP000573501,EE0005735,Kevin,Davis,Domestic Partner,1989-12-25,M,Active
DP000573701,EE0005737,Zoe,Martinez,Domestic Partner,1971-04-08,M,Active
DP000573901,EE0005739,Michael,Okafor,Child,2007-10-16,M,Active
DP000573902,EE0005739,Daniel,Okafor,Child,2011-01-31,F,Active
DP000574101,EE0005741,Malik,Hernandez,Domestic Partner,1993-07-04,F,Active
DP000574301,EE0005743,Isaiah,Patel,Child,2023-09-16,M,Active
DP000574701,EE0005747,Samuel,Garcia,Child,2021-09-15,F,Active
DP000574801,EE0005748,Nia,Williams,Child,2026-04-29,M,Active
DP000575001,EE0005750,Malik,Brown,Child,2020-07-05,F,Active
DP000575401,EE0005754,Nia,Martinez,Child,2026-02-09,M,Active
DP000575402,EE0005754,Jasmine,Martinez,Child,2008-12-14,M,Active
DP000575501,EE0005755,Naomi,Moore,Child,2008-03-28,F,Active
DP000575502,EE0005755,Andre,Moore,Child,2008-02-23,F,Active
DP000575601,EE0005756,Priya,Moore,Domestic Partner,1995-03-21,M,Active
DP000575602,EE0005756,Fatima,Moore,Child,2016-03-25,F,Active
DP000575801,EE0005758,Noah,Mensah,Spouse,1990-06-05,F,Active
DP000575901,EE0005759,Michael,Kim,Domestic Partner,1987-07-13,F,Active
DP000575902,EE0005759,Leah,Kim,Child,2009-09-29,M,Active
DP000576001,EE0005760,Angela,Chen,Child,2015-12-25,M,Active
DP000576002,EE0005760,Ethan,Chen,Child,2023-07-04,F,Active
DP000576003,EE0005760,Leah,Chen,Child,2020-01-25,F,Active
DP000576101,EE0005761,Sophia,Lewis,Domestic Partner,2006-10-08,M,Active
DP000576102,EE0005761,Nia,Lewis,Child,2025-09-26,F,Active
DP000576601,EE0005766,Daniel,Adeyemi,Domestic Partner,1972-02-20,F,Active
DP000576701,EE0005767,Victor,Adeyemi,Spouse,1976-11-21,F,Active
DP000576702,EE0005767,Nia,Adeyemi,Child,2018-03-14,F,Active
DP000576703,EE0005767,Ethan,Adeyemi,Child,2022-06-02,M,Active
DP000577001,EE0005770,Naomi,Davis,Spouse,1979-06-02,M,Active
DP000577002,EE0005770,Elena,Davis,Child,2006-07-01,F,Active
DP000577301,EE0005773,Amara,Davis,Child,2024-07-25,M,Active
DP000577401,EE0005774,Chiamaka,Lewis,Child,2012-10-28,M,Active
DP000577402,EE0005774,Luis,Lewis,Child,2000-06-07,F,Active
DP000577403,EE0005774,David,Lewis,Child,2002-04-24,F,Active
DP000577501,EE0005775,Jasmine,Davis,Child,2020-01-31,F,Active
DP000577502,EE0005775,Andre,Davis,Child,2002-01-18,F,Active
DP000577503,EE0005775,Naomi,Davis,Child,2002-03-06,M,Active
DP000577601,EE0005776,Carlos,Taylor,Child,2013-12-15,M,Active
DP000577701,EE0005777,Zoe,Chen,Spouse,1977-04-15,M,Active
DP000577901,EE0005779,Ethan,Miller,Spouse,1973-12-21,F,Active
DP000577902,EE0005779,Elena,Miller,Child,2021-06-09,F,Active
DP000578301,EE0005783,Omar,Miller,Domestic Partner,1966-10-10,F,Active
DP000578501,EE0005785,Noah,Okafor,Domestic Partner,2004-04-18,M,Active
DP000578701,EE0005787,Omar,Robinson,Child,2001-09-29,F,Active
DP000578702,EE0005787,Aaliyah,Robinson,Child,2022-06-30,F,Active
DP000578703,EE0005787,Victor,Robinson,Child,2005-09-08,M,Active
DP000578901,EE0005789,Amara,Davis,Child,2003-03-09,F,Active
DP000579101,EE0005791,Amara,Campbell,Domestic Partner,2000-06-12,F,Active
DP000579201,EE0005792,Fatima,Adams,Child,2000-02-20,M,Active
DP000579202,EE0005792,Sophia,Adams,Child,2007-01-24,F,Active
DP000579401,EE0005794,Victor,Johnson,Spouse,1984-01-16,M,Active
DP000579402,EE0005794,Angela,Johnson,Child,2007-04-05,F,Active
DP000579801,EE0005798,Omar,Brown,Child,2000-03-08,M,Active
DP000579901,EE0005799,Luis,Chen,Domestic Partner,1988-08-13,F,Active
DP000579902,EE0005799,Aaliyah,Chen,Child,2001-09-03,M,Active
DP000580201,EE0005802,Andre,Brown,Domestic Partner,2003-05-17,F,Active
DP000580701,EE0005807,Michael,Adeyemi,Spouse,1962-08-16,F,Active
DP000580801,EE0005808,Chiamaka,Smith,Child,2016-09-02,M,Active
DP000580901,EE0005809,Isaiah,Smith,Spouse,1966-11-20,M,Active
DP000580902,EE0005809,Omar,Smith,Child,2010-10-19,M,Active
DP000581201,EE0005812,Elena,Ibrahim,Domestic Partner,1962-04-15,M,Active
DP000581301,EE0005813,Sophia,Adeyemi,Child,2026-05-08,F,Active
DP000581302,EE0005813,Victor,Adeyemi,Child,2008-11-21,M,Active
DP000581601,EE0005816,Kevin,Williams,Child,2000-07-06,M,Active
DP000581801,EE0005818,Andre,Johnson,Spouse,1970-08-24,M,Active
DP000581901,EE0005819,Victor,Thomas,Child,2009-07-07,M,Active
DP000582601,EE0005826,Amara,Hernandez,Domestic Partner,1993-05-04,M,Active
DP000582701,EE0005827,Maya,Smith,Child,2009-09-17,M,Active
DP000582901,EE0005829,Angela,Okafor,Child,2024-07-20,F,Active
DP000583001,EE0005830,Isaiah,Ibrahim,Domestic Partner,1979-11-28,M,Active
DP000583401,EE0005834,Leah,Walker,Domestic Partner,1983-03-12,F,Active
DP000583701,EE0005837,Chiamaka,Robinson,Domestic Partner,1977-10-18,M,Active
DP000583901,EE0005839,Victor,Lewis,Domestic Partner,1993-06-26,F,Active
DP000584001,EE0005840,Samuel,Patel,Child,2019-02-03,M,Active
DP000584201,EE0005842,Olivia,Martinez,Spouse,1975-05-27,M,Active
DP000584801,EE0005848,Carlos,Campbell,Child,2013-12-26,M,Active
DP000585101,EE0005851,Sophia,Mensah,Child,2003-03-31,M,Active
DP000585102,EE0005851,Jordan,Mensah,Child,2025-08-31,F,Active
DP000585301,EE0005853,Chiamaka,Wilson,Domestic Partner,1999-10-04,F,Active
DP000585302,EE0005853,Jasmine,Wilson,Child,2026-01-21,F,Active
DP000585501,EE0005855,Carlos,Thomas,Spouse,1988-08-02,F,Active
DP000585601,EE0005856,Maya,Ibrahim,Spouse,1981-10-16,F,Active
DP000585602,EE0005856,Aaliyah,Ibrahim,Child,2009-07-29,F,Active
DP000585603,EE0005856,Noah,Ibrahim,Child,2006-09-19,M,Active
DP000585701,EE0005857,Carlos,Wilson,Child,2024-09-01,M,Active
DP000585702,EE0005857,Noah,Wilson,Child,2025-10-21,F,Active
DP000585801,EE0005858,Grace,Adams,Domestic Partner,1978-12-30,F,Active
DP000585901,EE0005859,Andre,Robinson,Child,2008-02-10,F,Active
DP000585902,EE0005859,Chiamaka,Robinson,Child,2025-03-23,M,Active
DP000586001,EE0005860,Chiamaka,Kim,Child,2022-02-12,F,Active
DP000586101,EE0005861,Noah,Johnson,Child,2011-01-25,M,Active
DP000586102,EE0005861,Chiamaka,Johnson,Child,2021-04-02,M,Active
DP000586401,EE0005864,Leah,Taylor,Spouse,1975-07-24,F,Active
DP000586402,EE0005864,Maya,Taylor,Child,2005-02-19,M,Active
DP000586501,EE0005865,Daniel,Robinson,Spouse,1968-03-30,F,Active
DP000586502,EE0005865,Kevin,Robinson,Child,2023-03-29,M,Active
DP000586701,EE0005867,Jordan,Garcia,Domestic Partner,1994-02-06,F,Active
DP000587001,EE0005870,Priya,Okafor,Domestic Partner,1991-06-23,F,Active
DP000587101,EE0005871,Elena,Hernandez,Child,2014-07-06,M,Active
DP000587201,EE0005872,Nia,Williams,Child,2024-12-11,M,Active
DP000587202,EE0005872,Chiamaka,Williams,Child,2021-08-01,F,Active
DP000587301,EE0005873,Jasmine,Williams,Child,2021-03-14,F,Active
DP000587302,EE0005873,Luis,Williams,Child,2010-09-01,F,Active
DP000587601,EE0005876,Daniel,Chen,Child,2021-01-23,M,Active
DP000587701,EE0005877,Daniel,Okafor,Domestic Partner,1967-10-08,M,Active
DP000588001,EE0005880,Chiamaka,Campbell,Domestic Partner,2000-11-02,M,Active
DP000588101,EE0005881,Luis,Campbell,Child,2022-07-24,M,Active
DP000588102,EE0005881,Victor,Campbell,Child,2023-10-27,F,Active
DP000588401,EE0005884,Noah,Bennett,Domestic Partner,1992-05-16,M,Active
DP000588402,EE0005884,Jordan,Bennett,Child,2017-05-17,F,Active
DP000588403,EE0005884,Noah,Bennett,Child,2020-02-23,M,Active
DP000588501,EE0005885,Elena,Johnson,Domestic Partner,1981-05-18,M,Active
DP000588502,EE0005885,Ethan,Johnson,Child,2004-03-29,F,Active
DP000588701,EE0005887,Omar,Garcia,Domestic Partner,2005-11-05,F,Active
DP000588901,EE0005889,Luis,Ibrahim,Spouse,1973-10-08,F,Active
DP000589001,EE0005890,Malik,Moore,Spouse,2000-03-01,M,Active
DP000589501,EE0005895,Andre,Lewis,Child,2007-05-21,M,Active
DP000589502,EE0005895,Naomi,Lewis,Child,2014-09-03,M,Active
DP000589701,EE0005897,Luis,Williams,Domestic Partner,1975-05-15,F,Active
DP000590101,EE0005901,Zoe,Ibrahim,Child,2014-09-20,F,Active
DP000590201,EE0005902,Olivia,Ibrahim,Child,2017-01-22,F,Active
DP000590202,EE0005902,Zoe,Ibrahim,Child,2000-01-08,M,Active
DP000590203,EE0005902,Noah,Ibrahim,Child,2016-07-10,F,Active
DP000590301,EE0005903,David,Lewis,Child,2025-09-05,M,Active
DP000590601,EE0005906,Ethan,Adams,Child,2010-09-01,M,Active
DP000590602,EE0005906,Malik,Adams,Child,2000-09-14,F,Active
DP000590801,EE0005908,Zoe,Robinson,Child,2015-10-25,F,Active
DP000590901,EE0005909,Elena,Bennett,Child,2019-04-03,M,Active
DP000590902,EE0005909,Chiamaka,Bennett,Child,2026-02-17,F,Active
DP000590903,EE0005909,Amara,Bennett,Child,2023-05-19,F,Active
DP000591001,EE0005910,Priya,Okafor,Spouse,1990-02-11,F,Active
DP000591002,EE0005910,Samuel,Okafor,Child,2023-08-08,M,Active
DP000591101,EE0005911,Grace,Williams,Spouse,1999-10-09,M,Active
DP000591102,EE0005911,Jasmine,Williams,Child,2023-07-05,M,Active
DP000591401,EE0005914,Carlos,Moore,Spouse,1978-07-30,F,Active
DP000591402,EE0005914,Naomi,Moore,Child,2021-12-15,F,Active
DP000591601,EE0005916,Zoe,Adeyemi,Child,2023-01-12,M,Active
DP000591901,EE0005919,Jasmine,Patel,Spouse,1962-07-15,M,Active
DP000592001,EE0005920,Zoe,Campbell,Child,2006-05-18,F,Active
DP000592002,EE0005920,Jordan,Campbell,Child,2017-09-12,M,Active
DP000592003,EE0005920,Michael,Campbell,Child,2016-02-26,F,Active
DP000592401,EE0005924,Noah,Adeyemi,Spouse,2003-03-23,F,Active
DP000593301,EE0005933,Angela,Kim,Child,2020-11-17,F,Active
DP000593302,EE0005933,Jordan,Kim,Child,2021-07-18,M,Active
DP000593701,EE0005937,Chiamaka,Chen,Domestic Partner,1999-12-23,M,Active
DP000593702,EE0005937,Zoe,Chen,Child,2023-09-05,F,Active
DP000593801,EE0005938,Grace,Patel,Spouse,1978-12-10,M,Active
DP000593901,EE0005939,Daniel,Davis,Domestic Partner,1989-11-30,F,Active
DP000593902,EE0005939,Omar,Davis,Child,2011-05-17,F,Active
DP000594001,EE0005940,David,Davis,Domestic Partner,1999-05-18,F,Active
DP000594002,EE0005940,Isaiah,Davis,Child,2022-04-29,F,Active
DP000594101,EE0005941,Omar,Patel,Child,2021-07-22,F,Active
DP000594201,EE0005942,Sophia,Campbell,Child,2022-09-21,M,Active
DP000594401,EE0005944,Elena,Nguyen,Child,2017-06-17,M,Active
DP000594501,EE0005945,Nia,Garcia,Child,2012-01-13,F,Active
DP000594502,EE0005945,David,Garcia,Child,2024-06-15,F,Active
DP000594503,EE0005945,Jordan,Garcia,Child,2013-10-02,M,Active
DP000594601,EE0005946,Elena,Hernandez,Domestic Partner,1966-05-09,F,Active
DP000594602,EE0005946,Ethan,Hernandez,Child,2008-04-13,F,Active
DP000594801,EE0005948,Priya,Brown,Child,2020-12-19,M,Active
DP000594802,EE0005948,Chiamaka,Brown,Child,2015-03-07,F,Active
DP000594803,EE0005948,Sophia,Brown,Child,2014-11-28,M,Active
DP000595001,EE0005950,Omar,Walker,Child,2014-02-15,M,Active
DP000595002,EE0005950,Olivia,Walker,Child,2013-08-11,F,Active
DP000595101,EE0005951,Luis,Kim,Spouse,1970-06-16,F,Active
DP000595102,EE0005951,Samuel,Kim,Child,2009-10-02,M,Active
DP000595103,EE0005951,Omar,Kim,Child,2020-11-19,F,Active
DP000595501,EE0005955,Omar,Brown,Child,2005-10-12,F,Active
DP000595502,EE0005955,Carlos,Brown,Child,2005-01-20,F,Active
DP000595601,EE0005956,Daniel,Patel,Child,2001-01-15,F,Active
DP000595701,EE0005957,Andre,Adeyemi,Domestic Partner,2006-12-20,M,Active
DP000595702,EE0005957,Maya,Adeyemi,Child,2020-08-22,M,Active
DP000595801,EE0005958,Olivia,Kim,Child,2021-11-19,F,Active
DP000595901,EE0005959,Daniel,Ibrahim,Spouse,1965-01-14,F,Active
DP000596801,EE0005968,Amara,Chen,Child,2023-07-09,M,Active
DP000596901,EE0005969,Omar,Thomas,Domestic Partner,1987-07-17,F,Active
DP000596902,EE0005969,Amara,Thomas,Child,2005-04-04,M,Active
DP000597401,EE0005974,Nia,Robinson,Domestic Partner,1971-08-22,F,Active
DP000597601,EE0005976,Daniel,Patel,Child,2025-06-10,M,Active
DP000597701,EE0005977,Fatima,Chen,Spouse,2001-05-29,F,Active
DP000597702,EE0005977,Chiamaka,Chen,Child,2026-01-04,M,Active
DP000597801,EE0005978,Fatima,Adeyemi,Domestic Partner,2000-05-14,F,Active
DP000597901,EE0005979,Carlos,Miller,Domestic Partner,1983-07-18,M,Active
DP000597902,EE0005979,Jordan,Miller,Child,2019-01-07,M,Active
DP000598401,EE0005984,Victor,Kim,Spouse,1988-11-14,F,Active
DP000598501,EE0005985,Omar,Bennett,Child,2015-09-21,M,Active
DP000598502,EE0005985,Carlos,Bennett,Child,2008-01-31,M,Active
DP000598601,EE0005986,Nia,Mensah,Child,2006-11-02,F,Active
DP000598602,EE0005986,Naomi,Mensah,Child,2023-03-25,F,Active
DP000598603,EE0005986,Kevin,Mensah,Child,2023-10-27,M,Active
DP000598901,EE0005989,Andre,Campbell,Child,2014-06-10,F,Active
DP000599101,EE0005991,Fatima,Hernandez,Domestic Partner,1977-10-14,F,Active
DP000599201,EE0005992,Angela,Johnson,Spouse,1999-05-29,M,Active
DP000599801,EE0005998,Noah,Chen,Spouse,1981-12-15,M,Active
DP000599901,EE0005999,Jasmine,Smith,Spouse,1987-03-04,M,Active
DP000600101,EE0006001,Isaiah,Wilson,Domestic Partner,1972-09-11,M,Active
DP000600401,EE0006004,Aaliyah,Adeyemi,Child,2013-02-09,M,Active
DP000600402,EE0006004,Elena,Adeyemi,Child,2010-04-14,M,Active
DP000600403,EE0006004,Zoe,Adeyemi,Child,2012-07-17,F,Active
DP000600501,EE0006005,Zoe,Adeyemi,Spouse,1988-11-15,M,Active
DP000600502,EE0006005,Grace,Adeyemi,Child,2014-08-30,M,Active
DP000600701,EE0006007,Jasmine,Lewis,Child,2008-06-11,F,Active
DP000600801,EE0006008,Andre,Mensah,Child,2022-12-20,F,Active
DP000600802,EE0006008,Grace,Mensah,Child,2004-08-13,F,Active
DP000601001,EE0006010,Ethan,Patel,Child,2020-10-08,M,Active
DP000601501,EE0006015,Ethan,Chen,Spouse,1978-08-25,F,Active
DP000601502,EE0006015,Sophia,Chen,Child,2004-11-30,F,Active
DP000601503,EE0006015,Kevin,Chen,Child,2003-01-15,F,Active
DP000601801,EE0006018,Nia,Hernandez,Domestic Partner,1982-01-03,M,Active
DP000602101,EE0006021,Carlos,Bennett,Spouse,1975-02-15,M,Active
DP000602601,EE0006026,Malik,Chen,Domestic Partner,1978-06-11,M,Active
DP000602602,EE0006026,Noah,Chen,Child,2013-03-25,M,Active
DP000602801,EE0006028,Maya,Bennett,Spouse,1989-09-16,F,Active
DP000602802,EE0006028,Priya,Bennett,Child,2017-08-19,M,Active
DP000602803,EE0006028,Naomi,Bennett,Child,2011-07-30,F,Active
DP000603001,EE0006030,Zoe,Brown,Child,2023-06-07,M,Active
DP000603002,EE0006030,Amara,Brown,Child,2024-06-27,F,Active
DP000603301,EE0006033,Michael,Adeyemi,Domestic Partner,1994-04-01,M,Active
DP000603302,EE0006033,Grace,Adeyemi,Child,2014-03-09,F,Active
DP000603601,EE0006036,Aaliyah,Martinez,Spouse,1977-06-14,F,Active
DP000603701,EE0006037,Jasmine,Bennett,Child,2020-09-18,F,Active
DP000603702,EE0006037,Jordan,Bennett,Child,2020-08-25,M,Active
DP000604501,EE0006045,Fatima,Chen,Child,2013-08-16,F,Active
DP000604502,EE0006045,Fatima,Chen,Child,2020-06-02,M,Active
DP000604701,EE0006047,Andre,Wilson,Spouse,2001-02-10,M,Active
DP000604702,EE0006047,Michael,Wilson,Child,2018-10-20,M,Active
DP000605001,EE0006050,Victor,Miller,Child,2025-03-12,F,Active
DP000605002,EE0006050,Aaliyah,Miller,Child,2020-09-28,F,Active
DP000605201,EE0006052,Omar,Chen,Child,2005-03-20,F,Active
DP000605501,EE0006055,Leah,Wilson,Domestic Partner,1984-07-12,F,Active
DP000606001,EE0006060,Zoe,Nguyen,Child,2014-05-22,M,Active
DP000606501,EE0006065,Daniel,Martinez,Spouse,2003-11-24,F,Active
DP000606601,EE0006066,Jordan,Adams,Domestic Partner,1983-10-24,F,Active
DP000606602,EE0006066,Nia,Adams,Child,2011-11-02,M,Active
DP000606901,EE0006069,Grace,Lewis,Spouse,1989-11-13,F,Active
DP000606902,EE0006069,Zoe,Lewis,Child,2014-03-12,F,Active
DP000607201,EE0006072,David,Walker,Child,2026-01-22,M,Active
DP000607202,EE0006072,Naomi,Walker,Child,2026-03-29,M,Active
DP000607301,EE0006073,Jordan,Patel,Spouse,1988-05-18,F,Active
DP000607302,EE0006073,Samuel,Patel,Child,2023-01-28,F,Active
DP000607401,EE0006074,Angela,Chen,Child,2018-10-31,M,Active
DP000607402,EE0006074,Leah,Chen,Child,2020-08-01,M,Active
DP000607701,EE0006077,Naomi,Chen,Domestic Partner,1982-05-07,F,Active
DP000607702,EE0006077,Amara,Chen,Child,2001-02-03,F,Active
DP000607703,EE0006077,Aaliyah,Chen,Child,2000-11-15,F,Active
DP000607901,EE0006079,Amara,Hernandez,Domestic Partner,2004-02-17,M,Active
DP000607902,EE0006079,Ethan,Hernandez,Child,2020-01-25,M,Active
DP000608201,EE0006082,Aaliyah,Brown,Spouse,1964-08-23,F,Active
DP000608202,EE0006082,Grace,Brown,Child,2022-07-26,M,Active
DP000608203,EE0006082,Naomi,Brown,Child,2021-04-25,M,Active
DP000608301,EE0006083,Samuel,Wilson,Domestic Partner,1991-03-16,M,Active
DP000608601,EE0006086,Naomi,Smith,Domestic Partner,1986-02-07,M,Active
DP000609401,EE0006094,Sophia,Adeyemi,Spouse,1995-10-27,F,Active
DP000609402,EE0006094,Nia,Adeyemi,Child,2025-10-09,F,Active
DP000609501,EE0006095,David,Adams,Spouse,2007-03-25,M,Active
DP000609502,EE0006095,Nia,Adams,Child,2022-11-01,M,Active
DP000609901,EE0006099,Kevin,Martinez,Spouse,1981-09-15,F,Active
DP000610001,EE0006100,Zoe,Ibrahim,Child,2017-10-16,M,Active
DP000610002,EE0006100,Andre,Ibrahim,Child,2023-01-11,M,Active
DP000610003,EE0006100,Angela,Ibrahim,Child,2008-01-23,M,Active
DP000610301,EE0006103,Angela,Moore,Child,2001-12-04,M,Active
DP000610501,EE0006105,Aaliyah,Adeyemi,Spouse,1994-02-03,F,Active
DP000610601,EE0006106,Naomi,Smith,Child,2009-02-09,F,Active
DP000610901,EE0006109,Ethan,Thomas,Spouse,2002-06-02,M,Active
DP000611101,EE0006111,Ethan,Walker,Child,2017-06-06,F,Active
DP000611201,EE0006112,Maya,Adeyemi,Child,2001-08-29,F,Active
DP000611401,EE0006114,Andre,Kim,Child,2005-04-29,F,Active
DP000611402,EE0006114,Angela,Kim,Child,2013-01-12,F,Active
DP000611403,EE0006114,Nia,Kim,Child,2000-09-17,F,Active
DP000611601,EE0006116,Nia,Bennett,Spouse,1995-05-19,F,Active
DP000611701,EE0006117,Jordan,Thomas,Domestic Partner,1990-03-23,M,Active
DP000611702,EE0006117,Ethan,Thomas,Child,2021-01-19,M,Active
DP000611801,EE0006118,Zoe,Nguyen,Child,2004-06-24,M,Active
DP000612001,EE0006120,Noah,Thomas,Child,2009-05-03,M,Active
DP000612401,EE0006124,Samuel,Chen,Domestic Partner,1976-01-17,M,Active
DP000612601,EE0006126,David,Patel,Spouse,1985-03-02,F,Active
DP000612801,EE0006128,Andre,Ibrahim,Child,2018-10-18,F,Active
DP000613001,EE0006130,Olivia,Martinez,Spouse,1996-11-20,M,Active
DP000613101,EE0006131,Isaiah,Adeyemi,Child,2012-08-12,F,Active
DP000613102,EE0006131,Amara,Adeyemi,Child,2016-08-23,M,Active
DP000613501,EE0006135,Daniel,Bennett,Spouse,1990-12-11,F,Active
DP000613502,EE0006135,Aaliyah,Bennett,Child,2023-03-30,M,Active
DP000613601,EE0006136,Malik,Lewis,Domestic Partner,1963-02-14,F,Active
DP000613602,EE0006136,Olivia,Lewis,Child,2008-06-24,M,Active
DP000613603,EE0006136,Victor,Lewis,Child,2025-11-15,M,Active
DP000613801,EE0006138,Daniel,Lewis,Spouse,1987-10-09,M,Active
DP000613901,EE0006139,Fatima,Davis,Child,2015-06-23,F,Active
DP000614201,EE0006142,Malik,Ibrahim,Domestic Partner,1977-09-22,M,Active
DP000614202,EE0006142,Andre,Ibrahim,Child,2009-12-30,M,Active
DP000614801,EE0006148,Malik,Mensah,Child,2019-04-17,F,Active
DP000614901,EE0006149,Leah,Ibrahim,Child,2014-05-10,F,Active
DP000615401,EE0006154,Olivia,Adeyemi,Child,2026-03-11,M,Active
DP000615402,EE0006154,Grace,Adeyemi,Child,2020-04-23,M,Active
DP000615501,EE0006155,Daniel,Moore,Child,2016-07-11,M,Active
DP000615601,EE0006156,Omar,Nguyen,Domestic Partner,1989-01-16,M,Active
DP000615602,EE0006156,Chiamaka,Nguyen,Child,2019-06-23,F,Active
DP000615701,EE0006157,David,Garcia,Child,2009-06-12,F,Active
DP000615801,EE0006158,Zoe,Walker,Spouse,1998-05-29,M,Active
DP000616201,EE0006162,Amara,Thomas,Child,2019-09-09,F,Active
DP000616301,EE0006163,Omar,Campbell,Spouse,1968-08-02,M,Active
DP000616601,EE0006166,Michael,Miller,Child,2023-09-06,M,Active
DP000616602,EE0006166,Olivia,Miller,Child,2020-06-15,M,Active
DP000616801,EE0006168,Chiamaka,Adams,Domestic Partner,1968-05-17,M,Active
DP000616802,EE0006168,Amara,Adams,Child,2009-10-09,M,Active
DP000616901,EE0006169,Elena,Walker,Spouse,1999-05-23,F,Active
DP000617001,EE0006170,Noah,Robinson,Spouse,1990-08-10,F,Active
DP000617101,EE0006171,Omar,Thomas,Child,2022-07-03,F,Active
DP000617102,EE0006171,Zoe,Thomas,Child,2000-06-01,M,Active
DP000617301,EE0006173,David,Smith,Spouse,2001-12-11,F,Active
DP000617401,EE0006174,Nia,Taylor,Child,2023-03-05,M,Active
DP000617601,EE0006176,Aaliyah,Ibrahim,Domestic Partner,1982-10-03,M,Active
DP000617602,EE0006176,Zoe,Ibrahim,Child,2020-10-13,M,Active
DP000617603,EE0006176,Noah,Ibrahim,Child,2000-05-30,F,Active
DP000617701,EE0006177,Nia,Adams,Child,2018-02-12,F,Active
DP000617702,EE0006177,Daniel,Adams,Child,2000-08-26,F,Active
DP000617801,EE0006178,Michael,Okafor,Domestic Partner,1978-12-27,F,Active
DP000617802,EE0006178,Olivia,Okafor,Child,2020-01-16,F,Active
DP000618101,EE0006181,Malik,Miller,Child,2012-11-19,F,Active
DP000618301,EE0006183,Michael,Moore,Spouse,1977-12-14,M,Active
DP000618302,EE0006183,Kevin,Moore,Child,2020-04-02,F,Active
DP000618303,EE0006183,Amara,Moore,Child,2006-11-30,M,Active
DP000618401,EE0006184,Jasmine,Ibrahim,Child,2002-07-11,M,Active
DP000618501,EE0006185,Andre,Hernandez,Domestic Partner,1982-11-24,F,Active
DP000618502,EE0006185,Isaiah,Hernandez,Child,2012-09-01,F,Active
DP000618901,EE0006189,Ethan,Williams,Spouse,2005-12-24,F,Active
DP000619101,EE0006191,Isaiah,Garcia,Domestic Partner,1999-12-23,F,Active
DP000619102,EE0006191,Michael,Garcia,Child,2024-08-20,F,Active
DP000619501,EE0006195,Daniel,Campbell,Spouse,1962-05-04,F,Active
DP000619601,EE0006196,Luis,Moore,Spouse,2006-09-06,M,Active
DP000619701,EE0006197,Isaiah,Nguyen,Spouse,2006-02-21,M,Active
DP000619901,EE0006199,Ethan,Robinson,Domestic Partner,1979-09-11,M,Active
DP000620001,EE0006200,Angela,Davis,Child,2025-03-03,F,Active
DP000620002,EE0006200,Isaiah,Davis,Child,2025-08-04,F,Active
DP000620101,EE0006201,Victor,Chen,Child,2012-06-11,M,Active
DP000620401,EE0006204,Omar,Davis,Domestic Partner,2000-04-25,M,Active
DP000620501,EE0006205,Olivia,Mensah,Spouse,1970-09-28,M,Active
DP000620502,EE0006205,Maya,Mensah,Child,2003-07-08,F,Active
DP000620503,EE0006205,Samuel,Mensah,Child,2007-10-30,M,Active
DP000620801,EE0006208,Amara,Martinez,Child,2024-05-26,F,Active
DP000621001,EE0006210,Daniel,Bennett,Domestic Partner,1979-02-27,F,Active
DP000621002,EE0006210,Maya,Bennett,Child,2013-06-03,F,Active
DP000621401,EE0006214,Olivia,Johnson,Child,2023-12-24,M,Active
DP000621601,EE0006216,Victor,Patel,Domestic Partner,1995-06-18,M,Active
DP000621602,EE0006216,Samuel,Patel,Child,2020-08-16,F,Active
DP000621701,EE0006217,Victor,Davis,Child,2024-02-11,F,Active
DP000621702,EE0006217,Grace,Davis,Child,2003-12-10,M,Active
DP000622001,EE0006220,Nia,Adams,Child,2021-01-23,F,Active
DP000622002,EE0006220,Michael,Adams,Child,2024-06-16,M,Active
DP000622003,EE0006220,Priya,Adams,Child,2023-12-10,F,Active
DP000622101,EE0006221,Naomi,Bennett,Child,2022-01-14,M,Active
DP000622701,EE0006227,Priya,Walker,Spouse,1968-01-05,M,Active
DP000623001,EE0006230,Maya,Garcia,Domestic Partner,1968-11-09,F,Active
DP000623002,EE0006230,Priya,Garcia,Child,2002-12-29,M,Active
DP000623201,EE0006232,Jasmine,Nguyen,Spouse,1999-04-26,M,Active
DP000623501,EE0006235,Leah,Robinson,Domestic Partner,1973-07-08,F,Active
DP000623502,EE0006235,Maya,Robinson,Child,2022-10-13,F,Active
DP000623801,EE0006238,Naomi,Nguyen,Child,2023-08-03,M,Active
DP000623802,EE0006238,Elena,Nguyen,Child,2020-10-03,F,Active
DP000623803,EE0006238,Naomi,Nguyen,Child,2023-01-22,F,Active
DP000624201,EE0006242,Jordan,Okafor,Child,2003-06-03,M,Active
DP000624501,EE0006245,Naomi,Mensah,Spouse,1988-04-27,F,Active
DP000624502,EE0006245,Sophia,Mensah,Child,2018-07-17,F,Active
DP000624503,EE0006245,Michael,Mensah,Child,2024-08-28,F,Active
DP000624701,EE0006247,Priya,Adams,Domestic Partner,1979-04-18,F,Active
DP000624702,EE0006247,Grace,Adams,Child,2003-07-13,M,Active
DP000624801,EE0006248,Olivia,Patel,Domestic Partner,1985-03-25,F,Active
DP000625201,EE0006252,Fatima,Williams,Domestic Partner,1996-03-02,M,Active
DP000625601,EE0006256,Fatima,Martinez,Domestic Partner,1970-09-30,M,Active
DP000625602,EE0006256,Jordan,Martinez,Child,2001-04-20,M,Active
DP000625901,EE0006259,Amara,Hernandez,Spouse,1970-03-17,F,Active
DP000625902,EE0006259,Daniel,Hernandez,Child,2020-09-15,F,Active
DP000625903,EE0006259,Naomi,Hernandez,Child,2016-11-17,M,Active
DP000626101,EE0006261,Omar,Taylor,Domestic Partner,1976-02-08,M,Active
DP000626201,EE0006262,Malik,Brown,Domestic Partner,1972-07-05,M,Active
DP000626301,EE0006263,Omar,Taylor,Spouse,1996-10-04,F,Active
DP000626401,EE0006264,David,Moore,Child,2024-01-23,M,Active
DP000626501,EE0006265,Omar,Kim,Child,2005-07-25,F,Active
DP000626502,EE0006265,Elena,Kim,Child,2023-12-18,F,Active
DP000626701,EE0006267,Victor,Mensah,Domestic Partner,1965-09-26,M,Active
DP000626702,EE0006267,Nia,Mensah,Child,2012-08-04,M,Active
DP000626801,EE0006268,Luis,Mensah,Child,2018-09-04,M,Active
DP000626802,EE0006268,Nia,Mensah,Child,2011-10-27,M,Active
DP000626901,EE0006269,Chiamaka,Miller,Child,2005-12-08,M,Active
DP000627001,EE0006270,Jordan,Lewis,Child,2018-07-27,F,Active
DP000627002,EE0006270,Nia,Lewis,Child,2011-04-07,F,Active
DP000627003,EE0006270,Malik,Lewis,Child,2012-04-08,M,Active
DP000627101,EE0006271,Andre,Johnson,Domestic Partner,1990-04-01,M,Active
DP000628201,EE0006282,Luis,Taylor,Domestic Partner,2002-05-26,M,Active
DP000628202,EE0006282,Carlos,Taylor,Child,2016-10-07,F,Active
DP000628501,EE0006285,Omar,Brown,Spouse,2007-02-13,F,Active
DP000628701,EE0006287,Grace,Patel,Domestic Partner,1986-08-30,M,Active
DP000628702,EE0006287,Luis,Patel,Child,2020-10-31,F,Active
DP000628703,EE0006287,Andre,Patel,Child,2012-08-16,F,Active
DP000629201,EE0006292,Malik,Garcia,Domestic Partner,1961-07-15,F,Active
DP000629202,EE0006292,Daniel,Garcia,Child,2026-04-08,M,Active
DP000629203,EE0006292,Olivia,Garcia,Child,2024-11-07,F,Active
DP000629401,EE0006294,Aaliyah,Patel,Spouse,1969-02-19,M,Active
DP000629601,EE0006296,David,Robinson,Domestic Partner,2004-01-12,M,Active
DP000629701,EE0006297,Isaiah,Lewis,Spouse,2004-08-14,M,Active
DP000629702,EE0006297,Andre,Lewis,Child,2019-08-01,M,Active
DP000630101,EE0006301,Michael,Williams,Spouse,1975-12-30,F,Active
DP000630102,EE0006301,Sophia,Williams,Child,2024-05-21,M,Active
DP000630103,EE0006301,Samuel,Williams,Child,2004-08-29,M,Active
DP000630201,EE0006302,Michael,Adeyemi,Child,2017-03-30,F,Active
DP000630301,EE0006303,Priya,Adeyemi,Domestic Partner,1985-09-11,F,Active
DP000630302,EE0006303,Michael,Adeyemi,Child,2022-05-11,M,Active
DP000630303,EE0006303,Naomi,Adeyemi,Child,2018-10-17,M,Active
DP000630701,EE0006307,Kevin,Ibrahim,Spouse,1984-11-25,F,Active
DP000630702,EE0006307,Andre,Ibrahim,Child,2007-12-27,F,Active
DP000630703,EE0006307,Angela,Ibrahim,Child,2001-09-11,M,Active
DP000630901,EE0006309,Priya,Lewis,Spouse,1976-10-24,F,Active
DP000631001,EE0006310,Elena,Walker,Spouse,2005-01-05,M,Active
DP000631201,EE0006312,Jordan,Okafor,Spouse,1982-03-13,F,Active
DP000631202,EE0006312,Andre,Okafor,Child,2023-03-21,F,Active
DP000631301,EE0006313,Michael,Moore,Spouse,1972-03-08,F,Active
DP000631302,EE0006313,Andre,Moore,Child,2008-01-01,F,Active
DP000631601,EE0006316,Omar,Okafor,Spouse,2003-10-27,F,Active
DP000631701,EE0006317,Jordan,Miller,Spouse,2007-04-10,F,Active
DP000631702,EE0006317,Aaliyah,Miller,Child,2025-07-30,M,Active
DP000631901,EE0006319,David,Lewis,Child,2022-03-04,M,Active
DP000631902,EE0006319,Malik,Lewis,Child,2025-05-22,F,Active
DP000631903,EE0006319,Isaiah,Lewis,Child,2020-02-17,F,Active
DP000632101,EE0006321,Jordan,Patel,Spouse,1976-08-17,M,Active
DP000632201,EE0006322,Ethan,Campbell,Spouse,1990-09-16,M,Active
DP000632202,EE0006322,Sophia,Campbell,Child,2006-01-28,M,Active
DP000632601,EE0006326,Nia,Moore,Child,2020-05-28,F,Active
DP000633101,EE0006331,Naomi,Ibrahim,Spouse,1974-10-18,F,Active
DP000633501,EE0006335,Andre,Campbell,Domestic Partner,1971-12-27,F,Active
DP000633502,EE0006335,Naomi,Campbell,Child,2024-06-25,M,Active
DP000633601,EE0006336,Jasmine,Kim,Spouse,1981-08-01,M,Active
DP000633901,EE0006339,Zoe,Ibrahim,Domestic Partner,1987-09-08,M,Active
DP000633902,EE0006339,Samuel,Ibrahim,Child,2017-11-08,F,Active
DP000633903,EE0006339,Naomi,Ibrahim,Child,2020-03-04,F,Active
DP000634201,EE0006342,Elena,Brown,Spouse,1965-09-27,F,Active
DP000634301,EE0006343,Luis,Ibrahim,Child,2017-09-04,F,Active
DP000634401,EE0006344,Michael,Adams,Child,2025-07-04,M,Active
DP000634402,EE0006344,Michael,Adams,Child,2016-01-11,M,Active
DP000634701,EE0006347,Kevin,Okafor,Domestic Partner,1973-10-08,M,Active
DP000634801,EE0006348,Jasmine,Ibrahim,Child,2025-07-18,F,Active
DP000634802,EE0006348,Michael,Ibrahim,Child,2022-01-13,M,Active
DP000635101,EE0006351,Aaliyah,Chen,Child,2026-01-11,M,Active
DP000635102,EE0006351,Andre,Chen,Child,2011-07-27,M,Active
DP000635201,EE0006352,Omar,Smith,Spouse,1970-09-12,M,Active
DP000635202,EE0006352,Luis,Smith,Child,2001-09-20,M,Active
DP000635301,EE0006353,Maya,Brown,Domestic Partner,1996-01-18,F,Active
DP000635401,EE0006354,Zoe,Lewis,Spouse,1973-03-28,F,Active
DP000635402,EE0006354,Noah,Lewis,Child,2002-04-29,M,Active
DP000635403,EE0006354,David,Lewis,Child,2006-02-02,M,Active
DP000635501,EE0006355,Daniel,Brown,Domestic Partner,1974-01-29,F,Active
DP000635502,EE0006355,Luis,Brown,Child,2007-07-31,F,Active
DP000635601,EE0006356,Ethan,Robinson,Spouse,1979-01-22,F,Active
DP000635602,EE0006356,Chiamaka,Robinson,Child,2018-10-16,F,Active
DP000635701,EE0006357,Ethan,Bennett,Child,2009-04-26,F,Active
DP000635801,EE0006358,Isaiah,Patel,Spouse,2000-02-10,M,Active
DP000635802,EE0006358,Naomi,Patel,Child,2023-08-03,F,Active
DP000635901,EE0006359,Fatima,Robinson,Domestic Partner,2001-08-22,F,Active
DP000635902,EE0006359,Chiamaka,Robinson,Child,2026-03-21,M,Active
DP000636201,EE0006362,Michael,Adams,Domestic Partner,1976-01-08,F,Active
DP000636401,EE0006364,Victor,Taylor,Domestic Partner,1968-04-29,M,Active
DP000636402,EE0006364,Noah,Taylor,Child,2024-02-23,F,Active
DP000636601,EE0006366,David,Okafor,Domestic Partner,1993-03-26,M,Active
DP000636701,EE0006367,Leah,Taylor,Child,2024-07-01,F,Active
DP000637201,EE0006372,Maya,Taylor,Domestic Partner,1997-03-03,F,Active
DP000637202,EE0006372,Aaliyah,Taylor,Child,2020-10-20,F,Active
DP000637301,EE0006373,Naomi,Hernandez,Child,2010-12-28,M,Active
DP000637401,EE0006374,Olivia,Nguyen,Spouse,1997-02-14,M,Active
DP000637402,EE0006374,Grace,Nguyen,Child,2024-01-03,M,Active
DP000637403,EE0006374,Isaiah,Nguyen,Child,2022-01-30,F,Active
DP000637801,EE0006378,Isaiah,Lewis,Domestic Partner,1974-01-25,F,Active
DP000638001,EE0006380,Maya,Adams,Domestic Partner,1992-08-23,M,Active
DP000638002,EE0006380,Victor,Adams,Child,2016-04-21,M,Active
DP000638301,EE0006383,Luis,Williams,Child,2022-03-07,M,Active
DP000638302,EE0006383,Nia,Williams,Child,2017-02-23,M,Active
DP000638401,EE0006384,Chiamaka,Thomas,Spouse,1983-09-10,F,Active
DP000638501,EE0006385,David,Miller,Child,2021-04-15,M,Active
DP000638502,EE0006385,Andre,Miller,Child,2001-08-10,F,Active
DP000638701,EE0006387,Fatima,Thomas,Domestic Partner,2003-11-20,M,Active
DP000638702,EE0006387,Aaliyah,Thomas,Child,2017-08-22,M,Active
DP000638801,EE0006388,Noah,Davis,Domestic Partner,1964-01-26,M,Active
DP000639001,EE0006390,Amara,Hernandez,Domestic Partner,2006-08-17,M,Active
DP000639002,EE0006390,Victor,Hernandez,Child,2025-01-06,M,Active
DP000639101,EE0006391,Samuel,Wilson,Domestic Partner,1981-06-13,F,Active
DP000639201,EE0006392,Olivia,Thomas,Spouse,1992-09-04,F,Active
DP000639401,EE0006394,David,Campbell,Domestic Partner,1982-07-02,F,Active
DP000639402,EE0006394,Aaliyah,Campbell,Child,2021-08-09,F,Active
DP000640001,EE0006400,Jordan,Hernandez,Child,2021-08-26,F,Active
DP000640101,EE0006401,Elena,Robinson,Spouse,1967-12-09,F,Active
DP000640102,EE0006401,Noah,Robinson,Child,2025-01-25,F,Active
DP000640201,EE0006402,Ethan,Ibrahim,Child,2023-06-26,F,Active
DP000640501,EE0006405,Leah,Miller,Spouse,1998-06-05,F,Active
DP000640502,EE0006405,Omar,Miller,Child,2025-11-03,F,Active
DP000640601,EE0006406,Samuel,Okafor,Spouse,1975-09-29,M,Active
DP000640701,EE0006407,Isaiah,Adeyemi,Child,2018-10-23,F,Active
DP000641001,EE0006410,Samuel,Davis,Domestic Partner,1970-05-30,M,Active
DP000641002,EE0006410,Jasmine,Davis,Child,2024-06-30,F,Active
DP000641101,EE0006411,Aaliyah,Nguyen,Child,2012-11-17,F,Active
DP000641401,EE0006414,Nia,Moore,Child,2000-07-28,F,Active
DP000641501,EE0006415,Zoe,Thomas,Child,2025-07-18,M,Active
DP000641502,EE0006415,Carlos,Thomas,Child,2023-06-02,M,Active
DP000641801,EE0006418,Kevin,Chen,Spouse,1963-04-07,M,Active
DP000641901,EE0006419,Nia,Bennett,Child,2019-05-18,M,Active
DP000641902,EE0006419,Victor,Bennett,Child,2013-09-20,M,Active
DP000642001,EE0006420,Leah,Smith,Domestic Partner,1966-01-05,F,Active
DP000642002,EE0006420,Amara,Smith,Child,2014-05-23,F,Active
DP000642201,EE0006422,Jasmine,Williams,Child,2019-12-05,M,Active
DP000642401,EE0006424,Noah,Mensah,Spouse,1980-12-05,F,Active
DP000642501,EE0006425,Omar,Walker,Spouse,1976-07-24,F,Active
DP000642701,EE0006427,Victor,Moore,Spouse,1964-09-20,F,Active
DP000643001,EE0006430,Angela,Campbell,Child,2020-08-26,F,Active
DP000643101,EE0006431,Fatima,Thomas,Child,2020-10-19,F,Active
DP000643102,EE0006431,Sophia,Thomas,Child,2000-12-04,F,Active
DP000643601,EE0006436,Aaliyah,Nguyen,Child,2023-07-05,F,Active
DP000643602,EE0006436,Naomi,Nguyen,Child,2026-05-30,M,Active
DP000643603,EE0006436,Maya,Nguyen,Child,2024-05-23,M,Active
DP000643801,EE0006438,Michael,Williams,Spouse,1965-09-10,M,Active
DP000643802,EE0006438,Priya,Williams,Child,2010-09-12,F,Active
DP000644201,EE0006442,Jordan,Miller,Child,2025-06-02,M,Active
DP000644701,EE0006447,Noah,Garcia,Spouse,1973-01-31,F,Active
DP000644801,EE0006448,Fatima,Ibrahim,Child,2013-07-21,M,Active
DP000645001,EE0006450,Aaliyah,Patel,Spouse,1974-01-01,M,Active
DP000645002,EE0006450,Olivia,Patel,Child,2007-06-05,M,Active
DP000645701,EE0006457,Omar,Hernandez,Child,2021-04-02,F,Active
DP000645702,EE0006457,Zoe,Hernandez,Child,2015-10-06,F,Active
DP000645801,EE0006458,Malik,Patel,Child,2023-02-08,F,Active
DP000645901,EE0006459,Andre,Brown,Domestic Partner,1999-01-15,F,Active
DP000645902,EE0006459,Ethan,Brown,Child,2022-07-08,M,Active
DP000646201,EE0006462,Maya,Walker,Spouse,1984-08-04,M,Active
DP000646301,EE0006463,Sophia,Smith,Child,2001-08-23,F,Active
DP000646302,EE0006463,Angela,Smith,Child,2023-11-26,F,Active
DP000646501,EE0006465,Ethan,Ibrahim,Child,2019-06-11,F,Active
DP000646901,EE0006469,Naomi,Garcia,Domestic Partner,1978-04-15,M,Active
DP000647101,EE0006471,Luis,Hernandez,Child,2011-03-10,M,Active
DP000647401,EE0006474,Luis,Taylor,Spouse,1973-10-10,M,Active
DP000647501,EE0006475,David,Robinson,Domestic Partner,1991-02-02,F,Active
DP000647502,EE0006475,Naomi,Robinson,Child,2023-04-24,M,Active
DP000647503,EE0006475,Angela,Robinson,Child,2020-09-10,M,Active
DP000647601,EE0006476,Aaliyah,Thomas,Domestic Partner,1971-08-23,M,Active
DP000647602,EE0006476,David,Thomas,Child,2017-10-22,M,Active
DP000647701,EE0006477,Maya,Johnson,Child,2012-09-22,M,Active
DP000648001,EE0006480,Aaliyah,Robinson,Child,2026-06-18,F,Active
DP000648002,EE0006480,Samuel,Robinson,Child,2026-06-24,M,Active
DP000648003,EE0006480,David,Robinson,Child,2025-11-19,M,Active
DP000648101,EE0006481,Maya,Okafor,Child,2014-11-22,M,Active
DP000648401,EE0006484,Leah,Robinson,Child,2008-09-09,M,Active
DP000648601,EE0006486,Angela,Brown,Domestic Partner,1981-04-14,M,Active
DP000648602,EE0006486,Sophia,Brown,Child,2009-09-05,M,Active
DP000648603,EE0006486,Nia,Brown,Child,2020-09-24,F,Active
DP000648801,EE0006488,Noah,Campbell,Child,2022-07-16,M,Active
DP000648802,EE0006488,Olivia,Campbell,Child,2018-10-23,F,Active
DP000648901,EE0006489,Leah,Martinez,Domestic Partner,1964-10-15,F,Active
DP000648902,EE0006489,Olivia,Martinez,Child,2026-02-15,M,Active
DP000649001,EE0006490,Olivia,Wilson,Child,2012-03-23,F,Active
DP000649002,EE0006490,Naomi,Wilson,Child,2008-09-27,F,Active
DP000649003,EE0006490,Elena,Wilson,Child,2016-02-09,M,Active
DP000649201,EE0006492,Malik,Adeyemi,Spouse,2002-02-24,F,Active
DP000649501,EE0006495,Jasmine,Smith,Domestic Partner,1985-05-06,F,Active
DP000649502,EE0006495,Angela,Smith,Child,2009-09-06,F,Active
DP000649701,EE0006497,Aaliyah,Taylor,Child,2023-09-07,M,Active
DP000649702,EE0006497,Angela,Taylor,Child,2019-03-25,F,Active
DP000649801,EE0006498,Carlos,Williams,Child,2019-01-01,M,Active
DP000649802,EE0006498,Daniel,Williams,Child,2024-07-22,F,Active
DP000649803,EE0006498,Sophia,Williams,Child,2017-11-07,M,Active
DP000649901,EE0006499,Kevin,Bennett,Spouse,1970-08-05,F,Active
DP000649902,EE0006499,Zoe,Bennett,Child,2007-04-18,M,Active
DP000649903,EE0006499,Andre,Bennett,Child,2024-08-19,F,Active
DP000650001,EE0006500,Daniel,Thomas,Spouse,1986-04-21,F,Active
DP000650101,EE0006501,Grace,Campbell,Child,2010-07-25,F,Active
DP000650102,EE0006501,Olivia,Campbell,Child,2008-05-01,M,Active
DP000650201,EE0006502,Andre,Chen,Domestic Partner,1979-12-19,F,Active
DP000650401,EE0006504,Ethan,Johnson,Child,2000-10-18,F,Active
DP000650402,EE0006504,Carlos,Johnson,Child,2024-03-22,M,Active
DP000650701,EE0006507,Omar,Mensah,Spouse,1977-12-18,F,Active
DP000650702,EE0006507,Fatima,Mensah,Child,2001-10-06,F,Active
DP000650901,EE0006509,Leah,Adams,Spouse,1967-07-13,F,Active
DP000650902,EE0006509,Isaiah,Adams,Child,2018-11-14,M,Active
DP000651201,EE0006512,Samuel,Taylor,Child,2025-08-09,M,Active
DP000651202,EE0006512,Noah,Taylor,Child,2023-03-09,M,Active
DP000651401,EE0006514,Michael,Patel,Domestic Partner,1967-11-01,M,Active
DP000651601,EE0006516,Elena,Mensah,Spouse,2000-08-28,F,Active
DP000651602,EE0006516,Malik,Mensah,Child,2020-11-04,F,Active
DP000651603,EE0006516,Leah,Mensah,Child,2019-07-29,F,Active
DP000651801,EE0006518,Nia,Bennett,Child,2018-12-09,F,Active
DP000651802,EE0006518,Isaiah,Bennett,Child,2010-04-10,M,Active
DP000652001,EE0006520,Isaiah,Smith,Spouse,1969-08-25,F,Active
DP000652002,EE0006520,Jasmine,Smith,Child,2014-09-07,M,Active
DP000652201,EE0006522,Carlos,Walker,Spouse,1980-06-29,F,Active
DP000652202,EE0006522,Olivia,Walker,Child,2001-12-11,M,Active
DP000652301,EE0006523,Michael,Thomas,Spouse,1983-08-07,M,Active
DP000652302,EE0006523,Chiamaka,Thomas,Child,2008-06-06,M,Active
DP000652501,EE0006525,Aaliyah,Hernandez,Domestic Partner,1981-01-13,M,Active
DP000652601,EE0006526,Luis,Walker,Domestic Partner,2003-08-13,F,Active
DP000652801,EE0006528,Ethan,Thomas,Child,2025-06-15,F,Active
DP000652901,EE0006529,Kevin,Nguyen,Domestic Partner,1964-12-30,F,Active
DP000653001,EE0006530,Leah,Lewis,Spouse,1963-01-19,M,Active
DP000653301,EE0006533,Noah,Brown,Child,2023-06-27,F,Active
DP000653501,EE0006535,Amara,Robinson,Child,2004-08-21,M,Active
DP000653801,EE0006538,Elena,Okafor,Domestic Partner,2005-08-16,F,Active
DP000654201,EE0006542,Kevin,Campbell,Spouse,1993-03-05,F,Active
DP000654401,EE0006544,Isaiah,Adams,Domestic Partner,1983-06-20,M,Active
DP000654402,EE0006544,Jasmine,Adams,Child,2023-09-09,M,Active
DP000654701,EE0006547,Michael,Kim,Child,2022-10-06,F,Active
DP000655001,EE0006550,Nia,Ibrahim,Spouse,1988-03-22,F,Active
DP000655101,EE0006551,Angela,Wilson,Domestic Partner,1983-09-18,F,Active
DP000655201,EE0006552,David,Wilson,Spouse,2001-03-19,M,Active
DP000655301,EE0006553,Isaiah,Garcia,Domestic Partner,2002-04-23,M,Active
DP000655302,EE0006553,Isaiah,Garcia,Child,2022-03-23,M,Active
DP000655303,EE0006553,Jordan,Garcia,Child,2021-07-09,F,Active
DP000655701,EE0006557,Jasmine,Bennett,Spouse,1985-05-06,M,Active
DP000656001,EE0006560,Olivia,Wilson,Child,2025-08-07,M,Active
DP000656201,EE0006562,Malik,Nguyen,Domestic Partner,1967-01-31,F,Active
DP000656301,EE0006563,Luis,Miller,Spouse,1998-10-17,M,Active
DP000656401,EE0006564,Elena,Kim,Domestic Partner,2004-06-28,M,Active
DP000656402,EE0006564,Elena,Kim,Child,2020-01-04,F,Active
DP000656601,EE0006566,Isaiah,Campbell,Spouse,1991-12-31,M,Active
DP000656602,EE0006566,Malik,Campbell,Child,2022-11-01,F,Active
DP000656701,EE0006567,Omar,Davis,Child,2011-10-24,M,Active
DP000656702,EE0006567,Elena,Davis,Child,2023-04-14,F,Active
DP000656801,EE0006568,Ethan,Walker,Domestic Partner,1971-12-19,M,Active
DP000656802,EE0006568,Maya,Walker,Child,2025-02-04,M,Active
DP000656803,EE0006568,Leah,Walker,Child,2024-11-24,F,Active
DP000657001,EE0006570,Fatima,Brown,Spouse,1999-05-07,F,Active
DP000657101,EE0006571,Sophia,Martinez,Child,2013-08-12,M,Active
DP000657102,EE0006571,Jasmine,Martinez,Child,2026-06-24,F,Active
DP000657401,EE0006574,Michael,Brown,Child,2003-11-25,F,Active
DP000657701,EE0006577,Amara,Martinez,Child,2004-01-15,M,Active
DP000657702,EE0006577,Sophia,Martinez,Child,2016-03-12,M,Active
DP000658001,EE0006580,Isaiah,Moore,Domestic Partner,1993-09-23,M,Active
DP000658002,EE0006580,Nia,Moore,Child,2018-12-27,F,Active
DP000658003,EE0006580,Samuel,Moore,Child,2015-04-19,F,Active
DP000658201,EE0006582,Aaliyah,Garcia,Domestic Partner,1996-10-19,F,Active
DP000658202,EE0006582,Jasmine,Garcia,Child,2013-12-04,M,Active
DP000658203,EE0006582,Malik,Garcia,Child,2023-03-14,M,Active
DP000658401,EE0006584,David,Nguyen,Domestic Partner,1987-11-19,M,Active
DP000658402,EE0006584,Chiamaka,Nguyen,Child,2021-01-09,F,Active
DP000658601,EE0006586,Chiamaka,Smith,Domestic Partner,2006-03-02,F,Active
DP000658602,EE0006586,Isaiah,Smith,Child,2025-07-08,M,Active
DP000658701,EE0006587,Kevin,Adams,Spouse,1980-09-02,F,Active
DP000658702,EE0006587,Samuel,Adams,Child,2021-10-19,M,Active
DP000658703,EE0006587,Michael,Adams,Child,2016-01-01,M,Active
DP000659101,EE0006591,Naomi,Kim,Domestic Partner,1962-09-10,M,Active
DP000659102,EE0006591,Michael,Kim,Child,2008-04-13,M,Active
DP000659401,EE0006594,Noah,Robinson,Spouse,1976-07-19,F,Active
DP000659501,EE0006595,Aaliyah,Williams,Spouse,2007-04-09,F,Active
DP000659601,EE0006596,Isaiah,Walker,Spouse,1995-01-21,F,Active
DP000660101,EE0006601,Luis,Brown,Spouse,1999-10-25,M,Active
DP000660102,EE0006601,Michael,Brown,Child,2021-07-11,M,Active
DP000660103,EE0006601,Angela,Brown,Child,2026-01-29,F,Active
DP000660501,EE0006605,Jasmine,Moore,Child,2020-08-29,M,Active
DP000660502,EE0006605,Naomi,Moore,Child,2002-08-11,M,Active
DP000660503,EE0006605,Zoe,Moore,Child,2024-03-09,F,Active
DP000660801,EE0006608,Noah,Chen,Child,2017-05-17,M,Active
DP000660901,EE0006609,Carlos,Thomas,Domestic Partner,1977-12-03,M,Active
DP000660902,EE0006609,Victor,Thomas,Child,2008-09-02,M,Active
DP000660903,EE0006609,Angela,Thomas,Child,2009-11-17,F,Active
DP000661301,EE0006613,Sophia,Miller,Domestic Partner,1997-12-06,M,Active
DP000661401,EE0006614,Leah,Garcia,Domestic Partner,1989-11-05,F,Active
DP000661501,EE0006615,Andre,Chen,Domestic Partner,1997-05-25,F,Active
DP000661502,EE0006615,Omar,Chen,Child,2024-08-28,F,Active
DP000661801,EE0006618,Jasmine,Robinson,Spouse,1966-11-17,F,Active
DP000661802,EE0006618,Maya,Robinson,Child,2005-07-08,F,Active
DP000661803,EE0006618,Isaiah,Robinson,Child,2021-05-31,M,Active
DP000662001,EE0006620,Chiamaka,Ibrahim,Domestic Partner,1983-10-16,M,Active
DP000662401,EE0006624,Kevin,Miller,Domestic Partner,1971-12-07,M,Active
DP000662402,EE0006624,Luis,Miller,Child,2000-02-13,F,Active
DP000662701,EE0006627,Elena,Miller,Child,2009-01-23,F,Active
DP000662801,EE0006628,Victor,Smith,Spouse,1995-08-24,M,Active
DP000662901,EE0006629,Samuel,Wilson,Spouse,1992-09-20,M,Active
DP000663101,EE0006631,Chiamaka,Adams,Spouse,1987-08-20,F,Active
DP000663201,EE0006632,Amara,Miller,Child,2020-10-08,F,Active
DP000663202,EE0006632,Amara,Miller,Child,2022-06-22,F,Active
DP000663203,EE0006632,Noah,Miller,Child,2018-02-09,M,Active
DP000663401,EE0006634,Samuel,Chen,Domestic Partner,1995-12-14,F,Active
DP000663402,EE0006634,Samuel,Chen,Child,2018-09-08,M,Active
DP000663601,EE0006636,Carlos,Nguyen,Domestic Partner,1996-10-16,M,Active
DP000663602,EE0006636,Olivia,Nguyen,Child,2025-04-14,F,Active
DP000663701,EE0006637,Kevin,Mensah,Spouse,1975-12-24,F,Active
DP000663801,EE0006638,Noah,Lewis,Spouse,1992-03-18,M,Active
DP000663802,EE0006638,Michael,Lewis,Child,2009-01-10,M,Active
DP000664001,EE0006640,Zoe,Chen,Child,2013-07-22,M,Active
DP000664002,EE0006640,Fatima,Chen,Child,2005-04-09,M,Active
DP000664003,EE0006640,Maya,Chen,Child,2000-08-19,F,Active
DP000664401,EE0006644,Kevin,Johnson,Domestic Partner,2005-10-06,F,Active
DP000664402,EE0006644,Daniel,Johnson,Child,2023-11-18,F,Active
DP000664901,EE0006649,Jordan,Brown,Domestic Partner,2001-10-28,F,Active
DP000665201,EE0006652,Victor,Moore,Child,2023-11-26,M,Active
DP000665501,EE0006655,Noah,Nguyen,Spouse,1977-10-07,F,Active
DP000665502,EE0006655,Jordan,Nguyen,Child,2013-12-17,M,Active
DP000666001,EE0006660,Carlos,Moore,Spouse,1986-09-15,M,Active
DP000666002,EE0006660,Isaiah,Moore,Child,2021-02-18,F,Active
DP000666101,EE0006661,Carlos,Williams,Domestic Partner,1989-01-30,F,Active
DP000666201,EE0006662,Elena,Miller,Domestic Partner,1979-10-05,F,Active
DP000666301,EE0006663,Omar,Martinez,Child,2022-01-27,F,Active
DP000666401,EE0006664,Kevin,Nguyen,Child,2015-01-16,F,Active
DP000666402,EE0006664,Jordan,Nguyen,Child,2019-06-08,F,Active
DP000666501,EE0006665,Sophia,Smith,Child,2025-01-21,F,Active
DP000666502,EE0006665,Chiamaka,Smith,Child,2008-09-01,M,Active
DP000666701,EE0006667,Michael,Brown,Domestic Partner,1966-05-10,F,Active
DP000666901,EE0006669,Fatima,Bennett,Spouse,1985-03-09,F,Active
DP000667001,EE0006670,Amara,Okafor,Child,2009-10-22,M,Active
DP000667002,EE0006670,Fatima,Okafor,Child,2011-01-09,F,Active
DP000667101,EE0006671,Nia,Lewis,Child,2024-08-15,M,Active
DP000667102,EE0006671,Naomi,Lewis,Child,2018-05-19,F,Active
DP000667103,EE0006671,Jordan,Lewis,Child,2024-05-15,M,Active
DP000667301,EE0006673,Carlos,Davis,Child,2003-11-20,F,Active
DP000667401,EE0006674,Nia,Thomas,Domestic Partner,1984-07-15,F,Active
DP000667402,EE0006674,Kevin,Thomas,Child,2015-11-19,M,Active
DP000667601,EE0006676,Elena,Wilson,Domestic Partner,1987-09-15,M,Active
DP000667701,EE0006677,Isaiah,Adeyemi,Domestic Partner,1967-10-29,F,Active
DP000667801,EE0006678,Isaiah,Adeyemi,Domestic Partner,1983-11-13,M,Active
DP000667802,EE0006678,Noah,Adeyemi,Child,2019-03-18,F,Active
DP000668201,EE0006682,Jordan,Smith,Spouse,1964-08-14,M,Active
DP000668301,EE0006683,Priya,Taylor,Child,2022-12-15,F,Active
DP000668302,EE0006683,Amara,Taylor,Child,2011-01-30,M,Active
DP000668701,EE0006687,Michael,Wilson,Spouse,1969-12-20,M,Active
DP000668702,EE0006687,Isaiah,Wilson,Child,2019-08-06,M,Active
DP000669201,EE0006692,Jasmine,Miller,Child,2017-12-17,F,Active
DP000669301,EE0006693,Victor,Okafor,Domestic Partner,2000-08-05,F,Active
DP000669302,EE0006693,Leah,Okafor,Child,2017-02-19,F,Active
DP000669303,EE0006693,Fatima,Okafor,Child,2024-04-10,M,Active
DP000669501,EE0006695,Sophia,Kim,Child,2009-02-27,F,Active
DP000669502,EE0006695,Michael,Kim,Child,2015-04-14,F,Active
DP000669801,EE0006698,Daniel,Nguyen,Child,2014-07-20,F,Active
DP000669802,EE0006698,Carlos,Nguyen,Child,2003-12-29,F,Active
DP000669803,EE0006698,Amara,Nguyen,Child,2000-08-23,F,Active
DP000669901,EE0006699,David,Smith,Spouse,2003-04-02,M,Active
DP000669902,EE0006699,Sophia,Smith,Child,2022-04-07,F,Active
DP000670101,EE0006701,Priya,Brown,Spouse,2003-11-01,M,Active
DP000670301,EE0006703,Andre,Mensah,Child,2007-12-26,M,Active
DP000670601,EE0006706,Fatima,Campbell,Spouse,1993-12-28,M,Active
DP000670602,EE0006706,Grace,Campbell,Child,2022-07-12,M,Active
DP000670701,EE0006707,Maya,Martinez,Child,2022-11-23,M,Active
DP000670801,EE0006708,Carlos,Johnson,Domestic Partner,1961-03-07,F,Active
DP000671001,EE0006710,Jordan,Campbell,Child,2024-09-13,F,Active
DP000671201,EE0006712,Omar,Ibrahim,Spouse,1978-07-18,M,Active
DP000671202,EE0006712,Isaiah,Ibrahim,Child,2007-07-30,F,Active
DP000671401,EE0006714,Aaliyah,Okafor,Spouse,1998-02-08,F,Active
DP000671501,EE0006715,Fatima,Adeyemi,Child,2008-11-12,M,Active
DP000671502,EE0006715,Aaliyah,Adeyemi,Child,2021-08-26,M,Active
DP000671601,EE0006716,Zoe,Bennett,Spouse,1997-09-20,M,Active
DP000671701,EE0006717,Noah,Kim,Child,2003-04-18,F,Active
DP000671702,EE0006717,Luis,Kim,Child,2008-04-21,M,Active
DP000671703,EE0006717,Daniel,Kim,Child,2013-08-28,F,Active
DP000671901,EE0006719,Luis,Chen,Spouse,1966-01-06,M,Active
DP000671902,EE0006719,Aaliyah,Chen,Child,2020-08-03,M,Active
DP000671903,EE0006719,Victor,Chen,Child,2009-10-12,F,Active
DP000672001,EE0006720,Nia,Kim,Child,2021-08-26,M,Active
DP000672101,EE0006721,Zoe,Brown,Child,2020-09-07,M,Active
DP000672401,EE0006724,Kevin,Thomas,Spouse,1978-07-08,F,Active
DP000672402,EE0006724,Jasmine,Thomas,Child,2021-10-04,M,Active
DP000672403,EE0006724,Andre,Thomas,Child,2020-01-26,M,Active
DP000672501,EE0006725,Nia,Smith,Domestic Partner,1984-11-09,F,Active
DP000672601,EE0006726,Leah,Brown,Domestic Partner,1966-02-05,F,Active
DP000672602,EE0006726,Daniel,Brown,Child,2000-11-27,M,Active
DP000673201,EE0006732,Olivia,Thomas,Spouse,1989-05-21,M,Active
DP000673202,EE0006732,Victor,Thomas,Child,2012-02-19,F,Active
DP000673301,EE0006733,Olivia,Moore,Spouse,1976-07-05,M,Active
DP000673401,EE0006734,Amara,Brown,Child,2024-03-23,M,Active
DP000673402,EE0006734,Jordan,Brown,Child,2026-06-26,F,Active
DP000673501,EE0006735,Chiamaka,Thomas,Domestic Partner,1982-02-09,M,Active
DP000673502,EE0006735,Maya,Thomas,Child,2022-02-05,F,Active
DP000673601,EE0006736,Leah,Okafor,Domestic Partner,1962-06-18,F,Active
DP000673801,EE0006738,Omar,Moore,Spouse,1985-06-27,F,Active
DP000673802,EE0006738,Maya,Moore,Child,2016-01-06,M,Active
DP000674101,EE0006741,Michael,Campbell,Spouse,1985-04-28,M,Active
DP000674102,EE0006741,Priya,Campbell,Child,2001-06-10,M,Active
DP000674301,EE0006743,Angela,Johnson,Domestic Partner,1962-02-06,F,Active
DP000674401,EE0006744,Chiamaka,Robinson,Spouse,1962-06-19,M,Active
DP000674501,EE0006745,Carlos,Williams,Spouse,1978-08-22,M,Active
DP000674502,EE0006745,Omar,Williams,Child,2010-07-27,F,Active
DP000674801,EE0006748,Grace,Smith,Domestic Partner,1972-02-01,F,Active
DP000674802,EE0006748,Kevin,Smith,Child,2013-04-29,F,Active
DP000675201,EE0006752,Zoe,Nguyen,Domestic Partner,1967-02-10,F,Active
DP000675301,EE0006753,Samuel,Martinez,Domestic Partner,1999-03-22,M,Active
DP000675302,EE0006753,Omar,Martinez,Child,2024-12-12,M,Active
DP000675303,EE0006753,Maya,Martinez,Child,2018-02-24,F,Active
DP000675501,EE0006755,David,Adeyemi,Spouse,1995-12-05,F,Active
DP000675601,EE0006756,Victor,Wilson,Child,2014-07-28,M,Active
DP000675602,EE0006756,Noah,Wilson,Child,2015-12-12,M,Active
DP000675701,EE0006757,Carlos,Bennett,Spouse,1983-09-04,M,Active
DP000675702,EE0006757,Noah,Bennett,Child,2017-09-19,F,Active
DP000675801,EE0006758,Kevin,Moore,Spouse,1979-10-02,M,Active
DP000675802,EE0006758,Jasmine,Moore,Child,2015-01-10,F,Active
DP000675803,EE0006758,David,Moore,Child,2005-04-23,M,Active
DP000676301,EE0006763,Malik,Patel,Child,2018-03-08,M,Active
DP000676401,EE0006764,Olivia,Adeyemi,Child,2014-12-05,F,Active
DP000676402,EE0006764,Grace,Adeyemi,Child,2025-07-12,F,Active
DP000676403,EE0006764,Ethan,Adeyemi,Child,2026-04-14,F,Active
DP000676701,EE0006767,Leah,Nguyen,Spouse,2003-07-07,F,Active
DP000676702,EE0006767,Angela,Nguyen,Child,2014-01-09,M,Active
DP000676703,EE0006767,Michael,Nguyen,Child,2022-02-26,M,Active
DP000676801,EE0006768,Leah,Adeyemi,Spouse,1999-04-09,F,Active
DP000676802,EE0006768,Angela,Adeyemi,Child,2017-08-23,M,Active
DP000677001,EE0006770,Elena,Williams,Domestic Partner,2005-11-18,M,Active
DP000677101,EE0006771,Maya,Hernandez,Spouse,1987-07-13,F,Active
DP000677102,EE0006771,Andre,Hernandez,Child,2016-12-29,M,Active
DP000677201,EE0006772,Victor,Smith,Spouse,1975-04-11,M,Active
DP000677202,EE0006772,Isaiah,Smith,Child,2024-02-29,F,Active
DP000677203,EE0006772,Luis,Smith,Child,2010-12-16,M,Active
DP000677301,EE0006773,Sophia,Bennett,Spouse,1998-07-21,M,Active
DP000677401,EE0006774,Carlos,Okafor,Spouse,1985-02-10,M,Active
DP000677801,EE0006778,Kevin,Bennett,Child,2020-03-09,M,Active
DP000677802,EE0006778,Maya,Bennett,Child,2013-11-16,F,Active
DP000678501,EE0006785,Kevin,Martinez,Child,2020-05-19,M,Active
DP000678502,EE0006785,Amara,Martinez,Child,2022-05-09,F,Active
DP000678601,EE0006786,Andre,Okafor,Child,2018-06-08,F,Active
DP000678602,EE0006786,Carlos,Okafor,Child,2015-09-11,M,Active
DP000679101,EE0006791,Elena,Garcia,Child,2022-07-29,F,Active
DP000679102,EE0006791,Sophia,Garcia,Child,2014-07-23,F,Active
DP000679301,EE0006793,Samuel,Adams,Spouse,1962-08-10,F,Active
DP000679401,EE0006794,Chiamaka,Thomas,Child,2019-01-19,M,Active
DP000679501,EE0006795,Nia,Ibrahim,Spouse,1984-02-07,F,Active
DP000679502,EE0006795,Andre,Ibrahim,Child,2022-03-17,F,Active
DP000679601,EE0006796,Priya,Nguyen,Child,2013-04-19,M,Active
DP000679901,EE0006799,Noah,Adeyemi,Spouse,2002-01-11,F,Active
DP000680101,EE0006801,Kevin,Davis,Child,2008-09-16,F,Active
DP000680102,EE0006801,Elena,Davis,Child,2011-01-11,M,Active
DP000680201,EE0006802,Amara,Smith,Child,2024-07-20,F,Active
DP000680301,EE0006803,Samuel,Thomas,Child,2017-12-19,F,Active
DP000680401,EE0006804,Jordan,Wilson,Spouse,1979-01-02,M,Active
DP000680402,EE0006804,Michael,Wilson,Child,2006-02-06,M,Active
DP000680601,EE0006806,Omar,Miller,Spouse,2004-08-25,M,Active
DP000680701,EE0006807,Kevin,Nguyen,Child,2020-12-26,F,Active
DP000680702,EE0006807,Kevin,Nguyen,Child,2025-07-02,M,Active
DP000680703,EE0006807,Michael,Nguyen,Child,2020-06-12,M,Active
DP000681301,EE0006813,Luis,Bennett,Child,2009-06-23,M,Active
DP000681501,EE0006815,Elena,Mensah,Domestic Partner,1981-01-04,M,Active
DP000681701,EE0006817,Zoe,Davis,Child,2003-05-07,M,Active
DP000682001,EE0006820,Sophia,Hernandez,Child,2009-05-08,M,Active
DP000682002,EE0006820,Jasmine,Hernandez,Child,2020-09-27,F,Active
DP000682601,EE0006826,Michael,Moore,Spouse,2004-10-05,M,Active
DP000682901,EE0006829,David,Thomas,Child,2001-04-25,M,Active
DP000682902,EE0006829,Samuel,Thomas,Child,2020-12-04,F,Active
DP000683301,EE0006833,Kevin,Garcia,Spouse,1978-05-05,F,Active
DP000683401,EE0006834,Aaliyah,Davis,Domestic Partner,1989-12-06,F,Active
DP000683601,EE0006836,Jasmine,Williams,Child,2024-08-15,M,Active
DP000683602,EE0006836,Fatima,Williams,Child,2020-03-05,F,Active
DP000683801,EE0006838,Olivia,Lewis,Domestic Partner,1999-07-29,F,Active
DP000684001,EE0006840,Michael,Mensah,Child,2005-06-04,F,Active
DP000684101,EE0006841,Elena,Williams,Domestic Partner,1991-12-28,M,Active
DP000684102,EE0006841,Samuel,Williams,Child,2017-08-25,F,Active
DP000684201,EE0006842,Zoe,Brown,Spouse,1973-04-12,M,Active
DP000684202,EE0006842,Nia,Brown,Child,2023-08-15,F,Active
DP000684203,EE0006842,Kevin,Brown,Child,2021-08-04,F,Active
DP000684401,EE0006844,Jasmine,Wilson,Domestic Partner,1962-04-26,M,Active
DP000684402,EE0006844,Angela,Wilson,Child,2024-01-08,M,Active
DP000684901,EE0006849,Aaliyah,Mensah,Child,2008-10-14,M,Active
DP000685001,EE0006850,Chiamaka,Bennett,Child,2021-12-18,M,Active
DP000685101,EE0006851,Samuel,Nguyen,Domestic Partner,1967-12-07,M,Active
DP000685501,EE0006855,Daniel,Hernandez,Domestic Partner,2002-11-13,F,Active
DP000685502,EE0006855,Malik,Hernandez,Child,2024-04-05,M,Active
DP000685601,EE0006856,Carlos,Taylor,Child,2016-01-25,M,Active
DP000685602,EE0006856,Priya,Taylor,Child,2020-02-10,F,Active
DP000685701,EE0006857,Olivia,Brown,Spouse,1999-09-06,M,Active
DP000686001,EE0006860,Malik,Walker,Spouse,2004-05-16,M,Active
DP000686201,EE0006862,Sophia,Taylor,Domestic Partner,1993-02-15,M,Active
DP000686202,EE0006862,Carlos,Taylor,Child,2016-01-29,F,Active
DP000686203,EE0006862,Jordan,Taylor,Child,2020-03-24,M,Active
DP000686301,EE0006863,Naomi,Miller,Domestic Partner,2004-08-24,F,Active
DP000686701,EE0006867,Omar,Bennett,Spouse,1987-09-11,M,Active
DP000686702,EE0006867,Andre,Bennett,Child,2024-11-02,F,Active
DP000686901,EE0006869,Isaiah,Walker,Child,2006-07-20,M,Active
DP000687101,EE0006871,Jasmine,Chen,Child,2021-04-29,F,Active
DP000687102,EE0006871,Leah,Chen,Child,2024-06-06,F,Active
DP000687201,EE0006872,Malik,Walker,Child,2005-12-23,F,Active
DP000687202,EE0006872,Grace,Walker,Child,2022-03-15,M,Active
DP000687301,EE0006873,Aaliyah,Garcia,Domestic Partner,1967-07-25,M,Active
DP000687302,EE0006873,Isaiah,Garcia,Child,2007-05-29,M,Active
DP000687401,EE0006874,Andre,Campbell,Domestic Partner,1973-01-05,F,Active
DP000687701,EE0006877,Priya,Ibrahim,Spouse,1978-05-24,F,Active
DP000687702,EE0006877,Daniel,Ibrahim,Child,2022-09-22,F,Active
DP000687901,EE0006879,Andre,Johnson,Spouse,1975-09-07,M,Active
DP000687902,EE0006879,Kevin,Johnson,Child,2026-01-11,M,Active
DP000687903,EE0006879,Nia,Johnson,Child,2014-03-24,F,Active
DP000688001,EE0006880,Maya,Bennett,Child,2016-02-02,F,Active
DP000688002,EE0006880,Kevin,Bennett,Child,2013-03-11,F,Active
DP000688101,EE0006881,Kevin,Ibrahim,Child,2019-02-14,F,Active
DP000688201,EE0006882,David,Smith,Spouse,1994-11-06,F,Active
DP000688401,EE0006884,Ethan,Davis,Child,2007-10-10,F,Active
DP000688402,EE0006884,Naomi,Davis,Child,2010-07-01,F,Active
DP000688601,EE0006886,Elena,Thomas,Domestic Partner,1990-05-09,F,Active
DP000688602,EE0006886,Carlos,Thomas,Child,2013-09-14,F,Active
DP000688701,EE0006887,Fatima,Bennett,Domestic Partner,1985-11-21,F,Active
DP000688702,EE0006887,Carlos,Bennett,Child,2019-08-15,F,Active
DP000689401,EE0006894,Sophia,Ibrahim,Domestic Partner,1983-03-21,F,Active
DP000689402,EE0006894,Carlos,Ibrahim,Child,2018-07-14,M,Active
DP000689501,EE0006895,Maya,Martinez,Spouse,1969-07-10,F,Active
DP000689601,EE0006896,Malik,Martinez,Child,2017-09-12,F,Active
DP000689602,EE0006896,Isaiah,Martinez,Child,2023-08-08,F,Active
DP000689603,EE0006896,Daniel,Martinez,Child,2004-06-03,M,Active
DP000689701,EE0006897,Elena,Garcia,Child,2019-07-23,F,Active
DP000689702,EE0006897,Carlos,Garcia,Child,2024-11-03,M,Active
DP000689901,EE0006899,Malik,Miller,Spouse,1966-04-12,F,Active
DP000689902,EE0006899,Aaliyah,Miller,Child,2005-06-02,F,Active
DP000689903,EE0006899,Chiamaka,Miller,Child,2013-04-13,M,Active
DP000690001,EE0006900,Fatima,Kim,Domestic Partner,1966-01-13,F,Active
DP000690101,EE0006901,Naomi,Thomas,Child,2006-05-31,F,Active
DP000690301,EE0006903,Leah,Thomas,Spouse,1993-01-29,F,Active
DP000690401,EE0006904,Aaliyah,Okafor,Spouse,1964-12-07,M,Active
DP000690402,EE0006904,Ethan,Okafor,Child,2005-12-23,M,Active
DP000690601,EE0006906,Grace,Moore,Child,2025-09-27,F,Active
DP000690701,EE0006907,Ethan,Chen,Child,2011-07-04,M,Active
DP000690801,EE0006908,Elena,Nguyen,Spouse,2000-06-22,F,Active
DP000690802,EE0006908,Victor,Nguyen,Child,2021-12-19,F,Active
DP000691001,EE0006910,Priya,Mensah,Domestic Partner,1994-03-18,F,Active
DP000691002,EE0006910,Amara,Mensah,Child,2022-05-22,F,Active
DP000691201,EE0006912,Leah,Kim,Child,2021-11-13,M,Active
DP000691501,EE0006915,Zoe,Thomas,Spouse,1975-03-07,F,Active
DP000691502,EE0006915,Andre,Thomas,Child,2007-03-09,F,Active
DP000691503,EE0006915,Luis,Thomas,Child,2015-08-03,F,Active
DP000692001,EE0006920,Aaliyah,Mensah,Domestic Partner,1966-07-29,F,Active
DP000692002,EE0006920,Nia,Mensah,Child,2025-12-14,F,Active
DP000692301,EE0006923,Olivia,Mensah,Spouse,1999-05-05,F,Active
DP000692401,EE0006924,Leah,Adeyemi,Domestic Partner,1966-06-14,F,Active
DP000692501,EE0006925,Michael,Walker,Domestic Partner,1966-03-25,F,Active
DP000692601,EE0006926,Sophia,Davis,Domestic Partner,1986-06-07,M,Active
DP000692602,EE0006926,Chiamaka,Davis,Child,2022-06-20,F,Active
DP000692701,EE0006927,Zoe,Smith,Spouse,1968-12-27,F,Active
DP000692801,EE0006928,Andre,Brown,Child,2025-12-03,F,Active
DP000692802,EE0006928,Amara,Brown,Child,2025-02-19,F,Active
DP000693501,EE0006935,Jasmine,Martinez,Spouse,1963-04-30,F,Active
DP000693502,EE0006935,Carlos,Martinez,Child,2022-07-02,F,Active
DP000693503,EE0006935,Nia,Martinez,Child,2019-10-06,M,Active
DP000693701,EE0006937,Jasmine,Wilson,Domestic Partner,1970-02-14,F,Active
DP000693901,EE0006939,Priya,Hernandez,Child,2012-07-10,M,Active
DP000693902,EE0006939,Carlos,Hernandez,Child,2024-06-13,M,Active
DP000694001,EE0006940,Daniel,Adeyemi,Domestic Partner,1962-08-06,F,Active
DP000694002,EE0006940,Noah,Adeyemi,Child,2014-12-07,M,Active
DP000694201,EE0006942,Sophia,Wilson,Domestic Partner,2002-06-06,M,Active
DP000694202,EE0006942,Victor,Wilson,Child,2015-07-28,M,Active
DP000694203,EE0006942,Nia,Wilson,Child,2018-06-20,M,Active
DP000694301,EE0006943,Victor,Adams,Spouse,1990-04-26,F,Active
DP000694302,EE0006943,Fatima,Adams,Child,2018-12-16,M,Active
DP000694501,EE0006945,Samuel,Johnson,Child,2023-02-09,F,Active
DP000694701,EE0006947,Daniel,Walker,Spouse,2004-02-23,F,Active
DP000694702,EE0006947,Noah,Walker,Child,2023-05-05,F,Active
DP000694801,EE0006948,Leah,Moore,Spouse,1999-02-02,M,Active
DP000694802,EE0006948,Ethan,Moore,Child,2021-12-29,M,Active
DP000695301,EE0006953,Priya,Taylor,Child,2022-11-06,F,Active
DP000695401,EE0006954,Jasmine,Miller,Child,2018-07-30,F,Active
DP000695601,EE0006956,Luis,Adams,Child,2012-07-02,F,Active
DP000695602,EE0006956,Leah,Adams,Child,2013-01-01,M,Active
DP000695603,EE0006956,Grace,Adams,Child,2021-05-06,M,Active
DP000695901,EE0006959,Michael,Campbell,Spouse,2005-12-05,M,Active
DP000695902,EE0006959,Kevin,Campbell,Child,2025-02-20,F,Active
DP000696001,EE0006960,David,Adeyemi,Spouse,1999-12-18,M,Active
DP000696101,EE0006961,Naomi,Taylor,Child,2020-03-15,F,Active
DP000696102,EE0006961,Grace,Taylor,Child,2018-01-19,M,Active
DP000696103,EE0006961,Olivia,Taylor,Child,2012-12-24,F,Active
DP000696801,EE0006968,Angela,Davis,Spouse,1973-08-02,F,Active
DP000697001,EE0006970,Aaliyah,Ibrahim,Child,2025-10-18,M,Active
DP000697201,EE0006972,Jordan,Adams,Child,2015-05-29,M,Active
DP000697601,EE0006976,Grace,Williams,Child,2012-12-08,F,Active
DP000697801,EE0006978,Malik,Wilson,Child,2021-10-10,M,Active
DP000697802,EE0006978,Noah,Wilson,Child,2016-11-29,M,Active
DP000697803,EE0006978,Kevin,Wilson,Child,2003-06-20,F,Active
DP000698001,EE0006980,Nia,Campbell,Domestic Partner,1982-07-07,F,Active
DP000698002,EE0006980,Isaiah,Campbell,Child,2023-08-28,F,Active
DP000698201,EE0006982,Michael,Adams,Child,2021-02-21,F,Active
DP000698202,EE0006982,Priya,Adams,Child,2020-12-12,F,Active
DP000698301,EE0006983,Isaiah,Wilson,Child,2018-11-28,F,Active
DP000699001,EE0006990,Sophia,Davis,Spouse,1989-09-01,F,Active
DP000699002,EE0006990,Chiamaka,Davis,Child,2023-07-16,M,Active
DP000699003,EE0006990,Chiamaka,Davis,Child,2022-01-06,M,Active
DP000699301,EE0006993,Angela,Robinson,Domestic Partner,1971-09-30,F,Active
DP000699401,EE0006994,Leah,Martinez,Domestic Partner,1970-03-09,F,Active
DP000700101,EE0007001,Elena,Johnson,Spouse,1970-10-09,M,Active
DP000700301,EE0007003,Aaliyah,Adams,Spouse,2003-04-06,F,Active
DP000700302,EE0007003,Sophia,Adams,Child,2019-08-26,M,Active
DP000700401,EE0007004,David,Robinson,Child,2014-03-20,F,Active
DP000700402,EE0007004,Grace,Robinson,Child,2015-01-26,M,Active
DP000700501,EE0007005,Andre,Williams,Child,2002-10-04,F,Active
DP000700701,EE0007007,Omar,Bennett,Domestic Partner,1964-05-17,M,Active
DP000700702,EE0007007,Malik,Bennett,Child,2020-01-24,M,Active
DP000700901,EE0007009,Victor,Moore,Child,2001-03-28,M,Active
DP000702101,EE0007021,Nia,Brown,Domestic Partner,1989-05-14,M,Active
DP000702102,EE0007021,Noah,Brown,Child,2015-01-06,F,Active
DP000702201,EE0007022,Samuel,Kim,Child,2006-02-22,M,Active
DP000702202,EE0007022,Victor,Kim,Child,2016-05-18,F,Active
DP000702601,EE0007026,Daniel,Johnson,Domestic Partner,1962-02-19,F,Active
DP000702701,EE0007027,Luis,Johnson,Domestic Partner,1977-06-08,M,Active
DP000702901,EE0007029,Victor,Hernandez,Child,2013-06-02,M,Active
DP000702902,EE0007029,Isaiah,Hernandez,Child,2002-08-28,F,Active
DP000703101,EE0007031,Zoe,Campbell,Child,2025-08-08,M,Active
DP000703201,EE0007032,Angela,Campbell,Domestic Partner,2000-09-12,M,Active
DP000703202,EE0007032,Naomi,Campbell,Child,2025-05-23,F,Active
DP000703203,EE0007032,Kevin,Campbell,Child,2017-02-17,M,Active
DP000703301,EE0007033,Priya,Adams,Spouse,1997-07-11,M,Active
DP000703501,EE0007035,Samuel,Williams,Child,2012-12-03,M,Active
DP000703502,EE0007035,Priya,Williams,Child,2025-04-16,M,Active
DP000703601,EE0007036,Chiamaka,Thomas,Child,2019-03-22,M,Active
DP000703901,EE0007039,Jasmine,Nguyen,Child,2014-03-05,M,Active
DP000704001,EE0007040,Aaliyah,Campbell,Child,2011-02-20,M,Active
DP000704002,EE0007040,Malik,Campbell,Child,2014-10-29,M,Active
DP000704401,EE0007044,Amara,Miller,Domestic Partner,1990-07-02,M,Active
DP000704402,EE0007044,Sophia,Miller,Child,2016-02-22,M,Active
DP000704501,EE0007045,Luis,Robinson,Child,2019-11-28,M,Active
DP000704502,EE0007045,Michael,Robinson,Child,2023-04-08,F,Active
DP000704701,EE0007047,Priya,Moore,Child,2006-02-07,F,Active
DP000704901,EE0007049,Grace,Brown,Spouse,1993-03-05,M,Active
DP000704902,EE0007049,Kevin,Brown,Child,2023-06-09,M,Active
DP000704903,EE0007049,Luis,Brown,Child,2021-04-30,M,Active
DP000705001,EE0007050,Jasmine,Adams,Spouse,2003-02-08,F,Active
DP000705002,EE0007050,Samuel,Adams,Child,2024-11-27,M,Active
DP000705101,EE0007051,Victor,Ibrahim,Child,2012-10-08,F,Active
DP000705201,EE0007052,Leah,Ibrahim,Spouse,2002-08-10,M,Active
DP000705801,EE0007058,Grace,Williams,Child,2012-09-25,M,Active
DP000706101,EE0007061,Chiamaka,Taylor,Domestic Partner,2002-10-17,M,Active
DP000706301,EE0007063,Olivia,Taylor,Child,2008-07-12,M,Active
DP000706302,EE0007063,Kevin,Taylor,Child,2014-10-16,M,Active
DP000706401,EE0007064,Isaiah,Bennett,Spouse,1969-04-29,F,Active
DP000706402,EE0007064,Ethan,Bennett,Child,2008-10-15,M,Active
DP000706801,EE0007068,Aaliyah,Williams,Spouse,1997-05-21,M,Active
DP000706802,EE0007068,Samuel,Williams,Child,2013-06-06,F,Active
DP000706901,EE0007069,Kevin,Hernandez,Child,2017-11-02,M,Active
DP000706902,EE0007069,Chiamaka,Hernandez,Child,2022-09-26,M,Active
DP000707001,EE0007070,Luis,Nguyen,Spouse,1986-01-01,F,Active
DP000707101,EE0007071,Fatima,Davis,Domestic Partner,1973-07-13,F,Active
DP000707102,EE0007071,Angela,Davis,Child,2000-03-23,F,Active
DP000707401,EE0007074,Carlos,Smith,Domestic Partner,1967-01-06,M,Active
DP000707402,EE0007074,Grace,Smith,Child,2012-03-01,F,Active
DP000707501,EE0007075,Michael,Thomas,Child,2012-07-21,M,Active
DP000707901,EE0007079,Jasmine,Moore,Child,2007-01-20,F,Active
DP000707902,EE0007079,Luis,Moore,Child,2008-05-01,M,Active
DP000708301,EE0007083,Leah,Wilson,Child,2021-01-13,M,Active
DP000708302,EE0007083,Olivia,Wilson,Child,2019-03-29,F,Active
DP000708501,EE0007085,Fatima,Campbell,Child,2002-04-16,F,Active
DP000708701,EE0007087,Olivia,Kim,Child,2026-06-23,F,Active
DP000708801,EE0007088,Angela,Kim,Spouse,1987-08-31,M,Active
DP000708802,EE0007088,Luis,Kim,Child,2025-07-26,M,Active
DP000709001,EE0007090,Grace,Mensah,Domestic Partner,1987-04-28,M,Active
DP000709101,EE0007091,Grace,Chen,Child,2003-12-14,F,Active
DP000709102,EE0007091,Aaliyah,Chen,Child,2006-12-23,M,Active
DP000709301,EE0007093,Grace,Davis,Child,2022-03-06,F,Active
DP000709302,EE0007093,Fatima,Davis,Child,2025-08-27,M,Active
DP000709401,EE0007094,Maya,Miller,Spouse,1993-05-29,F,Active
DP000709402,EE0007094,Andre,Miller,Child,2020-08-06,M,Active
DP000709403,EE0007094,Maya,Miller,Child,2016-09-04,F,Active
DP000709501,EE0007095,Angela,Adams,Spouse,1963-09-28,M,Active
DP000709701,EE0007097,Samuel,Thomas,Domestic Partner,1981-03-15,M,Active
DP000709702,EE0007097,Sophia,Thomas,Child,2010-09-12,M,Active
DP000709901,EE0007099,Elena,Moore,Child,2024-03-13,F,Active
DP000710101,EE0007101,Isaiah,Miller,Domestic Partner,1993-02-20,M,Active
DP000710102,EE0007101,Zoe,Miller,Child,2012-04-09,M,Active
DP000710201,EE0007102,Naomi,Campbell,Child,2015-02-11,F,Active
DP000710202,EE0007102,Carlos,Campbell,Child,2005-11-12,M,Active
DP000710701,EE0007107,Amara,Thomas,Child,2006-03-30,M,Active
DP000710702,EE0007107,Kevin,Thomas,Child,2022-04-15,M,Active
DP000710801,EE0007108,Naomi,Thomas,Child,2017-06-17,F,Active
DP000710901,EE0007109,Fatima,Kim,Spouse,1969-01-25,M,Active
DP000711401,EE0007114,Daniel,Moore,Child,2023-02-24,F,Active
DP000711402,EE0007114,Chiamaka,Moore,Child,2020-03-22,F,Active
DP000711701,EE0007117,Leah,Robinson,Child,2022-12-13,F,Active
DP000711801,EE0007118,Andre,Adams,Domestic Partner,1975-05-07,F,Active
DP000712001,EE0007120,Jordan,Lewis,Child,2023-01-25,M,Active
DP000712002,EE0007120,Victor,Lewis,Child,2014-09-22,M,Active
DP000712101,EE0007121,Kevin,Taylor,Child,2006-08-30,M,Active
DP000712201,EE0007122,Nia,Moore,Spouse,1994-05-29,F,Active
DP000712301,EE0007123,Amara,Thomas,Domestic Partner,2000-11-16,M,Active
DP000712601,EE0007126,Omar,Johnson,Child,2016-06-25,M,Active
DP000712602,EE0007126,Maya,Johnson,Child,2020-09-25,M,Active
DP000712603,EE0007126,Carlos,Johnson,Child,2024-03-08,M,Active
DP000712701,EE0007127,Ethan,Kim,Domestic Partner,1984-11-16,F,Active
DP000712901,EE0007129,Michael,Brown,Child,2004-02-25,M,Active
DP000712902,EE0007129,Sophia,Brown,Child,2005-03-19,F,Active
DP000713101,EE0007131,Leah,Taylor,Child,2018-05-06,M,Active
DP000713201,EE0007132,Elena,Campbell,Child,2014-08-04,F,Active
DP000713202,EE0007132,Leah,Campbell,Child,2008-06-07,F,Active
DP000713401,EE0007134,Malik,Mensah,Spouse,1977-04-22,F,Active
DP000713601,EE0007136,Sophia,Patel,Child,2024-05-30,M,Active
DP000713701,EE0007137,Maya,Robinson,Child,2018-10-14,F,Active
DP000713702,EE0007137,Victor,Robinson,Child,2014-04-08,F,Active
DP000714101,EE0007141,Andre,Johnson,Child,2007-03-06,F,Active
DP000714501,EE0007145,Jordan,Brown,Child,2009-07-29,M,Active
DP000714502,EE0007145,Grace,Brown,Child,2012-04-15,F,Active
DP000714503,EE0007145,Samuel,Brown,Child,2023-01-11,M,Active
DP000714601,EE0007146,Malik,Okafor,Domestic Partner,1964-02-22,F,Active
DP000714602,EE0007146,Jasmine,Okafor,Child,2025-10-25,M,Active
DP000714801,EE0007148,Jasmine,Garcia,Child,2025-08-22,F,Active
DP000714802,EE0007148,Naomi,Garcia,Child,2023-01-29,M,Active
DP000714901,EE0007149,Angela,Lewis,Spouse,2000-01-22,F,Active
DP000715001,EE0007150,Jasmine,Okafor,Domestic Partner,1988-02-04,M,Active
DP000715002,EE0007150,Andre,Okafor,Child,2019-05-23,F,Active
DP000715401,EE0007154,Priya,Taylor,Domestic Partner,1983-11-08,F,Active
DP000715402,EE0007154,Angela,Taylor,Child,2002-04-07,M,Active
DP000715403,EE0007154,Priya,Taylor,Child,2020-03-08,M,Active
DP000715701,EE0007157,David,Martinez,Child,2020-07-05,F,Active
DP000716001,EE0007160,Victor,Williams,Child,2022-06-08,F,Active
DP000716201,EE0007162,Luis,Garcia,Spouse,1987-04-12,F,Active
DP000716401,EE0007164,Carlos,Mensah,Domestic Partner,1983-08-07,F,Active
DP000716501,EE0007165,Kevin,Nguyen,Child,2025-02-27,F,Active
DP000716502,EE0007165,Chiamaka,Nguyen,Child,2023-02-13,M,Active
DP000716601,EE0007166,Isaiah,Ibrahim,Domestic Partner,1962-06-25,M,Active
DP000716602,EE0007166,Olivia,Ibrahim,Child,2012-04-09,M,Active
DP000716701,EE0007167,Ethan,Moore,Spouse,1968-09-26,M,Active
DP000716702,EE0007167,Angela,Moore,Child,2005-11-15,F,Active
DP000716801,EE0007168,Amara,Kim,Child,2001-10-31,F,Active
DP000716802,EE0007168,Zoe,Kim,Child,2021-01-08,F,Active
DP000717201,EE0007172,Carlos,Smith,Domestic Partner,1962-11-20,M,Active
DP000717501,EE0007175,Samuel,Hernandez,Child,2023-07-12,F,Active
DP000717502,EE0007175,Omar,Hernandez,Child,2018-07-21,F,Active
DP000717503,EE0007175,Isaiah,Hernandez,Child,2023-04-04,M,Active
DP000717701,EE0007177,Luis,Adeyemi,Child,2020-07-08,F,Active
DP000717702,EE0007177,Ethan,Adeyemi,Child,2024-10-04,M,Active
DP000718001,EE0007180,Michael,Adams,Child,2022-06-28,M,Active
DP000718101,EE0007181,Luis,Hernandez,Child,2005-11-15,M,Active
DP000718102,EE0007181,Zoe,Hernandez,Child,2025-04-11,F,Active
DP000718103,EE0007181,Omar,Hernandez,Child,2000-09-20,F,Active
DP000718401,EE0007184,Chiamaka,Nguyen,Domestic Partner,1974-09-08,F,Active
DP000718601,EE0007186,Andre,Martinez,Spouse,1986-03-20,F,Active
DP000718901,EE0007189,Isaiah,Nguyen,Child,2016-03-10,F,Active
DP000719001,EE0007190,Isaiah,Chen,Child,2005-02-09,F,Active
DP000719201,EE0007192,Carlos,Martinez,Domestic Partner,1976-07-06,F,Active
DP000719301,EE0007193,Sophia,Kim,Domestic Partner,2003-02-20,M,Active
DP000719302,EE0007193,Noah,Kim,Child,2026-03-03,M,Active
DP000719701,EE0007197,Jordan,Campbell,Child,2017-01-16,M,Active
DP000719901,EE0007199,Samuel,Chen,Child,2007-05-26,M,Active
DP000719902,EE0007199,Carlos,Chen,Child,2010-07-06,F,Active
DP000720001,EE0007200,Elena,Williams,Domestic Partner,2000-08-30,M,Active
DP000720002,EE0007200,Ethan,Williams,Child,2010-06-14,M,Active
DP000720201,EE0007202,Leah,Campbell,Child,2014-01-19,F,Active
DP000720301,EE0007203,Aaliyah,Ibrahim,Child,2025-08-20,M,Active
DP000720302,EE0007203,Jordan,Ibrahim,Child,2016-10-22,F,Active
DP000720501,EE0007205,Jordan,Bennett,Child,2023-02-04,F,Active
DP000720601,EE0007206,Omar,Lewis,Child,2024-04-27,M,Active
DP000720602,EE0007206,Jordan,Lewis,Child,2016-11-18,M,Active
DP000720701,EE0007207,Grace,Martinez,Spouse,1995-10-05,F,Active
DP000721001,EE0007210,Michael,Campbell,Domestic Partner,1990-01-24,F,Active
DP000721101,EE0007211,Jordan,Kim,Child,2020-08-03,M,Active
DP000721201,EE0007212,Amara,Robinson,Spouse,1997-07-21,M,Active
DP000721202,EE0007212,Nia,Robinson,Child,2010-11-07,F,Active
DP000721801,EE0007218,Chiamaka,Taylor,Child,2024-07-17,F,Active
DP000721802,EE0007218,Jordan,Taylor,Child,2023-05-29,M,Active
DP000721901,EE0007219,Chiamaka,Adams,Child,2013-02-20,M,Active
DP000722101,EE0007221,Chiamaka,Johnson,Spouse,1999-07-20,F,Active
DP000722102,EE0007221,Samuel,Johnson,Child,2023-12-22,M,Active
DP000722701,EE0007227,Victor,Nguyen,Domestic Partner,1984-10-14,M,Active
DP000722702,EE0007227,Andre,Nguyen,Child,2022-01-13,F,Active
DP000723101,EE0007231,Isaiah,Hernandez,Child,2014-12-11,F,Active
DP000723201,EE0007232,Grace,Chen,Child,2022-08-16,M,Active
DP000723501,EE0007235,Chiamaka,Smith,Child,2022-04-14,M,Active
DP000723601,EE0007236,Naomi,Chen,Child,2020-03-03,F,Active
DP000723901,EE0007239,Chiamaka,Thomas,Domestic Partner,1989-03-01,F,Active
DP000724101,EE0007241,Malik,Johnson,Child,2006-11-21,F,Active
DP000724102,EE0007241,Carlos,Johnson,Child,2002-01-03,M,Active
DP000724103,EE0007241,Ethan,Johnson,Child,2017-11-21,M,Active
DP000724401,EE0007244,Nia,Okafor,Child,2025-07-12,M,Active
DP000724801,EE0007248,Aaliyah,Bennett,Domestic Partner,1995-12-22,F,Active
DP000724802,EE0007248,Fatima,Bennett,Child,2024-06-26,M,Active
DP000725001,EE0007250,Fatima,Martinez,Spouse,1996-07-22,M,Active
DP000725301,EE0007253,Andre,Johnson,Child,2008-06-27,M,Active
DP000725302,EE0007253,Isaiah,Johnson,Child,2011-12-08,F,Active
DP000725501,EE0007255,David,Lewis,Child,2015-03-24,F,Active
DP000725502,EE0007255,Victor,Lewis,Child,2014-06-09,M,Active
DP000725503,EE0007255,Amara,Lewis,Child,2014-06-18,F,Active
DP000725701,EE0007257,Victor,Williams,Child,2013-07-11,F,Active
DP000725702,EE0007257,Grace,Williams,Child,2020-12-24,M,Active
DP000725801,EE0007258,Samuel,Garcia,Child,2018-08-27,F,Active
DP000726001,EE0007260,Noah,Wilson,Spouse,1967-01-21,F,Active
DP000726002,EE0007260,Sophia,Wilson,Child,2013-11-27,M,Active
DP000726003,EE0007260,Grace,Wilson,Child,2011-09-20,F,Active
DP000726301,EE0007263,Priya,Walker,Spouse,1998-01-04,M,Active
DP000726501,EE0007265,Leah,Smith,Domestic Partner,1981-12-18,M,Active
DP000726502,EE0007265,Luis,Smith,Child,2024-11-18,F,Active
DP000727001,EE0007270,Isaiah,Patel,Spouse,1978-12-09,F,Active
DP000727201,EE0007272,Ethan,Patel,Domestic Partner,1993-01-05,F,Active
DP000727202,EE0007272,Chiamaka,Patel,Child,2022-10-29,F,Active
DP000727301,EE0007273,Kevin,Thomas,Spouse,1985-06-30,M,Active
DP000727302,EE0007273,Jasmine,Thomas,Child,2009-09-12,F,Active
DP000727401,EE0007274,Victor,Johnson,Domestic Partner,1972-05-04,F,Active
DP000727402,EE0007274,Zoe,Johnson,Child,2008-12-25,F,Active
DP000727403,EE0007274,Samuel,Johnson,Child,2013-02-16,M,Active
DP000727501,EE0007275,Victor,Adams,Spouse,1992-01-17,M,Active
DP000727502,EE0007275,Angela,Adams,Child,2022-11-15,M,Active
DP000727503,EE0007275,Carlos,Adams,Child,2014-05-02,F,Active
DP000727601,EE0007276,Aaliyah,Miller,Spouse,1968-03-21,M,Active
DP000727801,EE0007278,Amara,Okafor,Domestic Partner,1998-01-09,M,Active
DP000728301,EE0007283,Isaiah,Robinson,Child,2023-07-15,F,Active
DP000728302,EE0007283,Zoe,Robinson,Child,2026-02-15,F,Active
DP000728303,EE0007283,Kevin,Robinson,Child,2022-06-17,M,Active
DP000728401,EE0007284,Daniel,Johnson,Domestic Partner,2003-12-22,M,Active
DP000728402,EE0007284,Elena,Johnson,Child,2024-03-03,F,Active
DP000728501,EE0007285,Leah,Miller,Child,2024-05-28,F,Active
DP000728701,EE0007287,Nia,Williams,Child,2017-04-22,F,Active
DP000728702,EE0007287,Chiamaka,Williams,Child,2019-07-03,F,Active
DP000728901,EE0007289,Omar,Wilson,Domestic Partner,1977-12-11,M,Active
DP000729101,EE0007291,Noah,Thomas,Domestic Partner,1967-05-14,M,Active
DP000729102,EE0007291,Olivia,Thomas,Child,2022-01-04,F,Active
DP000729301,EE0007293,Amara,Nguyen,Child,2023-07-26,M,Active
DP000729302,EE0007293,Chiamaka,Nguyen,Child,2026-05-29,F,Active
DP000729801,EE0007298,Angela,Robinson,Spouse,1967-06-02,F,Active
DP000730001,EE0007300,Elena,Johnson,Child,2021-08-22,M,Active
DP000730301,EE0007303,Fatima,Nguyen,Spouse,1997-06-20,M,Active
DP000730401,EE0007304,Andre,Walker,Spouse,1967-07-18,F,Active
DP000730701,EE0007307,Isaiah,Patel,Domestic Partner,1998-07-16,F,Active
DP000730801,EE0007308,Carlos,Garcia,Domestic Partner,1964-01-27,M,Active
DP000730802,EE0007308,Jordan,Garcia,Child,2009-08-25,M,Active
DP000730803,EE0007308,Noah,Garcia,Child,2010-11-07,M,Active
DP000730901,EE0007309,Elena,Campbell,Domestic Partner,1980-04-07,F,Active
DP000730902,EE0007309,Olivia,Campbell,Child,2000-07-26,F,Active
DP000731101,EE0007311,Nia,Smith,Domestic Partner,1973-01-11,M,Active
DP000731201,EE0007312,Priya,Moore,Domestic Partner,1984-02-20,F,Active
DP000731202,EE0007312,Nia,Moore,Child,2025-01-03,M,Active
DP000731301,EE0007313,Angela,Miller,Child,2003-12-16,F,Active
DP000731302,EE0007313,Daniel,Miller,Child,2011-06-19,M,Active
DP000731303,EE0007313,Amara,Miller,Child,2019-01-17,F,Active
DP000731401,EE0007314,Aaliyah,Wilson,Child,2022-05-03,F,Active
DP000731402,EE0007314,Malik,Wilson,Child,2012-04-07,F,Active
DP000731501,EE0007315,Aaliyah,Mensah,Domestic Partner,1968-04-15,F,Active
DP000731502,EE0007315,Victor,Mensah,Child,2009-12-16,M,Active
DP000731601,EE0007316,Aaliyah,Williams,Child,2018-04-12,F,Active
DP000731901,EE0007319,Michael,Chen,Child,2006-10-23,M,Active
DP000731902,EE0007319,Michael,Chen,Child,2014-10-31,F,Active
DP000731903,EE0007319,Olivia,Chen,Child,2024-05-11,F,Active
DP000732001,EE0007320,David,Martinez,Child,2021-03-16,M,Active
DP000732301,EE0007323,Isaiah,Adams,Child,2025-01-10,F,Active
DP000732302,EE0007323,Samuel,Adams,Child,2024-10-17,M,Active
DP000732303,EE0007323,Sophia,Adams,Child,2023-07-08,M,Active
DP000732501,EE0007325,Maya,Miller,Child,2016-09-13,F,Active
DP000732601,EE0007326,Angela,Smith,Spouse,1969-11-16,F,Active
DP000732602,EE0007326,Olivia,Smith,Child,2005-08-01,F,Active
DP000732701,EE0007327,Priya,Wilson,Spouse,1968-08-04,F,Active
DP000732702,EE0007327,Fatima,Wilson,Child,2015-09-12,F,Active
DP000732901,EE0007329,Naomi,Chen,Child,2017-04-28,M,Active
DP000733201,EE0007332,Malik,Thomas,Child,2018-09-10,M,Active
DP000733202,EE0007332,Olivia,Thomas,Child,2024-06-12,M,Active
DP000733203,EE0007332,Naomi,Thomas,Child,2020-05-05,M,Active
DP000733301,EE0007333,Luis,Martinez,Domestic Partner,1972-09-17,F,Active
DP000733401,EE0007334,Sophia,Martinez,Child,2022-04-04,M,Active
DP000733601,EE0007336,Omar,Taylor,Child,2024-12-18,M,Active
DP000733602,EE0007336,Amara,Taylor,Child,2017-05-20,M,Active
DP000734201,EE0007342,Olivia,Adeyemi,Spouse,1986-02-28,F,Active
DP000734202,EE0007342,Omar,Adeyemi,Child,2020-12-31,M,Active
DP000734203,EE0007342,Olivia,Adeyemi,Child,2015-03-03,F,Active
DP000734501,EE0007345,Carlos,Adams,Domestic Partner,1980-01-19,M,Active
DP000734502,EE0007345,Malik,Adams,Child,2017-12-03,F,Active
DP000734601,EE0007346,Maya,Brown,Child,2017-01-25,M,Active
DP000734602,EE0007346,Ethan,Brown,Child,2017-04-17,M,Active
DP000734801,EE0007348,Priya,Adeyemi,Child,2017-09-06,M,Active
DP000734802,EE0007348,Samuel,Adeyemi,Child,2025-06-16,M,Active
DP000734901,EE0007349,Maya,Thomas,Domestic Partner,1999-09-22,M,Active
DP000734902,EE0007349,Aaliyah,Thomas,Child,2020-07-02,M,Active
DP000734903,EE0007349,Grace,Thomas,Child,2014-01-02,M,Active
DP000735101,EE0007351,Zoe,Campbell,Child,2005-11-23,M,Active
DP000735102,EE0007351,Naomi,Campbell,Child,2005-04-12,M,Active
DP000735201,EE0007352,Daniel,Chen,Domestic Partner,1974-06-29,F,Active
DP000735202,EE0007352,Andre,Chen,Child,2008-04-15,M,Active
DP000735301,EE0007353,Sophia,Lewis,Child,2020-12-28,M,Active
DP000735601,EE0007356,Carlos,Miller,Spouse,1991-03-06,F,Active
DP000735602,EE0007356,Kevin,Miller,Child,2024-01-19,F,Active
DP000735603,EE0007356,Zoe,Miller,Child,2019-12-03,M,Active
DP000736501,EE0007365,Elena,Walker,Child,2012-10-27,M,Active
DP000736502,EE0007365,Elena,Walker,Child,2021-01-28,M,Active
DP000736601,EE0007366,Nia,Walker,Spouse,1995-10-30,F,Active
DP000736602,EE0007366,Elena,Walker,Child,2021-01-10,M,Active
DP000736901,EE0007369,Nia,Miller,Domestic Partner,2000-07-27,F,Active
DP000737101,EE0007371,Zoe,Taylor,Domestic Partner,1989-05-27,F,Active
DP000737102,EE0007371,Maya,Taylor,Child,2024-06-20,F,Active
DP000737501,EE0007375,Andre,Moore,Child,2016-02-16,F,Active
DP000737502,EE0007375,Sophia,Moore,Child,2013-01-27,M,Active
DP000737701,EE0007377,Naomi,Walker,Spouse,2000-11-13,F,Active
DP000737801,EE0007378,Carlos,Martinez,Domestic Partner,1971-12-08,F,Active
DP000738201,EE0007382,Olivia,Nguyen,Domestic Partner,1971-10-20,M,Active
DP000738202,EE0007382,Grace,Nguyen,Child,2000-07-21,M,Active
DP000738601,EE0007386,Chiamaka,Taylor,Child,2008-01-03,M,Active
DP000738701,EE0007387,Daniel,Wilson,Child,2017-07-05,F,Active
DP000738801,EE0007388,Jasmine,Martinez,Child,2024-12-09,M,Active
DP000738802,EE0007388,Jordan,Martinez,Child,2025-03-29,M,Active
DP000738901,EE0007389,Carlos,Martinez,Child,2016-01-08,M,Active
DP000738902,EE0007389,Leah,Martinez,Child,2007-06-19,F,Active
DP000738903,EE0007389,Elena,Martinez,Child,2008-07-21,M,Active
DP000739301,EE0007393,Zoe,Chen,Domestic Partner,1994-06-21,M,Active
DP000739302,EE0007393,Ethan,Chen,Child,2025-02-18,M,Active
DP000739501,EE0007395,Carlos,Walker,Child,2025-03-27,M,Active
DP000739502,EE0007395,Victor,Walker,Child,2025-11-10,F,Active
DP000739701,EE0007397,Ethan,Okafor,Spouse,1970-05-29,F,Active
DP000739801,EE0007398,Malik,Martinez,Domestic Partner,1987-01-25,M,Active
DP000739802,EE0007398,Maya,Martinez,Child,2010-04-01,F,Active
DP000739901,EE0007399,Kevin,Thomas,Spouse,1991-05-23,M,Active
DP000740301,EE0007403,Amara,Lewis,Child,2012-05-13,F,Active
DP000740401,EE0007404,Olivia,Johnson,Domestic Partner,1991-01-14,F,Active
DP000740402,EE0007404,Ethan,Johnson,Child,2026-01-10,M,Active
DP000740501,EE0007405,Nia,Lewis,Spouse,1999-03-02,M,Active
DP000740701,EE0007407,Carlos,Thomas,Child,2013-07-08,M,Active
DP000741201,EE0007412,Daniel,Campbell,Spouse,1986-11-08,M,Active
DP000741401,EE0007414,Nia,Wilson,Child,2008-04-14,F,Active
DP000741501,EE0007415,Andre,Robinson,Domestic Partner,2000-08-01,F,Active
DP000741502,EE0007415,Jasmine,Robinson,Child,2017-07-24,F,Active
DP000741801,EE0007418,Sophia,Williams,Domestic Partner,1978-07-28,M,Active
DP000741802,EE0007418,Ethan,Williams,Child,2003-04-08,M,Active
DP000741803,EE0007418,Ethan,Williams,Child,2025-10-04,M,Active
DP000742001,EE0007420,Fatima,Smith,Domestic Partner,1962-10-21,F,Active
DP000742002,EE0007420,Daniel,Smith,Child,2019-04-16,F,Active
DP000742301,EE0007423,Isaiah,Robinson,Domestic Partner,1976-05-22,M,Active
DP000742302,EE0007423,Amara,Robinson,Child,2024-11-30,M,Active
DP000742401,EE0007424,Jasmine,Robinson,Child,2019-06-10,F,Active
DP000742801,EE0007428,Maya,Ibrahim,Child,2022-01-01,M,Active
DP000742802,EE0007428,Luis,Ibrahim,Child,2005-06-12,F,Active
DP000743401,EE0007434,Jasmine,Mensah,Domestic Partner,1980-07-11,F,Active
DP000744001,EE0007440,Zoe,Campbell,Child,2007-12-26,M,Active
DP000744002,EE0007440,Kevin,Campbell,Child,2007-04-11,F,Active
DP000744201,EE0007442,Jordan,Garcia,Child,2017-11-24,F,Active
DP000744401,EE0007444,Victor,Ibrahim,Child,2020-11-18,M,Active
DP000744501,EE0007445,Naomi,Martinez,Child,2018-06-21,M,Active
DP000744701,EE0007447,Carlos,Garcia,Domestic Partner,1994-06-02,F,Active
DP000744702,EE0007447,Noah,Garcia,Child,2011-12-04,F,Active
DP000745001,EE0007450,Chiamaka,Smith,Child,2022-11-26,M,Active
DP000745002,EE0007450,Aaliyah,Smith,Child,2023-04-01,F,Active
DP000745101,EE0007451,Kevin,Mensah,Spouse,1974-05-17,M,Active
DP000745401,EE0007454,Nia,Adams,Spouse,1967-10-31,F,Active
DP000745402,EE0007454,Jordan,Adams,Child,2001-03-12,M,Active
DP000745701,EE0007457,Naomi,Walker,Domestic Partner,1971-10-16,M,Active
DP000745801,EE0007458,Nia,Davis,Child,2018-09-09,M,Active
DP000745802,EE0007458,Sophia,Davis,Child,2026-01-11,M,Active
DP000746101,EE0007461,Jordan,Okafor,Spouse,2002-09-16,F,Active
DP000746401,EE0007464,Omar,Robinson,Child,2017-02-10,F,Active
DP000746501,EE0007465,Elena,Okafor,Child,2001-03-21,F,Active
DP000746601,EE0007466,Omar,Johnson,Spouse,1989-10-12,M,Active
DP000746801,EE0007468,Victor,Davis,Spouse,1970-11-09,F,Active
DP000746901,EE0007469,Elena,Smith,Spouse,1967-07-14,F,Active
DP000747101,EE0007471,Noah,Patel,Child,2014-12-29,F,Active
DP000747102,EE0007471,Samuel,Patel,Child,2019-11-26,M,Active
DP000747601,EE0007476,Daniel,Davis,Child,2021-11-21,F,Active
DP000747701,EE0007477,Priya,Wilson,Child,2003-12-21,M,Active
DP000747702,EE0007477,Zoe,Wilson,Child,2024-01-01,M,Active
DP000747801,EE0007478,Amara,Ibrahim,Spouse,1970-12-27,M,Active
DP000747901,EE0007479,Elena,Mensah,Spouse,1996-04-12,M,Active
DP000747902,EE0007479,Daniel,Mensah,Child,2022-10-16,F,Active
DP000748101,EE0007481,Naomi,Thomas,Domestic Partner,2006-12-12,F,Active
DP000748601,EE0007486,Jordan,Wilson,Child,2003-11-21,F,Active
DP000748602,EE0007486,Aaliyah,Wilson,Child,2015-04-21,F,Active
DP000748901,EE0007489,David,Kim,Child,2021-10-17,M,Active
DP000749301,EE0007493,Amara,Campbell,Child,2026-05-10,F,Active
DP000749302,EE0007493,Grace,Campbell,Child,2024-10-01,F,Active
DP000749601,EE0007496,Leah,Adams,Spouse,1986-07-25,F,Active
DP000749701,EE0007497,Omar,Thomas,Domestic Partner,1983-07-08,M,Active
DP000749702,EE0007497,Luis,Thomas,Child,2026-03-01,M,Active
DP000749703,EE0007497,Victor,Thomas,Child,2018-04-17,M,Active
DP000749901,EE0007499,Kevin,Brown,Domestic Partner,1990-10-15,M,Active
DP000749902,EE0007499,Luis,Brown,Child,2016-01-25,M,Active
DP000750001,EE0007500,Ethan,Hernandez,Domestic Partner,1989-01-12,F,Active
DP000750101,EE0007501,Elena,Walker,Child,2012-11-06,F,Active
DP000750102,EE0007501,Andre,Walker,Child,2017-03-29,M,Active
DP000750301,EE0007503,Chiamaka,Campbell,Spouse,1989-02-02,M,Active
DP000750501,EE0007505,Andre,Garcia,Domestic Partner,1966-01-13,F,Active
DP000750701,EE0007507,Zoe,Wilson,Spouse,1994-12-19,M,Active
DP000750702,EE0007507,David,Wilson,Child,2023-05-29,F,Active
DP000750703,EE0007507,Amara,Wilson,Child,2017-07-22,F,Active
DP000750801,EE0007508,Michael,Adams,Spouse,2004-03-21,F,Active
DP000750901,EE0007509,Angela,Patel,Domestic Partner,1975-12-14,M,Active
DP000750902,EE0007509,Luis,Patel,Child,2001-08-21,M,Active
DP000751001,EE0007510,Nia,Brown,Child,2003-03-14,M,Active
DP000751002,EE0007510,Noah,Brown,Child,2009-08-31,M,Active
DP000751101,EE0007511,Grace,Johnson,Domestic Partner,1966-06-12,M,Active
DP000751102,EE0007511,Amara,Johnson,Child,2011-03-08,F,Active
DP000751103,EE0007511,Ethan,Johnson,Child,2002-12-10,M,Active
DP000751301,EE0007513,Jordan,Johnson,Child,2007-04-14,M,Active
DP000751401,EE0007514,Elena,Patel,Spouse,1978-03-30,M,Active
DP000751402,EE0007514,Michael,Patel,Child,2000-09-17,F,Active
DP000751501,EE0007515,Nia,Taylor,Spouse,1993-01-06,F,Active
DP000751502,EE0007515,Angela,Taylor,Child,2019-01-14,M,Active
DP000751701,EE0007517,Priya,Brown,Child,2018-01-08,M,Active
DP000752101,EE0007521,Jordan,Mensah,Domestic Partner,1972-10-19,F,Active
DP000752301,EE0007523,Olivia,Wilson,Child,2003-08-23,F,Active
DP000752302,EE0007523,Angela,Wilson,Child,2021-10-24,M,Active
DP000752501,EE0007525,Olivia,Kim,Spouse,2007-03-04,M,Active
DP000752502,EE0007525,Amara,Kim,Child,2026-02-21,M,Active
DP000752601,EE0007526,Noah,Patel,Spouse,1969-09-28,F,Active
DP000752602,EE0007526,Jordan,Patel,Child,2023-06-05,M,Active
DP000752801,EE0007528,Nia,Lewis,Spouse,1990-12-31,M,Active
DP000752802,EE0007528,Jordan,Lewis,Child,2026-02-23,F,Active
DP000753001,EE0007530,Grace,Miller,Domestic Partner,1965-11-18,F,Active
DP000753002,EE0007530,Elena,Miller,Child,2016-01-14,F,Active
DP000753201,EE0007532,Jordan,Smith,Child,2025-03-11,M,Active
DP000753202,EE0007532,Luis,Smith,Child,2019-10-06,M,Active
DP000753301,EE0007533,Olivia,Martinez,Child,2024-11-04,M,Active
DP000753401,EE0007534,Michael,Smith,Child,2010-02-16,F,Active
DP000753402,EE0007534,Malik,Smith,Child,2006-10-25,M,Active
DP000753701,EE0007537,Kevin,Taylor,Spouse,1978-09-10,M,Active
DP000753702,EE0007537,Grace,Taylor,Child,2005-12-19,F,Active
DP000753801,EE0007538,Leah,Adeyemi,Spouse,1998-12-18,M,Active
DP000754101,EE0007541,Luis,Walker,Child,2025-02-15,M,Active
DP000754102,EE0007541,Priya,Walker,Child,2023-07-11,F,Active
DP000754201,EE0007542,Omar,Thomas,Spouse,1989-07-17,F,Active
DP000754202,EE0007542,Zoe,Thomas,Child,2015-03-24,M,Active
DP000754301,EE0007543,Luis,Thomas,Spouse,1994-07-19,M,Active
DP000754501,EE0007545,Elena,Martinez,Child,2024-05-20,F,Active
DP000754502,EE0007545,Carlos,Martinez,Child,2020-09-25,F,Active
DP000754601,EE0007546,Andre,Moore,Domestic Partner,1970-11-07,M,Active
DP000754602,EE0007546,Chiamaka,Moore,Child,2008-03-08,M,Active
DP000754901,EE0007549,Samuel,Campbell,Child,2005-02-20,F,Active
DP000755201,EE0007552,Michael,Okafor,Spouse,2001-10-02,F,Active
DP000755601,EE0007556,Kevin,Walker,Child,2021-11-13,M,Active
DP000755701,EE0007557,Zoe,Robinson,Child,2025-03-26,F,Active
DP000755702,EE0007557,Kevin,Robinson,Child,2017-02-17,F,Active
DP000755801,EE0007558,Elena,Smith,Spouse,1973-05-22,F,Active
DP000756001,EE0007560,Naomi,Mensah,Spouse,1999-01-18,M,Active
DP000756002,EE0007560,Kevin,Mensah,Child,2026-06-09,M,Active
DP000756003,EE0007560,Andre,Mensah,Child,2019-09-23,F,Active
DP000756201,EE0007562,Amara,Hernandez,Child,2022-11-27,F,Active
DP000756301,EE0007563,Aaliyah,Johnson,Spouse,2001-01-16,M,Active
DP000756302,EE0007563,Leah,Johnson,Child,2022-08-09,F,Active
DP000756303,EE0007563,David,Johnson,Child,2022-09-17,M,Active
DP000756501,EE0007565,Jordan,Miller,Child,2001-03-01,F,Active
DP000756502,EE0007565,Luis,Miller,Child,2001-02-18,F,Active
DP000756503,EE0007565,Nia,Miller,Child,2024-11-14,M,Active
DP000756801,EE0007568,Angela,Davis,Child,2021-03-12,M,Active
DP000756901,EE0007569,Victor,Chen,Spouse,1997-07-03,M,Active
DP000756902,EE0007569,Luis,Chen,Child,2020-06-22,M,Active
DP000756903,EE0007569,Elena,Chen,Child,2025-02-26,F,Active
DP000757101,EE0007571,Angela,Adeyemi,Child,2011-05-16,M,Active
DP000757401,EE0007574,Elena,Miller,Spouse,1966-11-16,M,Active
DP000757501,EE0007575,Naomi,Adams,Spouse,1981-05-11,M,Active
DP000757601,EE0007576,Sophia,Garcia,Spouse,1999-01-16,F,Active
DP000757801,EE0007578,Naomi,Mensah,Domestic Partner,1982-10-29,M,Active
DP000757802,EE0007578,Malik,Mensah,Child,2009-06-11,M,Active
DP000757803,EE0007578,Sophia,Mensah,Child,2020-12-06,F,Active
DP000757901,EE0007579,Zoe,Wilson,Domestic Partner,1962-04-11,F,Active
DP000758001,EE0007580,Isaiah,Wilson,Child,2006-06-08,M,Active
DP000758002,EE0007580,Olivia,Wilson,Child,2022-03-11,M,Active
DP000758201,EE0007582,Carlos,Robinson,Child,2024-10-24,F,Active
DP000758401,EE0007584,Priya,Ibrahim,Child,2021-12-21,M,Active
DP000758402,EE0007584,Leah,Ibrahim,Child,2024-04-14,F,Active
DP000758501,EE0007585,Jordan,Davis,Child,2025-10-14,M,Active
DP000758601,EE0007586,Jordan,Kim,Child,2006-12-13,F,Active
DP000758602,EE0007586,Priya,Kim,Child,2014-04-22,M,Active
DP000758701,EE0007587,Samuel,Adams,Spouse,1995-03-20,M,Active
DP000758702,EE0007587,Amara,Adams,Child,2012-02-13,F,Active
DP000758901,EE0007589,Ethan,Johnson,Child,2026-02-11,F,Active
DP000758902,EE0007589,Aaliyah,Johnson,Child,2020-05-24,M,Active
DP000759001,EE0007590,Amara,Mensah,Domestic Partner,1972-05-23,F,Active
DP000759101,EE0007591,Fatima,Brown,Child,2022-08-13,F,Active
DP000759102,EE0007591,Michael,Brown,Child,2014-04-23,M,Active
DP000759103,EE0007591,Naomi,Brown,Child,2000-04-26,F,Active
DP000759401,EE0007594,Malik,Davis,Child,2018-03-24,M,Active
DP000759402,EE0007594,Aaliyah,Davis,Child,2004-09-24,M,Active
DP000759403,EE0007594,Andre,Davis,Child,2011-10-14,M,Active
DP000759501,EE0007595,Michael,Davis,Child,2009-10-18,F,Active
DP000759502,EE0007595,Maya,Davis,Child,2025-01-18,M,Active
DP000759503,EE0007595,Malik,Davis,Child,2022-04-24,M,Active
DP000759701,EE0007597,Jordan,Lewis,Spouse,1999-01-23,M,Active
DP000759702,EE0007597,Priya,Lewis,Child,2024-01-18,M,Active
DP000759801,EE0007598,Priya,Adeyemi,Child,2018-04-16,F,Active
DP000759802,EE0007598,Daniel,Adeyemi,Child,2001-09-25,F,Active
DP000760001,EE0007600,Luis,Walker,Child,2024-05-14,F,Active
DP000760901,EE0007609,Daniel,Miller,Domestic Partner,1962-09-14,F,Active
DP000761201,EE0007612,Maya,Nguyen,Child,2013-01-16,F,Active
DP000761301,EE0007613,Noah,Smith,Spouse,1968-09-16,M,Active
DP000761501,EE0007615,Angela,Moore,Spouse,1967-12-24,F,Active
DP000761601,EE0007616,Samuel,Patel,Child,2006-09-27,M,Active
DP000762001,EE0007620,Jasmine,Davis,Child,2022-08-26,F,Active
DP000762002,EE0007620,Noah,Davis,Child,2008-05-28,F,Active
DP000762501,EE0007625,Elena,Mensah,Spouse,2003-11-28,M,Active
DP000762502,EE0007625,Omar,Mensah,Child,2022-02-05,F,Active
DP000762601,EE0007626,Jasmine,Brown,Domestic Partner,1986-05-09,F,Active
DP000762901,EE0007629,Olivia,Smith,Spouse,1964-02-12,M,Active
DP000762902,EE0007629,Luis,Smith,Child,2010-09-10,F,Active
DP000762903,EE0007629,Naomi,Smith,Child,2011-07-12,M,Active
DP000763301,EE0007633,Aaliyah,Martinez,Spouse,2001-02-21,F,Active
DP000763401,EE0007634,Ethan,Campbell,Child,2007-02-02,F,Active
DP000764201,EE0007642,Andre,Bennett,Child,2020-12-14,F,Active
DP000764202,EE0007642,Elena,Bennett,Child,2002-10-16,F,Active
DP000764401,EE0007644,Michael,Johnson,Child,2008-02-18,F,Active
DP000764402,EE0007644,Malik,Johnson,Child,2016-12-30,M,Active
DP000764901,EE0007649,Omar,Martinez,Domestic Partner,1983-09-25,F,Active
DP000764902,EE0007649,Priya,Martinez,Child,2000-10-12,F,Active
DP000764903,EE0007649,Maya,Martinez,Child,2004-07-13,M,Active
DP000765101,EE0007651,Fatima,Kim,Child,2011-09-10,M,Active
DP000765301,EE0007653,Aaliyah,Okafor,Domestic Partner,1971-10-30,M,Active
DP000765401,EE0007654,Carlos,Brown,Spouse,1993-06-25,F,Active
DP000765402,EE0007654,Ethan,Brown,Child,2025-11-09,F,Active
DP000765501,EE0007655,Andre,Davis,Spouse,1970-02-19,M,Active
DP000765601,EE0007656,Fatima,Ibrahim,Spouse,1964-09-23,M,Active
DP000765602,EE0007656,Elena,Ibrahim,Child,2012-04-11,M,Active
DP000765603,EE0007656,Jordan,Ibrahim,Child,2007-01-14,F,Active
DP000765801,EE0007658,Aaliyah,Patel,Domestic Partner,1989-03-30,M,Active
DP000765901,EE0007659,Isaiah,Taylor,Spouse,1998-11-12,M,Active
DP000765902,EE0007659,Angela,Taylor,Child,2024-03-23,M,Active
DP000765903,EE0007659,Elena,Taylor,Child,2024-12-02,M,Active
DP000766001,EE0007660,Nia,Walker,Child,2019-05-02,M,Active
DP000766101,EE0007661,Angela,Brown,Child,2000-01-29,M,Active
DP000766301,EE0007663,Aaliyah,Martinez,Spouse,1990-11-27,M,Active
DP000766601,EE0007666,Jordan,Hernandez,Domestic Partner,1993-10-03,F,Active
DP000766701,EE0007667,Maya,Mensah,Child,2013-10-08,M,Active
DP000766702,EE0007667,Victor,Mensah,Child,2004-12-31,M,Active
DP000766901,EE0007669,Angela,Wilson,Spouse,1974-06-09,M,Active
DP000767001,EE0007670,Aaliyah,Robinson,Spouse,1995-05-14,F,Active
DP000767701,EE0007677,Daniel,Mensah,Spouse,1985-09-03,F,Active
DP000767801,EE0007678,Daniel,Hernandez,Domestic Partner,1964-11-28,M,Active
DP000767901,EE0007679,Aaliyah,Taylor,Domestic Partner,2002-07-25,F,Active
DP000768001,EE0007680,Daniel,Bennett,Child,2020-11-20,F,Active
DP000768002,EE0007680,Daniel,Bennett,Child,2007-07-16,F,Active
DP000768201,EE0007682,Omar,Kim,Child,2021-11-13,M,Active
DP000768501,EE0007685,Samuel,Bennett,Domestic Partner,1978-03-06,F,Active
DP000768502,EE0007685,Grace,Bennett,Child,2000-02-09,F,Active
DP000768801,EE0007688,Fatima,Thomas,Spouse,1987-12-07,M,Active
DP000768802,EE0007688,Naomi,Thomas,Child,2014-07-03,F,Active
DP000768803,EE0007688,Daniel,Thomas,Child,2026-01-28,M,Active
DP000768901,EE0007689,Grace,Okafor,Domestic Partner,1982-11-14,M,Active
DP000768902,EE0007689,Grace,Okafor,Child,2003-11-25,F,Active
DP000769001,EE0007690,Naomi,Okafor,Spouse,1971-04-19,F,Active
DP000769601,EE0007696,Angela,Okafor,Domestic Partner,1971-07-31,M,Active
DP000769602,EE0007696,Omar,Okafor,Child,2017-08-09,M,Active
DP000769901,EE0007699,Carlos,Taylor,Domestic Partner,1968-03-21,M,Active
DP000769902,EE0007699,Luis,Taylor,Child,2000-02-03,F,Active
DP000769903,EE0007699,David,Taylor,Child,2010-02-21,F,Active
DP000770001,EE0007700,Ethan,Davis,Child,2002-07-07,F,Active
DP000770101,EE0007701,Zoe,Bennett,Domestic Partner,1994-07-27,F,Active
DP000770102,EE0007701,Amara,Bennett,Child,2023-05-22,M,Active
DP000770201,EE0007702,Elena,Lewis,Child,2026-06-26,F,Active
DP000770501,EE0007705,Naomi,Mensah,Spouse,1982-07-12,F,Active
DP000770601,EE0007706,Sophia,Hernandez,Spouse,1974-03-18,M,Active
DP000770602,EE0007706,Samuel,Hernandez,Child,2008-02-14,M,Active
DP000770603,EE0007706,Jordan,Hernandez,Child,2024-08-23,F,Active
DP000770701,EE0007707,Noah,Taylor,Spouse,1971-02-24,M,Active
DP000770702,EE0007707,Andre,Taylor,Child,2000-09-20,M,Active
DP000770801,EE0007708,Maya,Campbell,Child,2011-12-21,F,Active
DP000770802,EE0007708,Naomi,Campbell,Child,2009-06-21,M,Active
DP000770901,EE0007709,Elena,Wilson,Spouse,1975-12-19,F,Active
DP000771001,EE0007710,Kevin,Smith,Domestic Partner,1967-12-10,M,Active
DP000771101,EE0007711,Nia,Moore,Spouse,1991-09-14,M,Active
DP000771102,EE0007711,Daniel,Moore,Child,2011-11-02,M,Active
DP000771301,EE0007713,Leah,Thomas,Spouse,1981-08-07,M,Active
DP000771401,EE0007714,Leah,Robinson,Child,2019-10-01,F,Active
DP000771801,EE0007718,Andre,Mensah,Child,2022-04-03,M,Active
DP000771901,EE0007719,Malik,Thomas,Spouse,1961-12-02,F,Active
DP000771902,EE0007719,Carlos,Thomas,Child,2019-07-20,M,Active
DP000772001,EE0007720,Malik,Patel,Domestic Partner,1965-12-14,F,Active
DP000772002,EE0007720,Victor,Patel,Child,2023-10-27,M,Active
DP000772003,EE0007720,Sophia,Patel,Child,2022-09-25,F,Active
DP000772101,EE0007721,Andre,Kim,Domestic Partner,2005-03-12,M,Active
DP000772301,EE0007723,Michael,Okafor,Domestic Partner,1984-06-05,F,Active
DP000772302,EE0007723,Isaiah,Okafor,Child,2023-10-22,M,Active
DP000772401,EE0007724,Olivia,Mensah,Spouse,1989-12-12,F,Active
DP000772601,EE0007726,Sophia,Patel,Spouse,1997-11-11,F,Active
DP000772701,EE0007727,Chiamaka,Brown,Child,2014-03-25,F,Active
DP000772702,EE0007727,Michael,Brown,Child,2011-03-28,M,Active
DP000772901,EE0007729,Aaliyah,Campbell,Child,2013-03-07,F,Active
DP000772902,EE0007729,Isaiah,Campbell,Child,2017-07-02,M,Active
DP000772903,EE0007729,Leah,Campbell,Child,2020-12-25,F,Active
DP000773201,EE0007732,Noah,Taylor,Spouse,1989-01-16,F,Active
DP000773401,EE0007734,Luis,Williams,Domestic Partner,1987-12-11,M,Active
DP000773601,EE0007736,Carlos,Davis,Spouse,1992-09-27,F,Active
DP000773602,EE0007736,Kevin,Davis,Child,2009-08-04,M,Active
DP000774101,EE0007741,Maya,Bennett,Spouse,2006-12-24,F,Active
DP000774501,EE0007745,Noah,Ibrahim,Spouse,2007-04-06,M,Active
DP000774502,EE0007745,Grace,Ibrahim,Child,2023-08-01,M,Active
DP000775001,EE0007750,Isaiah,Nguyen,Domestic Partner,1987-03-21,F,Active
DP000775002,EE0007750,Naomi,Nguyen,Child,2018-02-22,M,Active
DP000775101,EE0007751,Omar,Okafor,Spouse,1975-06-28,M,Active
DP000775102,EE0007751,Angela,Okafor,Child,2006-08-24,M,Active
DP000775201,EE0007752,Isaiah,Hernandez,Child,2023-07-19,F,Active
DP000775401,EE0007754,Priya,Campbell,Child,2009-08-22,F,Active
DP000775402,EE0007754,Priya,Campbell,Child,2014-11-20,M,Active
DP000775501,EE0007755,Maya,Bennett,Spouse,1974-02-15,M,Active
DP000775502,EE0007755,Jasmine,Bennett,Child,2013-02-02,F,Active
DP000775503,EE0007755,Sophia,Bennett,Child,2010-11-16,F,Active
DP000775601,EE0007756,Daniel,Smith,Spouse,1978-03-16,M,Active
DP000775602,EE0007756,David,Smith,Child,2019-05-01,M,Active
DP000775701,EE0007757,David,Smith,Spouse,1962-08-24,F,Active
DP000775801,EE0007758,Luis,Martinez,Domestic Partner,2001-07-18,M,Active
DP000776101,EE0007761,Chiamaka,Garcia,Domestic Partner,1980-05-02,M,Active
DP000776102,EE0007761,Aaliyah,Garcia,Child,2005-10-24,M,Active
DP000776103,EE0007761,Sophia,Garcia,Child,2017-10-17,M,Active
DP000776201,EE0007762,Chiamaka,Ibrahim,Spouse,1999-01-21,F,Active
DP000776202,EE0007762,Samuel,Ibrahim,Child,2023-02-15,M,Active
DP000776301,EE0007763,Naomi,Williams,Domestic Partner,1995-02-22,F,Active
DP000776302,EE0007763,Grace,Williams,Child,2017-01-26,M,Active
DP000776501,EE0007765,Nia,Ibrahim,Child,2020-07-19,M,Active
DP000776601,EE0007766,Maya,Nguyen,Child,2013-02-03,M,Active
DP000776801,EE0007768,Kevin,Robinson,Child,2008-05-16,F,Active
DP000776802,EE0007768,Victor,Robinson,Child,2006-05-15,M,Active
DP000777701,EE0007777,Victor,Garcia,Child,2017-06-18,M,Active
DP000777901,EE0007779,Ethan,Robinson,Spouse,1983-09-29,F,Active
DP000778201,EE0007782,Daniel,Smith,Child,2025-01-19,F,Active
DP000778801,EE0007788,Isaiah,Smith,Domestic Partner,1990-05-25,F,Active
DP000778802,EE0007788,Ethan,Smith,Child,2015-09-17,F,Active
DP000778901,EE0007789,Malik,Garcia,Child,2024-04-11,F,Active
DP000779001,EE0007790,Chiamaka,Patel,Spouse,1973-02-03,M,Active
DP000779002,EE0007790,Andre,Patel,Child,2022-12-12,M,Active
DP000779101,EE0007791,Angela,Brown,Child,2018-08-01,F,Active
DP000779102,EE0007791,Daniel,Brown,Child,2014-10-16,F,Active
DP000779201,EE0007792,Chiamaka,Taylor,Spouse,1971-12-07,F,Active
DP000779202,EE0007792,Grace,Taylor,Child,2026-01-17,F,Active
DP000779301,EE0007793,Victor,Robinson,Spouse,1995-02-25,M,Active
DP000779401,EE0007794,Malik,Smith,Child,2020-10-23,F,Active
DP000779402,EE0007794,Jordan,Smith,Child,2025-08-01,F,Active
DP000779501,EE0007795,Michael,Davis,Child,2022-12-23,M,Active
DP000779502,EE0007795,Michael,Davis,Child,2009-03-26,F,Active
DP000779503,EE0007795,Fatima,Davis,Child,2022-08-29,M,Active
DP000779901,EE0007799,Daniel,Bennett,Spouse,1992-07-14,M,Active
DP000780001,EE0007800,Noah,Moore,Child,2018-07-13,M,Active
DP000780101,EE0007801,Malik,Adeyemi,Domestic Partner,1979-08-06,F,Active
DP000780102,EE0007801,Malik,Adeyemi,Child,2002-01-09,F,Active
DP000780201,EE0007802,Jordan,Smith,Spouse,2002-03-09,M,Active
DP000780202,EE0007802,Olivia,Smith,Child,2024-02-26,F,Active
DP000780203,EE0007802,Sophia,Smith,Child,2024-06-15,F,Active
DP000780301,EE0007803,Luis,Wilson,Spouse,1999-04-16,F,Active
DP000780302,EE0007803,Carlos,Wilson,Child,2022-06-03,F,Active
DP000780401,EE0007804,Carlos,Campbell,Child,2025-01-25,M,Active
DP000780402,EE0007804,Leah,Campbell,Child,2025-01-30,M,Active
DP000780601,EE0007806,Jordan,Thomas,Child,2009-09-27,M,Active
DP000780801,EE0007808,Noah,Williams,Child,2003-05-14,M,Active
DP000780802,EE0007808,Victor,Williams,Child,2009-06-09,F,Active
DP000780901,EE0007809,Amara,Kim,Domestic Partner,1981-06-29,F,Active
DP000781001,EE0007810,Olivia,Miller,Domestic Partner,1967-01-24,F,Active
DP000781002,EE0007810,Jasmine,Miller,Child,2003-09-28,F,Active
DP000781101,EE0007811,Zoe,Moore,Domestic Partner,1995-10-02,F,Active
DP000781102,EE0007811,Nia,Moore,Child,2008-08-10,M,Active
DP000781401,EE0007814,Elena,Wilson,Domestic Partner,1972-03-30,M,Active
DP000781402,EE0007814,Maya,Wilson,Child,2025-08-27,F,Active
DP000781403,EE0007814,Leah,Wilson,Child,2013-08-15,M,Active
DP000781501,EE0007815,Kevin,Chen,Child,2011-10-15,M,Active
DP000781502,EE0007815,Michael,Chen,Child,2010-07-01,M,Active
DP000781503,EE0007815,Fatima,Chen,Child,2021-11-11,F,Active
DP000781801,EE0007818,David,Moore,Spouse,2005-04-12,F,Active
DP000781901,EE0007819,David,Davis,Spouse,1973-11-15,F,Active
DP000782201,EE0007822,Jasmine,Mensah,Spouse,1991-09-03,F,Active
DP000782202,EE0007822,Aaliyah,Mensah,Child,2013-06-10,F,Active
DP000782203,EE0007822,Amara,Mensah,Child,2010-11-02,F,Active
DP000782501,EE0007825,Aaliyah,Nguyen,Child,2011-08-17,M,Active
DP000782502,EE0007825,Sophia,Nguyen,Child,2012-07-07,F,Active
DP000782503,EE0007825,Amara,Nguyen,Child,2009-05-25,F,Active
DP000782601,EE0007826,Malik,Patel,Spouse,1991-05-18,M,Active
DP000782602,EE0007826,Omar,Patel,Child,2010-12-06,F,Active
DP000782603,EE0007826,Michael,Patel,Child,2013-08-23,F,Active
DP000782701,EE0007827,Amara,Martinez,Child,2017-11-03,M,Active
DP000782702,EE0007827,Chiamaka,Martinez,Child,2010-11-03,M,Active
DP000782901,EE0007829,Nia,Davis,Child,2022-10-16,F,Active
DP000783001,EE0007830,David,Mensah,Child,2002-07-03,F,Active
DP000783101,EE0007831,Carlos,Brown,Domestic Partner,1990-05-31,M,Active
DP000783201,EE0007832,Aaliyah,Bennett,Spouse,1981-07-26,F,Active
DP000783601,EE0007836,Michael,Miller,Child,2025-12-08,M,Active
DP000783801,EE0007838,Priya,Okafor,Domestic Partner,1970-03-10,F,Active
DP000783901,EE0007839,Noah,Williams,Spouse,1974-11-27,M,Active
DP000784101,EE0007841,Jasmine,Johnson,Child,2023-10-06,M,Active
DP000784102,EE0007841,Amara,Johnson,Child,2025-12-04,M,Active
DP000784201,EE0007842,Elena,Bennett,Child,2003-08-05,M,Active
DP000784401,EE0007844,Leah,Johnson,Child,2014-10-21,M,Active
DP000784402,EE0007844,Samuel,Johnson,Child,2001-06-15,M,Active
DP000784403,EE0007844,Daniel,Johnson,Child,2007-03-04,M,Active
DP000784901,EE0007849,Olivia,Walker,Domestic Partner,1988-01-23,F,Active
DP000785001,EE0007850,Zoe,Lewis,Child,2021-04-20,M,Active
DP000785002,EE0007850,Olivia,Lewis,Child,2023-01-04,F,Active
DP000785003,EE0007850,Jordan,Lewis,Child,2010-06-20,F,Active
DP000785201,EE0007852,Olivia,Wilson,Child,2021-12-15,F,Active
DP000785202,EE0007852,Michael,Wilson,Child,2001-12-26,F,Active
DP000785203,EE0007852,Nia,Wilson,Child,2017-10-23,F,Active
DP000785301,EE0007853,Victor,Moore,Spouse,1965-03-09,F,Active
DP000785401,EE0007854,David,Nguyen,Domestic Partner,1979-08-08,M,Active
DP000785402,EE0007854,Daniel,Nguyen,Child,2005-09-27,M,Active
DP000785501,EE0007855,Sophia,Garcia,Domestic Partner,1988-04-24,M,Active
DP000785601,EE0007856,Grace,Campbell,Spouse,1976-02-05,F,Active
DP000785602,EE0007856,Andre,Campbell,Child,2023-10-11,F,Active
DP000785701,EE0007857,Daniel,Thomas,Domestic Partner,1964-06-11,F,Active
DP000785702,EE0007857,Aaliyah,Thomas,Child,2018-07-13,F,Active
DP000786001,EE0007860,Luis,Williams,Domestic Partner,1999-04-28,F,Active
DP000786002,EE0007860,Elena,Williams,Child,2025-03-17,F,Active
DP000786101,EE0007861,Ethan,Ibrahim,Domestic Partner,1982-10-10,M,Active
DP000786102,EE0007861,Zoe,Ibrahim,Child,2019-04-06,M,Active
DP000786301,EE0007863,Naomi,Lewis,Spouse,1970-05-15,M,Active
DP000786801,EE0007868,Chiamaka,Okafor,Domestic Partner,1984-01-24,F,Active
DP000786802,EE0007868,Jasmine,Okafor,Child,2016-04-24,F,Active
DP000786901,EE0007869,Aaliyah,Lewis,Spouse,1998-08-07,M,Active
DP000786902,EE0007869,Samuel,Lewis,Child,2018-07-26,F,Active
DP000787101,EE0007871,Olivia,Mensah,Domestic Partner,2007-03-04,F,Active
DP000787301,EE0007873,David,Patel,Spouse,1966-06-03,F,Active
DP000787302,EE0007873,Malik,Patel,Child,2003-09-20,F,Active
DP000787601,EE0007876,Amara,Robinson,Domestic Partner,1977-12-06,F,Active
DP000787701,EE0007877,Michael,Martinez,Spouse,1963-11-20,F,Active
DP000787801,EE0007878,Nia,Lewis,Spouse,1995-06-21,F,Active
DP000787802,EE0007878,Grace,Lewis,Child,2023-10-30,M,Active
DP000787803,EE0007878,Ethan,Lewis,Child,2024-05-25,M,Active
DP000788001,EE0007880,Victor,Moore,Spouse,1981-07-16,F,Active
DP000788002,EE0007880,Maya,Moore,Child,2012-05-03,F,Active
DP000788101,EE0007881,Samuel,Martinez,Child,2024-09-10,F,Active
DP000788601,EE0007886,Grace,Campbell,Domestic Partner,1998-06-14,F,Active
DP000788602,EE0007886,Isaiah,Campbell,Child,2021-01-03,F,Active
DP000788801,EE0007888,Ethan,Adams,Child,2019-11-09,M,Active
DP000788802,EE0007888,Sophia,Adams,Child,2001-05-07,F,Active
DP000789001,EE0007890,David,Miller,Spouse,1968-04-21,M,Active
DP000789201,EE0007892,Angela,Miller,Domestic Partner,1981-07-02,F,Active
DP000789202,EE0007892,Priya,Miller,Child,2007-07-06,F,Active
DP000789203,EE0007892,Luis,Miller,Child,2007-12-07,F,Active
DP000789301,EE0007893,Victor,Martinez,Domestic Partner,1962-12-08,M,Active
DP000789302,EE0007893,Jasmine,Martinez,Child,2013-02-08,M,Active
DP000789501,EE0007895,Ethan,Walker,Child,2025-10-11,M,Active
DP000789502,EE0007895,Amara,Walker,Child,2016-08-14,F,Active
DP000789601,EE0007896,Luis,Chen,Child,2000-11-02,F,Active
DP000789701,EE0007897,Malik,Patel,Child,2008-03-25,M,Active
DP000789801,EE0007898,Naomi,Kim,Child,2012-04-03,M,Active
DP000789802,EE0007898,Noah,Kim,Child,2018-05-25,M,Active
DP000790101,EE0007901,Michael,Hernandez,Child,2003-09-17,M,Active
DP000790102,EE0007901,Maya,Hernandez,Child,2006-11-23,F,Active
DP000790201,EE0007902,Omar,Walker,Spouse,1990-02-15,M,Active
DP000790301,EE0007903,Priya,Chen,Child,2022-05-26,M,Active
DP000790302,EE0007903,Fatima,Chen,Child,2024-10-24,M,Active
DP000790303,EE0007903,Ethan,Chen,Child,2021-01-21,F,Active
DP000790701,EE0007907,David,Campbell,Child,2015-08-30,M,Active
DP000790702,EE0007907,Chiamaka,Campbell,Child,2012-06-21,F,Active
DP000790801,EE0007908,Grace,Mensah,Child,2023-09-02,F,Active
DP000790802,EE0007908,Omar,Mensah,Child,2017-06-29,F,Active
DP000791301,EE0007913,Samuel,Williams,Child,2009-04-22,F,Active
DP000791401,EE0007914,Maya,Martinez,Spouse,1999-12-26,M,Active
DP000791402,EE0007914,Daniel,Martinez,Child,2018-10-25,F,Active
DP000791501,EE0007915,David,Johnson,Domestic Partner,1976-02-07,M,Active
DP000791502,EE0007915,Andre,Johnson,Child,2026-03-12,F,Active
DP000791503,EE0007915,Luis,Johnson,Child,2018-07-19,F,Active
DP000791701,EE0007917,Noah,Bennett,Child,2018-07-11,F,Active
DP000791702,EE0007917,Carlos,Bennett,Child,2016-10-25,F,Active
DP000791703,EE0007917,Daniel,Bennett,Child,2025-02-21,M,Active
DP000791801,EE0007918,Priya,Davis,Child,2017-03-03,F,Active
DP000791901,EE0007919,Omar,Martinez,Child,2025-06-02,F,Active
DP000792401,EE0007924,Michael,Bennett,Domestic Partner,1975-06-11,F,Active
DP000792501,EE0007925,Olivia,Patel,Child,2012-12-11,M,Active
DP000792502,EE0007925,Carlos,Patel,Child,2022-07-27,M,Active
DP000792503,EE0007925,Isaiah,Patel,Child,2000-12-27,F,Active
DP000792801,EE0007928,Jasmine,Robinson,Child,2026-04-18,M,Active
DP000793201,EE0007932,Samuel,Brown,Spouse,1964-06-13,M,Active
DP000793202,EE0007932,Leah,Brown,Child,2016-10-28,F,Active
DP000793501,EE0007935,Leah,Patel,Spouse,1999-03-11,F,Active
DP000793601,EE0007936,Nia,Chen,Child,2007-04-27,M,Active
DP000793801,EE0007938,Leah,Bennett,Spouse,1961-11-30,F,Active
DP000793901,EE0007939,Maya,Thomas,Child,2001-04-01,M,Active
DP000793902,EE0007939,Noah,Thomas,Child,2015-08-30,F,Active
DP000794001,EE0007940,Chiamaka,Mensah,Child,2010-11-11,F,Active
DP000794002,EE0007940,Carlos,Mensah,Child,2005-09-17,F,Active
DP000794201,EE0007942,Kevin,Brown,Child,2016-08-24,M,Active
DP000794401,EE0007944,Fatima,Davis,Domestic Partner,2001-01-08,M,Active
DP000794801,EE0007948,Carlos,Mensah,Domestic Partner,1976-10-31,M,Active
DP000794901,EE0007949,Malik,Patel,Spouse,1996-11-23,M,Active
DP000794902,EE0007949,Jordan,Patel,Child,2020-12-02,F,Active
DP000795001,EE0007950,Zoe,Walker,Child,2024-10-06,M,Active
DP000795002,EE0007950,Grace,Walker,Child,2021-09-09,F,Active
DP000795101,EE0007951,Omar,Williams,Child,2010-01-27,M,Active
DP000795102,EE0007951,Noah,Williams,Child,2010-12-07,F,Active
DP000795103,EE0007951,Jasmine,Williams,Child,2016-03-16,M,Active
DP000795401,EE0007954,Olivia,Martinez,Spouse,2002-09-26,M,Active
DP000795402,EE0007954,Zoe,Martinez,Child,2026-04-10,M,Active
DP000795501,EE0007955,Jasmine,Mensah,Spouse,1979-03-25,F,Active
DP000795502,EE0007955,Luis,Mensah,Child,2022-09-30,F,Active
DP000795601,EE0007956,Chiamaka,Adams,Domestic Partner,1968-05-31,M,Active
DP000795701,EE0007957,Olivia,Miller,Child,2020-11-17,F,Active
DP000795702,EE0007957,Olivia,Miller,Child,2023-01-20,F,Active
DP000795901,EE0007959,Andre,Bennett,Domestic Partner,1986-09-18,F,Active
DP000796301,EE0007963,Victor,Thomas,Spouse,1999-09-07,F,Active
DP000796302,EE0007963,Samuel,Thomas,Child,2024-05-14,M,Active
DP000796401,EE0007964,Samuel,Kim,Child,2017-10-29,F,Active
DP000796402,EE0007964,Nia,Kim,Child,2006-06-18,M,Active
DP000796403,EE0007964,Nia,Kim,Child,2011-01-10,M,Active
DP000796501,EE0007965,Zoe,Okafor,Child,2025-06-29,F,Active
DP000796502,EE0007965,Priya,Okafor,Child,2026-01-04,F,Active
DP000796701,EE0007967,Carlos,Patel,Child,2012-10-10,M,Active
DP000797101,EE0007971,Chiamaka,Garcia,Child,2023-09-10,F,Active
DP000797102,EE0007971,Nia,Garcia,Child,2023-07-07,M,Active
DP000797103,EE0007971,Kevin,Garcia,Child,2025-04-11,F,Active
DP000797201,EE0007972,Angela,Campbell,Child,2024-01-22,F,Active
DP000797601,EE0007976,Zoe,Walker,Spouse,1991-06-12,F,Active
DP000797602,EE0007976,Malik,Walker,Child,2025-09-29,F,Active
DP000797603,EE0007976,Elena,Walker,Child,2016-09-11,F,Active
DP000797901,EE0007979,Ethan,Nguyen,Child,2011-08-15,M,Active
DP000797902,EE0007979,Maya,Nguyen,Child,2005-05-31,F,Active
DP000798201,EE0007982,Naomi,Hernandez,Domestic Partner,2007-01-07,M,Active
DP000798202,EE0007982,Luis,Hernandez,Child,2020-08-16,F,Active
DP000798401,EE0007984,Olivia,Bennett,Child,2007-11-02,M,Active
DP000798501,EE0007985,Sophia,Smith,Child,2025-02-15,F,Active
DP000798502,EE0007985,Malik,Smith,Child,2022-12-01,F,Active
DP000798701,EE0007987,Amara,Moore,Domestic Partner,1989-11-16,M,Active
DP000798801,EE0007988,Malik,Mensah,Child,2020-08-20,F,Active
DP000798802,EE0007988,Omar,Mensah,Child,2024-11-15,F,Active
DP000798803,EE0007988,Isaiah,Mensah,Child,2018-06-16,M,Active
DP000798901,EE0007989,Maya,Adeyemi,Child,2000-08-03,M,Active
DP000798902,EE0007989,Carlos,Adeyemi,Child,2009-10-13,F,Active
DP000798903,EE0007989,Daniel,Adeyemi,Child,2003-03-26,M,Active
DP000799001,EE0007990,Michael,Wilson,Domestic Partner,1965-08-03,M,Active
DP000799002,EE0007990,Jordan,Wilson,Child,2012-05-13,F,Active
DP000799101,EE0007991,Aaliyah,Brown,Child,2007-01-11,M,Active
DP000799501,EE0007995,Priya,Miller,Child,2003-04-26,F,Active
DP000799701,EE0007997,Isaiah,Wilson,Spouse,1987-01-21,F,Active
DP000800101,EE0008001,Priya,Bennett,Child,2020-11-26,F,Active
DP000800102,EE0008001,Jordan,Bennett,Child,2019-01-20,M,Active
DP000800103,EE0008001,Daniel,Bennett,Child,2011-01-15,F,Active
DP000800501,EE0008005,Olivia,Taylor,Domestic Partner,1970-08-05,F,Active
DP000800502,EE0008005,Isaiah,Taylor,Child,2013-01-23,M,Active
DP000800503,EE0008005,Michael,Taylor,Child,2016-10-13,F,Active
DP000800801,EE0008008,Malik,Robinson,Spouse,1999-12-24,M,Active
DP000801101,EE0008011,Naomi,Garcia,Child,2016-10-27,M,Active
DP000801102,EE0008011,Ethan,Garcia,Child,2023-03-04,F,Active
DP000801201,EE0008012,Victor,Johnson,Child,2006-11-26,M,Active
DP000801202,EE0008012,Aaliyah,Johnson,Child,2019-05-04,F,Active
DP000801301,EE0008013,Luis,Williams,Spouse,1992-01-02,M,Active
DP000801501,EE0008015,Amara,Campbell,Domestic Partner,1969-02-15,F,Active
DP000801502,EE0008015,Elena,Campbell,Child,2001-08-23,M,Active
DP000801601,EE0008016,Elena,Davis,Domestic Partner,1999-08-07,F,Active
DP000801602,EE0008016,Luis,Davis,Child,2023-12-02,M,Active
DP000801701,EE0008017,David,Ibrahim,Domestic Partner,1971-10-05,M,Active
DP000801901,EE0008019,Daniel,Wilson,Spouse,2000-01-19,M,Active
DP000801902,EE0008019,Naomi,Wilson,Child,2025-05-13,F,Active
DP000802001,EE0008020,Amara,Moore,Child,2007-10-22,F,Active
DP000802201,EE0008022,Malik,Garcia,Child,2016-05-15,M,Active
DP000802202,EE0008022,Leah,Garcia,Child,2011-07-01,M,Active
DP000802301,EE0008023,Grace,Brown,Spouse,1999-12-01,M,Active
DP000802401,EE0008024,David,Martinez,Domestic Partner,1971-01-11,F,Active
DP000802402,EE0008024,Victor,Martinez,Child,2004-08-13,M,Active
DP000802501,EE0008025,Naomi,Patel,Domestic Partner,1968-05-12,M,Active
DP000802502,EE0008025,Carlos,Patel,Child,2010-10-04,M,Active
DP000802901,EE0008029,Samuel,Smith,Child,2019-08-31,M,Active
DP000803301,EE0008033,Zoe,Campbell,Domestic Partner,1975-03-17,F,Active
DP000803302,EE0008033,Amara,Campbell,Child,2001-01-29,F,Active
DP000803501,EE0008035,Jordan,Campbell,Domestic Partner,1974-05-17,M,Active
DP000803601,EE0008036,Maya,Robinson,Spouse,1992-10-08,F,Active
DP000803602,EE0008036,David,Robinson,Child,2017-06-08,M,Active
DP000803603,EE0008036,Omar,Robinson,Child,2017-03-22,F,Active
DP000803901,EE0008039,Sophia,Chen,Spouse,1977-05-25,M,Active
DP000803902,EE0008039,Maya,Chen,Child,2025-03-03,F,Active
DP000804101,EE0008041,Olivia,Okafor,Spouse,1998-11-10,F,Active
DP000804401,EE0008044,Elena,Kim,Domestic Partner,1970-05-10,M,Active
DP000804801,EE0008048,Isaiah,Moore,Domestic Partner,1978-03-31,F,Active
DP000804901,EE0008049,Zoe,Miller,Child,2023-06-26,F,Active
DP000804902,EE0008049,Priya,Miller,Child,2013-11-29,M,Active
DP000805101,EE0008051,Isaiah,Bennett,Domestic Partner,1980-04-13,F,Active
DP000805102,EE0008051,Andre,Bennett,Child,2020-08-03,M,Active
DP000805301,EE0008053,Samuel,Wilson,Spouse,1975-07-02,M,Active
DP000805302,EE0008053,Omar,Wilson,Child,2024-01-21,M,Active
DP000805401,EE0008054,Grace,Bennett,Domestic Partner,1966-05-18,M,Active
DP000805402,EE0008054,Omar,Bennett,Child,2014-03-03,F,Active
DP000805801,EE0008058,Luis,Wilson,Domestic Partner,1961-10-23,F,Active
DP000805802,EE0008058,Jordan,Wilson,Child,2019-10-03,F,Active
DP000806001,EE0008060,Omar,Kim,Child,2021-07-24,M,Active
DP000806201,EE0008062,Kevin,Garcia,Spouse,1987-01-27,M,Active
DP000806301,EE0008063,Kevin,Thomas,Domestic Partner,1982-12-11,M,Active
DP000806302,EE0008063,Noah,Thomas,Child,2007-10-28,F,Active
DP000806601,EE0008066,Leah,Chen,Child,2021-09-20,M,Active
DP000806602,EE0008066,Naomi,Chen,Child,2012-10-14,F,Active
DP000806701,EE0008067,Maya,Chen,Child,2014-09-25,M,Active
DP000806702,EE0008067,Michael,Chen,Child,2018-05-19,M,Active
DP000806703,EE0008067,Zoe,Chen,Child,2016-06-15,M,Active
DP000806901,EE0008069,Andre,Brown,Domestic Partner,1990-07-19,F,Active
DP000807201,EE0008072,Isaiah,Ibrahim,Spouse,2006-04-14,M,Active
DP000807301,EE0008073,Omar,Williams,Child,2007-10-22,M,Active
DP000807302,EE0008073,Samuel,Williams,Child,2005-08-23,F,Active
DP000807701,EE0008077,Samuel,Adams,Domestic Partner,1970-07-19,M,Active
DP000807702,EE0008077,Amara,Adams,Child,2008-03-14,M,Active
DP000808501,EE0008085,David,Johnson,Spouse,1988-02-10,M,Active
DP000808601,EE0008086,Fatima,Wilson,Domestic Partner,1991-04-02,M,Active
DP000808801,EE0008088,Amara,Bennett,Domestic Partner,2002-06-22,F,Active
DP000809101,EE0008091,Maya,Taylor,Domestic Partner,1969-08-08,F,Active
DP000809401,EE0008094,Malik,Okafor,Child,2014-04-02,F,Active
DP000809402,EE0008094,Maya,Okafor,Child,2019-09-26,M,Active
DP000809501,EE0008095,Omar,Wilson,Child,2023-02-14,M,Active
DP000809502,EE0008095,Maya,Wilson,Child,2026-01-14,F,Active
DP000809503,EE0008095,Malik,Wilson,Child,2024-04-09,M,Active
DP000809601,EE0008096,Priya,Patel,Child,2015-06-25,M,Active
DP000810101,EE0008101,Chiamaka,Williams,Domestic Partner,1983-07-01,M,Active
DP000810501,EE0008105,Kevin,Adams,Child,2008-01-21,F,Active
DP000810601,EE0008106,Sophia,Chen,Child,2013-11-11,M,Active
DP000810901,EE0008109,Samuel,Walker,Spouse,1994-08-10,F,Active
DP000811201,EE0008112,Carlos,Hernandez,Child,2021-09-20,F,Active
DP000811202,EE0008112,Omar,Hernandez,Child,2026-04-19,M,Active
DP000811301,EE0008113,Luis,Mensah,Child,2015-09-11,F,Active
DP000811501,EE0008115,Omar,Wilson,Domestic Partner,1976-06-15,M,Active
DP000811701,EE0008117,Maya,Chen,Spouse,1993-10-19,F,Active
DP000811801,EE0008118,Michael,Lewis,Child,2016-04-06,M,Active
DP000811901,EE0008119,David,Moore,Domestic Partner,1979-04-20,M,Active
DP000811902,EE0008119,Elena,Moore,Child,2002-06-02,F,Active
DP000812001,EE0008120,Michael,Campbell,Child,2007-03-30,M,Active
DP000812101,EE0008121,Isaiah,Taylor,Child,2017-05-02,M,Active
DP000812102,EE0008121,Sophia,Taylor,Child,2020-09-01,F,Active
DP000812401,EE0008124,Malik,Smith,Child,2014-04-09,M,Active
DP000812402,EE0008124,Daniel,Smith,Child,2019-05-08,F,Active
DP000812501,EE0008125,Jordan,Chen,Child,2018-10-20,M,Active
DP000812502,EE0008125,Noah,Chen,Child,2022-03-24,F,Active
DP000812601,EE0008126,Leah,Brown,Domestic Partner,1989-08-23,M,Active
DP000812602,EE0008126,Michael,Brown,Child,2010-09-29,M,Active
DP000812701,EE0008127,Maya,Bennett,Child,2004-10-18,F,Active
DP000812702,EE0008127,Zoe,Bennett,Child,2017-11-10,F,Active
DP000812703,EE0008127,Noah,Bennett,Child,2011-03-31,F,Active
DP000813101,EE0008131,Fatima,Smith,Domestic Partner,1971-05-28,F,Active
DP000813301,EE0008133,Zoe,Nguyen,Domestic Partner,1977-12-10,F,Active
DP000813401,EE0008134,Elena,Campbell,Child,2003-06-04,F,Active
DP000813501,EE0008135,Omar,Johnson,Domestic Partner,1965-03-22,M,Active
DP000813801,EE0008138,Omar,Smith,Child,2026-02-27,M,Active
DP000814101,EE0008141,Isaiah,Miller,Child,2022-07-15,M,Active
DP000814102,EE0008141,Ethan,Miller,Child,2026-02-28,F,Active
DP000814201,EE0008142,Andre,Campbell,Child,2026-04-18,F,Active
DP000814301,EE0008143,Victor,Johnson,Domestic Partner,2006-10-21,F,Active
DP000814302,EE0008143,Amara,Johnson,Child,2022-04-04,F,Active
DP000814303,EE0008143,Noah,Johnson,Child,2022-11-02,F,Active
DP000814801,EE0008148,Andre,Thomas,Spouse,1962-04-12,M,Active
DP000814901,EE0008149,Samuel,Robinson,Child,2024-08-26,M,Active
DP000815101,EE0008151,Jordan,Hernandez,Domestic Partner,1973-11-24,M,Active
DP000815102,EE0008151,Zoe,Hernandez,Child,2019-11-01,F,Active
DP000815401,EE0008154,Maya,Campbell,Child,2008-10-23,M,Active
DP000815501,EE0008155,Sophia,Williams,Child,2022-01-17,F,Active
DP000816001,EE0008160,Kevin,Wilson,Child,2019-04-21,M,Active
DP000816101,EE0008161,Noah,Robinson,Spouse,2000-04-08,F,Active
DP000816102,EE0008161,Carlos,Robinson,Child,2021-02-07,M,Active
DP000816103,EE0008161,Jordan,Robinson,Child,2021-03-16,F,Active
DP000816601,EE0008166,Elena,Adams,Spouse,1992-11-29,M,Active
DP000816901,EE0008169,Malik,Smith,Child,2024-08-15,F,Active
DP000817001,EE0008170,Zoe,Davis,Child,2024-04-26,M,Active
DP000817101,EE0008171,Grace,Lewis,Child,2015-07-12,M,Active
DP000817102,EE0008171,Michael,Lewis,Child,2015-03-10,M,Active
DP000817401,EE0008174,Kevin,Smith,Spouse,1994-08-22,F,Active
DP000817601,EE0008176,Michael,Thomas,Spouse,1973-07-03,F,Active
DP000817801,EE0008178,Sophia,Martinez,Spouse,1967-04-19,M,Active
DP000817802,EE0008178,Amara,Martinez,Child,2014-11-20,F,Active
DP000818201,EE0008182,Carlos,Thomas,Spouse,1966-02-06,M,Active
DP000818601,EE0008186,Luis,Lewis,Domestic Partner,1973-01-10,F,Active
DP000818801,EE0008188,Angela,Johnson,Spouse,2000-08-05,M,Active
DP000818802,EE0008188,Priya,Johnson,Child,2025-12-30,F,Active
DP000819101,EE0008191,Chiamaka,Adeyemi,Domestic Partner,1966-06-29,M,Active
DP000819102,EE0008191,Leah,Adeyemi,Child,2002-05-01,M,Active
DP000819201,EE0008192,Chiamaka,Martinez,Child,2022-02-10,M,Active
DP000819301,EE0008193,Victor,Chen,Spouse,1997-08-17,M,Active
DP000819302,EE0008193,Victor,Chen,Child,2025-07-03,M,Active
DP000819303,EE0008193,Zoe,Chen,Child,2022-11-15,F,Active
DP000819401,EE0008194,Jordan,Lewis,Domestic Partner,1978-09-11,F,Active
DP000819601,EE0008196,Leah,Chen,Spouse,2000-11-11,M,Active
DP000819602,EE0008196,Malik,Chen,Child,2022-11-04,M,Active
DP000820101,EE0008201,Samuel,Thomas,Domestic Partner,1979-01-21,F,Active
DP000820102,EE0008201,Noah,Thomas,Child,2001-01-15,M,Active
DP000820501,EE0008205,Malik,Davis,Domestic Partner,1969-03-26,F,Active
DP000820502,EE0008205,Chiamaka,Davis,Child,2000-01-17,F,Active
DP000820701,EE0008207,Nia,Ibrahim,Child,2018-08-28,M,Active
DP000820901,EE0008209,Kevin,Hernandez,Child,2023-05-03,M,Active
DP000820902,EE0008209,Michael,Hernandez,Child,2023-06-07,M,Active
DP000820903,EE0008209,Elena,Hernandez,Child,2023-03-14,M,Active
DP000821101,EE0008211,Ethan,Smith,Child,2014-03-03,M,Active
DP000821401,EE0008214,Chiamaka,Adams,Child,2012-05-20,F,Active
DP000821501,EE0008215,Amara,Ibrahim,Child,2008-01-02,M,Active
DP000821601,EE0008216,Daniel,Garcia,Spouse,1977-11-01,F,Active
DP000821901,EE0008219,Omar,Taylor,Domestic Partner,1995-12-31,F,Active
DP000821902,EE0008219,Carlos,Taylor,Child,2020-06-17,F,Active
DP000822201,EE0008222,Carlos,Nguyen,Child,2018-07-05,F,Active
DP000822301,EE0008223,Elena,Moore,Spouse,1979-09-15,F,Active
DP000822501,EE0008225,Samuel,Mensah,Child,2017-07-26,F,Active
DP000822502,EE0008225,Omar,Mensah,Child,2020-01-01,M,Active
DP000822601,EE0008226,Priya,Wilson,Child,2024-08-08,F,Active
DP000822901,EE0008229,Omar,Miller,Domestic Partner,1972-08-02,M,Active
DP000822902,EE0008229,Fatima,Miller,Child,2024-05-11,F,Active
DP000823101,EE0008231,Grace,Smith,Child,2011-04-22,F,Active
DP000823201,EE0008232,Sophia,Bennett,Domestic Partner,1974-09-21,F,Active
DP000823202,EE0008232,Malik,Bennett,Child,2006-12-26,F,Active
DP000823203,EE0008232,Victor,Bennett,Child,2005-10-24,M,Active
DP000823401,EE0008234,Samuel,Johnson,Child,2012-10-06,M,Active
DP000823601,EE0008236,Naomi,Davis,Child,2005-04-23,F,Active
DP000823602,EE0008236,David,Davis,Child,2006-11-21,M,Active
DP000823701,EE0008237,Michael,Walker,Child,2025-03-26,F,Active
DP000823702,EE0008237,Elena,Walker,Child,2022-07-06,F,Active
DP000823801,EE0008238,Jordan,Wilson,Spouse,1999-03-07,F,Active
DP000823802,EE0008238,Nia,Wilson,Child,2018-10-25,M,Active
DP000824001,EE0008240,Leah,Taylor,Spouse,1994-11-02,M,Active
DP000824301,EE0008243,Isaiah,Patel,Domestic Partner,2001-08-03,F,Active
DP000824501,EE0008245,Sophia,Campbell,Child,2010-12-07,M,Active
DP000824801,EE0008248,Olivia,Nguyen,Child,2001-10-31,F,Active
DP000824802,EE0008248,Olivia,Nguyen,Child,2015-07-02,F,Active
DP000825101,EE0008251,Samuel,Walker,Child,2007-10-21,M,Active
DP000825102,EE0008251,Grace,Walker,Child,2024-12-28,M,Active
DP000825201,EE0008252,Kevin,Miller,Child,2015-03-05,M,Active
DP000825301,EE0008253,Daniel,Okafor,Spouse,1966-09-24,F,Active
DP000825601,EE0008256,Luis,Patel,Domestic Partner,2004-12-12,F,Active
DP000825801,EE0008258,Isaiah,Johnson,Spouse,1973-03-27,F,Active
DP000826001,EE0008260,Priya,Nguyen,Domestic Partner,1974-09-04,F,Active
DP000826101,EE0008261,Omar,Williams,Child,2006-11-24,F,Active
DP000826102,EE0008261,Carlos,Williams,Child,2021-01-17,F,Active
DP000826201,EE0008262,David,Wilson,Spouse,1997-09-20,F,Active
DP000826202,EE0008262,Leah,Wilson,Child,2014-12-06,F,Active
DP000826301,EE0008263,Malik,Adams,Child,2009-08-09,F,Active
DP000827001,EE0008270,Michael,Davis,Child,2020-04-19,M,Active
DP000827101,EE0008271,Jordan,Taylor,Child,2023-02-08,M,Active
DP000827102,EE0008271,Michael,Taylor,Child,2016-10-09,F,Active
DP000827501,EE0008275,Ethan,Miller,Spouse,1989-10-27,F,Active
DP000827601,EE0008276,Chiamaka,Ibrahim,Spouse,1987-10-08,F,Active
DP000827701,EE0008277,Olivia,Bennett,Domestic Partner,2003-04-01,M,Active
DP000827801,EE0008278,Aaliyah,Taylor,Child,2020-01-18,M,Active
DP000827901,EE0008279,Kevin,Okafor,Child,2012-12-20,M,Active
DP000827902,EE0008279,Michael,Okafor,Child,2016-09-12,M,Active
DP000828001,EE0008280,Isaiah,Mensah,Child,2021-08-01,M,Active
DP000828002,EE0008280,Priya,Mensah,Child,2024-11-01,F,Active
DP000828101,EE0008281,Elena,Wilson,Child,2023-12-16,F,Active
DP000828301,EE0008283,Ethan,Robinson,Domestic Partner,1980-11-25,M,Active
DP000828302,EE0008283,Samuel,Robinson,Child,2020-10-22,F,Active
DP000828401,EE0008284,Luis,Brown,Domestic Partner,1974-12-10,F,Active
DP000828402,EE0008284,Malik,Brown,Child,2024-03-12,F,Active
DP000828501,EE0008285,Andre,Robinson,Spouse,1987-05-26,M,Active
DP000828601,EE0008286,Noah,Davis,Spouse,1965-01-06,F,Active
DP000828602,EE0008286,Carlos,Davis,Child,2014-08-20,F,Active
DP000829201,EE0008292,Jasmine,Chen,Child,2001-08-06,F,Active
DP000829501,EE0008295,Maya,Williams,Child,2014-06-08,F,Active
DP000829701,EE0008297,Samuel,Brown,Domestic Partner,1980-02-18,F,Active
DP000829702,EE0008297,Nia,Brown,Child,2008-02-23,F,Active
DP000829703,EE0008297,Olivia,Brown,Child,2004-08-14,M,Active
DP000829901,EE0008299,Priya,Moore,Child,2005-04-29,M,Active
DP000829902,EE0008299,Aaliyah,Moore,Child,2025-08-23,M,Active
DP000829903,EE0008299,Olivia,Moore,Child,2019-09-10,M,Active
DP000830001,EE0008300,Leah,Lewis,Spouse,1985-03-15,F,Active
DP000830002,EE0008300,Omar,Lewis,Child,2021-09-08,M,Active
DP000830101,EE0008301,Priya,Moore,Spouse,2003-10-04,M,Active
DP000830201,EE0008302,Priya,Okafor,Child,2018-04-30,F,Active
DP000830601,EE0008306,Isaiah,Williams,Domestic Partner,1999-09-07,M,Active
DP000830602,EE0008306,Fatima,Williams,Child,2023-06-06,F,Active
DP000830603,EE0008306,Elena,Williams,Child,2024-03-20,F,Active
DP000830901,EE0008309,Zoe,Moore,Domestic Partner,1967-07-02,M,Active
DP000831301,EE0008313,Angela,Kim,Child,2000-09-25,M,Active
DP000831302,EE0008313,Priya,Kim,Child,2021-02-27,F,Active
DP000831303,EE0008313,Malik,Kim,Child,2015-02-10,M,Active
DP000831601,EE0008316,Chiamaka,Walker,Child,2019-05-06,M,Active
DP000831701,EE0008317,Olivia,Chen,Child,2020-04-23,F,Active
DP000831801,EE0008318,Samuel,Ibrahim,Spouse,2000-06-17,M,Active
DP000832001,EE0008320,Nia,Mensah,Domestic Partner,1992-02-12,M,Active
DP000832002,EE0008320,Maya,Mensah,Child,2013-05-28,M,Active
DP000832201,EE0008322,Elena,Moore,Domestic Partner,1985-12-11,F,Active
DP000832202,EE0008322,Isaiah,Moore,Child,2020-10-07,F,Active
DP000832203,EE0008322,Priya,Moore,Child,2020-03-13,M,Active
DP000832401,EE0008324,Andre,Wilson,Child,2021-10-17,M,Active
DP000832402,EE0008324,Omar,Wilson,Child,2010-01-15,M,Active
DP000832601,EE0008326,Naomi,Martinez,Spouse,1968-11-28,F,Active
DP000832602,EE0008326,Omar,Martinez,Child,2024-12-06,F,Active
DP000832603,EE0008326,Angela,Martinez,Child,2015-08-23,M,Active
DP000832901,EE0008329,Olivia,Adams,Domestic Partner,2001-06-11,F,Active
DP000833001,EE0008330,Angela,Hernandez,Domestic Partner,1974-02-17,F,Active
DP000833002,EE0008330,Sophia,Hernandez,Child,2011-06-25,F,Active
DP000833101,EE0008331,Michael,Martinez,Domestic Partner,2001-10-01,M,Active
DP000833301,EE0008333,Elena,Mensah,Domestic Partner,1962-10-30,F,Active
DP000833601,EE0008336,Maya,Robinson,Domestic Partner,1963-02-08,M,Active
DP000833701,EE0008337,Elena,Garcia,Child,2014-08-15,M,Active
DP000833801,EE0008338,Amara,Adeyemi,Child,2011-08-24,M,Active
DP000833802,EE0008338,Amara,Adeyemi,Child,2020-06-16,M,Active
DP000834001,EE0008340,Isaiah,Robinson,Domestic Partner,1995-07-13,M,Active
DP000834002,EE0008340,Luis,Robinson,Child,2015-06-03,M,Active
DP000834003,EE0008340,Olivia,Robinson,Child,2022-06-26,F,Active
DP000834201,EE0008342,Priya,Robinson,Spouse,2003-03-30,M,Active
DP000834501,EE0008345,Ethan,Brown,Spouse,2000-10-12,M,Active
DP000834502,EE0008345,Daniel,Brown,Child,2022-10-31,M,Active
DP000834701,EE0008347,Amara,Campbell,Domestic Partner,1998-09-08,F,Active
DP000834901,EE0008349,Carlos,Williams,Child,2008-07-14,F,Active
DP000835201,EE0008352,Zoe,Lewis,Spouse,1965-06-22,M,Active
DP000835801,EE0008358,Luis,Brown,Child,2013-08-01,F,Active
DP000835901,EE0008359,Omar,Martinez,Child,2017-05-10,F,Active
DP000835902,EE0008359,Kevin,Martinez,Child,2022-02-24,M,Active
DP000835903,EE0008359,Aaliyah,Martinez,Child,2002-04-13,F,Active
DP000836001,EE0008360,Kevin,Mensah,Spouse,1974-08-11,M,Active
DP000836101,EE0008361,Amara,Bennett,Spouse,1995-08-07,M,Active
DP000836102,EE0008361,Maya,Bennett,Child,2022-03-17,M,Active
DP000836103,EE0008361,Aaliyah,Bennett,Child,2025-02-18,F,Active
DP000836301,EE0008363,Olivia,Smith,Child,2020-09-21,M,Active
DP000836801,EE0008368,Isaiah,Robinson,Domestic Partner,1967-07-06,F,Active
DP000837201,EE0008372,Zoe,Nguyen,Domestic Partner,1977-06-20,F,Active
DP000837202,EE0008372,Priya,Nguyen,Child,2005-08-11,M,Active
DP000837501,EE0008375,Daniel,Okafor,Spouse,1980-02-06,M,Active
DP000837502,EE0008375,Ethan,Okafor,Child,2004-12-23,M,Active
DP000837601,EE0008376,Zoe,Smith,Child,2011-11-22,F,Active
DP000837602,EE0008376,Grace,Smith,Child,2000-08-16,F,Active
DP000837603,EE0008376,Priya,Smith,Child,2014-10-28,M,Active
DP000838201,EE0008382,Amara,Moore,Child,2017-03-15,F,Active
DP000838202,EE0008382,Andre,Moore,Child,2022-09-17,F,Active
DP000838401,EE0008384,Kevin,Smith,Domestic Partner,1995-04-24,F,Active
DP000838601,EE0008386,Sophia,Kim,Child,2014-06-06,F,Active
DP000838901,EE0008389,Naomi,Chen,Domestic Partner,1963-03-28,M,Active
DP000838902,EE0008389,Chiamaka,Chen,Child,2019-12-20,F,Active
DP000838903,EE0008389,Maya,Chen,Child,2021-03-15,F,Active
DP000839701,EE0008397,Isaiah,Ibrahim,Spouse,1970-12-18,F,Active
DP000839702,EE0008397,David,Ibrahim,Child,2013-10-16,F,Active
DP000839703,EE0008397,Jasmine,Ibrahim,Child,2023-08-27,F,Active
DP000839801,EE0008398,Isaiah,Garcia,Child,2005-02-14,F,Active
DP000840001,EE0008400,Samuel,Chen,Child,2000-12-15,M,Active
DP000840101,EE0008401,Grace,Chen,Child,2025-04-14,M,Active
DP000840301,EE0008403,Amara,Adeyemi,Child,2005-10-08,F,Active
DP000840302,EE0008403,Isaiah,Adeyemi,Child,2023-03-01,F,Active
DP000840303,EE0008403,Daniel,Adeyemi,Child,2018-02-04,M,Active
DP000840501,EE0008405,Ethan,Miller,Domestic Partner,1962-02-19,M,Active
DP000840502,EE0008405,Andre,Miller,Child,2016-03-09,M,Active
DP000840701,EE0008407,Ethan,Walker,Child,2001-07-15,F,Active
DP000840702,EE0008407,Michael,Walker,Child,2009-05-07,F,Active
DP000840801,EE0008408,Olivia,Miller,Spouse,1976-02-07,F,Active
DP000840802,EE0008408,Michael,Miller,Child,2021-04-01,F,Active
DP000840803,EE0008408,Carlos,Miller,Child,2006-09-13,F,Active
DP000841001,EE0008410,Malik,Smith,Child,2016-12-25,F,Active
DP000841002,EE0008410,Chiamaka,Smith,Child,2017-09-29,M,Active
DP000841101,EE0008411,Jasmine,Adams,Child,2017-08-29,M,Active
DP000841201,EE0008412,Kevin,Patel,Child,2020-01-12,M,Active
DP000841301,EE0008413,Jasmine,Garcia,Child,2018-02-22,F,Active
DP000841302,EE0008413,Fatima,Garcia,Child,2013-04-25,M,Active
DP000841501,EE0008415,Naomi,Robinson,Spouse,1981-03-19,M,Active
DP000841502,EE0008415,Amara,Robinson,Child,2013-10-14,F,Active
DP000841503,EE0008415,Amara,Robinson,Child,2024-08-31,F,Active
DP000841601,EE0008416,Luis,Johnson,Domestic Partner,1985-11-11,F,Active
DP000841602,EE0008416,Michael,Johnson,Child,2000-08-13,M,Active
DP000841603,EE0008416,Samuel,Johnson,Child,2003-10-21,M,Active
DP000841901,EE0008419,Andre,Brown,Child,2025-05-05,F,Active
DP000841902,EE0008419,Samuel,Brown,Child,2022-04-24,F,Active
DP000841903,EE0008419,Chiamaka,Brown,Child,2022-02-01,F,Active
DP000842001,EE0008420,Victor,Hernandez,Child,2021-05-10,M,Active
DP000842002,EE0008420,Malik,Hernandez,Child,2004-11-30,F,Active
DP000842201,EE0008422,Jordan,Johnson,Domestic Partner,1995-07-18,F,Active
DP000842401,EE0008424,Daniel,Davis,Spouse,1964-01-02,F,Active
DP000842402,EE0008424,Chiamaka,Davis,Child,2013-01-20,F,Active
DP000842403,EE0008424,Sophia,Davis,Child,2016-08-14,F,Active
DP000842501,EE0008425,Victor,Hernandez,Spouse,1983-05-21,M,Active
DP000842601,EE0008426,Priya,Kim,Domestic Partner,1984-08-29,M,Active
DP000842801,EE0008428,Kevin,Johnson,Domestic Partner,1986-02-28,M,Active
DP000842802,EE0008428,Naomi,Johnson,Child,2026-05-15,F,Active
DP000843201,EE0008432,Zoe,Williams,Spouse,1994-06-22,F,Active
DP000843202,EE0008432,Olivia,Williams,Child,2020-06-14,F,Active
DP000843601,EE0008436,Aaliyah,Campbell,Spouse,1986-01-13,F,Active
DP000843602,EE0008436,Luis,Campbell,Child,2008-11-27,M,Active
DP000843603,EE0008436,Nia,Campbell,Child,2008-09-30,M,Active
DP000843901,EE0008439,Carlos,Robinson,Spouse,1995-05-04,M,Active
DP000843902,EE0008439,Olivia,Robinson,Child,2023-06-27,M,Active
DP000844101,EE0008441,Aaliyah,Moore,Domestic Partner,1980-08-07,F,Active
DP000844301,EE0008443,Luis,Wilson,Child,2018-08-09,M,Active
DP000844501,EE0008445,Kevin,Thomas,Child,2012-06-20,M,Active
DP000844502,EE0008445,Victor,Thomas,Child,2022-04-09,M,Active
DP000845101,EE0008451,Noah,Bennett,Spouse,1979-11-29,F,Active
DP000845701,EE0008457,Carlos,Taylor,Spouse,1987-08-07,F,Active
DP000845702,EE0008457,Zoe,Taylor,Child,2014-02-25,F,Active
DP000845703,EE0008457,Isaiah,Taylor,Child,2016-04-04,F,Active
DP000845901,EE0008459,Michael,Walker,Domestic Partner,1966-07-09,M,Active
DP000846301,EE0008463,Nia,Davis,Spouse,1986-01-28,M,Active
DP000846302,EE0008463,Leah,Davis,Child,2007-04-14,M,Active
DP000846303,EE0008463,Andre,Davis,Child,2023-03-20,M,Active
DP000846501,EE0008465,Sophia,Chen,Child,2017-07-22,F,Active
DP000846502,EE0008465,Isaiah,Chen,Child,2020-04-13,F,Active
DP000846801,EE0008468,Jasmine,Campbell,Spouse,1968-07-12,F,Active
DP000846901,EE0008469,Zoe,Brown,Child,2017-04-13,M,Active
DP000846902,EE0008469,Isaiah,Brown,Child,2024-05-11,F,Active
DP000847101,EE0008471,Sophia,Williams,Domestic Partner,1971-11-05,M,Active
DP000847102,EE0008471,Omar,Williams,Child,2009-09-02,M,Active
DP000847301,EE0008473,Andre,Wilson,Domestic Partner,1975-02-04,M,Active
DP000848001,EE0008480,Maya,Wilson,Spouse,1997-01-29,F,Active
DP000848501,EE0008485,Malik,Miller,Domestic Partner,1993-03-30,M,Active
DP000848502,EE0008485,Michael,Miller,Child,2018-09-11,F,Active
DP000848701,EE0008487,Carlos,Wilson,Child,2005-03-28,F,Active
DP000848702,EE0008487,Michael,Wilson,Child,2005-08-24,M,Active
DP000848703,EE0008487,Zoe,Wilson,Child,2015-03-14,F,Active
DP000848801,EE0008488,Olivia,Williams,Domestic Partner,1994-11-04,F,Active
DP000849101,EE0008491,Samuel,Okafor,Child,2022-03-14,M,Active
DP000849102,EE0008491,Samuel,Okafor,Child,2022-04-26,F,Active
DP000849103,EE0008491,Leah,Okafor,Child,2023-09-13,F,Active
DP000849201,EE0008492,Nia,Johnson,Domestic Partner,1983-09-25,F,Active
DP000849301,EE0008493,Nia,Miller,Spouse,1995-06-28,F,Active
DP000849501,EE0008495,Isaiah,Hernandez,Spouse,1985-02-02,F,Active
DP000849502,EE0008495,Omar,Hernandez,Child,2017-11-07,F,Active
DP000849801,EE0008498,Michael,Adeyemi,Domestic Partner,1979-03-05,F,Active
DP000850001,EE0008500,Omar,Miller,Spouse,1982-04-15,F,Active
DP000850002,EE0008500,Maya,Miller,Child,2024-09-16,M,Active
DP000850101,EE0008501,Leah,Walker,Domestic Partner,2001-01-03,F,Active
DP000850301,EE0008503,Maya,Smith,Spouse,1999-09-21,F,Active
DP000850302,EE0008503,Maya,Smith,Child,2022-04-05,F,Active
DP000850501,EE0008505,Olivia,Patel,Child,2025-04-20,F,Active
DP000850801,EE0008508,Victor,Adeyemi,Spouse,1998-03-28,F,Active
DP000850802,EE0008508,Chiamaka,Adeyemi,Child,2024-02-16,M,Active
DP000850803,EE0008508,Sophia,Adeyemi,Child,2019-07-17,M,Active
DP000851001,EE0008510,Olivia,Nguyen,Domestic Partner,1997-12-08,M,Active
DP000851002,EE0008510,Omar,Nguyen,Child,2026-04-02,M,Active
DP000851601,EE0008516,Elena,Nguyen,Domestic Partner,1975-11-17,F,Active
DP000851801,EE0008518,Priya,Ibrahim,Spouse,1987-01-04,M,Active
DP000851802,EE0008518,Jasmine,Ibrahim,Child,2023-09-15,M,Active
DP000851803,EE0008518,Malik,Ibrahim,Child,2016-07-31,M,Active
DP000852001,EE0008520,Chiamaka,Robinson,Spouse,1991-03-23,F,Active
DP000852201,EE0008522,Nia,Adams,Domestic Partner,2000-11-04,M,Active
DP000852202,EE0008522,Aaliyah,Adams,Child,2025-06-08,F,Active
DP000852501,EE0008525,Samuel,Brown,Child,2019-10-13,M,Active
DP000852502,EE0008525,Michael,Brown,Child,2008-12-23,F,Active
DP000852601,EE0008526,Sophia,Moore,Domestic Partner,1994-11-24,F,Active
DP000852602,EE0008526,Olivia,Moore,Child,2013-10-12,M,Active
DP000852701,EE0008527,Priya,Ibrahim,Domestic Partner,1990-01-21,M,Active
DP000852702,EE0008527,Daniel,Ibrahim,Child,2009-12-12,M,Active
DP000853001,EE0008530,Omar,Smith,Child,2018-03-25,M,Active
DP000853002,EE0008530,Sophia,Smith,Child,2025-10-05,F,Active
DP000853301,EE0008533,Chiamaka,Campbell,Spouse,1988-08-23,M,Active
DP000853401,EE0008534,Jasmine,Patel,Child,2023-10-02,F,Active
DP000853501,EE0008535,Aaliyah,Brown,Spouse,2005-05-22,M,Active
DP000853601,EE0008536,Noah,Patel,Domestic Partner,1980-12-19,F,Active
DP000853602,EE0008536,Fatima,Patel,Child,2014-01-05,M,Active
DP000853701,EE0008537,Priya,Patel,Spouse,1994-07-22,F,Active
DP000854501,EE0008545,Priya,Bennett,Child,2011-01-31,F,Active
DP000854601,EE0008546,David,Walker,Spouse,1991-09-11,F,Active
DP000855001,EE0008550,Fatima,Taylor,Child,2009-11-13,M,Active
DP000855101,EE0008551,Isaiah,Wilson,Child,2000-05-25,M,Active
DP000855102,EE0008551,Samuel,Wilson,Child,2015-05-18,M,Active
DP000855301,EE0008553,Fatima,Bennett,Child,2013-08-24,M,Active
DP000855302,EE0008553,Elena,Bennett,Child,2023-02-01,M,Active
DP000855401,EE0008554,Grace,Brown,Spouse,1989-11-05,M,Active
DP000855501,EE0008555,David,Miller,Spouse,1970-06-19,F,Active
DP000855502,EE0008555,Samuel,Miller,Child,2018-08-12,F,Active
DP000855601,EE0008556,Victor,Brown,Domestic Partner,1966-05-04,M,Active
DP000856201,EE0008562,Daniel,Garcia,Child,2003-03-23,M,Active
DP000856202,EE0008562,Carlos,Garcia,Child,2013-08-13,M,Active
DP000856601,EE0008566,Carlos,Robinson,Spouse,1978-06-20,F,Active
DP000856701,EE0008567,Zoe,Bennett,Spouse,2000-05-13,F,Active
DP000856702,EE0008567,Carlos,Bennett,Child,2022-11-07,M,Active
DP000856703,EE0008567,Michael,Bennett,Child,2023-05-10,F,Active
DP000856901,EE0008569,Fatima,Smith,Domestic Partner,1991-12-01,F,Active
DP000856902,EE0008569,Daniel,Smith,Child,2009-09-04,M,Active
DP000857401,EE0008574,Kevin,Kim,Spouse,1984-07-22,M,Active
DP000857402,EE0008574,Maya,Kim,Child,2001-06-15,F,Active
DP000857601,EE0008576,Malik,Ibrahim,Spouse,1983-10-03,F,Active
DP000857602,EE0008576,Elena,Ibrahim,Child,2008-08-05,M,Active
DP000857901,EE0008579,Maya,Robinson,Spouse,1993-08-04,M,Active
DP000857902,EE0008579,Jasmine,Robinson,Child,2016-11-18,M,Active
DP000858001,EE0008580,Olivia,Walker,Spouse,1968-11-30,M,Active
DP000858002,EE0008580,Luis,Walker,Child,2018-01-16,M,Active
DP000858101,EE0008581,Aaliyah,Johnson,Spouse,1994-08-18,F,Active
DP000858201,EE0008582,Olivia,Patel,Spouse,1967-11-10,M,Active
DP000858301,EE0008583,Isaiah,Johnson,Child,2000-06-04,M,Active
DP000858302,EE0008583,Jasmine,Johnson,Child,2010-05-11,F,Active
DP000858401,EE0008584,Fatima,Ibrahim,Spouse,2006-09-27,F,Active
DP000858402,EE0008584,David,Ibrahim,Child,2024-07-11,F,Active
DP000858501,EE0008585,Sophia,Campbell,Child,2015-01-18,M,Active
DP000858502,EE0008585,Isaiah,Campbell,Child,2004-04-14,F,Active
DP000858801,EE0008588,Fatima,Davis,Domestic Partner,1989-08-01,F,Active
DP000858802,EE0008588,Omar,Davis,Child,2014-04-19,F,Active
DP000859101,EE0008591,Elena,Lewis,Domestic Partner,1982-05-26,M,Active
DP000859401,EE0008594,Zoe,Campbell,Domestic Partner,1990-05-17,M,Active
DP000859501,EE0008595,Luis,Lewis,Child,2011-02-28,F,Active
DP000859601,EE0008596,Isaiah,Moore,Spouse,1968-08-14,M,Active
DP000859801,EE0008598,Jordan,Williams,Child,2013-04-27,F,Active
DP000860201,EE0008602,Luis,Wilson,Domestic Partner,1987-03-20,F,Active
DP000860301,EE0008603,Andre,Garcia,Spouse,1962-07-25,M,Active
DP000860401,EE0008604,Jordan,Moore,Spouse,1996-10-03,F,Active
DP000860601,EE0008606,Andre,Okafor,Child,2013-08-18,M,Active
DP000860602,EE0008606,Jasmine,Okafor,Child,2010-06-10,M,Active
DP000860603,EE0008606,Amara,Okafor,Child,2019-03-30,F,Active
DP000860801,EE0008608,Naomi,Garcia,Child,2012-07-28,F,Active
DP000860802,EE0008608,Daniel,Garcia,Child,2006-01-08,M,Active
DP000860901,EE0008609,Victor,Ibrahim,Child,2021-11-12,M,Active
DP000861001,EE0008610,Kevin,Johnson,Domestic Partner,1988-09-18,M,Active
DP000861002,EE0008610,Sophia,Johnson,Child,2025-08-30,M,Active
DP000861101,EE0008611,Andre,Lewis,Domestic Partner,1968-12-19,M,Active
DP000861102,EE0008611,Sophia,Lewis,Child,2015-06-17,M,Active
DP000861103,EE0008611,Michael,Lewis,Child,2006-02-17,M,Active
DP000861201,EE0008612,Aaliyah,Ibrahim,Child,2015-10-03,F,Active
DP000861301,EE0008613,Omar,Wilson,Domestic Partner,1985-07-31,M,Active
DP000861401,EE0008614,Aaliyah,Adeyemi,Child,2014-03-01,M,Active
DP000862301,EE0008623,Elena,Davis,Spouse,1999-12-27,M,Active
DP000862401,EE0008624,Amara,Ibrahim,Child,2011-12-12,F,Active
DP000862501,EE0008625,Malik,Adeyemi,Domestic Partner,1961-08-13,M,Active
DP000862801,EE0008628,Malik,Robinson,Child,2018-05-19,F,Active
DP000862802,EE0008628,Leah,Robinson,Child,2016-11-20,F,Active
DP000862901,EE0008629,Grace,Adams,Spouse,1975-09-01,F,Active
DP000862902,EE0008629,Priya,Adams,Child,2017-05-17,M,Active
DP000863101,EE0008631,Andre,Brown,Spouse,1974-11-14,F,Active
DP000863102,EE0008631,David,Brown,Child,2016-10-30,F,Active
DP000863103,EE0008631,Omar,Brown,Child,2009-05-15,M,Active
DP000863401,EE0008634,David,Thomas,Domestic Partner,1983-06-26,F,Active
DP000863402,EE0008634,Daniel,Thomas,Child,2020-09-10,F,Active
DP000863403,EE0008634,Amara,Thomas,Child,2000-01-18,F,Active
DP000863501,EE0008635,David,Okafor,Child,2021-06-10,M,Active
DP000863502,EE0008635,Jasmine,Okafor,Child,2020-06-13,F,Active
DP000863601,EE0008636,Maya,Williams,Spouse,1973-04-14,F,Active
DP000863901,EE0008639,Amara,Kim,Domestic Partner,1976-05-13,F,Active
DP000863902,EE0008639,Andre,Kim,Child,2007-08-15,F,Active
DP000864001,EE0008640,Sophia,Thomas,Domestic Partner,1991-02-10,F,Active
DP000864002,EE0008640,Luis,Thomas,Child,2012-07-15,F,Active
DP000864003,EE0008640,Noah,Thomas,Child,2010-05-31,M,Active
DP000864101,EE0008641,Angela,Brown,Child,2012-06-13,M,Active
DP000864102,EE0008641,Chiamaka,Brown,Child,2008-12-12,M,Active
DP000864103,EE0008641,Angela,Brown,Child,2019-10-12,F,Active
DP000864401,EE0008644,Elena,Hernandez,Domestic Partner,2000-01-14,F,Active
DP000864402,EE0008644,Fatima,Hernandez,Child,2023-02-26,M,Active
DP000864403,EE0008644,Nia,Hernandez,Child,2024-08-16,M,Active
DP000864501,EE0008645,Daniel,Thomas,Child,2011-02-25,M,Active
DP000864601,EE0008646,Ethan,Ibrahim,Spouse,1972-05-13,F,Active
DP000864602,EE0008646,Elena,Ibrahim,Child,2008-05-27,F,Active
DP000864901,EE0008649,Grace,Bennett,Child,2021-10-19,F,Active
DP000865001,EE0008650,Nia,Adeyemi,Domestic Partner,1976-08-08,F,Active
DP000865002,EE0008650,Isaiah,Adeyemi,Child,2012-04-26,F,Active
DP000865003,EE0008650,Luis,Adeyemi,Child,2017-11-18,F,Active
DP000865101,EE0008651,Sophia,Garcia,Child,2013-01-04,F,Active
DP000865102,EE0008651,Carlos,Garcia,Child,2019-04-13,M,Active
DP000865301,EE0008653,Andre,Adeyemi,Child,2011-09-12,M,Active
DP000865401,EE0008654,Michael,Hernandez,Child,2021-06-20,M,Active
DP000865501,EE0008655,Victor,Smith,Child,2014-03-30,F,Active
DP000865701,EE0008657,Ethan,Patel,Child,2017-01-23,F,Active
DP000866001,EE0008660,Omar,Williams,Domestic Partner,1999-01-07,F,Active
DP000866101,EE0008661,Michael,Kim,Domestic Partner,1975-09-01,F,Active
DP000866201,EE0008662,Jordan,Walker,Spouse,1999-06-02,M,Active
DP000866202,EE0008662,Olivia,Walker,Child,2011-08-29,M,Active
DP000866203,EE0008662,Michael,Walker,Child,2016-12-08,M,Active
DP000866301,EE0008663,Jordan,Adams,Child,2022-02-13,F,Active
DP000866401,EE0008664,Leah,Ibrahim,Domestic Partner,1984-02-29,M,Active
DP000866402,EE0008664,Luis,Ibrahim,Child,2008-05-29,M,Active
DP000866701,EE0008667,Malik,Williams,Spouse,1979-08-07,F,Active
DP000866801,EE0008668,Elena,Mensah,Child,2021-02-21,M,Active
DP000867001,EE0008670,Ethan,Walker,Domestic Partner,1995-12-28,F,Active
DP000867201,EE0008672,Fatima,Martinez,Child,2016-07-03,M,Active
DP000867301,EE0008673,Grace,Johnson,Spouse,1996-04-19,M,Active
DP000867302,EE0008673,Fatima,Johnson,Child,2022-03-26,F,Active
DP000867401,EE0008674,Andre,Brown,Child,2025-11-04,M,Active
DP000867901,EE0008679,Carlos,Martinez,Child,2025-10-30,M,Active
DP000868201,EE0008682,Nia,Ibrahim,Domestic Partner,2001-01-15,F,Active
DP000868202,EE0008682,Olivia,Ibrahim,Child,2025-07-27,M,Active
DP000868203,EE0008682,Angela,Ibrahim,Child,2026-02-18,M,Active
DP000868401,EE0008684,Omar,Kim,Child,2023-07-13,F,Active
DP000868402,EE0008684,Malik,Kim,Child,2023-09-03,F,Active
DP000868501,EE0008685,Samuel,Adeyemi,Child,2010-05-09,F,Active
DP000868701,EE0008687,Fatima,Kim,Domestic Partner,1990-01-14,M,Active
DP000868702,EE0008687,Andre,Kim,Child,2014-07-02,M,Active
DP000868901,EE0008689,Priya,Chen,Child,2025-01-17,F,Active
DP000868902,EE0008689,Luis,Chen,Child,2024-04-20,M,Active
DP000869001,EE0008690,Elena,Johnson,Child,2023-12-05,M,Active
DP000869002,EE0008690,Isaiah,Johnson,Child,2023-04-18,F,Active
DP000869003,EE0008690,Daniel,Johnson,Child,2023-11-24,M,Active
DP000869201,EE0008692,Grace,Bennett,Domestic Partner,2001-06-03,M,Active
DP000869901,EE0008699,Ethan,Taylor,Domestic Partner,1967-11-24,F,Active
DP000870001,EE0008700,Isaiah,Walker,Domestic Partner,1998-09-29,M,Active
DP000870002,EE0008700,Omar,Walker,Child,2022-10-24,M,Active
DP000870301,EE0008703,Jordan,Moore,Child,2022-01-24,F,Active
DP000870302,EE0008703,Samuel,Moore,Child,2021-10-14,F,Active
DP000870303,EE0008703,Noah,Moore,Child,2023-08-25,M,Active
DP000870401,EE0008704,Olivia,Chen,Spouse,1967-12-05,M,Active
DP000870402,EE0008704,Carlos,Chen,Child,2022-08-18,F,Active
DP000870501,EE0008705,Ethan,Wilson,Child,2016-08-11,F,Active
DP000870502,EE0008705,Samuel,Wilson,Child,2005-01-15,M,Active
DP000870601,EE0008706,Sophia,Williams,Child,2023-05-05,F,Active
DP000870801,EE0008708,Omar,Wilson,Spouse,1961-02-10,M,Active
DP000870802,EE0008708,Samuel,Wilson,Child,2017-10-13,F,Active
DP000870803,EE0008708,Andre,Wilson,Child,2014-11-04,F,Active
DP000871001,EE0008710,Andre,Walker,Domestic Partner,1991-10-13,M,Active
DP000871401,EE0008714,Maya,Okafor,Child,2021-11-20,M,Active
DP000871402,EE0008714,Jordan,Okafor,Child,2024-04-18,F,Active
DP000871601,EE0008716,Sophia,Okafor,Child,2018-10-11,F,Active
DP000871602,EE0008716,Andre,Okafor,Child,2000-03-06,M,Active
DP000871801,EE0008718,Malik,Wilson,Child,2025-05-15,M,Active
DP000871802,EE0008718,Fatima,Wilson,Child,2013-05-25,F,Active
DP000871901,EE0008719,Nia,Williams,Domestic Partner,1967-05-21,M,Active
DP000872001,EE0008720,Andre,Campbell,Child,2016-09-28,M,Active
DP000872002,EE0008720,Maya,Campbell,Child,2015-10-03,M,Active
DP000872101,EE0008721,Elena,Brown,Spouse,1974-10-11,M,Active
DP000872301,EE0008723,Chiamaka,Okafor,Child,2022-06-26,M,Active
DP000872601,EE0008726,Luis,Adeyemi,Domestic Partner,1977-08-09,F,Active
DP000872801,EE0008728,Samuel,Adams,Child,2021-03-13,M,Active
DP000873601,EE0008736,Angela,Hernandez,Child,2015-09-04,M,Active
DP000873801,EE0008738,Zoe,Bennett,Child,2008-02-05,F,Active
DP000873802,EE0008738,Zoe,Bennett,Child,2007-12-21,M,Active
DP000874001,EE0008740,Daniel,Campbell,Child,2005-08-24,F,Active
DP000874002,EE0008740,Isaiah,Campbell,Child,2014-02-20,M,Active
DP000874101,EE0008741,Kevin,Robinson,Spouse,1987-01-29,M,Active
DP000874201,EE0008742,Michael,Hernandez,Child,2026-06-14,M,Active
DP000874801,EE0008748,Victor,Patel,Spouse,1998-08-21,M,Active
DP000874802,EE0008748,Fatima,Patel,Child,2023-03-16,F,Active
DP000874901,EE0008749,Olivia,Brown,Spouse,2000-01-03,F,Active
DP000874902,EE0008749,Grace,Brown,Child,2025-04-11,F,Active
DP000874903,EE0008749,Elena,Brown,Child,2025-12-04,M,Active
DP000875001,EE0008750,Angela,Nguyen,Child,2025-02-11,F,Active
DP000875101,EE0008751,David,Adeyemi,Child,2009-01-14,F,Active
DP000875201,EE0008752,David,Moore,Child,2018-05-12,M,Active
DP000875202,EE0008752,Amara,Moore,Child,2021-01-16,M,Active
DP000875301,EE0008753,Sophia,Brown,Child,2017-06-28,M,Active
DP000875401,EE0008754,Victor,Brown,Child,2018-01-11,M,Active
DP000875402,EE0008754,Kevin,Brown,Child,2009-04-10,F,Active
DP000875501,EE0008755,Samuel,Wilson,Spouse,1977-08-12,M,Active
DP000875502,EE0008755,Samuel,Wilson,Child,2015-02-22,F,Active
DP000875503,EE0008755,Naomi,Wilson,Child,2008-06-22,F,Active
DP000875601,EE0008756,Elena,Taylor,Child,2018-08-18,F,Active
DP000875602,EE0008756,David,Taylor,Child,2007-03-11,M,Active
DP000875701,EE0008757,Chiamaka,Hernandez,Domestic Partner,1979-09-19,F,Active
DP000875702,EE0008757,Isaiah,Hernandez,Child,2020-02-05,M,Active
DP000875801,EE0008758,Samuel,Bennett,Domestic Partner,1979-10-13,F,Active
DP000875802,EE0008758,Luis,Bennett,Child,2009-07-15,F,Active
DP000875901,EE0008759,Daniel,Kim,Child,2025-06-26,F,Active
DP000875902,EE0008759,Chiamaka,Kim,Child,2024-09-14,F,Active
DP000876101,EE0008761,Amara,Campbell,Domestic Partner,2006-02-03,F,Active
DP000876102,EE0008761,Jasmine,Campbell,Child,2024-04-30,M,Active
DP000876301,EE0008763,Jordan,Williams,Child,2024-10-30,M,Active
DP000876302,EE0008763,Omar,Williams,Child,2023-10-23,F,Active
DP000876401,EE0008764,Leah,Johnson,Spouse,1978-10-30,M,Active
DP000876501,EE0008765,Sophia,Robinson,Child,2023-03-08,F,Active
DP000876601,EE0008766,Grace,Brown,Child,2003-03-08,F,Active
DP000876801,EE0008768,Samuel,Mensah,Child,2024-05-22,F,Active
DP000877001,EE0008770,Michael,Smith,Child,2017-07-13,F,Active
DP000877101,EE0008771,Priya,Ibrahim,Child,2026-04-13,M,Active
DP000877102,EE0008771,Maya,Ibrahim,Child,2024-07-27,M,Active
DP000877103,EE0008771,Elena,Ibrahim,Child,2024-06-20,M,Active
DP000877301,EE0008773,Zoe,Ibrahim,Child,2003-11-19,M,Active
DP000877401,EE0008774,Sophia,Garcia,Domestic Partner,1973-05-22,F,Active
DP000877402,EE0008774,Grace,Garcia,Child,2025-12-14,M,Active
DP000877901,EE0008779,Olivia,Okafor,Domestic Partner,1996-04-28,F,Active
DP000877902,EE0008779,Sophia,Okafor,Child,2020-02-04,F,Active
DP000878101,EE0008781,Fatima,Campbell,Spouse,1972-12-06,M,Active
DP000878201,EE0008782,Zoe,Hernandez,Domestic Partner,2006-09-21,M,Active
DP000878202,EE0008782,Aaliyah,Hernandez,Child,2023-09-20,M,Active
DP000878203,EE0008782,Michael,Hernandez,Child,2020-03-17,F,Active
DP000878301,EE0008783,Victor,Smith,Child,2003-06-10,M,Active
DP000878302,EE0008783,Victor,Smith,Child,2009-05-06,F,Active
DP000878501,EE0008785,Naomi,Williams,Child,2013-08-27,F,Active
DP000878901,EE0008789,David,Garcia,Domestic Partner,1968-10-26,F,Active
DP000879601,EE0008796,Nia,Brown,Spouse,2006-12-25,M,Active
DP000879602,EE0008796,Grace,Brown,Child,2017-10-29,F,Active
DP000879901,EE0008799,Jordan,Taylor,Child,2026-05-26,M,Active
DP000879902,EE0008799,Malik,Taylor,Child,2018-08-21,F,Active
DP000880001,EE0008800,Luis,Lewis,Domestic Partner,1992-07-10,M,Active
DP000880002,EE0008800,Isaiah,Lewis,Child,2019-10-28,F,Active
DP000880101,EE0008801,Nia,Williams,Domestic Partner,1969-01-04,M,Active
DP000880102,EE0008801,Amara,Williams,Child,2014-10-31,M,Active
DP000880201,EE0008802,Maya,Martinez,Domestic Partner,1980-02-02,F,Active
DP000880202,EE0008802,Naomi,Martinez,Child,2012-04-22,M,Active
DP000880401,EE0008804,Angela,Moore,Domestic Partner,1992-12-21,F,Active
DP000880402,EE0008804,Kevin,Moore,Child,2017-07-30,M,Active
DP000880403,EE0008804,Aaliyah,Moore,Child,2018-09-20,M,Active
DP000880501,EE0008805,Victor,Robinson,Child,2023-07-01,M,Active
DP000880502,EE0008805,Fatima,Robinson,Child,2009-09-30,M,Active
DP000880601,EE0008806,David,Mensah,Spouse,1981-02-13,F,Active
DP000880602,EE0008806,Omar,Mensah,Child,2007-12-12,M,Active
DP000880603,EE0008806,Maya,Mensah,Child,2025-03-21,F,Active
DP000881001,EE0008810,Jasmine,Chen,Domestic Partner,1961-11-17,M,Active
DP000881002,EE0008810,Jordan,Chen,Child,2014-05-18,F,Active
DP000881301,EE0008813,Amara,Miller,Child,2012-01-26,F,Active
DP000881302,EE0008813,Nia,Miller,Child,2010-10-15,M,Active
DP000881801,EE0008818,Fatima,Ibrahim,Child,2001-04-06,M,Active
DP000881802,EE0008818,Fatima,Ibrahim,Child,2005-01-09,M,Active
DP000881803,EE0008818,Grace,Ibrahim,Child,2015-09-29,M,Active
DP000881901,EE0008819,Nia,Johnson,Spouse,1970-10-23,F,Active
DP000882201,EE0008822,David,Okafor,Child,2014-06-30,M,Active
DP000882202,EE0008822,David,Okafor,Child,2007-08-13,M,Active
DP000882301,EE0008823,Grace,Okafor,Child,2022-02-23,M,Active
DP000882302,EE0008823,Aaliyah,Okafor,Child,2005-02-20,F,Active
DP000882601,EE0008826,Leah,Nguyen,Spouse,1977-01-04,M,Active
DP000882602,EE0008826,Grace,Nguyen,Child,2012-02-19,M,Active
DP000882801,EE0008828,Jordan,Thomas,Child,2005-03-28,F,Active
DP000882802,EE0008828,Angela,Thomas,Child,2014-12-28,F,Active
DP000883201,EE0008832,Carlos,Martinez,Domestic Partner,1962-11-02,F,Active
DP000883202,EE0008832,Kevin,Martinez,Child,2002-09-16,F,Active
DP000883301,EE0008833,Kevin,Okafor,Domestic Partner,1983-03-20,M,Active
DP000883302,EE0008833,Elena,Okafor,Child,2019-11-28,M,Active
DP000883303,EE0008833,Ethan,Okafor,Child,2019-10-15,M,Active
DP000883401,EE0008834,Jordan,Patel,Domestic Partner,1979-06-09,F,Active
DP000883402,EE0008834,Amara,Patel,Child,2024-01-02,F,Active
DP000883501,EE0008835,Priya,Smith,Domestic Partner,1961-08-11,M,Active
DP000883502,EE0008835,Carlos,Smith,Child,2021-05-21,M,Active
DP000883503,EE0008835,Isaiah,Smith,Child,2013-11-19,M,Active
DP000883701,EE0008837,Naomi,Davis,Domestic Partner,1981-08-21,F,Active
DP000883901,EE0008839,David,Robinson,Child,2012-01-21,M,Active
DP000884501,EE0008845,Priya,Moore,Child,2014-03-07,F,Active
DP000884502,EE0008845,Michael,Moore,Child,2018-12-23,F,Active
DP000884503,EE0008845,Luis,Moore,Child,2024-12-25,M,Active
DP000884601,EE0008846,Carlos,Adams,Spouse,2006-02-28,F,Active
DP000884602,EE0008846,Omar,Adams,Child,2019-05-23,F,Active
DP000884801,EE0008848,Luis,Johnson,Child,2005-11-07,M,Active
DP000884802,EE0008848,Naomi,Johnson,Child,2000-05-25,F,Active
DP000884901,EE0008849,Olivia,Chen,Domestic Partner,1964-11-08,M,Active
DP000885101,EE0008851,Luis,Johnson,Domestic Partner,1976-10-23,M,Active
DP000885401,EE0008854,Priya,Taylor,Child,2000-07-13,F,Active
DP000885501,EE0008855,Angela,Smith,Domestic Partner,1967-12-15,F,Active
DP000885502,EE0008855,Luis,Smith,Child,2025-02-15,F,Active
DP000885503,EE0008855,Sophia,Smith,Child,2000-05-18,M,Active
DP000885601,EE0008856,Jasmine,Taylor,Child,2008-07-22,F,Active
DP000885701,EE0008857,Maya,Adams,Child,2022-02-21,F,Active
DP000885702,EE0008857,David,Adams,Child,2019-04-27,M,Active
DP000885901,EE0008859,Carlos,Taylor,Spouse,1991-08-25,F,Active
DP000886001,EE0008860,Michael,Patel,Domestic Partner,1969-07-26,M,Active
DP000886002,EE0008860,Fatima,Patel,Child,2011-12-16,F,Active
DP000886003,EE0008860,Samuel,Patel,Child,2013-02-24,M,Active
DP000886201,EE0008862,Noah,Williams,Child,2016-10-31,F,Active
DP000886202,EE0008862,Fatima,Williams,Child,2021-07-14,F,Active
DP000886301,EE0008863,Andre,Campbell,Child,2002-08-23,F,Active
DP000886302,EE0008863,Chiamaka,Campbell,Child,2001-07-02,F,Active
DP000886701,EE0008867,Samuel,Smith,Child,2021-04-25,M,Active
DP000886702,EE0008867,Sophia,Smith,Child,2023-07-03,M,Active
DP000887001,EE0008870,Samuel,Kim,Child,2008-07-30,F,Active
DP000887101,EE0008871,Priya,Garcia,Child,2008-09-13,M,Active
DP000887701,EE0008877,Amara,Johnson,Child,2019-01-29,F,Active
DP000887702,EE0008877,Luis,Johnson,Child,2018-09-13,M,Active
DP000887901,EE0008879,Jasmine,Moore,Child,2020-04-29,F,Active
DP000888301,EE0008883,Grace,Williams,Child,2005-04-26,M,Active
DP000888401,EE0008884,Carlos,Garcia,Child,2000-07-23,M,Active
DP000888801,EE0008888,Noah,Thomas,Domestic Partner,1965-01-11,F,Active
DP000888802,EE0008888,Angela,Thomas,Child,2002-12-24,F,Active
DP000889001,EE0008890,Naomi,Garcia,Spouse,1977-09-27,F,Active
DP000889201,EE0008892,Elena,Robinson,Spouse,1965-01-23,F,Active
DP000889202,EE0008892,Noah,Robinson,Child,2011-03-09,M,Active
DP000889301,EE0008893,Luis,Wilson,Spouse,1966-04-29,M,Active
DP000889401,EE0008894,Maya,Robinson,Child,2005-05-03,M,Active
DP000889701,EE0008897,Malik,Wilson,Child,2021-04-28,F,Active
DP000889702,EE0008897,Chiamaka,Wilson,Child,2013-12-02,F,Active
DP000889901,EE0008899,Naomi,Hernandez,Child,2021-03-05,F,Active
DP000890201,EE0008902,Ethan,Adeyemi,Child,2024-04-21,F,Active
DP000890301,EE0008903,Fatima,Wilson,Child,2010-08-22,M,Active
DP000890501,EE0008905,Naomi,Okafor,Spouse,1991-06-06,M,Active
DP000890502,EE0008905,Daniel,Okafor,Child,2011-11-17,M,Active
DP000890503,EE0008905,Priya,Okafor,Child,2026-03-19,F,Active
DP000890601,EE0008906,Angela,Williams,Domestic Partner,1971-03-16,F,Active
DP000890602,EE0008906,David,Williams,Child,2018-09-13,F,Active
DP000890701,EE0008907,Ethan,Hernandez,Spouse,1972-05-03,F,Active
DP000890801,EE0008908,Andre,Williams,Domestic Partner,1962-08-16,F,Active
DP000890901,EE0008909,Olivia,Johnson,Child,2018-10-25,M,Active
DP000890902,EE0008909,Naomi,Johnson,Child,2015-11-15,M,Active
DP000891001,EE0008910,Zoe,Kim,Spouse,1986-01-29,M,Active
DP000891002,EE0008910,Zoe,Kim,Child,2016-01-30,M,Active
DP000891201,EE0008912,Maya,Kim,Spouse,2004-11-28,F,Active
DP000891202,EE0008912,Daniel,Kim,Child,2023-06-17,M,Active
DP000891501,EE0008915,Andre,Kim,Child,2017-12-03,F,Active
DP000891502,EE0008915,Olivia,Kim,Child,2015-06-08,F,Active
DP000891701,EE0008917,Amara,Nguyen,Child,2013-03-04,F,Active
DP000891801,EE0008918,Chiamaka,Campbell,Child,2023-10-05,F,Active
DP000892101,EE0008921,Grace,Ibrahim,Child,2002-06-25,M,Active
DP000892102,EE0008921,Daniel,Ibrahim,Child,2004-03-21,M,Active
DP000892301,EE0008923,Ethan,Wilson,Child,2012-07-27,M,Active
DP000892302,EE0008923,Chiamaka,Wilson,Child,2017-05-14,M,Active
DP000892401,EE0008924,Ethan,Miller,Spouse,1975-06-19,M,Active
DP000892402,EE0008924,Ethan,Miller,Child,2021-02-18,F,Active
DP000892403,EE0008924,Angela,Miller,Child,2021-07-07,M,Active
DP000892701,EE0008927,Samuel,Bennett,Domestic Partner,1968-04-11,M,Active
DP000892901,EE0008929,Samuel,Adeyemi,Spouse,1965-03-30,F,Active
DP000892902,EE0008929,Andre,Adeyemi,Child,2006-09-20,M,Active
DP000893101,EE0008931,Jordan,Bennett,Child,2022-11-07,M,Active
DP000893102,EE0008931,Naomi,Bennett,Child,2022-01-08,F,Active
DP000893103,EE0008931,Grace,Bennett,Child,2024-07-28,F,Active
DP000893201,EE0008932,Olivia,Williams,Child,2014-04-27,M,Active
DP000893301,EE0008933,Luis,Chen,Child,2003-08-28,F,Active
DP000893302,EE0008933,Olivia,Chen,Child,2001-12-15,F,Active
DP000893601,EE0008936,Grace,Adams,Domestic Partner,1997-09-28,M,Active
DP000893602,EE0008936,Olivia,Adams,Child,2020-10-07,M,Active
DP000893603,EE0008936,Priya,Adams,Child,2023-09-16,F,Active
DP000893701,EE0008937,Fatima,Ibrahim,Child,2006-06-24,F,Active
DP000893801,EE0008938,Elena,Ibrahim,Child,2003-06-08,F,Active
DP000893802,EE0008938,Jasmine,Ibrahim,Child,2000-08-03,F,Active
DP000894001,EE0008940,Amara,Davis,Spouse,1997-12-13,M,Active
DP000894101,EE0008941,Victor,Bennett,Domestic Partner,1994-08-05,F,Active
DP000894201,EE0008942,Noah,Hernandez,Spouse,1967-05-20,F,Active
DP000894501,EE0008945,Kevin,Hernandez,Child,2006-12-16,M,Active
DP000894801,EE0008948,Fatima,Campbell,Child,2019-02-23,F,Active
DP000894802,EE0008948,Noah,Campbell,Child,2019-07-22,M,Active
DP000895101,EE0008951,Olivia,Adams,Child,2016-12-12,F,Active
DP000895102,EE0008951,Omar,Adams,Child,2002-08-04,F,Active
DP000895301,EE0008953,Isaiah,Hernandez,Spouse,1986-03-11,F,Active
DP000895302,EE0008953,Leah,Hernandez,Child,2015-09-21,F,Active
DP000895501,EE0008955,Leah,Wilson,Domestic Partner,1981-11-15,M,Active
DP000895601,EE0008956,Kevin,Walker,Child,2014-09-05,F,Active
DP000896601,EE0008966,Ethan,Mensah,Spouse,1964-12-01,F,Active
DP000896801,EE0008968,Naomi,Mensah,Child,2021-05-05,M,Active
DP000896901,EE0008969,Aaliyah,Adams,Domestic Partner,1992-05-20,F,Active
DP000896902,EE0008969,Andre,Adams,Child,2016-06-07,M,Active
DP000896903,EE0008969,Zoe,Adams,Child,2021-03-01,F,Active
DP000897301,EE0008973,Zoe,Miller,Spouse,1965-12-30,M,Active
DP000897302,EE0008973,Amara,Miller,Child,2016-02-10,M,Active
DP000897701,EE0008977,Olivia,Garcia,Child,2025-07-14,M,Active
DP000897801,EE0008978,Isaiah,Davis,Spouse,1974-09-08,M,Active
DP000897901,EE0008979,Ethan,Adeyemi,Domestic Partner,1989-02-21,M,Active
DP000897902,EE0008979,Luis,Adeyemi,Child,2018-12-17,F,Active
DP000898001,EE0008980,Leah,Brown,Child,2013-03-31,F,Active
DP000898002,EE0008980,Jordan,Brown,Child,2024-03-29,F,Active
DP000898601,EE0008986,Daniel,Walker,Spouse,1991-04-25,F,Active
DP000898602,EE0008986,Amara,Walker,Child,2012-09-14,M,Active
DP000898701,EE0008987,Michael,Thomas,Spouse,1969-11-28,F,Active
DP000898702,EE0008987,Ethan,Thomas,Child,2001-10-03,M,Active
DP000898703,EE0008987,Victor,Thomas,Child,2021-02-25,F,Active
DP000898801,EE0008988,Leah,Miller,Domestic Partner,1971-09-18,M,Active
DP000899101,EE0008991,Priya,Ibrahim,Child,2019-10-15,M,Active
DP000899102,EE0008991,Jordan,Ibrahim,Child,2024-03-08,M,Active
DP000899103,EE0008991,Kevin,Ibrahim,Child,2020-07-21,F,Active
DP000899201,EE0008992,Fatima,Lewis,Spouse,1999-05-06,M,Active
DP000899401,EE0008994,Kevin,Mensah,Domestic Partner,1988-01-01,M,Active
DP000899402,EE0008994,Ethan,Mensah,Child,2023-11-21,M,Active
DP000899403,EE0008994,Kevin,Mensah,Child,2025-02-13,F,Active
DP000899701,EE0008997,Victor,Taylor,Spouse,1997-10-22,M,Active
DP000899702,EE0008997,Daniel,Taylor,Child,2018-08-11,M,Active
DP000899801,EE0008998,Jordan,Nguyen,Spouse,1984-06-20,F,Active
DP000900101,EE0009001,Grace,Kim,Domestic Partner,1997-05-26,M,Active
DP000900102,EE0009001,Omar,Kim,Child,2016-01-05,M,Active
DP000900103,EE0009001,Carlos,Kim,Child,2017-04-04,F,Active
DP000900201,EE0009002,Kevin,Taylor,Domestic Partner,1986-01-27,M,Active
DP000900401,EE0009004,Aaliyah,Kim,Child,2022-10-03,M,Active
DP000900402,EE0009004,Grace,Kim,Child,2009-09-07,M,Active
DP000900403,EE0009004,Malik,Kim,Child,2000-05-08,M,Active
DP000900801,EE0009008,Ethan,Davis,Spouse,1988-03-23,F,Active
DP000901001,EE0009010,Sophia,Wilson,Spouse,1972-05-05,F,Active
DP000901002,EE0009010,Amara,Wilson,Child,2020-05-05,F,Active
DP000901003,EE0009010,Priya,Wilson,Child,2024-04-21,M,Active
DP000901201,EE0009012,Amara,Davis,Spouse,1968-11-12,F,Active
DP000901202,EE0009012,Andre,Davis,Child,2002-09-14,M,Active
DP000901401,EE0009014,Noah,Johnson,Domestic Partner,2006-08-22,F,Active
DP000901402,EE0009014,Luis,Johnson,Child,2025-03-16,F,Active
DP000901601,EE0009016,Samuel,Davis,Child,2008-06-11,M,Active
DP000901602,EE0009016,Olivia,Davis,Child,2013-08-28,F,Active
DP000901801,EE0009018,Ethan,Taylor,Spouse,1999-01-16,F,Active
DP000901901,EE0009019,Ethan,Smith,Domestic Partner,2001-07-14,F,Active
DP000902201,EE0009022,Fatima,Mensah,Domestic Partner,1972-07-04,F,Active
DP000902401,EE0009024,Chiamaka,Adams,Child,2017-05-15,F,Active
DP000902402,EE0009024,Sophia,Adams,Child,2006-07-06,F,Active
DP000902501,EE0009025,Aaliyah,Adeyemi,Domestic Partner,1968-05-23,F,Active
DP000902701,EE0009027,Zoe,Nguyen,Child,2002-05-22,M,Active
DP000902702,EE0009027,Ethan,Nguyen,Child,2024-12-01,M,Active
DP000903001,EE0009030,Carlos,Nguyen,Child,2011-12-06,M,Active
DP000903002,EE0009030,Carlos,Nguyen,Child,2018-05-16,M,Active
DP000903301,EE0009033,Isaiah,Mensah,Domestic Partner,1970-10-16,F,Active
DP000903501,EE0009035,Michael,Nguyen,Child,2016-07-27,M,Active
DP000903701,EE0009037,Angela,Walker,Spouse,1986-09-29,F,Active
DP000903702,EE0009037,Fatima,Walker,Child,2010-09-10,F,Active
DP000903801,EE0009038,Daniel,Patel,Domestic Partner,1990-02-25,F,Active
DP000903802,EE0009038,Grace,Patel,Child,2019-03-19,F,Active
DP000904101,EE0009041,Noah,Adams,Domestic Partner,1979-09-13,F,Active
DP000904201,EE0009042,Maya,Kim,Domestic Partner,1998-02-16,F,Active
DP000904301,EE0009043,David,Walker,Child,2024-07-26,F,Active
DP000904901,EE0009049,Jordan,Williams,Domestic Partner,1971-01-21,F,Active
DP000904902,EE0009049,Kevin,Williams,Child,2017-09-11,M,Active
DP000905101,EE0009051,Angela,Campbell,Domestic Partner,1988-04-14,M,Active
DP000905102,EE0009051,Olivia,Campbell,Child,2014-10-29,F,Active
DP000905801,EE0009058,Nia,Kim,Domestic Partner,1980-03-08,F,Active
DP000906201,EE0009062,Elena,Walker,Child,2022-05-20,M,Active
DP000906301,EE0009063,Noah,Davis,Child,2009-07-04,M,Active
DP000906401,EE0009064,Priya,Mensah,Domestic Partner,1994-09-22,M,Active
DP000906402,EE0009064,Olivia,Mensah,Child,2024-02-29,M,Active
DP000906501,EE0009065,Isaiah,Walker,Child,2007-01-06,M,Active
DP000907101,EE0009071,Samuel,Williams,Spouse,1980-12-12,M,Active
DP000907301,EE0009073,Isaiah,Thomas,Child,2000-11-26,M,Active
DP000907302,EE0009073,Priya,Thomas,Child,2005-10-04,M,Active
DP000907401,EE0009074,Fatima,Ibrahim,Child,2008-09-16,M,Active
DP000907501,EE0009075,Samuel,Walker,Child,2010-01-22,F,Active
DP000907801,EE0009078,Amara,Kim,Child,2009-10-12,M,Active
DP000908001,EE0009080,Victor,Johnson,Child,2025-12-22,M,Active
DP000908101,EE0009081,David,Johnson,Spouse,2004-03-25,M,Active
DP000908102,EE0009081,Zoe,Johnson,Child,2023-05-26,F,Active
DP000908201,EE0009082,Noah,Adeyemi,Domestic Partner,1987-12-17,M,Active
DP000908301,EE0009083,Elena,Brown,Domestic Partner,1976-07-09,F,Active
DP000908401,EE0009084,Aaliyah,Ibrahim,Child,2016-10-16,F,Active
DP000908402,EE0009084,Victor,Ibrahim,Child,2000-01-19,F,Active
DP000908403,EE0009084,Angela,Ibrahim,Child,2003-02-03,F,Active
DP000908501,EE0009085,Naomi,Okafor,Child,2018-04-02,M,Active
DP000908502,EE0009085,Kevin,Okafor,Child,2003-09-23,F,Active
DP000908503,EE0009085,Noah,Okafor,Child,2016-06-09,M,Active
DP000908601,EE0009086,Daniel,Miller,Spouse,2004-12-25,M,Active
DP000908801,EE0009088,Ethan,Garcia,Domestic Partner,1973-12-12,F,Active
DP000909101,EE0009091,Isaiah,Lewis,Child,2006-05-04,F,Active
DP000909201,EE0009092,Omar,Martinez,Child,2016-07-30,M,Active
DP000909401,EE0009094,Malik,Hernandez,Domestic Partner,1979-07-22,F,Active
DP000909501,EE0009095,Zoe,Johnson,Domestic Partner,1979-01-30,F,Active
DP000909502,EE0009095,Ethan,Johnson,Child,2003-05-13,F,Active
DP000909701,EE0009097,Maya,Wilson,Spouse,1996-12-22,M,Active
DP000909801,EE0009098,Samuel,Bennett,Child,2026-04-18,M,Active
DP000909802,EE0009098,Victor,Bennett,Child,2025-02-07,M,Active
DP000910001,EE0009100,Naomi,Patel,Spouse,2005-07-13,F,Active
DP000910201,EE0009102,Noah,Martinez,Domestic Partner,1981-08-20,F,Active
DP000910202,EE0009102,Nia,Martinez,Child,2011-10-01,M,Active
DP000910501,EE0009105,Chiamaka,Taylor,Domestic Partner,1993-09-18,M,Active
DP000910601,EE0009106,Victor,Walker,Child,2025-08-21,F,Active
DP000910602,EE0009106,Sophia,Walker,Child,2011-10-16,M,Active
DP000910701,EE0009107,Fatima,Adeyemi,Domestic Partner,2004-09-30,M,Active
DP000910702,EE0009107,Andre,Adeyemi,Child,2026-01-29,M,Active
DP000910901,EE0009109,Samuel,Garcia,Domestic Partner,1986-06-29,M,Active
DP000911001,EE0009110,Carlos,Williams,Child,2025-12-09,M,Active
DP000911002,EE0009110,Elena,Williams,Child,2025-03-08,M,Active
DP000911101,EE0009111,Chiamaka,Taylor,Spouse,2003-03-29,F,Active
DP000911601,EE0009116,Victor,Mensah,Child,2003-06-09,F,Active
DP000911602,EE0009116,Jasmine,Mensah,Child,2007-04-13,F,Active
DP000911603,EE0009116,Jasmine,Mensah,Child,2020-08-01,M,Active
DP000911801,EE0009118,Fatima,Brown,Child,2024-09-01,F,Active
DP000911802,EE0009118,Michael,Brown,Child,2022-04-08,M,Active
DP000911803,EE0009118,Samuel,Brown,Child,2023-11-25,F,Active
DP000911901,EE0009119,Andre,Moore,Domestic Partner,1985-07-25,M,Active
DP000911902,EE0009119,Isaiah,Moore,Child,2018-01-06,F,Active
DP000912101,EE0009121,Jordan,Patel,Child,2007-07-28,F,Active
DP000912102,EE0009121,Elena,Patel,Child,2009-10-24,M,Active
DP000912301,EE0009123,Amara,Ibrahim,Spouse,1989-05-28,M,Active
DP000912401,EE0009124,Daniel,Chen,Spouse,2004-07-09,F,Active
DP000912501,EE0009125,Kevin,Okafor,Domestic Partner,1967-04-15,M,Active
DP000912601,EE0009126,Angela,Taylor,Spouse,1999-09-23,F,Active
DP000912901,EE0009129,Naomi,Campbell,Child,2011-09-17,F,Active
DP000913101,EE0009131,Isaiah,Mensah,Domestic Partner,1997-07-28,M,Active
DP000913201,EE0009132,Fatima,Campbell,Child,2009-08-18,F,Active
DP000913202,EE0009132,Priya,Campbell,Child,2024-01-25,M,Active
DP000913203,EE0009132,Priya,Campbell,Child,2000-04-02,M,Active
DP000913301,EE0009133,Noah,Ibrahim,Child,2016-10-28,F,Active
DP000913401,EE0009134,Sophia,Patel,Spouse,1994-09-20,M,Active
DP000913402,EE0009134,Zoe,Patel,Child,2022-01-22,M,Active
DP000913601,EE0009136,Omar,Davis,Domestic Partner,1964-09-05,M,Active
DP000913701,EE0009137,Naomi,Patel,Domestic Partner,1986-09-22,F,Active
DP000913702,EE0009137,Luis,Patel,Child,2019-06-22,F,Active
DP000914201,EE0009142,Leah,Moore,Child,2009-02-10,M,Active
DP000914301,EE0009143,Zoe,Williams,Domestic Partner,1977-08-04,M,Active
DP000914302,EE0009143,Omar,Williams,Child,2026-04-27,F,Active
DP000914601,EE0009146,Maya,Williams,Spouse,1962-05-11,M,Active
DP000914602,EE0009146,Isaiah,Williams,Child,2018-05-08,F,Active
DP000914701,EE0009147,Maya,Williams,Child,2025-11-01,F,Active
DP000914702,EE0009147,Jordan,Williams,Child,2015-08-19,M,Active
DP000914801,EE0009148,Michael,Miller,Child,2022-08-08,M,Active
DP000915001,EE0009150,Naomi,Miller,Domestic Partner,1976-02-14,F,Active
DP000915002,EE0009150,Carlos,Miller,Child,2008-02-24,M,Active
DP000915201,EE0009152,David,Johnson,Spouse,2002-04-03,F,Active
DP000915202,EE0009152,Naomi,Johnson,Child,2023-08-15,M,Active
DP000915401,EE0009154,Priya,Thomas,Child,2015-06-07,M,Active
DP000915402,EE0009154,Priya,Thomas,Child,2024-12-25,M,Active
DP000915501,EE0009155,Victor,Taylor,Child,2007-12-03,F,Active
DP000915601,EE0009156,Aaliyah,Walker,Child,2024-09-09,M,Active
DP000915602,EE0009156,Kevin,Walker,Child,2008-04-13,F,Active
DP000915603,EE0009156,Luis,Walker,Child,2004-07-28,M,Active
DP000915701,EE0009157,Leah,Mensah,Child,2019-08-16,F,Active
DP000915801,EE0009158,David,Mensah,Child,2019-06-14,M,Active
DP000915802,EE0009158,Noah,Mensah,Child,2015-08-03,M,Active
DP000915803,EE0009158,Zoe,Mensah,Child,2016-03-31,F,Active
DP000916201,EE0009162,Daniel,Martinez,Spouse,1974-08-13,F,Active
DP000916202,EE0009162,Jordan,Martinez,Child,2000-02-18,M,Active
DP000916203,EE0009162,Leah,Martinez,Child,2019-06-09,F,Active
DP000917001,EE0009170,Carlos,Lewis,Domestic Partner,1972-10-18,M,Active
DP000917002,EE0009170,Chiamaka,Lewis,Child,2013-03-15,M,Active
DP000917101,EE0009171,Zoe,Lewis,Child,2016-05-26,M,Active
DP000917102,EE0009171,Omar,Lewis,Child,2017-06-16,F,Active
DP000917301,EE0009173,Leah,Miller,Spouse,1987-06-14,M,Active
DP000917601,EE0009176,David,Chen,Domestic Partner,1966-01-16,F,Active
DP000918001,EE0009180,Fatima,Okafor,Domestic Partner,1978-12-09,F,Active
DP000918002,EE0009180,Samuel,Okafor,Child,2015-12-07,M,Active
DP000918401,EE0009184,Daniel,Ibrahim,Child,2012-12-11,F,Active
DP000918402,EE0009184,Elena,Ibrahim,Child,2012-03-27,F,Active
DP000918601,EE0009186,Omar,Martinez,Child,2023-03-05,M,Active
DP000918701,EE0009187,Fatima,Hernandez,Child,2023-07-20,M,Active
DP000919301,EE0009193,Ethan,Hernandez,Child,2025-10-19,F,Active
DP000919302,EE0009193,Samuel,Hernandez,Child,2000-03-01,F,Active
DP000919501,EE0009195,Andre,Nguyen,Domestic Partner,1971-07-29,F,Active
DP000919502,EE0009195,Andre,Nguyen,Child,2011-10-12,M,Active
DP000919503,EE0009195,Naomi,Nguyen,Child,2005-12-13,M,Active
DP000919601,EE0009196,Olivia,Martinez,Child,2023-05-21,F,Active
DP000919801,EE0009198,Maya,Hernandez,Child,2003-07-17,M,Active
DP000920001,EE0009200,Samuel,Bennett,Child,2011-11-15,M,Active
DP000920002,EE0009200,Olivia,Bennett,Child,2018-02-07,F,Active
DP000920201,EE0009202,Amara,Brown,Child,2023-01-01,F,Active
DP000920501,EE0009205,Nia,Williams,Child,2024-07-13,F,Active
DP000920701,EE0009207,Aaliyah,Davis,Domestic Partner,1987-02-02,F,Active
DP000920702,EE0009207,Luis,Davis,Child,2022-09-26,M,Active
DP000920801,EE0009208,Sophia,Taylor,Child,2023-04-26,M,Active
DP000920901,EE0009209,Jasmine,Patel,Spouse,1963-06-02,F,Active
DP000920902,EE0009209,Leah,Patel,Child,2021-12-11,F,Active
DP000921301,EE0009213,Kevin,Johnson,Domestic Partner,1963-08-07,M,Active
DP000921701,EE0009217,Luis,Johnson,Child,2019-01-23,M,Active
DP000922301,EE0009223,David,Davis,Child,2001-09-19,F,Active
DP000922601,EE0009226,Michael,Hernandez,Spouse,1972-07-13,M,Active
DP000922602,EE0009226,Victor,Hernandez,Child,2007-08-18,M,Active
DP000923101,EE0009231,Victor,Hernandez,Child,2005-05-23,M,Active
DP000923102,EE0009231,Maya,Hernandez,Child,2011-04-23,F,Active
DP000923103,EE0009231,Isaiah,Hernandez,Child,2008-06-05,F,Active
DP000923201,EE0009232,Amara,Patel,Child,2007-05-26,M,Active
DP000923202,EE0009232,Samuel,Patel,Child,2001-06-29,M,Active
DP000923203,EE0009232,Kevin,Patel,Child,2024-01-23,M,Active
DP000924201,EE0009242,Zoe,Wilson,Domestic Partner,1992-02-21,F,Active
DP000924202,EE0009242,Olivia,Wilson,Child,2010-03-19,F,Active
DP000924203,EE0009242,Leah,Wilson,Child,2020-04-07,M,Active
DP000924301,EE0009243,Amara,Wilson,Spouse,2002-12-17,F,Active
DP000924302,EE0009243,Daniel,Wilson,Child,2024-08-19,F,Active
DP000924601,EE0009246,Aaliyah,Johnson,Child,2026-03-22,M,Active
DP000924701,EE0009247,Jordan,Smith,Domestic Partner,1984-08-11,M,Active
DP000924702,EE0009247,Luis,Smith,Child,2014-08-27,M,Active
DP000924703,EE0009247,Priya,Smith,Child,2018-02-09,M,Active
DP000924801,EE0009248,Priya,Nguyen,Child,2008-12-24,M,Active
DP000925101,EE0009251,Maya,Ibrahim,Child,2003-02-11,F,Active
DP000925102,EE0009251,Victor,Ibrahim,Child,2018-09-25,F,Active
DP000925201,EE0009252,Naomi,Thomas,Spouse,2000-08-29,F,Active
DP000925301,EE0009253,Malik,Taylor,Spouse,1995-05-09,F,Active
DP000925302,EE0009253,Olivia,Taylor,Child,2007-02-13,M,Active
DP000925303,EE0009253,Elena,Taylor,Child,2024-01-18,M,Active
DP000925401,EE0009254,Isaiah,Smith,Child,2020-06-06,M,Active
DP000925901,EE0009259,Chiamaka,Thomas,Domestic Partner,1976-03-28,M,Active
DP000926001,EE0009260,Chiamaka,Martinez,Spouse,1969-04-02,F,Active
DP000926002,EE0009260,Grace,Martinez,Child,2018-04-19,M,Active
DP000926003,EE0009260,Angela,Martinez,Child,2020-01-14,F,Active
DP000926401,EE0009264,Elena,Davis,Domestic Partner,1988-09-11,M,Active
DP000926501,EE0009265,Elena,Mensah,Child,2003-01-10,F,Active
DP000926502,EE0009265,Nia,Mensah,Child,2020-08-10,M,Active
DP000926601,EE0009266,Leah,Taylor,Domestic Partner,1987-02-09,M,Active
DP000926701,EE0009267,David,Smith,Domestic Partner,1977-05-17,M,Active
DP000926901,EE0009269,Fatima,Ibrahim,Child,2018-05-26,F,Active
DP000927001,EE0009270,Angela,Davis,Child,2023-12-18,M,Active
DP000927201,EE0009272,Aaliyah,Mensah,Child,2007-04-16,F,Active
DP000927501,EE0009275,Jasmine,Walker,Domestic Partner,1988-08-01,F,Active
DP000927901,EE0009279,Luis,Walker,Domestic Partner,2005-07-03,M,Active
DP000927902,EE0009279,Aaliyah,Walker,Child,2021-05-26,M,Active
DP000928101,EE0009281,Carlos,Hernandez,Spouse,1991-11-16,M,Active
DP000928102,EE0009281,Carlos,Hernandez,Child,2021-05-25,M,Active
DP000928103,EE0009281,Aaliyah,Hernandez,Child,2020-07-30,M,Active
DP000928201,EE0009282,Andre,Thomas,Child,2019-04-06,F,Active
DP000928401,EE0009284,Amara,Kim,Domestic Partner,2000-01-09,F,Active
DP000928402,EE0009284,Omar,Kim,Child,2018-08-01,M,Active
DP000928501,EE0009285,Malik,Lewis,Child,2022-02-10,M,Active
DP000928701,EE0009287,Chiamaka,Williams,Child,2021-07-18,F,Active
DP000928901,EE0009289,Andre,Nguyen,Domestic Partner,1995-02-17,F,Active
DP000929101,EE0009291,Zoe,Brown,Domestic Partner,2005-04-02,F,Active
DP000929102,EE0009291,Jasmine,Brown,Child,2021-08-13,F,Active
DP000929201,EE0009292,Naomi,Smith,Domestic Partner,2000-01-02,F,Active
DP000929301,EE0009293,Elena,Martinez,Domestic Partner,1987-12-14,F,Active
DP000929302,EE0009293,Chiamaka,Martinez,Child,2017-11-18,M,Active
DP000929501,EE0009295,Jordan,Walker,Spouse,1994-01-29,M,Active
DP000929502,EE0009295,Victor,Walker,Child,2018-09-19,F,Active
DP000929503,EE0009295,Sophia,Walker,Child,2025-10-08,F,Active
DP000929601,EE0009296,Victor,Adams,Child,2000-04-16,F,Active
DP000929801,EE0009298,Isaiah,Mensah,Spouse,1971-07-02,M,Active
DP000929802,EE0009298,Maya,Mensah,Child,2006-07-17,F,Active
DP000929901,EE0009299,Luis,Nguyen,Child,2000-07-24,M,Active
DP000929902,EE0009299,Michael,Nguyen,Child,2025-10-23,F,Active
DP000930101,EE0009301,Sophia,Williams,Domestic Partner,1968-05-18,F,Active
DP000930201,EE0009302,Carlos,Robinson,Domestic Partner,2002-04-29,F,Active
DP000930202,EE0009302,Aaliyah,Robinson,Child,2025-08-10,F,Active
DP000930301,EE0009303,Amara,Martinez,Domestic Partner,1968-07-18,F,Active
DP000930401,EE0009304,Elena,Miller,Child,2022-10-27,F,Active
DP000930501,EE0009305,Omar,Ibrahim,Child,2025-03-10,M,Active
DP000930502,EE0009305,Daniel,Ibrahim,Child,2012-11-26,M,Active
DP000930503,EE0009305,Priya,Ibrahim,Child,2013-03-05,M,Active
DP000930601,EE0009306,Grace,Adeyemi,Spouse,1966-10-19,M,Active
DP000931001,EE0009310,Maya,Martinez,Child,2020-09-25,F,Active
DP000931101,EE0009311,Andre,Lewis,Child,2003-11-15,F,Active
DP000931102,EE0009311,Olivia,Lewis,Child,2009-04-25,M,Active
DP000931201,EE0009312,Noah,Patel,Child,2005-03-03,M,Active
DP000931202,EE0009312,Noah,Patel,Child,2023-04-02,F,Active
DP000931203,EE0009312,Ethan,Patel,Child,2002-09-23,M,Active
DP000931501,EE0009315,Maya,Martinez,Spouse,1993-12-29,F,Active
DP000931502,EE0009315,Elena,Martinez,Child,2015-09-23,M,Active
DP000931601,EE0009316,Maya,Martinez,Domestic Partner,1971-05-13,F,Active
DP000931602,EE0009316,Elena,Martinez,Child,2007-10-12,M,Active
DP000931701,EE0009317,Samuel,Hernandez,Spouse,1994-12-17,F,Active
DP000931702,EE0009317,Sophia,Hernandez,Child,2021-07-25,F,Active
DP000931703,EE0009317,Samuel,Hernandez,Child,2017-06-03,F,Active
DP000931801,EE0009318,Elena,Lewis,Spouse,1982-10-19,M,Active
DP000932301,EE0009323,Sophia,Taylor,Domestic Partner,2002-02-04,M,Active
DP000932401,EE0009324,Fatima,Patel,Spouse,1983-11-04,M,Active
DP000932501,EE0009325,Samuel,Adams,Spouse,1962-07-21,M,Active
DP000932502,EE0009325,Chiamaka,Adams,Child,2011-06-11,F,Active
DP000932503,EE0009325,Carlos,Adams,Child,2016-10-28,F,Active
DP000932801,EE0009328,David,Moore,Spouse,1980-07-12,M,Active
DP000933001,EE0009330,Jordan,Garcia,Domestic Partner,1969-12-04,M,Active
DP000933101,EE0009331,Fatima,Okafor,Domestic Partner,1998-03-06,M,Active
DP000933102,EE0009331,Zoe,Okafor,Child,2015-11-29,M,Active
DP000933103,EE0009331,Aaliyah,Okafor,Child,2015-10-30,F,Active
DP000933301,EE0009333,Luis,Hernandez,Domestic Partner,1971-04-05,M,Active
DP000933701,EE0009337,Leah,Patel,Child,2018-05-06,M,Active
DP000934001,EE0009340,Jasmine,Brown,Child,2017-06-05,F,Active
DP000934201,EE0009342,Luis,Kim,Child,2000-07-22,F,Active
DP000934601,EE0009346,Kevin,Moore,Spouse,1997-08-16,M,Active
DP000934602,EE0009346,Carlos,Moore,Child,2018-02-08,F,Active
DP000934701,EE0009347,Malik,Martinez,Spouse,1988-05-15,M,Active
DP000934702,EE0009347,Zoe,Martinez,Child,2012-12-23,F,Active
DP000935101,EE0009351,Kevin,Martinez,Domestic Partner,1990-11-10,M,Active
DP000935201,EE0009352,Michael,Thomas,Spouse,1965-06-08,F,Active
DP000935202,EE0009352,Ethan,Thomas,Child,2020-01-20,F,Active
DP000935203,EE0009352,Isaiah,Thomas,Child,2003-09-15,F,Active
DP000935601,EE0009356,Angela,Kim,Spouse,1985-03-11,F,Active
DP000936101,EE0009361,Jasmine,Chen,Child,2013-04-08,F,Active
DP000936102,EE0009361,Angela,Chen,Child,2009-10-30,F,Active
DP000936103,EE0009361,Isaiah,Chen,Child,2013-11-17,M,Active
DP000936201,EE0009362,Angela,Smith,Child,2023-11-28,M,Active
DP000936301,EE0009363,Jordan,Kim,Spouse,1972-11-08,M,Active
DP000936302,EE0009363,Maya,Kim,Child,2017-02-27,M,Active
DP000936401,EE0009364,Samuel,Wilson,Spouse,1993-12-07,M,Active
DP000936402,EE0009364,Amara,Wilson,Child,2023-06-26,F,Active
DP000936701,EE0009367,Ethan,Moore,Domestic Partner,1999-02-12,F,Active
DP000936801,EE0009368,Carlos,Wilson,Child,2015-09-06,F,Active
DP000937101,EE0009371,Luis,Chen,Child,2012-09-29,M,Active
DP000937401,EE0009374,Olivia,Patel,Child,2011-03-31,F,Active
DP000937601,EE0009376,Omar,Campbell,Spouse,1970-05-16,M,Active
DP000937602,EE0009376,Priya,Campbell,Child,2017-06-05,F,Active
DP000937603,EE0009376,Kevin,Campbell,Child,2008-10-27,M,Active
DP000938101,EE0009381,Olivia,Hernandez,Spouse,2003-07-07,F,Active
DP000938102,EE0009381,David,Hernandez,Child,2022-06-12,M,Active
DP000938201,EE0009382,Andre,Okafor,Domestic Partner,1990-11-28,M,Active
DP000938202,EE0009382,Maya,Okafor,Child,2018-01-19,M,Active
DP000938301,EE0009383,Grace,Moore,Spouse,1969-06-09,M,Active
DP000938302,EE0009383,Aaliyah,Moore,Child,2024-07-09,F,Active
DP000938401,EE0009384,Luis,Wilson,Spouse,2000-07-21,M,Active
DP000938801,EE0009388,Noah,Chen,Child,2026-03-04,F,Active
DP000938802,EE0009388,Victor,Chen,Child,2023-08-02,M,Active
DP000938901,EE0009389,Naomi,Johnson,Child,2016-05-13,F,Active
DP000938902,EE0009389,Andre,Johnson,Child,2012-06-04,F,Active
DP000938903,EE0009389,Jasmine,Johnson,Child,2012-09-08,F,Active
DP000939001,EE0009390,Isaiah,Nguyen,Spouse,2001-01-27,M,Active
DP000939002,EE0009390,Zoe,Nguyen,Child,2020-11-25,M,Active
DP000939003,EE0009390,Naomi,Nguyen,Child,2015-06-24,M,Active
DP000939301,EE0009393,Samuel,Kim,Spouse,1964-01-11,M,Active
DP000939401,EE0009394,Amara,Ibrahim,Child,2016-05-01,F,Active
DP000939402,EE0009394,Omar,Ibrahim,Child,2015-01-16,M,Active
DP000939403,EE0009394,Samuel,Ibrahim,Child,2008-03-31,M,Active
DP000939601,EE0009396,Jasmine,Robinson,Spouse,2003-12-23,M,Active
DP000939602,EE0009396,Aaliyah,Robinson,Child,2021-05-21,M,Active
DP000940201,EE0009402,Noah,Okafor,Child,2016-09-03,M,Active
DP000940301,EE0009403,Jordan,Ibrahim,Domestic Partner,1978-09-25,F,Active
DP000940302,EE0009403,Angela,Ibrahim,Child,2006-08-27,F,Active
DP000940303,EE0009403,Jasmine,Ibrahim,Child,2004-11-01,M,Active
DP000940401,EE0009404,Noah,Taylor,Domestic Partner,1986-08-05,F,Active
DP000940501,EE0009405,Elena,Garcia,Domestic Partner,1973-06-13,F,Active
DP000940502,EE0009405,Angela,Garcia,Child,2014-03-29,M,Active
DP000941401,EE0009414,Noah,Bennett,Child,2009-10-31,F,Active
DP000942101,EE0009421,Priya,Thomas,Domestic Partner,1984-09-21,M,Active
DP000942102,EE0009421,Sophia,Thomas,Child,2015-03-24,F,Active
DP000942103,EE0009421,Fatima,Thomas,Child,2006-08-30,F,Active
DP000942701,EE0009427,Daniel,Thomas,Domestic Partner,1994-03-27,M,Active
DP000942702,EE0009427,Isaiah,Thomas,Child,2026-04-25,F,Active
DP000942901,EE0009429,Noah,Adeyemi,Spouse,2004-09-01,F,Active
DP000942902,EE0009429,Priya,Adeyemi,Child,2023-12-20,F,Active
DP000943201,EE0009432,Leah,Walker,Child,2025-05-30,M,Active
DP000943301,EE0009433,Maya,Walker,Spouse,1964-09-09,M,Active
DP000943601,EE0009436,Aaliyah,Martinez,Child,2013-02-23,F,Active
DP000943602,EE0009436,Isaiah,Martinez,Child,2018-05-13,M,Active
DP000944301,EE0009443,Andre,Garcia,Spouse,1992-10-13,M,Active
DP000944501,EE0009445,Leah,Chen,Domestic Partner,2000-06-06,F,Active
DP000944502,EE0009445,Noah,Chen,Child,2026-05-29,M,Active
DP000944601,EE0009446,Kevin,Smith,Spouse,1970-03-02,F,Active
DP000944602,EE0009446,Naomi,Smith,Child,2003-01-07,F,Active
DP000944801,EE0009448,Naomi,Mensah,Domestic Partner,2005-04-03,M,Active
DP000945001,EE0009450,Nia,Walker,Child,2006-04-27,F,Active
DP000945201,EE0009452,Grace,Bennett,Domestic Partner,2000-04-03,M,Active
DP000945202,EE0009452,Grace,Bennett,Child,2022-09-24,F,Active
DP000945501,EE0009455,Amara,Miller,Domestic Partner,1991-10-03,F,Active
DP000945502,EE0009455,Victor,Miller,Child,2008-12-24,F,Active
DP000945601,EE0009456,Luis,Williams,Child,2010-08-04,F,Active
DP000946301,EE0009463,Carlos,Wilson,Domestic Partner,2005-04-14,M,Active
DP000946302,EE0009463,Kevin,Wilson,Child,2024-05-12,F,Active
DP000946303,EE0009463,Naomi,Wilson,Child,2025-03-26,F,Active
DP000946401,EE0009464,David,Taylor,Domestic Partner,1993-05-31,F,Active
DP000947101,EE0009471,Aaliyah,Kim,Domestic Partner,1995-10-24,F,Active
DP000947401,EE0009474,Michael,Taylor,Spouse,1975-07-07,M,Active
DP000947701,EE0009477,Leah,Wilson,Child,2003-12-25,F,Active
DP000947702,EE0009477,Omar,Wilson,Child,2010-04-21,M,Active
DP000947801,EE0009478,Olivia,Hernandez,Child,2002-10-19,M,Active
DP000947901,EE0009479,Luis,Okafor,Child,2025-04-26,F,Active
DP000947902,EE0009479,Nia,Okafor,Child,2015-08-09,M,Active
DP000947903,EE0009479,Carlos,Okafor,Child,2013-03-06,M,Active
DP000948001,EE0009480,Leah,Williams,Spouse,2002-11-14,M,Active
DP000948002,EE0009480,Nia,Williams,Child,2016-11-09,M,Active
DP000948401,EE0009484,Victor,Patel,Child,2005-12-25,M,Active
DP000948402,EE0009484,Priya,Patel,Child,2018-02-18,M,Active
DP000948601,EE0009486,Samuel,Davis,Child,2021-10-20,F,Active
DP000948901,EE0009489,Malik,Johnson,Domestic Partner,1969-07-26,F,Active
DP000949301,EE0009493,Ethan,Campbell,Child,2013-06-22,M,Active
DP000949401,EE0009494,Isaiah,Walker,Child,2020-08-15,M,Active
DP000949501,EE0009495,Sophia,Wilson,Spouse,1968-08-21,F,Active
DP000949601,EE0009496,Nia,Johnson,Spouse,2001-11-13,F,Active
DP000949701,EE0009497,David,Johnson,Child,2005-05-19,M,Active
DP000949801,EE0009498,Omar,Johnson,Domestic Partner,1989-06-30,M,Active
DP000949802,EE0009498,Chiamaka,Johnson,Child,2015-04-26,M,Active
DP000949901,EE0009499,David,Moore,Spouse,1986-03-23,M,Active
DP000950101,EE0009501,Aaliyah,Davis,Spouse,1965-01-15,M,Active
DP000950201,EE0009502,Daniel,Nguyen,Spouse,2006-12-11,M,Active
DP000950401,EE0009504,Kevin,Bennett,Domestic Partner,1994-10-11,F,Active
DP000950402,EE0009504,Isaiah,Bennett,Child,2022-07-26,F,Active
DP000950501,EE0009505,Samuel,Ibrahim,Domestic Partner,2002-08-05,F,Active
DP000950502,EE0009505,Omar,Ibrahim,Child,2024-05-05,M,Active
DP000950601,EE0009506,Isaiah,Johnson,Child,2016-10-13,F,Active
DP000951001,EE0009510,Zoe,Williams,Spouse,1964-06-30,F,Active
DP000951002,EE0009510,Samuel,Williams,Child,2005-06-23,M,Active
DP000951003,EE0009510,Isaiah,Williams,Child,2022-07-25,F,Active
DP000951101,EE0009511,Malik,Chen,Child,2014-09-13,F,Active
DP000951102,EE0009511,Leah,Chen,Child,2011-07-31,F,Active
DP000951103,EE0009511,Luis,Chen,Child,2014-02-07,F,Active
DP000951201,EE0009512,Aaliyah,Chen,Domestic Partner,1999-04-15,M,Active
DP000951202,EE0009512,Kevin,Chen,Child,2024-01-23,F,Active
DP000951203,EE0009512,Carlos,Chen,Child,2023-06-03,M,Active
DP000951501,EE0009515,Daniel,Okafor,Spouse,1996-01-16,F,Active
DP000951502,EE0009515,Samuel,Okafor,Child,2018-12-27,M,Active
DP000951503,EE0009515,Naomi,Okafor,Child,2022-08-22,F,Active
DP000951801,EE0009518,Sophia,Martinez,Spouse,1995-06-14,M,Active
DP000952001,EE0009520,Sophia,Brown,Child,2017-03-02,M,Active
DP000952401,EE0009524,Victor,Miller,Child,2021-03-07,F,Active
DP000952801,EE0009528,Amara,Williams,Spouse,2004-06-04,M,Active
DP000952802,EE0009528,Nia,Williams,Child,2024-12-22,M,Active
DP000953001,EE0009530,Ethan,Chen,Child,2001-04-23,F,Active
DP000953101,EE0009531,Amara,Taylor,Child,2007-10-18,M,Active
DP000953501,EE0009535,Elena,Bennett,Child,2019-06-05,M,Active
DP000953701,EE0009537,Malik,Williams,Child,2020-01-25,F,Active
DP000953702,EE0009537,Kevin,Williams,Child,2001-02-21,M,Active
DP000954001,EE0009540,Ethan,Wilson,Child,2004-04-21,F,Active
DP000954101,EE0009541,Nia,Nguyen,Child,2009-02-06,M,Active
DP000954501,EE0009545,Elena,Okafor,Domestic Partner,1990-09-04,M,Active
DP000954701,EE0009547,Michael,Martinez,Child,2023-06-20,M,Active
DP000954702,EE0009547,Nia,Martinez,Child,2019-04-26,F,Active
DP000954801,EE0009548,Michael,Johnson,Child,2016-11-09,F,Active
DP000955201,EE0009552,Kevin,Adeyemi,Child,2003-11-28,F,Active
DP000955202,EE0009552,Sophia,Adeyemi,Child,2021-01-06,F,Active
DP000955203,EE0009552,Andre,Adeyemi,Child,2013-01-20,F,Active
DP000955301,EE0009553,Olivia,Moore,Spouse,1983-04-09,M,Active
DP000955302,EE0009553,Priya,Moore,Child,2022-11-23,M,Active
DP000955401,EE0009554,Daniel,Patel,Child,2022-01-30,F,Active
DP000955501,EE0009555,Victor,Garcia,Child,2020-12-08,M,Active
DP000955502,EE0009555,Grace,Garcia,Child,2020-02-24,M,Active
DP000955503,EE0009555,Ethan,Garcia,Child,2023-11-11,M,Active
DP000955601,EE0009556,Amara,Smith,Child,2005-09-03,M,Active
DP000955602,EE0009556,Leah,Smith,Child,2023-03-16,F,Active
DP000955801,EE0009558,David,Mensah,Spouse,1969-04-10,F,Active
DP000955802,EE0009558,Naomi,Mensah,Child,2003-05-22,F,Active
DP000955901,EE0009559,Elena,Campbell,Domestic Partner,1978-10-20,F,Active
DP000956201,EE0009562,Leah,Davis,Spouse,1993-04-03,M,Active
DP000956202,EE0009562,Luis,Davis,Child,2026-06-09,F,Active
DP000956601,EE0009566,Kevin,Johnson,Child,2023-07-01,M,Active
DP000956901,EE0009569,Noah,Walker,Child,2009-03-21,F,Active
DP000956902,EE0009569,Malik,Walker,Child,2025-07-19,F,Active
DP000956903,EE0009569,Michael,Walker,Child,2005-03-10,F,Active
DP000957001,EE0009570,Maya,Bennett,Domestic Partner,1998-04-12,F,Active
DP000957101,EE0009571,Maya,Lewis,Child,2024-10-07,F,Active
DP000957801,EE0009578,Victor,Patel,Domestic Partner,1974-12-02,M,Active
DP000958001,EE0009580,Elena,Robinson,Domestic Partner,1990-04-07,M,Active
DP000958002,EE0009580,David,Robinson,Child,2020-07-08,F,Active
DP000958003,EE0009580,Leah,Robinson,Child,2007-10-28,F,Active
DP000958301,EE0009583,Daniel,Hernandez,Child,2007-10-31,M,Active
DP000958302,EE0009583,Ethan,Hernandez,Child,2012-05-31,M,Active
DP000958401,EE0009584,Victor,Robinson,Spouse,2002-01-09,M,Active
DP000958501,EE0009585,Angela,Lewis,Child,2023-07-18,F,Active
DP000958801,EE0009588,Chiamaka,Lewis,Child,2024-02-12,F,Active
DP000959201,EE0009592,Grace,Walker,Spouse,1975-03-07,F,Active
DP000959801,EE0009598,Chiamaka,Taylor,Spouse,2000-06-13,F,Active
DP000960101,EE0009601,Jordan,Moore,Spouse,1981-07-03,F,Active
DP000960102,EE0009601,Jordan,Moore,Child,2021-11-23,F,Active
DP000960201,EE0009602,Elena,Patel,Child,2013-10-13,M,Active
DP000960202,EE0009602,Isaiah,Patel,Child,2017-09-11,M,Active
DP000960203,EE0009602,Olivia,Patel,Child,2018-08-05,F,Active
DP000960401,EE0009604,Priya,Brown,Domestic Partner,1987-10-03,M,Active
DP000960402,EE0009604,Angela,Brown,Child,2017-03-22,M,Active
DP000960501,EE0009605,Jordan,Johnson,Domestic Partner,1970-12-22,M,Active
DP000961001,EE0009610,Aaliyah,Davis,Domestic Partner,2000-07-30,F,Active
DP000961002,EE0009610,Grace,Davis,Child,2017-08-16,F,Active
DP000961301,EE0009613,Omar,Ibrahim,Child,2001-10-11,M,Active
DP000961302,EE0009613,Luis,Ibrahim,Child,2013-04-15,F,Active
DP000961401,EE0009614,Michael,Davis,Domestic Partner,1961-09-05,F,Active
DP000961501,EE0009615,Angela,Kim,Spouse,1978-12-22,F,Active
DP000961701,EE0009617,Carlos,Chen,Child,2021-06-21,F,Active
DP000961901,EE0009619,Luis,Thomas,Domestic Partner,1985-05-21,F,Active
DP000961902,EE0009619,Angela,Thomas,Child,2021-03-17,F,Active
DP000962001,EE0009620,Grace,Okafor,Domestic Partner,1995-04-26,M,Active
DP000962002,EE0009620,Samuel,Okafor,Child,2022-08-22,F,Active
DP000962301,EE0009623,Leah,Johnson,Spouse,1981-05-14,F,Active
DP000962302,EE0009623,Chiamaka,Johnson,Child,2010-10-02,M,Active
DP000962303,EE0009623,Zoe,Johnson,Child,2020-08-25,F,Active
DP000962601,EE0009626,Kevin,Taylor,Spouse,1983-01-11,F,Active
DP000962801,EE0009628,Sophia,Kim,Domestic Partner,1965-11-01,F,Active
DP000962802,EE0009628,Daniel,Kim,Child,2004-05-17,M,Active
DP000962901,EE0009629,Omar,Smith,Child,2018-03-02,M,Active
DP000962902,EE0009629,Malik,Smith,Child,2014-07-24,M,Active
DP000963201,EE0009632,Ethan,Johnson,Child,2007-04-28,M,Active
DP000963202,EE0009632,Kevin,Johnson,Child,2025-02-26,M,Active
DP000963401,EE0009634,Victor,Chen,Spouse,1970-07-31,M,Active
DP000963501,EE0009635,Priya,Adams,Domestic Partner,1999-02-01,F,Active
DP000963601,EE0009636,Michael,Miller,Child,2013-03-23,F,Active
DP000963602,EE0009636,Chiamaka,Miller,Child,2024-06-02,F,Active
DP000963801,EE0009638,Nia,Johnson,Child,2015-01-20,M,Active
DP000963901,EE0009639,Aaliyah,Brown,Domestic Partner,1976-02-27,M,Active
DP000963902,EE0009639,Luis,Brown,Child,2022-09-13,F,Active
DP000964201,EE0009642,Sophia,Martinez,Spouse,1974-07-16,F,Active
DP000964202,EE0009642,Jordan,Martinez,Child,2000-03-26,F,Active
DP000964301,EE0009643,Andre,Brown,Child,2024-07-10,F,Active
DP000964302,EE0009643,Elena,Brown,Child,2025-04-30,F,Active
DP000964701,EE0009647,Michael,Davis,Domestic Partner,1972-04-25,F,Active
DP000964702,EE0009647,Ethan,Davis,Child,2020-09-28,M,Active
DP000964901,EE0009649,Noah,Ibrahim,Child,2009-09-10,M,Active
DP000964902,EE0009649,Daniel,Ibrahim,Child,2016-02-06,F,Active
DP000965001,EE0009650,David,Wilson,Domestic Partner,2005-12-07,M,Active
DP000965201,EE0009652,Amara,Chen,Domestic Partner,1986-08-17,M,Active
DP000965202,EE0009652,Sophia,Chen,Child,2015-09-14,F,Active
DP000965601,EE0009656,Naomi,Garcia,Child,2006-07-20,M,Active
DP000965602,EE0009656,Malik,Garcia,Child,2013-11-17,F,Active
DP000965701,EE0009657,Luis,Hernandez,Child,2011-02-08,M,Active
DP000965901,EE0009659,Chiamaka,Moore,Child,2008-02-14,F,Active
DP000965902,EE0009659,Ethan,Moore,Child,2007-08-07,F,Active
DP000966201,EE0009662,Amara,Johnson,Child,2014-04-01,M,Active
DP000966202,EE0009662,Carlos,Johnson,Child,2020-04-18,F,Active
DP000966301,EE0009663,Jordan,Taylor,Spouse,2000-12-13,M,Active
DP000966302,EE0009663,Chiamaka,Taylor,Child,2026-03-23,M,Active
DP000966303,EE0009663,Omar,Taylor,Child,2024-02-13,F,Active
DP000966501,EE0009665,Sophia,Miller,Domestic Partner,1987-01-12,F,Active
DP000966502,EE0009665,Daniel,Miller,Child,2018-07-22,M,Active
DP000966601,EE0009666,Samuel,Miller,Child,2014-05-16,F,Active
DP000966602,EE0009666,Kevin,Miller,Child,2007-08-21,M,Active
DP000967001,EE0009670,Naomi,Lewis,Spouse,1968-03-28,F,Active
DP000967002,EE0009670,Jordan,Lewis,Child,2023-04-21,F,Active
DP000967401,EE0009674,Kevin,Mensah,Child,2023-07-23,F,Active
DP000967402,EE0009674,Malik,Mensah,Child,2018-05-28,M,Active
DP000967501,EE0009675,Victor,Adams,Child,2024-08-12,F,Active
DP000967502,EE0009675,Chiamaka,Adams,Child,2026-05-24,F,Active
DP000967701,EE0009677,Leah,Nguyen,Child,2015-04-26,M,Active
DP000967801,EE0009678,Olivia,Campbell,Spouse,1983-11-21,M,Active
DP000968001,EE0009680,Kevin,Kim,Child,2017-06-16,M,Active
DP000968101,EE0009681,Daniel,Bennett,Child,2018-04-03,M,Active
DP000968102,EE0009681,Leah,Bennett,Child,2023-04-27,F,Active
DP000968103,EE0009681,Noah,Bennett,Child,2019-03-22,M,Active
DP000968201,EE0009682,Fatima,Kim,Child,2023-01-31,F,Active
DP000968202,EE0009682,Naomi,Kim,Child,2019-07-01,F,Active
DP000968203,EE0009682,Leah,Kim,Child,2021-10-31,M,Active
DP000968501,EE0009685,Michael,Adams,Child,2010-08-04,F,Active
DP000969001,EE0009690,Michael,Miller,Domestic Partner,2001-09-20,M,Active
DP000969101,EE0009691,Ethan,Moore,Domestic Partner,1983-04-28,F,Active
DP000969301,EE0009693,Kevin,Okafor,Child,2017-06-14,M,Active
DP000969302,EE0009693,Grace,Okafor,Child,2019-10-29,M,Active
DP000969303,EE0009693,Nia,Okafor,Child,2018-03-28,M,Active
DP000969401,EE0009694,Jordan,Lewis,Domestic Partner,1968-03-03,F,Active
DP000969501,EE0009695,Daniel,Johnson,Child,2019-06-16,F,Active
DP000969801,EE0009698,Ethan,Lewis,Spouse,1964-06-17,F,Active
DP000969901,EE0009699,David,Miller,Spouse,2000-02-28,F,Active
DP000970001,EE0009700,Michael,Taylor,Child,2018-09-26,M,Active
DP000970801,EE0009708,Jordan,Lewis,Child,2022-02-25,M,Active
DP000971101,EE0009711,Elena,Nguyen,Child,2025-08-23,M,Active
DP000971102,EE0009711,Isaiah,Nguyen,Child,2023-12-21,M,Active
DP000971103,EE0009711,Jordan,Nguyen,Child,2002-09-06,F,Active
DP000971201,EE0009712,Angela,Williams,Child,2024-05-07,M,Active
DP000971301,EE0009713,Victor,Okafor,Child,2016-03-30,M,Active
DP000971701,EE0009717,Omar,Lewis,Child,2022-01-02,F,Active
DP000971702,EE0009717,Naomi,Lewis,Child,2017-02-10,F,Active
DP000971901,EE0009719,Naomi,Miller,Spouse,1997-09-10,M,Active
DP000972001,EE0009720,Omar,Robinson,Domestic Partner,1970-08-26,M,Active
DP000972301,EE0009723,Michael,Taylor,Domestic Partner,1971-09-29,M,Active
DP000972302,EE0009723,Daniel,Taylor,Child,2008-04-29,F,Active
DP000972303,EE0009723,Fatima,Taylor,Child,2025-10-03,F,Active
DP000972401,EE0009724,Michael,Walker,Spouse,1968-01-13,F,Active
DP000972402,EE0009724,Sophia,Walker,Child,2000-04-12,F,Active
DP000972601,EE0009726,Aaliyah,Davis,Domestic Partner,1995-08-03,F,Active
DP000972701,EE0009727,Olivia,Mensah,Child,2020-09-30,F,Active
DP000973001,EE0009730,Andre,Mensah,Domestic Partner,1981-02-11,F,Active
DP000973101,EE0009731,Zoe,Williams,Child,2001-05-09,M,Active
DP000973401,EE0009734,Andre,Thomas,Child,2018-02-09,M,Active
DP000973402,EE0009734,Nia,Thomas,Child,2007-08-02,F,Active
DP000973601,EE0009736,Samuel,Hernandez,Child,2023-02-22,M,Active
DP000973701,EE0009737,Olivia,Martinez,Spouse,1973-08-14,F,Active
DP000973801,EE0009738,Priya,Bennett,Spouse,2002-02-19,F,Active
DP000973901,EE0009739,Jasmine,Chen,Spouse,1980-12-24,M,Active
DP000973902,EE0009739,Nia,Chen,Child,2006-09-04,M,Active
DP000974101,EE0009741,Ethan,Moore,Child,2005-06-02,M,Active
DP000974102,EE0009741,Luis,Moore,Child,2016-09-19,F,Active
DP000974301,EE0009743,Victor,Adams,Domestic Partner,1970-06-24,F,Active
DP000975101,EE0009751,Malik,Walker,Domestic Partner,1980-03-15,M,Active
DP000975102,EE0009751,Victor,Walker,Child,2002-08-02,F,Active
DP000975201,EE0009752,Amara,Robinson,Domestic Partner,1978-08-27,M,Active
DP000975301,EE0009753,Angela,Adeyemi,Child,2023-06-24,M,Active
DP000975302,EE0009753,David,Adeyemi,Child,2007-04-20,F,Active
DP000975303,EE0009753,Kevin,Adeyemi,Child,2013-07-05,M,Active
DP000975501,EE0009755,Zoe,Mensah,Spouse,1974-10-28,M,Active
DP000975801,EE0009758,David,Walker,Child,2000-07-03,F,Active
DP000975802,EE0009758,Ethan,Walker,Child,2024-05-07,F,Active
DP000975901,EE0009759,Olivia,Ibrahim,Spouse,1986-08-25,M,Active
DP000975902,EE0009759,Luis,Ibrahim,Child,2007-05-31,M,Active
DP000976001,EE0009760,Elena,Moore,Child,2013-07-19,F,Active
DP000976002,EE0009760,Noah,Moore,Child,2007-09-22,F,Active
DP000976101,EE0009761,Grace,Mensah,Child,2024-08-22,M,Active
DP000976201,EE0009762,Omar,Hernandez,Domestic Partner,1976-07-03,F,Active
DP000976501,EE0009765,Leah,Chen,Spouse,2005-12-29,F,Active
DP000976502,EE0009765,Maya,Chen,Child,2021-04-07,M,Active
DP000976601,EE0009766,Angela,Chen,Child,2007-09-01,F,Active
DP000976701,EE0009767,Amara,Adams,Spouse,1970-01-31,F,Active
DP000976801,EE0009768,David,Adeyemi,Child,2020-05-21,M,Active
DP000977201,EE0009772,Priya,Garcia,Spouse,1964-03-24,M,Active
DP000977202,EE0009772,Zoe,Garcia,Child,2023-04-30,M,Active
DP000977203,EE0009772,Fatima,Garcia,Child,2008-07-27,F,Active
DP000977401,EE0009774,Amara,Garcia,Child,2017-10-10,M,Active
DP000977402,EE0009774,Kevin,Garcia,Child,2019-01-11,M,Active
DP000977403,EE0009774,Grace,Garcia,Child,2016-06-23,M,Active
DP000977901,EE0009779,Kevin,Davis,Domestic Partner,1976-01-01,M,Active
DP000978001,EE0009780,Andre,Patel,Spouse,1971-04-25,F,Active
DP000978002,EE0009780,Grace,Patel,Child,2020-06-24,M,Active
DP000978301,EE0009783,Nia,Nguyen,Child,2020-08-04,F,Active
DP000978302,EE0009783,Priya,Nguyen,Child,2025-02-15,M,Active
DP000978401,EE0009784,Sophia,Thomas,Spouse,2001-12-11,M,Active
DP000978402,EE0009784,Daniel,Thomas,Child,2018-01-04,F,Active
DP000978403,EE0009784,Kevin,Thomas,Child,2013-05-09,M,Active
DP000978501,EE0009785,Isaiah,Hernandez,Spouse,1980-01-08,F,Active
DP000978601,EE0009786,Grace,Mensah,Child,2014-06-15,M,Active
DP000978701,EE0009787,Zoe,Campbell,Domestic Partner,1984-12-24,F,Active
DP000978702,EE0009787,David,Campbell,Child,2011-12-06,M,Active
DP000978801,EE0009788,Ethan,Hernandez,Domestic Partner,1964-04-19,F,Active
DP000978802,EE0009788,Amara,Hernandez,Child,2013-12-11,F,Active
DP000978803,EE0009788,Andre,Hernandez,Child,2002-12-09,M,Active
DP000979001,EE0009790,Kevin,Wilson,Spouse,1967-10-04,M,Active
DP000979002,EE0009790,David,Wilson,Child,2003-09-11,F,Active
DP000979101,EE0009791,Victor,Thomas,Domestic Partner,2002-03-30,F,Active
DP000979401,EE0009794,Chiamaka,Okafor,Spouse,1992-06-28,M,Active
DP000979402,EE0009794,Angela,Okafor,Child,2019-01-05,M,Active
DP000979501,EE0009795,Kevin,Robinson,Spouse,2006-08-11,F,Active
DP000979502,EE0009795,Ethan,Robinson,Child,2023-12-19,M,Active
DP000979601,EE0009796,Omar,Chen,Child,2024-09-19,M,Active
DP000979602,EE0009796,Jasmine,Chen,Child,2019-09-20,M,Active
DP000979801,EE0009798,Jasmine,Lewis,Child,2005-02-16,M,Active
DP000979901,EE0009799,Sophia,Smith,Domestic Partner,1967-11-27,M,Active
DP000979902,EE0009799,Jordan,Smith,Child,2020-06-21,F,Active
DP000979903,EE0009799,Victor,Smith,Child,2017-08-05,F,Active
DP000980201,EE0009802,Leah,Moore,Domestic Partner,2001-07-29,F,Active
DP000980202,EE0009802,Amara,Moore,Child,2018-08-15,M,Active
DP000980301,EE0009803,Isaiah,Garcia,Spouse,2000-10-14,M,Active
DP000980401,EE0009804,Noah,Johnson,Domestic Partner,1971-07-25,F,Active
DP000980402,EE0009804,Fatima,Johnson,Child,2004-09-11,M,Active
DP000980601,EE0009806,Chiamaka,Mensah,Spouse,1984-08-24,F,Active
DP000980602,EE0009806,Priya,Mensah,Child,2014-01-29,M,Active
DP000980701,EE0009807,Jasmine,Thomas,Domestic Partner,1996-08-07,F,Active
DP000980901,EE0009809,Fatima,Campbell,Domestic Partner,1971-10-13,M,Active
DP000981001,EE0009810,Nia,Moore,Domestic Partner,1995-11-13,M,Active
DP000981002,EE0009810,Isaiah,Moore,Child,2024-11-11,F,Active
DP000981101,EE0009811,Daniel,Mensah,Child,2024-07-12,F,Active
DP000981102,EE0009811,Priya,Mensah,Child,2024-04-25,F,Active
DP000981201,EE0009812,Angela,Taylor,Spouse,1963-04-16,F,Active
DP000981401,EE0009814,David,Okafor,Child,2002-06-19,M,Active
DP000981501,EE0009815,Noah,Okafor,Spouse,1983-03-11,M,Active
DP000981502,EE0009815,Olivia,Okafor,Child,2023-09-25,F,Active
DP000981601,EE0009816,Nia,Robinson,Spouse,1996-05-19,F,Active
DP000981701,EE0009817,Chiamaka,Taylor,Domestic Partner,1964-04-11,F,Active
DP000982201,EE0009822,Andre,Johnson,Domestic Partner,1970-11-05,M,Active
DP000982202,EE0009822,Noah,Johnson,Child,2004-12-01,F,Active
DP000982203,EE0009822,Luis,Johnson,Child,2024-06-21,F,Active
DP000982301,EE0009823,Angela,Smith,Spouse,1976-08-07,F,Active
DP000982302,EE0009823,Malik,Smith,Child,2018-05-04,M,Active
DP000982501,EE0009825,Maya,Adeyemi,Spouse,1989-02-13,F,Active
DP000982502,EE0009825,Jasmine,Adeyemi,Child,2023-07-08,F,Active
DP000982601,EE0009826,Ethan,Johnson,Spouse,1983-02-28,M,Active
DP000982602,EE0009826,Zoe,Johnson,Child,2002-11-27,M,Active
DP000982801,EE0009828,Nia,Adeyemi,Child,2026-03-30,M,Active
DP000983001,EE0009830,Aaliyah,Adams,Domestic Partner,1992-12-23,M,Active
DP000983601,EE0009836,Leah,Walker,Spouse,1964-02-25,F,Active
DP000984201,EE0009842,Luis,Adeyemi,Domestic Partner,1988-09-13,F,Active
DP000984202,EE0009842,David,Adeyemi,Child,2015-08-09,M,Active
DP000984301,EE0009843,Samuel,Lewis,Child,2014-06-24,M,Active
DP000984302,EE0009843,Daniel,Lewis,Child,2019-05-09,M,Active
DP000984601,EE0009846,Jasmine,Taylor,Domestic Partner,1964-05-14,F,Active
DP000984801,EE0009848,Michael,Chen,Spouse,1987-05-08,M,Active
DP000984802,EE0009848,Leah,Chen,Child,2003-02-01,M,Active
DP000985001,EE0009850,Sophia,Nguyen,Domestic Partner,1971-05-30,M,Active
DP000985002,EE0009850,Ethan,Nguyen,Child,2000-11-14,F,Active
DP000985003,EE0009850,Aaliyah,Nguyen,Child,2020-11-09,M,Active
DP000985201,EE0009852,Elena,Thomas,Spouse,1962-06-23,F,Active
DP000985202,EE0009852,Maya,Thomas,Child,2019-02-25,M,Active
DP000985203,EE0009852,Chiamaka,Thomas,Child,2001-10-03,M,Active
DP000985401,EE0009854,Kevin,Lewis,Spouse,2001-12-26,F,Active
DP000985601,EE0009856,Zoe,Moore,Spouse,1991-07-22,M,Active
DP000985602,EE0009856,Jasmine,Moore,Child,2013-01-28,F,Active
DP000985603,EE0009856,Daniel,Moore,Child,2021-01-20,F,Active
DP000986201,EE0009862,Jasmine,Garcia,Spouse,1970-02-08,F,Active
DP000986202,EE0009862,Priya,Garcia,Child,2012-02-14,M,Active
DP000986203,EE0009862,Leah,Garcia,Child,2025-09-20,M,Active
DP000986401,EE0009864,Amara,Kim,Spouse,1994-07-16,F,Active
DP000986501,EE0009865,Grace,Williams,Spouse,1992-02-28,M,Active
DP000986502,EE0009865,Jasmine,Williams,Child,2017-01-12,F,Active
DP000986601,EE0009866,Carlos,Miller,Domestic Partner,1998-07-13,F,Active
DP000986602,EE0009866,Aaliyah,Miller,Child,2026-02-08,M,Active
DP000986603,EE0009866,Michael,Miller,Child,2022-02-03,M,Active
DP000986901,EE0009869,Daniel,Okafor,Child,2025-11-08,M,Active
DP000987501,EE0009875,Victor,Taylor,Domestic Partner,1998-11-27,M,Active
DP000987502,EE0009875,Leah,Taylor,Child,2022-08-11,M,Active
DP000987901,EE0009879,Noah,Adams,Domestic Partner,1988-09-23,F,Active
DP000987902,EE0009879,Omar,Adams,Child,2001-05-12,M,Active
DP000987903,EE0009879,Aaliyah,Adams,Child,2023-11-21,F,Active
DP000988001,EE0009880,Priya,Patel,Child,2009-10-28,F,Active
DP000988002,EE0009880,Olivia,Patel,Child,2025-04-22,M,Active
DP000988101,EE0009881,Omar,Thomas,Spouse,2001-02-10,M,Active
DP000988102,EE0009881,Luis,Thomas,Child,2011-04-22,M,Active
DP000988103,EE0009881,Samuel,Thomas,Child,2012-09-15,F,Active
DP000988201,EE0009882,Kevin,Chen,Child,2014-10-24,M,Active
DP000988301,EE0009883,Fatima,Robinson,Spouse,1985-09-22,F,Active
DP000988302,EE0009883,Michael,Robinson,Child,2003-06-01,M,Active
DP000988401,EE0009884,Angela,Okafor,Domestic Partner,1977-08-25,M,Active
DP000988402,EE0009884,Isaiah,Okafor,Child,2008-12-12,F,Active
DP000988403,EE0009884,Ethan,Okafor,Child,2004-09-15,F,Active
DP000988501,EE0009885,Maya,Taylor,Spouse,1999-08-31,F,Active
DP000988901,EE0009889,Kevin,Adams,Child,2005-01-14,M,Active
DP000988902,EE0009889,David,Adams,Child,2022-01-15,F,Active
DP000988903,EE0009889,Carlos,Adams,Child,2005-05-19,F,Active
DP000989001,EE0009890,Fatima,Okafor,Child,2021-05-26,F,Active
DP000989101,EE0009891,Malik,Bennett,Spouse,1999-06-05,F,Active
DP000989102,EE0009891,Aaliyah,Bennett,Child,2025-05-18,M,Active
DP000989103,EE0009891,Noah,Bennett,Child,2024-09-16,M,Active
DP000989201,EE0009892,Fatima,Moore,Spouse,2005-05-06,M,Active
DP000989202,EE0009892,Michael,Moore,Child,2026-03-26,F,Active
DP000989301,EE0009893,Naomi,Campbell,Domestic Partner,1981-12-29,M,Active
DP000989302,EE0009893,Isaiah,Campbell,Child,2025-07-24,M,Active
DP000989601,EE0009896,Samuel,Miller,Spouse,1999-03-23,F,Active
DP000990201,EE0009902,Angela,Wilson,Spouse,1999-03-14,M,Active
DP000990301,EE0009903,Zoe,Robinson,Child,2019-03-14,M,Active
DP000990401,EE0009904,Chiamaka,Nguyen,Spouse,1976-03-30,M,Active
DP000990402,EE0009904,Nia,Nguyen,Child,2002-05-31,M,Active
DP000990601,EE0009906,Angela,Martinez,Domestic Partner,1965-05-31,M,Active
DP000990602,EE0009906,Grace,Martinez,Child,2002-07-28,F,Active
DP000990603,EE0009906,Omar,Martinez,Child,2014-04-05,F,Active
DP000990901,EE0009909,Maya,Bennett,Child,2013-07-08,M,Active
DP000991701,EE0009917,Priya,Johnson,Spouse,1988-05-25,M,Active
DP000991801,EE0009918,Malik,Bennett,Spouse,1964-04-04,M,Active
DP000991901,EE0009919,Priya,Moore,Spouse,1986-10-10,M,Active
DP000991902,EE0009919,Nia,Moore,Child,2007-01-25,M,Active
DP000991903,EE0009919,Carlos,Moore,Child,2002-11-24,F,Active
DP000992001,EE0009920,Fatima,Taylor,Child,2002-03-22,M,Active
DP000992002,EE0009920,Luis,Taylor,Child,2024-10-16,M,Active
DP000992003,EE0009920,Luis,Taylor,Child,2019-06-24,F,Active
DP000992301,EE0009923,Grace,Robinson,Spouse,1991-07-20,F,Active
DP000992302,EE0009923,Michael,Robinson,Child,2016-12-23,F,Active
DP000992303,EE0009923,Aaliyah,Robinson,Child,2021-11-19,M,Active
DP000992701,EE0009927,Jasmine,Davis,Child,2018-05-22,M,Active
DP000992702,EE0009927,Carlos,Davis,Child,2019-08-22,F,Active
DP000992801,EE0009928,Fatima,Johnson,Child,2019-06-17,M,Active
DP000992802,EE0009928,Grace,Johnson,Child,2017-03-01,F,Active
DP000992901,EE0009929,Victor,Miller,Child,2010-01-06,F,Active
DP000993001,EE0009930,Ethan,Brown,Child,2017-10-21,M,Active
DP000993801,EE0009938,Priya,Garcia,Child,2003-01-01,M,Active
DP000993802,EE0009938,Leah,Garcia,Child,2017-02-03,M,Active
DP000993803,EE0009938,Michael,Garcia,Child,2021-12-06,F,Active
DP000994201,EE0009942,David,Adams,Domestic Partner,2000-05-30,M,Active
DP000994202,EE0009942,Olivia,Adams,Child,2024-09-14,M,Active
DP000994203,EE0009942,Michael,Adams,Child,2020-02-18,F,Active
DP000994501,EE0009945,Sophia,Brown,Child,2019-04-02,M,Active
DP000994801,EE0009948,Michael,Smith,Domestic Partner,2007-06-29,M,Active
DP000995101,EE0009951,Malik,Hernandez,Spouse,1980-11-16,F,Active
DP000995102,EE0009951,Chiamaka,Hernandez,Child,2026-01-27,M,Active
DP000995301,EE0009953,Victor,Okafor,Spouse,1981-05-19,F,Active
DP000995501,EE0009955,Jasmine,Okafor,Child,2013-08-05,M,Active
DP000995601,EE0009956,Luis,Mensah,Spouse,2007-02-17,M,Active
DP000995701,EE0009957,Noah,Davis,Spouse,1972-04-21,F,Active
DP000995702,EE0009957,Andre,Davis,Child,2022-05-27,M,Active
DP000995801,EE0009958,Jasmine,Patel,Spouse,1999-10-05,M,Active
DP000996201,EE0009962,Omar,Patel,Spouse,1991-03-23,M,Active
DP000996301,EE0009963,Victor,Nguyen,Child,2023-11-14,F,Active
DP000996401,EE0009964,Maya,Williams,Child,2018-01-09,F,Active
DP000996402,EE0009964,Naomi,Williams,Child,2019-12-30,F,Active
DP000996501,EE0009965,Carlos,Adeyemi,Child,2016-07-19,F,Active
DP000996801,EE0009968,Victor,Mensah,Child,2015-12-19,M,Active
DP000996901,EE0009969,Leah,Campbell,Child,2023-10-27,F,Active
DP000997101,EE0009971,Zoe,Taylor,Domestic Partner,1969-02-07,M,Active
DP000997201,EE0009972,Zoe,Ibrahim,Domestic Partner,1963-05-27,M,Active
DP000997401,EE0009974,Zoe,Garcia,Domestic Partner,2000-02-08,F,Active
DP000997501,EE0009975,Luis,Bennett,Domestic Partner,1971-12-27,M,Active
DP000997601,EE0009976,Michael,Garcia,Child,2016-07-29,M,Active
DP000997602,EE0009976,Amara,Garcia,Child,2017-04-09,M,Active
DP000997603,EE0009976,Samuel,Garcia,Child,2021-03-04,M,Active
DP000997901,EE0009979,Victor,Williams,Spouse,1963-01-21,M,Active
DP000997902,EE0009979,Kevin,Williams,Child,2017-09-29,M,Active
DP000998101,EE0009981,Omar,Taylor,Child,2018-12-21,M,Active
DP000998102,EE0009981,Noah,Taylor,Child,2006-08-02,M,Active
DP000998103,EE0009981,Chiamaka,Taylor,Child,2009-07-27,M,Active
DP000998201,EE0009982,Omar,Patel,Child,2021-07-25,M,Active
DP000998202,EE0009982,Sophia,Patel,Child,2022-02-10,F,Active
DP000998203,EE0009982,Fatima,Patel,Child,2021-07-24,F,Active
DP000998301,EE0009983,Priya,Brown,Spouse,1989-08-05,M,Active
DP000998501,EE0009985,Daniel,Hernandez,Domestic Partner,1993-05-13,M,Active
DP000998502,EE0009985,Jordan,Hernandez,Child,2006-09-15,F,Active
DP000998503,EE0009985,Ethan,Hernandez,Child,2023-10-23,M,Active
DP000998601,EE0009986,Kevin,Wilson,Domestic Partner,2000-11-29,F,Active
DP000998602,EE0009986,Kevin,Wilson,Child,2024-03-24,M,Active
DP000998901,EE0009989,Victor,Wilson,Child,2022-08-15,F,Active
DP000998902,EE0009989,Malik,Wilson,Child,2026-02-04,F,Active
DP000999301,EE0009993,Omar,Chen,Child,2017-11-12,M,Active
DP000999401,EE0009994,Noah,Adeyemi,Spouse,1972-04-02,M,Active
DP000999601,EE0009996,Maya,Thomas,Domestic Partner,1970-12-03,F,Active
DP000999602,EE0009996,Sophia,Thomas,Child,2016-11-22,F,Active
DP000999701,EE0009997,Isaiah,Williams,Domestic Partner,1962-11-07,M,Active
DP000999702,EE0009997,Aaliyah,Williams,Child,2022-05-17,F,Active
DP000999703,EE0009997,Nia,Williams,Child,2018-03-08,M,Active
DP000999901,EE0009999,Sophia,Okafor,Child,2026-02-14,F,Active
DP001000001,EE0010000,Fatima,Taylor,Child,2006-05-21,M,Active
DP001000002,EE0010000,Sophia,Taylor,Child,2002-07-03,F,Active
