employee_id,employer_id,first_name,last_name,date_of_birth,hire_date,termination_date,employment_status,department,state
EE0000001,EMP1002,Samuel,Campbell,2003-09-21,2024-02-15,2025-12-28,Terminated,Sales,VA
EE0000002,EMP1001,Ethan,Brown,1996-01-01,2015-01-04,2024-08-31,Terminated,Human Resources,OH
EE0000003,EMP1005,Carlos,Adams,1970-04-24,2019-11-02,,Active,Customer Operations,DC
EE0000004,EMP1005,Victor,Robinson,1973-05-12,2019-09-21,,Active,Operations,NC
EE0000005,EMP1003,Olivia,Lewis,2000-08-29,2026-03-29,2026-06-27,Terminated,Legal and Compliance,OH
EE0000006,EMP1002,Kevin,Robinson,1965-07-10,2019-04-27,,Active,Information Technology,TX
EE0000007,EMP1005,Naomi,Adeyemi,1996-07-07,2018-02-26,2024-12-20,Terminated,Legal and Compliance,NY
EE0000008,EMP1002,Jasmine,Bennett,2002-02-01,2016-02-04,,Active,Finance,TX
EE0000009,EMP1004,Daniel,Chen,1997-03-29,2022-04-14,,Active,Information Technology,FL
EE0000010,EMP1003,Carlos,Patel,1974-12-30,2025-12-22,,Active,Human Resources,NC
EE0000011,EMP1002,Olivia,Wilson,1966-08-04,2022-08-11,,Active,Finance,TX
EE0000012,EMP1003,Chiamaka,Johnson,1997-05-21,2024-07-24,,Active,Legal and Compliance,OH
EE0000013,EMP1005,Fatima,Smith,1988-01-22,2025-01-11,,Active,Legal and Compliance,NY
EE0000014,EMP1001,Samuel,Kim,2005-07-09,2020-07-24,,Active,Finance,NC
EE0000015,EMP1004,Andre,Bennett,1982-03-10,2024-07-18,,Active,Supply Chain,FL
EE0000016,EMP1004,Noah,Chen,2000-11-13,2022-04-25,2024-06-19,Terminated,Administration,TX
EE0000017,EMP1002,Noah,Taylor,1990-05-22,2021-11-23,,Active,Customer Operations,FL
EE0000018,EMP1005,Michael,Kim,1994-01-30,2025-01-01,,Active,Legal and Compliance,NY
EE0000019,EMP1002,Noah,Smith,1988-02-13,2017-04-16,2024-06-30,Terminated,Information Technology,TX
EE0000020,EMP1005,Elena,Miller,1995-09-01,2026-06-15,,Active,Information Technology,NY
EE0000021,EMP1002,Isaiah,Smith,1961-09-19,2024-08-31,,Active,Finance,TX
EE0000022,EMP1004,Aaliyah,Patel,1986-09-13,2019-05-05,,Active,Sales,FL
EE0000023,EMP1005,Jasmine,Adams,1961-01-30,2022-09-29,,Active,Sales,OH
EE0000024,EMP1005,Michael,Adeyemi,2003-08-23,2024-06-17,2025-01-30,Terminated,Supply Chain,NY
EE0000025,EMP1001,Zoe,Williams,1986-04-30,2016-07-15,,Active,Customer Operations,NY
EE0000026,EMP1004,Omar,Garcia,2002-04-17,2019-06-19,,Active,Finance,NY
EE0000027,EMP1005,Maya,Robinson,2000-12-05,2018-04-12,,Active,Supply Chain,NY
EE0000028,EMP1005,Michael,Adeyemi,1974-04-04,2021-11-04,2025-04-28,Terminated,Supply Chain,TX
EE0000029,EMP1005,Amara,Walker,2002-10-16,2018-02-10,,Active,Operations,NY
EE0000030,EMP1005,Michael,Moore,1979-05-07,2026-04-18,,Active,Supply Chain,TX
EE0000031,EMP1004,Maya,Taylor,1995-10-15,2019-11-12,,Active,Administration,FL
EE0000032,EMP1003,Priya,Williams,1992-08-29,2021-09-08,,Active,Information Technology,VA
EE0000033,EMP1004,Fatima,Davis,2002-07-29,2015-01-08,,Active,Customer Operations,FL
EE0000034,EMP1003,Naomi,Robinson,1996-10-30,2015-08-08,,Active,Finance,VA
EE0000035,EMP1002,Maya,Patel,1984-11-02,2019-08-30,2024-07-10,Terminated,Administration,TX
EE0000036,EMP1005,Zoe,Walker,1971-02-14,2015-07-29,2025-02-07,Terminated,Finance,NY
EE0000037,EMP1002,Chiamaka,Adams,1995-11-07,2019-10-05,2024-10-08,Terminated,Administration,TX
EE0000038,EMP1001,Victor,Walker,1982-03-17,2026-04-19,,Active,Human Resources,MD
EE0000039,EMP1004,Malik,Nguyen,1968-09-28,2015-11-29,,Active,Operations,FL
EE0000040,EMP1005,Priya,Smith,1989-10-10,2016-09-13,,Active,Operations,NY
EE0000041,EMP1003,Malik,Lewis,1973-01-08,2017-04-25,,Active,Human Resources,TX
EE0000042,EMP1005,Isaiah,Lewis,1977-07-30,2014-06-09,,Active,Human Resources,NY
EE0000043,EMP1003,Luis,Garcia,1990-02-17,2025-10-16,,Active,Customer Operations,NY
EE0000044,EMP1001,Daniel,Smith,1989-08-07,2015-06-01,,Active,Legal and Compliance,DC
EE0000045,EMP1005,Omar,Taylor,2001-12-23,2017-05-30,,Active,Finance,NY
EE0000046,EMP1002,Samuel,Adeyemi,1984-01-25,2021-08-31,,Active,Administration,DC
EE0000047,EMP1005,Maya,Taylor,1968-03-25,2024-10-07,,Active,Sales,VA
EE0000048,EMP1001,Maya,Adeyemi,1987-12-05,2019-12-15,,Active,Information Technology,OH
EE0000049,EMP1004,Elena,Davis,1982-05-31,2021-07-25,,Active,Finance,FL
EE0000050,EMP1003,Omar,Campbell,1987-08-11,2025-07-29,,Active,Finance,NC
EE0000051,EMP1004,Leah,Garcia,2006-03-08,2015-11-14,,Active,Legal and Compliance,FL
EE0000052,EMP1005,Leah,Robinson,1997-11-02,2022-09-27,,Active,Legal and Compliance,DC
EE0000053,EMP1001,David,Kim,1987-11-21,2025-10-12,,Active,Legal and Compliance,NY
EE0000054,EMP1002,Luis,Mensah,2000-01-01,2025-10-19,,Active,Information Technology,TX
EE0000055,EMP1002,Amara,Okafor,1964-11-08,2018-11-16,2025-06-30,Terminated,Administration,NC
EE0000056,EMP1001,Aaliyah,Nguyen,1975-07-24,2026-04-30,,Active,Administration,FL
EE0000057,EMP1001,Isaiah,Smith,1990-02-03,2017-07-11,2025-09-10,Terminated,Legal and Compliance,OH
EE0000058,EMP1003,Priya,Campbell,1988-03-19,2023-06-19,,Active,Information Technology,NC
EE0000059,EMP1005,Fatima,Mensah,1990-11-15,2016-08-09,,Active,Finance,NY
EE0000060,EMP1001,Sophia,Kim,1969-09-26,2015-01-09,,Active,Customer Operations,DC
EE0000061,EMP1004,Naomi,Robinson,1987-12-20,2020-01-30,,Active,Operations,FL
EE0000062,EMP1005,Grace,Williams,2006-12-09,2025-06-19,,Active,Human Resources,FL
EE0000063,EMP1005,Ethan,Walker,1976-12-30,2022-10-24,,Active,Legal and Compliance,NY
EE0000064,EMP1002,Michael,Thomas,1981-06-07,2017-04-18,,Active,Supply Chain,OH
EE0000065,EMP1004,Ethan,Ibrahim,2007-01-22,2024-11-08,,Active,Sales,TX
EE0000066,EMP1002,Olivia,Garcia,1982-04-16,2015-01-14,2024-06-13,Terminated,Finance,TX
EE0000067,EMP1001,Maya,Bennett,2006-02-27,2021-11-30,,Active,Legal and Compliance,MD
EE0000068,EMP1001,Ethan,Walker,1969-08-07,2021-05-01,2026-02-28,Terminated,Sales,NC
EE0000069,EMP1001,Jasmine,Moore,1986-03-20,2024-07-01,,Active,Operations,OH
EE0000070,EMP1003,Ethan,Ibrahim,2000-08-15,2014-05-19,,Active,Finance,NC
EE0000071,EMP1004,Kevin,Williams,1971-10-21,2025-03-19,,Active,Sales,FL
EE0000072,EMP1001,Naomi,Patel,2002-06-17,2020-07-30,,Active,Customer Operations,OH
EE0000073,EMP1005,Priya,Williams,1975-05-11,2025-03-27,,Active,Legal and Compliance,NY
EE0000074,EMP1001,Naomi,Lewis,1998-06-26,2024-09-23,,Active,Human Resources,OH
EE0000075,EMP1004,Jasmine,Adeyemi,2004-09-12,2018-07-24,,Active,Administration,FL
EE0000076,EMP1005,Isaiah,Lewis,1980-09-23,2014-05-03,2025-01-25,Terminated,Information Technology,FL
EE0000077,EMP1005,Malik,Garcia,1961-02-25,2024-05-09,,Active,Information Technology,NY
EE0000078,EMP1001,Sophia,Chen,1994-08-30,2015-01-31,,Active,Legal and Compliance,OH
EE0000079,EMP1002,Samuel,Wilson,1974-10-13,2019-04-12,,Active,Supply Chain,TX
EE0000080,EMP1005,Fatima,Okafor,1980-01-02,2018-12-05,,Active,Administration,NY
EE0000081,EMP1005,Ethan,Adams,1970-03-21,2022-03-30,,Active,Administration,NY
EE0000082,EMP1004,Michael,Patel,1979-09-13,2018-09-04,,Active,Legal and Compliance,TX
EE0000083,EMP1005,Naomi,Taylor,1974-11-25,2024-07-23,,Active,Legal and Compliance,NY
EE0000084,EMP1004,Fatima,Adams,1984-08-18,2022-02-16,,Active,Sales,NY
EE0000085,EMP1002,Amara,Martinez,1990-11-26,2024-09-01,,Active,Legal and Compliance,NY
EE0000086,EMP1005,Jordan,Bennett,2006-04-20,2019-08-15,2024-02-12,Terminated,Administration,VA
EE0000087,EMP1004,Olivia,Miller,2002-09-10,2021-06-25,,Active,Operations,DC
EE0000088,EMP1001,Elena,Ibrahim,1992-03-06,2014-10-27,,Active,Customer Operations,OH
EE0000089,EMP1002,Zoe,Chen,1997-07-31,2018-03-23,,Active,Human Resources,TX
EE0000090,EMP1003,Zoe,Miller,1995-11-12,2016-06-12,,Active,Sales,FL
EE0000091,EMP1005,Jasmine,Williams,1988-07-20,2024-08-19,,Active,Supply Chain,NY
EE0000092,EMP1005,Jordan,Ibrahim,2001-09-16,2015-07-15,,Active,Finance,MD
EE0000093,EMP1004,Leah,Lewis,1993-07-09,2020-01-24,,Active,Sales,NC
EE0000094,EMP1004,Amara,Thomas,1974-10-08,2019-03-28,,Active,Supply Chain,FL
EE0000095,EMP1003,Olivia,Martinez,1962-08-10,2021-05-29,,Active,Sales,NC
EE0000096,EMP1004,Grace,Miller,1967-12-16,2021-07-28,,Active,Finance,FL
EE0000097,EMP1004,Amara,Kim,1998-02-14,2023-02-24,,Active,Supply Chain,FL
EE0000098,EMP1001,Michael,Miller,1974-03-27,2020-03-09,,Active,Customer Operations,OH
EE0000099,EMP1003,Luis,Johnson,1964-07-03,2023-02-27,,Active,Information Technology,FL
EE0000100,EMP1002,Leah,Kim,1976-11-03,2015-01-12,,Active,Legal and Compliance,TX
EE0000101,EMP1004,Jasmine,Smith,2001-07-26,2024-11-04,,Active,Customer Operations,FL
EE0000102,EMP1004,Chiamaka,Hernandez,2002-05-07,2014-12-19,2025-02-25,Terminated,Customer Operations,FL
EE0000103,EMP1001,Kevin,Davis,1968-07-08,2023-01-12,2024-04-25,Terminated,Customer Operations,OH
EE0000104,EMP1003,Maya,Ibrahim,2002-04-21,2024-02-25,,Active,Information Technology,FL
EE0000105,EMP1005,Kevin,Garcia,1983-08-05,2022-10-21,,Active,Finance,VA
EE0000106,EMP1005,Noah,Ibrahim,1989-08-08,2020-07-27,,Active,Operations,NY
EE0000107,EMP1004,Angela,Martinez,1974-04-06,2022-03-17,2026-02-09,Terminated,Supply Chain,NY
EE0000108,EMP1002,Carlos,Johnson,1974-04-19,2015-09-29,2026-06-28,Terminated,Administration,TX
EE0000109,EMP1004,Samuel,Walker,1995-08-26,2016-09-03,2024-11-08,Terminated,Information Technology,FL
EE0000110,EMP1003,Omar,Wilson,1977-12-08,2018-10-17,,Active,Administration,TX
EE0000111,EMP1005,Nia,Kim,1986-01-17,2014-04-05,,Active,Human Resources,NY
EE0000112,EMP1005,Malik,Bennett,1983-06-23,2014-08-30,,Active,Finance,OH
EE0000113,EMP1003,Malik,Bennett,1969-02-04,2025-04-26,,Active,Finance,MD
EE0000114,EMP1003,Priya,Mensah,1982-02-06,2017-02-13,2025-09-01,Terminated,Customer Operations,NC
EE0000115,EMP1004,Angela,Miller,1994-10-17,2023-11-12,2026-04-30,Terminated,Sales,NY
EE0000116,EMP1001,Samuel,Martinez,2000-06-21,2022-09-13,,Active,Operations,NY
EE0000117,EMP1003,Maya,Ibrahim,1985-03-30,2020-07-12,,Active,Operations,NY
EE0000118,EMP1005,Victor,Miller,1967-02-22,2021-06-17,,Active,Information Technology,NY
EE0000119,EMP1001,David,Ibrahim,1976-12-17,2021-01-17,,Active,Operations,OH
EE0000120,EMP1001,Elena,Ibrahim,1995-10-01,2024-12-18,2025-09-28,Terminated,Legal and Compliance,TX
EE0000121,EMP1005,Amara,Walker,1971-06-09,2017-09-07,,Active,Customer Operations,DC
EE0000122,EMP1002,Andre,Taylor,1983-04-22,2017-03-31,,Active,Supply Chain,NC
EE0000123,EMP1003,Samuel,Nguyen,1984-04-25,2020-08-30,,Active,Customer Operations,NC
EE0000124,EMP1004,Omar,Brown,1992-04-17,2021-12-01,2025-07-13,Terminated,Finance,FL
EE0000125,EMP1004,Isaiah,Chen,1968-01-19,2024-04-23,,Active,Supply Chain,FL
EE0000126,EMP1002,Carlos,Davis,1993-08-10,2020-09-01,,Active,Finance,TX
EE0000127,EMP1003,Chiamaka,Adeyemi,1970-01-12,2022-02-10,2024-04-14,Terminated,Administration,NC
EE0000128,EMP1002,Angela,Mensah,1971-04-12,2019-10-01,,Active,Human Resources,DC
EE0000129,EMP1003,Maya,Hernandez,1989-02-07,2020-01-24,,Active,Information Technology,MD
EE0000130,EMP1003,Zoe,Martinez,1979-06-22,2018-08-02,,Active,Sales,NC
EE0000131,EMP1005,Zoe,Nguyen,1973-11-28,2025-10-28,,Active,Sales,NY
EE0000132,EMP1004,Naomi,Davis,1970-06-22,2015-07-10,,Active,Information Technology,MD
EE0000133,EMP1004,Grace,Taylor,2006-10-07,2021-10-25,,Active,Administration,FL
EE0000134,EMP1001,Zoe,Okafor,1963-08-14,2014-03-27,,Active,Human Resources,MD
EE0000135,EMP1001,Fatima,Walker,1988-12-04,2019-09-09,,Active,Customer Operations,MD
EE0000136,EMP1002,Zoe,Smith,1969-03-21,2016-10-10,,Active,Customer Operations,TX
EE0000137,EMP1004,Noah,Adeyemi,1964-02-13,2016-07-22,,Active,Legal and Compliance,TX
EE0000138,EMP1003,Priya,Taylor,1967-10-26,2018-06-17,,Active,Administration,NC
EE0000139,EMP1002,Naomi,Garcia,2004-06-01,2024-12-11,,Active,Supply Chain,TX
EE0000140,EMP1005,Jasmine,Bennett,2004-10-19,2019-02-16,,Active,Finance,OH
EE0000141,EMP1002,Luis,Nguyen,1980-10-22,2021-08-13,,Active,Administration,NC
EE0000142,EMP1001,David,Mensah,1990-01-06,2024-04-30,,Active,Supply Chain,OH
EE0000143,EMP1002,Jasmine,Taylor,2001-11-07,2015-07-22,,Active,Legal and Compliance,TX
EE0000144,EMP1002,Fatima,Garcia,1985-07-18,2020-11-17,,Active,Human Resources,TX
EE0000145,EMP1005,Malik,Moore,1992-11-01,2020-04-25,,Active,Customer Operations,FL
EE0000146,EMP1005,Samuel,Patel,1975-08-21,2026-02-14,,Active,Information Technology,TX
EE0000147,EMP1002,Carlos,Walker,1998-08-01,2017-03-27,2024-04-03,Terminated,Human Resources,TX
EE0000148,EMP1003,Naomi,Patel,1981-01-23,2019-05-29,,Active,Customer Operations,TX
EE0000149,EMP1002,David,Okafor,1971-11-27,2024-07-11,2026-07-01,Terminated,Human Resources,TX
EE0000150,EMP1001,Chiamaka,Williams,1986-02-23,2017-10-03,2024-04-01,Terminated,Customer Operations,FL
EE0000151,EMP1001,Olivia,Nguyen,1965-09-19,2020-01-30,,Active,Finance,OH
EE0000152,EMP1003,Nia,Adeyemi,1971-12-11,2024-06-21,,Active,Customer Operations,MD
EE0000153,EMP1005,Kevin,Moore,1993-10-15,2026-03-02,2026-06-22,Terminated,Information Technology,OH
EE0000154,EMP1003,Elena,Garcia,1969-07-02,2025-07-21,,Active,Legal and Compliance,NC
EE0000155,EMP1005,Daniel,Johnson,1985-04-06,2022-02-15,,Active,Customer Operations,NY
EE0000156,EMP1003,Noah,Smith,1965-11-17,2018-09-09,,Active,Operations,NY
EE0000157,EMP1005,Kevin,Bennett,1968-12-05,2015-06-25,2024-11-22,Terminated,Administration,NY
EE0000158,EMP1004,Zoe,Taylor,2000-12-11,2022-06-14,,Active,Operations,FL
EE0000159,EMP1001,Zoe,Davis,2002-10-16,2024-12-18,,Active,Supply Chain,FL
EE0000160,EMP1001,Grace,Johnson,2005-05-31,2014-06-06,2025-09-09,Terminated,Operations,TX
EE0000161,EMP1003,Isaiah,Garcia,2005-11-23,2014-09-25,,Active,Information Technology,NC
EE0000162,EMP1003,Daniel,Campbell,1968-09-20,2024-07-24,,Active,Supply Chain,NC
EE0000163,EMP1001,Victor,Walker,1964-10-07,2025-02-20,,Active,Customer Operations,NC
EE0000164,EMP1003,Zoe,Robinson,2002-04-05,2022-03-09,,Active,Information Technology,MD
EE0000165,EMP1004,David,Wilson,1990-07-31,2023-09-26,,Active,Administration,FL
EE0000166,EMP1004,Carlos,Kim,1988-06-05,2019-10-31,,Active,Customer Operations,NY
EE0000167,EMP1003,Olivia,Taylor,1964-05-13,2016-04-14,,Active,Supply Chain,NC
EE0000168,EMP1004,Jordan,Moore,1964-07-26,2019-07-12,2025-07-10,Terminated,Finance,FL
EE0000169,EMP1005,Noah,Hernandez,1986-07-05,2023-06-23,,Active,Customer Operations,OH
EE0000170,EMP1004,Isaiah,Walker,2000-05-15,2018-12-03,,Active,Finance,NY
EE0000171,EMP1001,Maya,Taylor,1975-08-05,2016-08-31,,Active,Customer Operations,MD
EE0000172,EMP1003,Malik,Bennett,1975-03-15,2022-05-13,,Active,Supply Chain,NC
EE0000173,EMP1003,Elena,Johnson,1973-08-05,2023-05-29,,Active,Legal and Compliance,NC
EE0000174,EMP1002,Jasmine,Taylor,1971-07-13,2018-03-04,,Active,Supply Chain,TX
EE0000175,EMP1001,Omar,Wilson,1984-07-25,2024-09-30,,Active,Human Resources,TX
EE0000176,EMP1005,Angela,Smith,1970-12-14,2022-03-25,2024-01-04,Terminated,Operations,NY
EE0000177,EMP1004,Nia,Thomas,1971-08-09,2014-08-21,,Active,Administration,FL
EE0000178,EMP1004,Elena,Adeyemi,2005-04-16,2014-05-30,,Active,Customer Operations,TX
EE0000179,EMP1005,Isaiah,Chen,1991-02-04,2019-02-15,,Active,Supply Chain,TX
EE0000180,EMP1001,Jasmine,Adeyemi,1992-01-13,2017-05-24,,Active,Supply Chain,OH
EE0000181,EMP1003,Samuel,Hernandez,1981-02-28,2021-12-15,,Active,Administration,VA
EE0000182,EMP1003,Leah,Brown,2001-06-27,2024-03-09,2024-08-18,Terminated,Operations,NC
EE0000183,EMP1005,Isaiah,Kim,1993-10-17,2017-08-25,2025-01-02,Terminated,Information Technology,NY
EE0000184,EMP1005,Zoe,Hernandez,1994-05-30,2016-09-29,,Active,Customer Operations,MD
EE0000185,EMP1004,Elena,Ibrahim,1982-03-15,2014-12-22,2024-01-14,Terminated,Finance,VA
EE0000186,EMP1002,Sophia,Garcia,1992-11-09,2022-04-23,,Active,Information Technology,TX
EE0000187,EMP1003,Jasmine,Chen,1980-08-25,2020-01-10,,Active,Legal and Compliance,NC
EE0000188,EMP1002,Leah,Adeyemi,1992-06-18,2021-11-21,,Active,Customer Operations,DC
EE0000189,EMP1002,Omar,Campbell,1987-11-06,2014-08-28,2025-09-22,Terminated,Human Resources,TX
EE0000190,EMP1001,Leah,Martinez,1987-06-29,2015-04-13,,Active,Sales,OH
EE0000191,EMP1003,Grace,Smith,2004-02-25,2018-08-21,2026-01-13,Terminated,Information Technology,FL
EE0000192,EMP1003,Priya,Nguyen,1969-05-14,2014-04-02,2024-10-09,Terminated,Finance,OH
EE0000193,EMP1001,Jordan,Ibrahim,1983-04-21,2020-03-27,,Active,Administration,OH
EE0000194,EMP1003,Jasmine,Patel,1975-03-17,2021-09-03,,Active,Human Resources,NC
EE0000195,EMP1005,Ethan,Wilson,1980-08-16,2014-08-19,2025-03-28,Terminated,Operations,NY
EE0000196,EMP1005,Priya,Johnson,2004-06-25,2021-06-01,,Active,Information Technology,NY
EE0000197,EMP1001,Olivia,Smith,1980-09-18,2016-03-08,2024-06-21,Terminated,Human Resources,MD
EE0000198,EMP1001,Naomi,Mensah,1982-03-11,2015-12-17,,Active,Human Resources,TX
EE0000199,EMP1002,Grace,Wilson,2005-11-19,2024-07-04,,Active,Customer Operations,VA
EE0000200,EMP1001,Carlos,Adeyemi,1994-04-10,2024-05-24,,Active,Administration,NY
EE0000201,EMP1003,Samuel,Patel,1995-08-31,2018-07-22,,Active,Operations,NC
EE0000202,EMP1005,Naomi,Okafor,1980-08-21,2016-04-07,,Active,Sales,VA
EE0000203,EMP1004,Chiamaka,Robinson,2006-01-24,2018-02-15,,Active,Human Resources,FL
EE0000204,EMP1005,Leah,Thomas,1979-05-09,2023-08-05,,Active,Human Resources,FL
EE0000205,EMP1002,Andre,Miller,1987-06-28,2021-02-22,,Active,Operations,TX
EE0000206,EMP1005,Samuel,Ibrahim,1978-06-21,2024-06-25,,Active,Administration,NY
EE0000207,EMP1003,Amara,Davis,2005-07-05,2019-06-11,,Active,Administration,NC
EE0000208,EMP1001,Chiamaka,Nguyen,1995-02-10,2019-04-17,,Active,Sales,OH
EE0000209,EMP1005,Nia,Hernandez,2005-08-09,2018-09-19,2024-03-16,Terminated,Sales,NY
EE0000210,EMP1005,Malik,Moore,1978-12-02,2015-09-22,,Active,Supply Chain,TX
EE0000211,EMP1002,Victor,Kim,1979-10-02,2024-08-16,,Active,Legal and Compliance,NC
EE0000212,EMP1005,Isaiah,Adeyemi,2003-11-11,2026-01-21,,Active,Legal and Compliance,TX
EE0000213,EMP1003,Angela,Williams,1997-01-25,2016-02-03,2024-02-20,Terminated,Customer Operations,NC
EE0000214,EMP1005,Andre,Garcia,2001-03-30,2019-09-23,,Active,Operations,NY
EE0000215,EMP1001,Olivia,Patel,1965-10-22,2014-01-31,2024-08-25,Terminated,Operations,NC
EE0000216,EMP1002,Fatima,Robinson,1965-10-07,2025-01-18,2025-11-12,Terminated,Operations,TX
EE0000217,EMP1004,Andre,Chen,1982-07-13,2014-01-26,,Active,Administration,NY
EE0000218,EMP1003,Omar,Brown,1977-01-25,2017-03-29,,Active,Human Resources,DC
EE0000219,EMP1005,Luis,Miller,1983-03-02,2015-11-11,,Active,Legal and Compliance,NY
EE0000220,EMP1001,Michael,Walker,1992-11-10,2018-03-21,,Active,Finance,OH
EE0000221,EMP1003,Naomi,Martinez,1971-02-21,2018-08-12,,Active,Sales,NC
EE0000222,EMP1002,Leah,Williams,1993-02-06,2021-11-03,,Active,Supply Chain,TX
EE0000223,EMP1004,Jasmine,Williams,1966-05-17,2017-04-07,,Active,Sales,NY
EE0000224,EMP1004,Kevin,Johnson,1964-01-04,2019-01-05,,Active,Sales,MD
EE0000225,EMP1005,Jordan,Walker,1991-01-26,2018-07-23,,Active,Human Resources,NY
EE0000226,EMP1004,Ethan,Garcia,2007-01-04,2021-03-21,,Active,Legal and Compliance,OH
EE0000227,EMP1005,Victor,Chen,1999-01-13,2015-08-20,,Active,Supply Chain,TX
EE0000228,EMP1003,Nia,Smith,1996-10-19,2025-05-04,,Active,Finance,NC
EE0000229,EMP1002,David,Smith,1975-12-30,2024-10-26,,Active,Operations,TX
EE0000230,EMP1005,Naomi,Garcia,1990-05-07,2024-10-25,,Active,Sales,NY
EE0000231,EMP1004,Chiamaka,Ibrahim,1983-05-18,2017-11-12,,Active,Administration,OH
EE0000232,EMP1005,Fatima,Adeyemi,1969-01-11,2022-02-27,,Active,Supply Chain,NY
EE0000233,EMP1003,Fatima,Hernandez,1993-01-16,2020-09-16,,Active,Supply Chain,MD
EE0000234,EMP1002,Fatima,Martinez,1969-01-26,2026-02-18,,Active,Information Technology,DC
EE0000235,EMP1003,Kevin,Martinez,1975-10-18,2018-05-21,,Active,Human Resources,NC
EE0000236,EMP1004,Jordan,Patel,1980-03-18,2015-04-04,,Active,Human Resources,FL
EE0000237,EMP1002,Daniel,Chen,1995-07-19,2016-02-27,,Active,Operations,OH
EE0000238,EMP1004,Sophia,Campbell,1985-04-10,2020-03-14,2026-01-15,Terminated,Human Resources,MD
EE0000239,EMP1005,Michael,Adeyemi,1968-08-12,2022-03-06,,Active,Customer Operations,NY
EE0000240,EMP1005,Leah,Campbell,1975-09-28,2023-07-20,,Active,Finance,FL
EE0000241,EMP1005,Nia,Walker,1978-01-06,2026-05-09,,Active,Customer Operations,NY
EE0000242,EMP1001,Victor,Nguyen,1973-02-07,2014-10-15,,Active,Administration,OH
EE0000243,EMP1004,Nia,Chen,1983-09-14,2014-04-10,,Active,Sales,VA
EE0000244,EMP1001,Ethan,Nguyen,2000-12-28,2022-07-23,,Active,Sales,OH
EE0000245,EMP1001,Kevin,Adeyemi,1974-05-10,2018-08-09,,Active,Finance,OH
EE0000246,EMP1003,David,Wilson,1965-07-27,2018-01-22,,Active,Customer Operations,FL
EE0000247,EMP1003,Michael,Martinez,1982-11-05,2021-10-12,,Active,Customer Operations,NC
EE0000248,EMP1004,Zoe,Hernandez,1970-08-21,2018-03-11,,Active,Human Resources,NY
EE0000249,EMP1002,Sophia,Williams,1976-11-15,2020-01-28,,Active,Supply Chain,TX
EE0000250,EMP1003,Maya,Martinez,1987-09-06,2014-11-22,,Active,Finance,NC
EE0000251,EMP1005,Olivia,Smith,1962-09-10,2025-10-18,2025-11-30,Terminated,Information Technology,NY
EE0000252,EMP1001,David,Robinson,1999-08-09,2014-06-05,,Active,Legal and Compliance,OH
EE0000253,EMP1002,Jordan,Thomas,2006-05-28,2021-09-04,,Active,Administration,TX
EE0000254,EMP1005,Fatima,Thomas,1985-12-07,2020-11-29,,Active,Finance,OH
EE0000255,EMP1005,Elena,Nguyen,1983-06-29,2018-04-12,,Active,Administration,DC
EE0000256,EMP1003,Samuel,Thomas,1988-07-13,2015-07-26,,Active,Supply Chain,NC
EE0000257,EMP1001,Isaiah,Lewis,1982-12-13,2014-02-16,,Active,Customer Operations,FL
EE0000258,EMP1001,Zoe,Johnson,1990-01-24,2021-08-28,,Active,Customer Operations,NC
EE0000259,EMP1004,Andre,Patel,1979-07-29,2022-10-15,,Active,Supply Chain,DC
EE0000260,EMP1003,Ethan,Williams,1987-07-28,2018-03-16,,Active,Supply Chain,NY
EE0000261,EMP1001,Angela,Wilson,1996-06-20,2019-05-11,,Active,Information Technology,OH
EE0000262,EMP1002,Ethan,Williams,1964-06-23,2015-08-29,,Active,Administration,FL
EE0000263,EMP1004,Noah,Okafor,1981-01-25,2014-04-18,,Active,Customer Operations,NC
EE0000264,EMP1002,Olivia,Miller,1992-02-12,2023-12-08,2025-12-10,Terminated,Legal and Compliance,TX
EE0000265,EMP1004,Sophia,Adams,1972-06-19,2021-03-19,,Active,Operations,VA
EE0000266,EMP1003,Victor,Chen,1997-03-04,2018-05-14,,Active,Customer Operations,NC
EE0000267,EMP1004,Daniel,Ibrahim,1982-02-07,2014-12-20,,Active,Customer Operations,FL
EE0000268,EMP1004,Maya,Smith,1996-06-21,2017-02-04,,Active,Customer Operations,FL
EE0000269,EMP1004,Maya,Campbell,1979-07-27,2022-05-05,,Active,Information Technology,VA
EE0000270,EMP1002,Michael,Adeyemi,1981-04-12,2015-10-08,,Active,Supply Chain,TX
EE0000271,EMP1004,Jordan,Robinson,2003-02-10,2020-07-12,,Active,Human Resources,FL
EE0000272,EMP1005,Naomi,Adams,1972-10-09,2025-11-01,,Active,Information Technology,TX
EE0000273,EMP1005,Andre,Miller,1975-10-25,2018-05-15,,Active,Human Resources,OH
EE0000274,EMP1001,David,Garcia,1970-09-03,2025-06-16,,Active,Sales,OH
EE0000275,EMP1003,Jordan,Campbell,1994-09-17,2026-03-12,,Active,Information Technology,MD
EE0000276,EMP1005,Malik,Robinson,1964-11-20,2017-12-04,,Active,Supply Chain,NY
EE0000277,EMP1003,Daniel,Adeyemi,1962-12-28,2017-03-16,,Active,Customer Operations,NC
EE0000278,EMP1001,Maya,Garcia,1989-02-17,2015-10-03,,Active,Legal and Compliance,FL
EE0000279,EMP1004,Andre,Hernandez,1969-12-08,2024-12-09,2026-06-06,Terminated,Human Resources,VA
EE0000280,EMP1004,Isaiah,Taylor,1977-07-17,2020-05-08,,Active,Sales,VA
EE0000281,EMP1001,Luis,Wilson,2005-11-24,2019-12-10,,Active,Human Resources,OH
EE0000282,EMP1001,Jasmine,Williams,2002-02-26,2021-04-15,,Active,Administration,OH
EE0000283,EMP1005,Naomi,Moore,1993-10-22,2018-02-10,,Active,Legal and Compliance,NY
EE0000284,EMP1003,Omar,Lewis,1992-09-01,2016-10-01,,Active,Customer Operations,NC
EE0000285,EMP1001,Grace,Taylor,1982-10-17,2022-07-10,2025-01-16,Terminated,Sales,TX
EE0000286,EMP1002,David,Moore,1987-11-25,2016-02-23,,Active,Administration,TX
EE0000287,EMP1003,Michael,Walker,1988-12-19,2015-03-14,,Active,Legal and Compliance,VA
EE0000288,EMP1005,Naomi,Adams,1980-03-22,2026-05-08,2026-06-30,Terminated,Human Resources,DC
EE0000289,EMP1004,Noah,Lewis,1965-12-02,2016-07-06,,Active,Administration,NY
EE0000290,EMP1005,Victor,Chen,1979-02-24,2022-04-20,2024-02-25,Terminated,Supply Chain,DC
EE0000291,EMP1001,Ethan,Taylor,1982-11-08,2020-12-25,,Active,Legal and Compliance,OH
EE0000292,EMP1004,Chiamaka,Taylor,1979-10-14,2015-11-23,2025-08-22,Terminated,Information Technology,FL
EE0000293,EMP1004,Ethan,Garcia,1987-05-04,2024-12-09,2025-12-22,Terminated,Operations,FL
EE0000294,EMP1001,Nia,Hernandez,1998-10-07,2015-02-23,,Active,Human Resources,NY
EE0000295,EMP1002,Michael,Hernandez,2000-10-18,2014-04-21,,Active,Supply Chain,NC
EE0000296,EMP1002,Jordan,Hernandez,1996-06-10,2025-05-10,,Active,Supply Chain,TX
EE0000297,EMP1004,David,Adeyemi,2000-01-30,2014-08-09,,Active,Human Resources,FL
EE0000298,EMP1003,Omar,Hernandez,1975-04-28,2022-12-27,,Active,Operations,MD
EE0000299,EMP1005,Sophia,Mensah,2003-11-08,2017-09-13,,Active,Operations,NY
EE0000300,EMP1005,Grace,Martinez,1974-05-16,2024-03-03,,Active,Legal and Compliance,NY
EE0000301,EMP1003,Maya,Wilson,1971-12-22,2017-05-19,,Active,Administration,NC
EE0000302,EMP1005,Daniel,Williams,1999-08-13,2015-09-19,2024-02-15,Terminated,Sales,NY
EE0000303,EMP1005,Leah,Mensah,1966-01-03,2023-05-15,,Active,Information Technology,MD
EE0000304,EMP1001,Chiamaka,Walker,2005-06-14,2019-07-29,,Active,Sales,OH
EE0000305,EMP1001,Elena,Lewis,1997-12-31,2021-08-03,2026-02-10,Terminated,Information Technology,OH
EE0000306,EMP1001,Kevin,Moore,1984-04-09,2016-03-31,,Active,Information Technology,OH
EE0000307,EMP1002,Angela,Bennett,1994-02-17,2020-10-21,,Active,Finance,MD
EE0000308,EMP1003,Leah,Walker,1986-03-09,2014-08-19,2025-08-21,Terminated,Information Technology,NC
EE0000309,EMP1003,Sophia,Adeyemi,2007-03-15,2024-09-12,,Active,Operations,NC
EE0000310,EMP1005,Fatima,Chen,2006-09-20,2015-09-20,2026-02-27,Terminated,Legal and Compliance,NY
EE0000311,EMP1005,Nia,Chen,1961-07-29,2017-02-27,,Active,Finance,NY
EE0000312,EMP1004,Sophia,Ibrahim,1982-06-19,2015-01-14,,Active,Sales,DC
EE0000313,EMP1002,Omar,Taylor,1981-12-22,2018-02-12,,Active,Administration,MD
EE0000314,EMP1003,David,Lewis,1998-01-12,2020-04-01,,Active,Legal and Compliance,TX
EE0000315,EMP1004,Victor,Robinson,1983-12-07,2017-01-26,,Active,Operations,FL
EE0000316,EMP1002,Victor,Campbell,1985-07-07,2026-06-11,,Active,Operations,TX
EE0000317,EMP1003,Noah,Kim,1968-06-07,2018-04-14,,Active,Legal and Compliance,NC
EE0000318,EMP1001,Malik,Adams,2004-09-07,2026-04-12,,Active,Supply Chain,FL
EE0000319,EMP1001,Chiamaka,Lewis,1995-05-26,2015-08-09,,Active,Customer Operations,OH
EE0000320,EMP1004,Daniel,Patel,1998-10-25,2024-04-12,2025-04-08,Terminated,Administration,FL
EE0000321,EMP1005,Olivia,Campbell,1998-12-17,2016-09-15,,Active,Customer Operations,NC
EE0000322,EMP1005,Daniel,Brown,2005-09-20,2023-03-09,,Active,Finance,NY
EE0000323,EMP1003,Olivia,Thomas,1995-07-02,2015-02-01,,Active,Supply Chain,NC
EE0000324,EMP1002,Nia,Lewis,2006-07-30,2024-08-05,,Active,Sales,TX
EE0000325,EMP1004,Naomi,Walker,1984-09-19,2024-12-20,,Active,Customer Operations,FL
EE0000326,EMP1004,Michael,Bennett,1984-11-01,2018-09-11,2026-01-14,Terminated,Supply Chain,FL
EE0000327,EMP1002,Carlos,Wilson,1976-09-09,2016-03-02,,Active,Operations,FL
EE0000328,EMP1004,Victor,Ibrahim,1963-12-23,2016-04-04,,Active,Human Resources,OH
EE0000329,EMP1003,Ethan,Miller,1996-01-31,2025-12-07,,Active,Customer Operations,NC
EE0000330,EMP1004,Jasmine,Brown,1981-01-17,2021-01-10,,Active,Operations,MD
EE0000331,EMP1003,Zoe,Martinez,1994-10-06,2017-03-21,,Active,Finance,OH
EE0000332,EMP1002,Nia,Davis,1971-12-26,2016-01-31,2024-07-13,Terminated,Information Technology,TX
EE0000333,EMP1004,Omar,Adams,1990-08-13,2024-12-03,2025-09-01,Terminated,Human Resources,TX
EE0000334,EMP1001,Victor,Kim,1996-01-19,2015-06-01,,Active,Sales,OH
EE0000335,EMP1004,Grace,Johnson,1977-09-19,2024-04-22,,Active,Customer Operations,FL
EE0000336,EMP1005,Ethan,Campbell,1972-12-13,2023-04-27,,Active,Legal and Compliance,NC
EE0000337,EMP1005,Luis,Ibrahim,1990-11-08,2017-12-09,,Active,Finance,NC
EE0000338,EMP1003,Noah,Wilson,1986-05-30,2022-06-01,,Active,Administration,NY
EE0000339,EMP1001,Elena,Miller,1971-12-10,2015-06-26,,Active,Sales,MD
EE0000340,EMP1003,Michael,Smith,2002-05-14,2017-10-30,,Active,Information Technology,NC
EE0000341,EMP1002,Aaliyah,Adeyemi,1970-07-01,2014-07-04,,Active,Sales,TX
EE0000342,EMP1003,Angela,Moore,1987-05-14,2023-08-04,,Active,Information Technology,NC
EE0000343,EMP1005,Ethan,Taylor,1975-11-02,2022-07-11,,Active,Finance,NY
EE0000344,EMP1003,Jordan,Johnson,1993-01-24,2017-05-29,,Active,Information Technology,TX
EE0000345,EMP1001,Daniel,Garcia,1995-04-19,2015-07-17,,Active,Customer Operations,OH
EE0000346,EMP1005,Daniel,Brown,1995-07-15,2022-11-05,,Active,Operations,NY
EE0000347,EMP1005,David,Walker,2001-05-10,2014-07-03,,Active,Finance,TX
EE0000348,EMP1003,Nia,Wilson,2007-05-24,2024-04-23,2024-09-18,Terminated,Administration,MD
EE0000349,EMP1005,Chiamaka,Taylor,1961-03-10,2022-11-07,,Active,Supply Chain,NY
EE0000350,EMP1003,Olivia,Wilson,1976-10-26,2017-06-12,2026-05-18,Terminated,Operations,NC
EE0000351,EMP1001,Victor,Thomas,1972-04-04,2015-04-18,,Active,Human Resources,NC
EE0000352,EMP1002,Priya,Brown,1973-06-03,2025-12-11,,Active,Information Technology,TX
EE0000353,EMP1005,Maya,Robinson,2004-01-16,2017-10-27,,Active,Human Resources,DC
EE0000354,EMP1004,Michael,Lewis,1971-04-23,2016-09-11,,Active,Sales,FL
EE0000355,EMP1004,Kevin,Martinez,1979-05-03,2025-09-13,2026-02-06,Terminated,Supply Chain,FL
EE0000356,EMP1004,Amara,Williams,2001-07-28,2026-03-18,,Active,Supply Chain,FL
EE0000357,EMP1005,Angela,Chen,2002-05-13,2017-09-09,2024-02-23,Terminated,Human Resources,TX
EE0000358,EMP1002,Michael,Hernandez,1993-03-04,2017-01-24,,Active,Administration,TX
EE0000359,EMP1003,Ethan,Walker,1982-07-02,2017-08-13,,Active,Customer Operations,NC
EE0000360,EMP1001,Luis,Taylor,1980-07-03,2018-03-01,,Active,Legal and Compliance,VA
EE0000361,EMP1005,Jordan,Davis,1986-05-27,2024-11-01,,Active,Administration,NY
EE0000362,EMP1003,Olivia,Robinson,1971-12-28,2022-02-17,,Active,Customer Operations,NC
EE0000363,EMP1002,Elena,Adeyemi,1962-04-19,2016-02-08,2024-12-29,Terminated,Finance,OH
EE0000364,EMP1003,Sophia,Chen,1974-04-23,2017-02-04,,Active,Sales,TX
EE0000365,EMP1002,Andre,Adams,1979-01-20,2019-11-11,,Active,Supply Chain,MD
EE0000366,EMP1003,Chiamaka,Campbell,1985-10-03,2018-03-27,,Active,Operations,NC
EE0000367,EMP1001,Jordan,Smith,1972-04-19,2015-05-07,,Active,Operations,OH
EE0000368,EMP1002,Sophia,Miller,1969-04-09,2016-03-22,,Active,Information Technology,NY
EE0000369,EMP1002,Michael,Williams,2001-01-28,2020-07-29,,Active,Human Resources,TX
EE0000370,EMP1005,Luis,Hernandez,1996-10-23,2014-02-18,2024-09-02,Terminated,Finance,MD
EE0000371,EMP1003,David,Okafor,1975-06-17,2025-06-18,,Active,Sales,NC
EE0000372,EMP1005,Michael,Ibrahim,1964-01-13,2014-12-16,,Active,Legal and Compliance,NY
EE0000373,EMP1005,Naomi,Wilson,1982-01-31,2018-05-22,,Active,Sales,NY
EE0000374,EMP1005,Ethan,Brown,1991-03-14,2023-12-28,,Active,Customer Operations,FL
EE0000375,EMP1001,Leah,Martinez,1966-06-19,2017-06-24,,Active,Legal and Compliance,NC
EE0000376,EMP1001,Maya,Campbell,1976-06-19,2016-12-31,,Active,Human Resources,TX
EE0000377,EMP1002,Victor,Mensah,1974-04-13,2016-01-25,,Active,Human Resources,OH
EE0000378,EMP1004,Isaiah,Mensah,1970-10-17,2023-06-02,,Active,Finance,FL
EE0000379,EMP1001,Leah,Adams,1967-02-08,2025-08-31,,Active,Finance,OH
EE0000380,EMP1004,Malik,Patel,1976-08-29,2017-08-28,2025-12-31,Terminated,Information Technology,DC
EE0000381,EMP1004,Jasmine,Garcia,1996-01-18,2014-03-30,,Active,Human Resources,DC
EE0000382,EMP1001,Ethan,Garcia,1976-12-23,2020-11-03,,Active,Human Resources,OH
EE0000383,EMP1003,Naomi,Hernandez,1984-09-01,2025-12-21,2026-02-15,Terminated,Finance,NC
EE0000384,EMP1001,Leah,Patel,1992-04-03,2023-10-19,,Active,Supply Chain,DC
EE0000385,EMP1003,Ethan,Wilson,1987-09-07,2022-02-23,,Active,Supply Chain,NC
EE0000386,EMP1005,Isaiah,Miller,1993-09-18,2026-04-09,,Active,Human Resources,NC
EE0000387,EMP1001,Leah,Adeyemi,2002-05-19,2022-02-07,,Active,Supply Chain,NY
EE0000388,EMP1004,Jasmine,Thomas,1986-09-29,2026-02-24,,Active,Sales,FL
EE0000389,EMP1005,Jasmine,Adeyemi,1965-01-19,2023-08-05,,Active,Legal and Compliance,DC
EE0000390,EMP1002,David,Kim,1980-05-17,2017-08-23,,Active,Operations,NY
EE0000391,EMP1005,Fatima,Adams,2006-07-25,2018-03-21,,Active,Supply Chain,NY
EE0000392,EMP1003,Nia,Lewis,1974-09-08,2025-08-16,,Active,Human Resources,NC
EE0000393,EMP1002,Elena,Williams,1963-01-09,2015-02-14,,Active,Sales,TX
EE0000394,EMP1001,Chiamaka,Kim,1997-08-06,2016-08-22,,Active,Legal and Compliance,MD
EE0000395,EMP1002,Amara,Walker,1994-03-18,2015-01-28,,Active,Sales,NY
EE0000396,EMP1005,Omar,Moore,1991-12-21,2017-01-20,,Active,Finance,NY
EE0000397,EMP1003,Elena,Mensah,2006-12-08,2022-04-21,,Active,Human Resources,NC
EE0000398,EMP1001,Priya,Walker,1963-03-05,2018-04-07,,Active,Information Technology,NC
EE0000399,EMP1003,Luis,Johnson,1994-11-11,2025-02-04,,Active,Administration,NC
EE0000400,EMP1001,Daniel,Brown,1995-04-05,2017-07-30,,Active,Finance,MD
EE0000401,EMP1002,Kevin,Garcia,1986-09-07,2017-04-22,,Active,Customer Operations,FL
EE0000402,EMP1002,Olivia,Walker,1999-02-13,2020-11-22,,Active,Customer Operations,TX
EE0000403,EMP1005,Priya,Taylor,1999-07-08,2020-10-18,,Active,Information Technology,DC
EE0000404,EMP1002,Jordan,Ibrahim,1989-06-15,2023-04-14,,Active,Human Resources,TX
EE0000405,EMP1001,Kevin,Nguyen,1990-02-15,2023-08-02,,Active,Legal and Compliance,OH
EE0000406,EMP1005,Carlos,Martinez,1999-09-05,2023-09-02,,Active,Legal and Compliance,VA
EE0000407,EMP1003,Maya,Davis,1971-02-16,2015-03-20,,Active,Supply Chain,TX
EE0000408,EMP1003,Kevin,Brown,1992-07-13,2015-01-05,,Active,Information Technology,DC
EE0000409,EMP1005,Naomi,Walker,1997-01-16,2014-01-07,2024-10-20,Terminated,Administration,NY
EE0000410,EMP1002,Aaliyah,Miller,2002-09-18,2019-12-14,,Active,Human Resources,TX
EE0000411,EMP1003,Omar,Robinson,1990-10-21,2025-04-30,,Active,Operations,NC
EE0000412,EMP1004,Luis,Okafor,1981-06-26,2017-10-19,,Active,Information Technology,FL
EE0000413,EMP1005,Jordan,Davis,1992-07-23,2022-04-19,,Active,Finance,NY
EE0000414,EMP1001,Carlos,Adams,1972-09-26,2015-06-16,,Active,Human Resources,VA
EE0000415,EMP1004,Elena,Nguyen,2001-03-16,2015-03-20,2024-01-06,Terminated,Administration,FL
EE0000416,EMP1005,Omar,Chen,1975-08-01,2014-11-18,,Active,Supply Chain,NY
EE0000417,EMP1005,David,Kim,2003-09-10,2024-02-11,,Active,Legal and Compliance,DC
EE0000418,EMP1004,Carlos,Taylor,1978-08-30,2022-10-29,,Active,Administration,FL
EE0000419,EMP1005,Daniel,Mensah,1990-12-13,2021-09-13,,Active,Legal and Compliance,NY
EE0000420,EMP1002,Daniel,Martinez,1992-10-25,2021-09-02,,Active,Administration,TX
EE0000421,EMP1004,Fatima,Brown,1978-04-11,2020-05-18,,Active,Human Resources,FL
EE0000422,EMP1003,Angela,Ibrahim,1991-10-05,2023-03-20,,Active,Supply Chain,NC
EE0000423,EMP1001,Elena,Garcia,1965-10-12,2015-01-22,,Active,Information Technology,FL
EE0000424,EMP1005,Sophia,Kim,2000-08-24,2021-01-02,,Active,Operations,FL
EE0000425,EMP1005,Leah,Thomas,2006-05-06,2018-10-02,,Active,Human Resources,FL
EE0000426,EMP1005,Victor,Brown,1991-12-20,2015-04-29,,Active,Information Technology,MD
EE0000427,EMP1001,Jordan,Taylor,1977-12-24,2018-09-26,,Active,Information Technology,OH
EE0000428,EMP1005,Amara,Bennett,1992-10-08,2025-06-14,,Active,Human Resources,DC
EE0000429,EMP1002,Omar,Campbell,2006-07-06,2014-06-23,,Active,Information Technology,TX
EE0000430,EMP1005,Leah,Martinez,1964-12-21,2026-04-20,,Active,Legal and Compliance,VA
EE0000431,EMP1004,Andre,Mensah,1969-06-11,2021-08-06,,Active,Sales,FL
EE0000432,EMP1001,Michael,Johnson,1962-07-21,2019-04-06,,Active,Customer Operations,OH
EE0000433,EMP1001,Malik,Smith,1975-07-15,2017-12-13,,Active,Operations,OH
EE0000434,EMP1003,Luis,Campbell,1979-01-15,2023-05-08,,Active,Operations,NY
EE0000435,EMP1005,Maya,Johnson,1990-03-20,2024-05-11,,Active,Operations,VA
EE0000436,EMP1004,Chiamaka,Kim,1993-07-29,2021-05-25,,Active,Human Resources,FL
EE0000437,EMP1005,Isaiah,Garcia,2007-05-12,2022-06-07,,Active,Human Resources,VA
EE0000438,EMP1003,Andre,Walker,1970-07-22,2016-05-21,,Active,Information Technology,NC
EE0000439,EMP1005,Chiamaka,Brown,2001-05-19,2025-06-25,,Active,Human Resources,FL
EE0000440,EMP1005,Michael,Johnson,1981-10-15,2015-04-17,,Active,Human Resources,NY
EE0000441,EMP1002,Elena,Bennett,1982-01-26,2015-04-01,,Active,Supply Chain,TX
EE0000442,EMP1001,Michael,Moore,1994-04-26,2015-07-30,2024-05-01,Terminated,Administration,VA
EE0000443,EMP1004,Jordan,Moore,2006-05-16,2018-09-01,,Active,Human Resources,FL
EE0000444,EMP1002,Jordan,Garcia,2007-06-23,2015-11-07,,Active,Customer Operations,TX
EE0000445,EMP1004,Chiamaka,Martinez,1982-04-23,2026-01-11,,Active,Sales,VA
EE0000446,EMP1003,Michael,Campbell,1961-04-18,2022-01-14,,Active,Legal and Compliance,OH
EE0000447,EMP1005,Omar,Chen,1961-03-20,2017-07-20,,Active,Operations,FL
EE0000448,EMP1001,Omar,Johnson,1984-12-24,2014-12-04,,Active,Legal and Compliance,OH
EE0000449,EMP1002,Omar,Campbell,1968-06-29,2024-09-26,,Active,Finance,TX
EE0000450,EMP1003,David,Martinez,1998-04-18,2015-02-24,,Active,Information Technology,VA
EE0000451,EMP1001,Ethan,Hernandez,1966-08-21,2026-01-30,,Active,Operations,OH
EE0000452,EMP1002,Victor,Moore,1983-05-19,2023-11-27,,Active,Sales,MD
EE0000453,EMP1004,Zoe,Williams,1981-04-27,2016-05-17,2025-11-16,Terminated,Legal and Compliance,FL
EE0000454,EMP1003,Aaliyah,Miller,1979-11-10,2017-04-08,,Active,Supply Chain,OH
EE0000455,EMP1004,Priya,Martinez,1962-08-11,2021-08-14,2024-01-02,Terminated,Administration,DC
EE0000456,EMP1003,Zoe,Campbell,1988-05-31,2026-04-05,,Active,Administration,VA
EE0000457,EMP1001,Nia,Williams,1994-12-17,2018-01-15,,Active,Human Resources,OH
EE0000458,EMP1002,Michael,Davis,1974-05-22,2022-02-06,,Active,Administration,VA
EE0000459,EMP1005,Andre,Smith,1983-07-09,2018-01-21,,Active,Information Technology,NY
EE0000460,EMP1002,Naomi,Brown,1999-06-18,2016-03-07,,Active,Human Resources,TX
EE0000461,EMP1002,Luis,Ibrahim,1981-03-21,2020-11-05,,Active,Sales,MD
EE0000462,EMP1003,Nia,Adams,1992-10-11,2019-03-18,,Active,Finance,NC
EE0000463,EMP1003,Michael,Mensah,1988-02-28,2023-07-11,,Active,Customer Operations,NC
EE0000464,EMP1002,Jasmine,Lewis,1988-03-09,2020-10-16,,Active,Finance,NY
EE0000465,EMP1002,Olivia,Okafor,1979-10-10,2016-11-12,,Active,Supply Chain,TX
EE0000466,EMP1004,Nia,Bennett,1981-07-01,2019-06-05,,Active,Operations,FL
EE0000467,EMP1004,Chiamaka,Mensah,1980-11-20,2015-12-04,,Active,Finance,MD
EE0000468,EMP1003,Malik,Chen,1990-09-08,2015-11-01,,Active,Administration,NC
EE0000469,EMP1004,Aaliyah,Miller,1981-07-01,2018-06-25,2024-10-30,Terminated,Customer Operations,FL
EE0000470,EMP1005,Aaliyah,Lewis,1970-04-14,2023-02-13,2026-06-01,Terminated,Human Resources,NY
EE0000471,EMP1002,Daniel,Campbell,1974-07-13,2022-02-07,,Active,Customer Operations,OH
EE0000472,EMP1001,Samuel,Mensah,1963-12-21,2018-07-08,,Active,Supply Chain,OH
EE0000473,EMP1002,Michael,Mensah,2007-02-18,2019-02-28,,Active,Sales,TX
EE0000474,EMP1004,Grace,Bennett,1983-05-29,2023-01-23,,Active,Administration,NY
EE0000475,EMP1004,Ethan,Brown,1994-09-06,2016-05-26,,Active,Human Resources,NY
EE0000476,EMP1001,Isaiah,Johnson,1961-12-09,2021-05-03,,Active,Human Resources,OH
EE0000477,EMP1005,Isaiah,Kim,2003-04-21,2023-10-25,,Active,Information Technology,FL
EE0000478,EMP1001,Michael,Taylor,1970-06-26,2015-10-07,2025-08-11,Terminated,Sales,DC
EE0000479,EMP1001,David,Thomas,2006-12-19,2015-12-19,,Active,Administration,FL
EE0000480,EMP1004,Jordan,Okafor,1977-01-05,2021-11-21,,Active,Finance,FL
EE0000481,EMP1004,Isaiah,Wilson,1974-07-01,2025-07-09,2025-10-08,Terminated,Administration,FL
EE0000482,EMP1003,Elena,Ibrahim,2003-10-23,2016-09-15,,Active,Operations,FL
EE0000483,EMP1001,Angela,Walker,1997-02-23,2024-04-29,,Active,Sales,MD
EE0000484,EMP1003,Noah,Lewis,1979-08-18,2019-07-27,,Active,Information Technology,NC
EE0000485,EMP1001,Nia,Bennett,1981-02-17,2024-11-19,,Active,Finance,OH
EE0000486,EMP1001,Aaliyah,Johnson,2004-05-20,2021-05-08,,Active,Administration,DC
EE0000487,EMP1003,Fatima,Hernandez,1985-01-08,2019-06-29,,Active,Human Resources,NC
EE0000488,EMP1003,Leah,Walker,1981-03-29,2014-11-28,,Active,Supply Chain,NC
EE0000489,EMP1004,Luis,Hernandez,1991-06-01,2015-12-03,,Active,Information Technology,DC
EE0000490,EMP1001,Carlos,Moore,1982-05-10,2025-06-06,,Active,Administration,OH
EE0000491,EMP1002,Luis,Wilson,1965-06-06,2022-12-14,,Active,Information Technology,TX
EE0000492,EMP1001,Luis,Martinez,1979-08-25,2018-03-02,,Active,Operations,DC
EE0000493,EMP1005,Andre,Patel,1995-01-06,2023-07-09,,Active,Information Technology,NY
EE0000494,EMP1002,Priya,Kim,1996-01-28,2021-10-28,2024-08-26,Terminated,Human Resources,TX
EE0000495,EMP1003,Maya,Walker,1968-10-04,2018-03-05,,Active,Sales,TX
EE0000496,EMP1005,Fatima,Williams,1973-05-28,2024-09-04,,Active,Information Technology,MD
EE0000497,EMP1002,Malik,Wilson,1976-07-25,2022-02-26,,Active,Administration,TX
EE0000498,EMP1002,Naomi,Taylor,1962-10-31,2019-04-23,,Active,Supply Chain,VA
EE0000499,EMP1001,Leah,Ibrahim,1998-02-10,2024-12-24,,Active,Supply Chain,NY
EE0000500,EMP1001,Jasmine,Lewis,1984-02-03,2023-01-09,,Active,Sales,NC
EE0000501,EMP1002,Carlos,Mensah,1974-04-01,2021-06-10,,Active,Supply Chain,TX
EE0000502,EMP1001,Leah,Moore,1980-06-16,2023-03-02,2024-03-03,Terminated,Finance,TX
EE0000503,EMP1001,Malik,Hernandez,1975-01-16,2021-05-20,,Active,Legal and Compliance,NY
EE0000504,EMP1004,Grace,Taylor,2005-02-27,2023-04-13,2026-04-22,Terminated,Information Technology,FL
EE0000505,EMP1002,David,Brown,1978-07-13,2016-11-26,,Active,Human Resources,DC
EE0000506,EMP1005,Priya,Garcia,1978-11-02,2017-08-01,,Active,Operations,NY
EE0000507,EMP1001,Kevin,Kim,1972-09-27,2023-10-21,,Active,Human Resources,OH
EE0000508,EMP1003,Olivia,Robinson,1964-08-28,2025-09-16,,Active,Human Resources,NC
EE0000509,EMP1004,Priya,Davis,1973-07-21,2025-09-17,,Active,Finance,MD
EE0000510,EMP1004,Michael,Thomas,1968-07-26,2019-05-27,2024-01-17,Terminated,Sales,FL
EE0000511,EMP1001,Aaliyah,Smith,2007-05-19,2014-07-31,,Active,Customer Operations,NY
EE0000512,EMP1002,Amara,Robinson,2002-04-12,2024-09-23,,Active,Operations,TX
EE0000513,EMP1002,Omar,Chen,1968-10-12,2026-03-02,,Active,Operations,OH
EE0000514,EMP1001,Noah,Moore,2000-07-22,2020-06-29,,Active,Customer Operations,TX
EE0000515,EMP1004,Elena,Mensah,1966-05-25,2019-01-09,,Active,Customer Operations,FL
EE0000516,EMP1003,Michael,Chen,1966-06-25,2025-08-11,,Active,Human Resources,NC
EE0000517,EMP1003,Samuel,Kim,1987-09-30,2023-04-24,,Active,Human Resources,NC
EE0000518,EMP1003,Naomi,Thomas,1983-09-28,2019-08-05,,Active,Operations,NC
EE0000519,EMP1004,Grace,Taylor,1996-10-26,2019-07-27,,Active,Supply Chain,FL
EE0000520,EMP1005,Isaiah,Hernandez,1987-01-14,2015-09-26,,Active,Supply Chain,NY
EE0000521,EMP1003,Noah,Campbell,1971-07-04,2022-07-09,2025-06-28,Terminated,Customer Operations,NC
EE0000522,EMP1004,Chiamaka,Patel,1996-06-25,2021-11-25,,Active,Customer Operations,FL
EE0000523,EMP1004,Malik,Bennett,1965-02-03,2017-10-20,,Active,Information Technology,NY
EE0000524,EMP1004,Daniel,Moore,1965-01-05,2026-04-27,2026-06-21,Terminated,Sales,FL
EE0000525,EMP1001,Priya,Moore,1964-02-15,2021-04-22,,Active,Supply Chain,OH
EE0000526,EMP1004,Priya,Robinson,1994-02-14,2022-08-14,,Active,Information Technology,FL
EE0000527,EMP1005,Ethan,Campbell,1966-12-01,2018-09-30,,Active,Human Resources,NY
EE0000528,EMP1005,Kevin,Nguyen,1986-12-28,2014-11-24,,Active,Operations,NY
EE0000529,EMP1001,Fatima,Patel,2002-05-30,2021-10-15,,Active,Administration,OH
EE0000530,EMP1002,Daniel,Adeyemi,1970-03-22,2022-03-01,,Active,Administration,TX
EE0000531,EMP1001,Jasmine,Nguyen,1986-12-22,2018-05-03,,Active,Sales,OH
EE0000532,EMP1003,Elena,Williams,1966-06-27,2018-10-09,,Active,Legal and Compliance,NY
EE0000533,EMP1002,David,Brown,1997-05-24,2022-05-25,2024-11-19,Terminated,Operations,TX
EE0000534,EMP1003,Angela,Williams,1963-10-16,2016-11-05,,Active,Operations,NC
EE0000535,EMP1005,Priya,Adams,1975-01-22,2020-11-29,,Active,Legal and Compliance,NY
EE0000536,EMP1005,Nia,Kim,1999-06-14,2020-07-30,,Active,Legal and Compliance,NY
EE0000537,EMP1003,Omar,Taylor,1998-07-19,2015-09-09,,Active,Administration,NC
EE0000538,EMP1005,Daniel,Kim,1982-08-11,2018-06-28,,Active,Operations,NY
EE0000539,EMP1004,Aaliyah,Moore,1991-09-14,2020-03-15,,Active,Administration,MD
EE0000540,EMP1002,Samuel,Martinez,1991-10-16,2016-03-20,2026-04-18,Terminated,Operations,TX
EE0000541,EMP1003,Maya,Mensah,1985-08-13,2014-07-27,,Active,Operations,NC
EE0000542,EMP1005,Michael,Davis,1986-04-01,2024-07-23,,Active,Legal and Compliance,NY
EE0000543,EMP1004,Malik,Chen,1982-11-17,2026-01-19,,Active,Operations,FL
EE0000544,EMP1002,Jordan,Wilson,1969-12-27,2026-05-01,2026-06-23,Terminated,Information Technology,TX
EE0000545,EMP1003,Malik,Mensah,1970-04-06,2019-01-28,2026-01-17,Terminated,Information Technology,NC
EE0000546,EMP1004,Grace,Patel,1994-09-22,2016-01-17,,Active,Customer Operations,MD
EE0000547,EMP1004,Isaiah,Garcia,1995-12-20,2017-03-17,2024-05-16,Terminated,Administration,NC
EE0000548,EMP1003,Zoe,Wilson,1990-06-15,2022-04-07,,Active,Administration,NC
EE0000549,EMP1005,Malik,Okafor,2004-05-20,2019-09-05,,Active,Customer Operations,MD
EE0000550,EMP1002,Maya,Smith,1991-07-13,2015-11-02,,Active,Administration,TX
EE0000551,EMP1005,Kevin,Martinez,2002-01-22,2016-02-19,,Active,Sales,DC
EE0000552,EMP1005,Amara,Kim,1969-01-18,2023-04-25,2026-01-07,Terminated,Supply Chain,NY
EE0000553,EMP1002,Luis,Nguyen,1963-12-23,2015-02-23,,Active,Sales,TX
EE0000554,EMP1003,Chiamaka,Kim,1985-05-14,2020-08-08,,Active,Finance,NC
EE0000555,EMP1002,Naomi,Martinez,1986-11-28,2018-06-20,,Active,Legal and Compliance,TX
EE0000556,EMP1004,Priya,Patel,1973-11-01,2022-09-25,,Active,Finance,FL
EE0000557,EMP1005,Nia,Thomas,2004-07-16,2019-01-27,,Active,Sales,NY
EE0000558,EMP1002,Zoe,Bennett,1970-01-01,2015-09-21,,Active,Supply Chain,NC
EE0000559,EMP1005,Leah,Miller,1998-01-31,2016-06-05,,Active,Information Technology,NY
EE0000560,EMP1002,Fatima,Lewis,1965-02-28,2014-11-17,,Active,Administration,TX
EE0000561,EMP1003,Zoe,Davis,1974-10-04,2023-11-29,,Active,Operations,NY
EE0000562,EMP1003,Fatima,Taylor,1989-02-26,2015-05-11,,Active,Customer Operations,DC
EE0000563,EMP1002,Aaliyah,Martinez,1985-12-11,2015-01-23,,Active,Operations,VA
EE0000564,EMP1005,Ethan,Adams,1996-12-18,2023-03-22,,Active,Customer Operations,VA
EE0000565,EMP1002,Samuel,Brown,1991-11-11,2024-07-10,,Active,Sales,TX
EE0000566,EMP1005,Olivia,Williams,1983-06-20,2022-11-22,,Active,Administration,NY
EE0000567,EMP1001,Kevin,Okafor,2000-03-05,2014-12-16,,Active,Information Technology,VA
EE0000568,EMP1005,Elena,Moore,1961-03-05,2017-04-13,,Active,Information Technology,MD
EE0000569,EMP1001,Andre,Taylor,1987-07-27,2021-04-22,,Active,Administration,OH
EE0000570,EMP1005,Luis,Bennett,1998-02-16,2015-10-31,,Active,Supply Chain,VA
EE0000571,EMP1005,Chiamaka,Davis,1985-07-22,2021-02-28,2025-10-13,Terminated,Administration,FL
EE0000572,EMP1003,Grace,Garcia,1981-04-14,2020-08-25,,Active,Administration,VA
EE0000573,EMP1005,Malik,Martinez,1973-07-22,2023-03-30,,Active,Legal and Compliance,NY
EE0000574,EMP1003,Leah,Smith,1967-07-08,2015-02-18,,Active,Legal and Compliance,NY
EE0000575,EMP1001,Grace,Robinson,1982-07-29,2015-08-04,,Active,Legal and Compliance,NY
EE0000576,EMP1002,Leah,Adeyemi,1998-03-17,2024-06-04,,Active,Information Technology,MD
EE0000577,EMP1001,Omar,Kim,1967-05-10,2016-03-11,,Active,Human Resources,OH
EE0000578,EMP1003,Amara,Taylor,1994-03-10,2016-12-28,2024-10-03,Terminated,Administration,MD
EE0000579,EMP1002,Maya,Chen,1998-07-29,2016-10-28,2026-02-24,Terminated,Customer Operations,VA
EE0000580,EMP1004,Omar,Garcia,1982-03-26,2022-04-09,,Active,Operations,DC
EE0000581,EMP1004,Aaliyah,Smith,1998-08-21,2024-09-14,2025-09-27,Terminated,Legal and Compliance,FL
EE0000582,EMP1003,Maya,Garcia,1965-12-02,2017-04-29,,Active,Information Technology,NY
EE0000583,EMP1005,Kevin,Okafor,1984-08-18,2024-09-19,2026-02-06,Terminated,Supply Chain,NY
EE0000584,EMP1001,Elena,Mensah,1982-12-08,2023-11-03,,Active,Sales,OH
EE0000585,EMP1002,Priya,Nguyen,1992-03-22,2018-08-22,,Active,Operations,NY
EE0000586,EMP1005,Elena,Walker,1998-03-29,2019-05-04,2026-06-28,Terminated,Administration,NY
EE0000587,EMP1005,Omar,Nguyen,1975-04-05,2023-10-06,,Active,Customer Operations,NY
EE0000588,EMP1001,Daniel,Taylor,1997-06-19,2015-06-04,,Active,Finance,OH
EE0000589,EMP1002,Daniel,Bennett,1979-03-01,2018-01-31,,Active,Legal and Compliance,VA
EE0000590,EMP1005,Omar,Martinez,1997-02-16,2014-04-13,,Active,Legal and Compliance,MD
EE0000591,EMP1003,Omar,Adams,1990-03-12,2015-08-13,,Active,Supply Chain,NC
EE0000592,EMP1001,Malik,Taylor,1961-07-10,2017-01-01,,Active,Information Technology,OH
EE0000593,EMP1005,Samuel,Bennett,1963-05-16,2015-09-20,,Active,Human Resources,NY
EE0000594,EMP1005,Naomi,Kim,1984-09-25,2025-03-27,,Active,Human Resources,NY
EE0000595,EMP1005,Kevin,Nguyen,1999-05-29,2015-04-08,,Active,Administration,NY
EE0000596,EMP1005,Naomi,Robinson,1983-09-16,2022-05-10,2024-03-14,Terminated,Customer Operations,NY
EE0000597,EMP1003,Leah,Williams,1969-08-05,2022-07-06,,Active,Human Resources,FL
EE0000598,EMP1002,Malik,Thomas,1983-01-01,2015-09-28,,Active,Legal and Compliance,OH
EE0000599,EMP1005,Fatima,Thomas,2003-12-02,2015-09-05,,Active,Supply Chain,NY
EE0000600,EMP1005,Chiamaka,Moore,1975-09-30,2024-02-29,,Active,Supply Chain,DC
EE0000601,EMP1005,Ethan,Mensah,2001-07-31,2024-10-10,,Active,Customer Operations,NY
EE0000602,EMP1003,David,Brown,1995-11-05,2025-03-30,,Active,Customer Operations,NC
EE0000603,EMP1005,Leah,Okafor,1979-12-03,2016-05-29,,Active,Sales,DC
EE0000604,EMP1002,Andre,Martinez,1980-08-31,2022-05-01,,Active,Operations,DC
EE0000605,EMP1003,Omar,Okafor,2005-01-29,2015-12-15,,Active,Legal and Compliance,NY
EE0000606,EMP1001,Amara,Kim,1964-10-17,2023-08-29,2026-06-16,Terminated,Operations,OH
EE0000607,EMP1003,Ethan,Garcia,1988-03-06,2020-06-29,2024-04-14,Terminated,Finance,NC
EE0000608,EMP1002,Leah,Johnson,1995-03-02,2017-02-14,,Active,Supply Chain,TX
EE0000609,EMP1005,Samuel,Okafor,1969-08-03,2014-08-25,,Active,Information Technology,NY
EE0000610,EMP1004,Angela,Martinez,1974-01-23,2014-03-06,,Active,Information Technology,NC
EE0000611,EMP1004,Michael,Miller,1966-03-23,2020-12-28,,Active,Finance,FL
EE0000612,EMP1001,Leah,Campbell,1969-06-23,2023-06-21,,Active,Supply Chain,FL
EE0000613,EMP1004,Chiamaka,Kim,2007-05-08,2014-03-08,,Active,Operations,FL
EE0000614,EMP1004,Aaliyah,Hernandez,1998-11-27,2016-09-30,,Active,Customer Operations,FL
EE0000615,EMP1002,Leah,Lewis,1995-01-01,2022-12-19,,Active,Sales,NC
EE0000616,EMP1004,Michael,Smith,1975-05-23,2021-05-24,,Active,Legal and Compliance,FL
EE0000617,EMP1005,Victor,Nguyen,1968-07-21,2024-05-15,,Active,Customer Operations,NY
EE0000618,EMP1004,Omar,Robinson,2005-02-23,2026-04-07,,Active,Supply Chain,FL
EE0000619,EMP1001,Kevin,Nguyen,2001-06-19,2018-12-17,,Active,Administration,OH
EE0000620,EMP1002,Malik,Chen,1996-08-05,2023-12-08,,Active,Administration,VA
EE0000621,EMP1003,Jasmine,Kim,1965-09-10,2024-12-09,,Active,Legal and Compliance,FL
EE0000622,EMP1003,Victor,Miller,1963-02-25,2020-11-13,2025-12-27,Terminated,Human Resources,DC
EE0000623,EMP1003,Leah,Martinez,1987-11-13,2024-08-10,,Active,Legal and Compliance,NC
EE0000624,EMP1004,Amara,Mensah,1994-05-31,2016-09-17,,Active,Human Resources,MD
EE0000625,EMP1003,Samuel,Hernandez,1969-06-11,2023-05-21,,Active,Operations,OH
EE0000626,EMP1002,Maya,Hernandez,1968-04-21,2021-11-09,,Active,Sales,TX
EE0000627,EMP1004,Michael,Martinez,1986-11-17,2020-10-15,,Active,Operations,FL
EE0000628,EMP1005,Jordan,Miller,1968-10-13,2019-03-10,2024-02-08,Terminated,Supply Chain,MD
EE0000629,EMP1004,Fatima,Wilson,1968-07-28,2018-09-07,2024-07-15,Terminated,Administration,VA
EE0000630,EMP1004,Elena,Kim,1979-06-15,2025-11-02,,Active,Customer Operations,DC
EE0000631,EMP1002,Samuel,Robinson,2000-03-16,2024-05-29,,Active,Human Resources,TX
EE0000632,EMP1003,Fatima,Campbell,1965-10-26,2020-08-22,,Active,Legal and Compliance,MD
EE0000633,EMP1004,Victor,Wilson,1992-09-16,2016-01-22,,Active,Information Technology,FL
EE0000634,EMP1001,Isaiah,Chen,1997-06-19,2023-08-01,,Active,Operations,OH
EE0000635,EMP1003,Ethan,Johnson,1977-07-19,2025-08-19,,Active,Customer Operations,DC
EE0000636,EMP1004,Chiamaka,Lewis,2003-03-24,2023-01-14,,Active,Legal and Compliance,VA
EE0000637,EMP1001,Kevin,Nguyen,1978-04-24,2014-07-05,,Active,Human Resources,OH
EE0000638,EMP1003,Chiamaka,Campbell,1998-06-08,2017-01-23,,Active,Human Resources,NC
EE0000639,EMP1005,Elena,Okafor,1994-09-23,2016-07-29,,Active,Customer Operations,OH
EE0000640,EMP1004,Angela,Wilson,1981-03-20,2025-08-20,,Active,Customer Operations,TX
EE0000641,EMP1003,Samuel,Okafor,1991-06-19,2021-03-25,,Active,Operations,OH
EE0000642,EMP1001,Zoe,Adams,1966-02-02,2024-10-18,,Active,Customer Operations,FL
EE0000643,EMP1004,Fatima,Brown,1991-08-05,2016-08-05,2025-07-30,Terminated,Human Resources,FL
EE0000644,EMP1005,David,Miller,1996-10-23,2020-04-21,,Active,Supply Chain,FL
EE0000645,EMP1003,Omar,Nguyen,1985-09-12,2014-12-15,,Active,Human Resources,DC
EE0000646,EMP1005,Andre,Wilson,1996-02-29,2016-11-05,2024-04-20,Terminated,Supply Chain,NY
EE0000647,EMP1003,Jasmine,Miller,1983-10-29,2024-02-01,,Active,Human Resources,NC
EE0000648,EMP1002,Ethan,Johnson,1999-10-16,2021-09-04,2024-09-30,Terminated,Administration,MD
EE0000649,EMP1004,Leah,Johnson,1995-01-16,2015-02-12,,Active,Human Resources,FL
EE0000650,EMP1004,Victor,Adeyemi,1966-11-23,2026-01-10,,Active,Sales,FL
EE0000651,EMP1001,Jasmine,Bennett,2001-03-19,2018-09-18,2024-10-20,Terminated,Information Technology,OH
EE0000652,EMP1005,Noah,Miller,1986-01-19,2017-09-29,2024-07-05,Terminated,Operations,NY
EE0000653,EMP1003,Leah,Hernandez,1976-08-01,2016-11-08,,Active,Customer Operations,NC
EE0000654,EMP1005,Olivia,Chen,1973-05-29,2022-12-08,2026-06-12,Terminated,Customer Operations,MD
EE0000655,EMP1002,Ethan,Garcia,1976-10-27,2025-10-22,,Active,Sales,TX
EE0000656,EMP1002,Daniel,Smith,1972-06-27,2018-07-28,,Active,Supply Chain,TX
EE0000657,EMP1005,Sophia,Brown,2002-12-04,2017-03-12,,Active,Supply Chain,NY
EE0000658,EMP1004,Jordan,Chen,1991-12-13,2022-05-24,,Active,Legal and Compliance,NY
EE0000659,EMP1003,Luis,Moore,1967-05-05,2019-11-04,,Active,Finance,OH
EE0000660,EMP1004,Carlos,Walker,1962-03-10,2020-02-15,,Active,Finance,FL
EE0000661,EMP1001,Luis,Robinson,1983-11-19,2024-10-12,,Active,Supply Chain,MD
EE0000662,EMP1004,Zoe,Davis,1974-12-25,2016-09-10,2025-11-07,Terminated,Customer Operations,FL
EE0000663,EMP1004,Carlos,Taylor,1965-11-01,2018-02-17,2024-11-09,Terminated,Administration,TX
EE0000664,EMP1005,Isaiah,Smith,1970-07-04,2019-11-25,,Active,Human Resources,DC
EE0000665,EMP1003,Zoe,Garcia,1968-05-11,2020-07-18,,Active,Operations,NC
EE0000666,EMP1001,Omar,Miller,1983-10-08,2021-08-14,,Active,Sales,NY
EE0000667,EMP1003,Ethan,Smith,1993-01-02,2020-03-30,,Active,Finance,VA
EE0000668,EMP1002,Isaiah,Okafor,1965-10-11,2024-07-09,,Active,Sales,TX
EE0000669,EMP1001,Carlos,Ibrahim,1982-03-10,2020-05-20,,Active,Operations,OH
EE0000670,EMP1002,David,Robinson,1963-10-01,2014-06-26,,Active,Legal and Compliance,NY
EE0000671,EMP1002,Noah,Chen,1975-09-22,2014-03-30,,Active,Administration,TX
EE0000672,EMP1002,Omar,Garcia,1978-10-22,2018-05-21,,Active,Operations,TX
EE0000673,EMP1005,Elena,Nguyen,1985-02-21,2016-07-03,,Active,Customer Operations,NY
EE0000674,EMP1001,Angela,Okafor,1983-03-11,2015-11-30,,Active,Operations,NC
EE0000675,EMP1005,Sophia,Smith,1993-02-02,2014-02-14,,Active,Administration,NY
EE0000676,EMP1001,Naomi,Robinson,1984-07-29,2019-06-29,2024-01-06,Terminated,Administration,FL
EE0000677,EMP1005,Ethan,Taylor,1965-07-31,2023-11-01,2026-01-20,Terminated,Supply Chain,VA
EE0000678,EMP1002,Olivia,Nguyen,1985-06-03,2024-02-18,,Active,Operations,TX
EE0000679,EMP1005,Sophia,Bennett,1993-02-27,2021-05-09,,Active,Information Technology,TX
EE0000680,EMP1003,Daniel,Smith,1979-02-21,2020-06-09,2024-05-19,Terminated,Operations,NC
EE0000681,EMP1002,Sophia,Davis,2004-03-28,2023-10-05,2024-04-14,Terminated,Operations,TX
EE0000682,EMP1004,Victor,Brown,1987-09-16,2017-10-14,2024-07-03,Terminated,Customer Operations,FL
EE0000683,EMP1005,Priya,Robinson,2003-07-30,2025-08-22,,Active,Legal and Compliance,NY
EE0000684,EMP1003,Chiamaka,Johnson,1972-06-07,2019-12-20,,Active,Legal and Compliance,NC
EE0000685,EMP1004,Grace,Mensah,2005-01-19,2022-06-12,,Active,Finance,FL
EE0000686,EMP1002,Naomi,Robinson,1968-01-11,2020-10-08,2025-12-16,Terminated,Supply Chain,TX
EE0000687,EMP1003,Fatima,Martinez,1962-08-08,2016-12-15,2024-12-19,Terminated,Human Resources,OH
EE0000688,EMP1001,Priya,Davis,2004-08-25,2014-10-14,,Active,Operations,VA
EE0000689,EMP1001,Priya,Martinez,1967-07-29,2020-02-24,,Active,Administration,OH
EE0000690,EMP1003,Jordan,Williams,1978-09-05,2019-02-10,,Active,Supply Chain,NC
EE0000691,EMP1005,Malik,Johnson,1999-07-12,2017-11-18,,Active,Human Resources,NY
EE0000692,EMP1005,Malik,Robinson,1962-10-09,2022-09-21,,Active,Customer Operations,FL
EE0000693,EMP1004,Daniel,Williams,1985-09-16,2015-12-19,,Active,Sales,TX
EE0000694,EMP1003,Amara,Garcia,1996-06-23,2020-11-23,,Active,Administration,NC
EE0000695,EMP1001,Samuel,Adeyemi,1981-11-27,2021-02-12,2025-10-20,Terminated,Finance,NY
EE0000696,EMP1005,Grace,Chen,1963-01-21,2016-09-19,,Active,Legal and Compliance,NY
EE0000697,EMP1001,Grace,Smith,1969-01-09,2019-06-03,,Active,Operations,OH
EE0000698,EMP1001,Angela,Walker,1996-11-28,2024-03-08,,Active,Sales,OH
EE0000699,EMP1004,Daniel,Moore,1971-12-27,2019-08-31,,Active,Supply Chain,FL
EE0000700,EMP1002,Grace,Moore,1975-09-06,2022-09-24,,Active,Finance,TX
EE0000701,EMP1001,Nia,Miller,1968-05-27,2015-11-22,,Active,Supply Chain,OH
EE0000702,EMP1001,Daniel,Nguyen,1999-08-05,2024-09-23,,Active,Supply Chain,OH
EE0000703,EMP1004,Isaiah,Thomas,2006-10-09,2026-01-01,,Active,Legal and Compliance,OH
EE0000704,EMP1005,Ethan,Smith,1980-07-15,2025-08-28,,Active,Supply Chain,NY
EE0000705,EMP1004,Aaliyah,Chen,2001-06-29,2014-01-24,,Active,Information Technology,FL
EE0000706,EMP1004,Chiamaka,Lewis,2003-10-10,2014-04-20,2026-06-29,Terminated,Finance,FL
EE0000707,EMP1003,Sophia,Campbell,1972-11-28,2017-04-29,,Active,Customer Operations,NC
EE0000708,EMP1003,Fatima,Smith,1979-03-03,2016-02-21,,Active,Customer Operations,TX
EE0000709,EMP1002,David,Mensah,1975-01-08,2022-01-19,2026-04-12,Terminated,Legal and Compliance,TX
EE0000710,EMP1003,Amara,Brown,1991-09-19,2023-05-23,,Active,Operations,NC
EE0000711,EMP1001,Fatima,Smith,1997-12-12,2018-03-17,,Active,Operations,DC
EE0000712,EMP1004,Amara,Hernandez,1976-12-19,2025-10-17,2025-12-25,Terminated,Administration,FL
EE0000713,EMP1005,Priya,Miller,1963-08-10,2017-04-22,,Active,Customer Operations,NY
EE0000714,EMP1005,Luis,Moore,1980-05-25,2015-02-20,,Active,Information Technology,NY
EE0000715,EMP1002,Kevin,Smith,1995-08-10,2020-03-04,,Active,Operations,TX
EE0000716,EMP1003,Grace,Ibrahim,1968-11-09,2024-08-27,,Active,Information Technology,NC
EE0000717,EMP1003,Grace,Patel,1974-10-26,2021-03-31,,Active,Human Resources,NC
EE0000718,EMP1002,Michael,Thomas,1973-01-18,2026-06-08,,Active,Administration,TX
EE0000719,EMP1001,Noah,Ibrahim,1993-10-30,2014-06-25,,Active,Supply Chain,OH
EE0000720,EMP1001,Samuel,Garcia,1981-08-20,2026-02-19,,Active,Administration,NC
EE0000721,EMP1001,Noah,Ibrahim,1980-03-31,2025-09-02,,Active,Finance,OH
EE0000722,EMP1003,Aaliyah,Adeyemi,1974-09-04,2017-08-10,,Active,Legal and Compliance,NC
EE0000723,EMP1001,Luis,Patel,1999-07-04,2024-03-21,,Active,Finance,MD
EE0000724,EMP1002,Daniel,Davis,1990-02-08,2020-01-17,,Active,Human Resources,TX
EE0000725,EMP1005,Luis,Mensah,1964-02-17,2024-05-31,,Active,Operations,NY
EE0000726,EMP1001,Carlos,Chen,1995-01-09,2017-03-16,,Active,Human Resources,OH
EE0000727,EMP1001,Chiamaka,Brown,1972-11-19,2022-10-01,,Active,Legal and Compliance,TX
EE0000728,EMP1004,Sophia,Okafor,1975-04-21,2018-06-11,,Active,Sales,FL
EE0000729,EMP1004,Priya,Miller,2005-07-01,2025-12-07,,Active,Administration,FL
EE0000730,EMP1003,Olivia,Adams,1994-06-10,2022-07-29,,Active,Supply Chain,FL
EE0000731,EMP1003,Fatima,Campbell,1966-12-19,2019-09-03,,Active,Supply Chain,NC
EE0000732,EMP1004,Jasmine,Smith,1995-01-01,2019-08-23,,Active,Supply Chain,FL
EE0000733,EMP1001,Malik,Chen,1978-07-23,2014-11-14,,Active,Information Technology,OH
EE0000734,EMP1003,Maya,Ibrahim,1985-08-22,2024-05-01,,Active,Information Technology,NC
EE0000735,EMP1001,Luis,Taylor,1987-06-03,2014-03-01,,Active,Information Technology,NY
EE0000736,EMP1005,Priya,Garcia,1981-01-09,2021-11-19,,Active,Administration,OH
EE0000737,EMP1002,Sophia,Robinson,1977-07-31,2018-05-09,2024-09-21,Terminated,Administration,TX
EE0000738,EMP1001,Sophia,Walker,1978-12-10,2018-09-01,,Active,Legal and Compliance,OH
EE0000739,EMP1005,Sophia,Adeyemi,1980-06-22,2022-11-21,,Active,Information Technology,NY
EE0000740,EMP1003,Sophia,Hernandez,1997-11-01,2023-10-03,2026-01-01,Terminated,Information Technology,NC
EE0000741,EMP1005,Omar,Wilson,1990-01-18,2022-07-14,,Active,Finance,FL
EE0000742,EMP1002,Grace,Martinez,1994-04-30,2026-04-16,,Active,Human Resources,TX
EE0000743,EMP1002,Andre,Hernandez,1990-03-13,2019-01-20,,Active,Customer Operations,DC
EE0000744,EMP1003,Omar,Moore,1996-11-17,2014-06-17,,Active,Operations,VA
EE0000745,EMP1005,Grace,Taylor,2000-07-21,2020-05-06,,Active,Sales,OH
EE0000746,EMP1004,Jordan,Nguyen,1961-09-24,2020-09-04,,Active,Supply Chain,NC
EE0000747,EMP1004,Leah,Brown,2003-10-30,2025-06-13,,Active,Sales,FL
EE0000748,EMP1003,Nia,Moore,1971-09-03,2018-06-09,,Active,Finance,NC
EE0000749,EMP1001,Omar,Taylor,2006-06-17,2014-03-10,,Active,Legal and Compliance,OH
EE0000750,EMP1002,Carlos,Wilson,1984-10-28,2019-04-30,,Active,Administration,TX
EE0000751,EMP1002,Noah,Hernandez,1974-08-26,2018-11-24,,Active,Human Resources,TX
EE0000752,EMP1002,Carlos,Mensah,1966-04-10,2014-02-24,,Active,Legal and Compliance,NC
EE0000753,EMP1002,Ethan,Hernandez,1972-03-28,2019-12-21,,Active,Human Resources,TX
EE0000754,EMP1003,Grace,Taylor,1969-01-29,2017-03-08,,Active,Legal and Compliance,NC
EE0000755,EMP1004,Fatima,Okafor,2005-07-01,2021-06-08,,Active,Finance,FL
EE0000756,EMP1005,Aaliyah,Adeyemi,1991-11-08,2014-03-04,,Active,Information Technology,NY
EE0000757,EMP1002,Angela,Moore,1975-03-23,2021-01-31,,Active,Administration,TX
EE0000758,EMP1002,Chiamaka,Okafor,1969-03-07,2021-08-25,,Active,Supply Chain,NY
EE0000759,EMP1002,Jasmine,Davis,1991-02-20,2018-04-11,,Active,Operations,DC
EE0000760,EMP1002,Andre,Garcia,2006-03-27,2020-10-26,,Active,Information Technology,TX
EE0000761,EMP1003,Jordan,Garcia,1994-06-21,2023-12-18,,Active,Finance,VA
EE0000762,EMP1005,Nia,Adeyemi,1995-07-06,2019-07-13,,Active,Legal and Compliance,NY
EE0000763,EMP1002,Nia,Adams,1989-12-12,2015-01-11,,Active,Sales,TX
EE0000764,EMP1004,Ethan,Kim,1977-06-22,2024-03-22,,Active,Administration,FL
EE0000765,EMP1001,Michael,Chen,1985-07-31,2021-12-04,,Active,Information Technology,VA
EE0000766,EMP1004,David,Nguyen,1996-09-09,2023-12-01,,Active,Customer Operations,NC
EE0000767,EMP1002,Leah,Taylor,1982-11-28,2025-11-04,2025-12-25,Terminated,Sales,FL
EE0000768,EMP1005,Carlos,Okafor,1996-01-10,2021-09-26,,Active,Operations,TX
EE0000769,EMP1003,Chiamaka,Smith,1996-06-25,2020-05-04,,Active,Supply Chain,NC
EE0000770,EMP1004,Isaiah,Hernandez,2004-08-15,2020-10-16,,Active,Human Resources,MD
EE0000771,EMP1003,Carlos,Hernandez,2000-01-26,2018-02-17,,Active,Legal and Compliance,NC
EE0000772,EMP1002,David,Patel,1978-12-03,2017-12-06,2025-12-23,Terminated,Legal and Compliance,FL
EE0000773,EMP1002,Ethan,Hernandez,1985-08-28,2024-07-04,,Active,Human Resources,TX
EE0000774,EMP1001,Chiamaka,Williams,1972-12-30,2023-12-20,,Active,Legal and Compliance,OH
EE0000775,EMP1004,Noah,Davis,1980-01-01,2023-05-23,,Active,Operations,FL
EE0000776,EMP1002,Samuel,Mensah,1998-12-30,2014-07-19,2024-10-05,Terminated,Information Technology,MD
EE0000777,EMP1005,Olivia,Patel,1982-03-20,2024-12-06,,Active,Human Resources,NY
EE0000778,EMP1004,Omar,Miller,1991-07-15,2022-04-04,2024-09-22,Terminated,Information Technology,FL
EE0000779,EMP1003,Olivia,Thomas,1961-03-28,2022-08-03,,Active,Customer Operations,DC
EE0000780,EMP1002,Priya,Adams,1969-12-09,2015-03-15,,Active,Human Resources,TX
EE0000781,EMP1002,Ethan,Davis,1986-02-08,2023-05-11,,Active,Supply Chain,TX
EE0000782,EMP1005,Olivia,Moore,2003-06-26,2025-07-22,,Active,Administration,NY
EE0000783,EMP1002,Zoe,Hernandez,1963-01-09,2024-06-08,2025-09-09,Terminated,Administration,TX
EE0000784,EMP1005,Aaliyah,Mensah,2000-06-24,2024-09-17,,Active,Finance,NY
EE0000785,EMP1001,Amara,Hernandez,1971-11-25,2022-09-24,,Active,Customer Operations,OH
EE0000786,EMP1004,Priya,Okafor,2006-06-05,2025-06-02,,Active,Supply Chain,FL
EE0000787,EMP1005,Omar,Adeyemi,1997-12-10,2022-11-29,,Active,Legal and Compliance,NY
EE0000788,EMP1004,Noah,Adeyemi,1994-11-18,2019-06-13,,Active,Operations,FL
EE0000789,EMP1001,Olivia,Ibrahim,1985-02-19,2022-03-29,2024-12-26,Terminated,Human Resources,FL
EE0000790,EMP1003,Chiamaka,Robinson,1985-01-18,2019-12-10,,Active,Human Resources,NY
EE0000791,EMP1001,Jasmine,Garcia,1993-05-15,2016-10-16,2025-03-06,Terminated,Legal and Compliance,TX
EE0000792,EMP1002,Chiamaka,Davis,1994-09-18,2025-08-20,,Active,Legal and Compliance,NC
EE0000793,EMP1003,Michael,Johnson,1966-04-22,2018-12-07,,Active,Administration,NC
EE0000794,EMP1003,Daniel,Adeyemi,1974-08-09,2018-01-20,,Active,Sales,DC
EE0000795,EMP1003,Sophia,Wilson,1962-07-05,2021-03-22,,Active,Information Technology,NC
EE0000796,EMP1001,Amara,Bennett,1980-01-22,2015-12-06,,Active,Sales,OH
EE0000797,EMP1001,Ethan,Mensah,2005-11-26,2014-03-15,,Active,Finance,VA
EE0000798,EMP1003,Nia,Garcia,1999-01-22,2022-10-05,,Active,Operations,NC
EE0000799,EMP1003,Priya,Hernandez,1992-02-12,2026-02-15,,Active,Administration,NC
EE0000800,EMP1001,Maya,Moore,1997-06-12,2026-01-22,,Active,Supply Chain,OH
EE0000801,EMP1003,Jordan,Adeyemi,2000-02-23,2020-07-27,,Active,Information Technology,OH
EE0000802,EMP1005,Maya,Bennett,2003-07-09,2014-11-09,,Active,Customer Operations,TX
EE0000803,EMP1003,Victor,Miller,1993-08-06,2015-08-04,,Active,Sales,NC
EE0000804,EMP1003,Chiamaka,Walker,1966-07-15,2023-07-14,,Active,Customer Operations,TX
EE0000805,EMP1002,Fatima,Moore,1964-09-11,2026-06-05,,Active,Customer Operations,TX
EE0000806,EMP1003,Maya,Johnson,1981-05-24,2024-07-09,,Active,Customer Operations,NC
EE0000807,EMP1003,Nia,Davis,1974-04-03,2017-04-07,,Active,Customer Operations,TX
EE0000808,EMP1003,Amara,Martinez,2002-06-27,2023-04-19,2024-11-07,Terminated,Legal and Compliance,NY
EE0000809,EMP1004,Noah,Davis,1964-10-05,2017-04-21,,Active,Customer Operations,FL
EE0000810,EMP1001,Michael,Miller,2006-05-13,2018-08-25,2025-02-02,Terminated,Information Technology,OH
EE0000811,EMP1003,Samuel,Smith,1984-06-24,2019-10-04,,Active,Administration,NC
EE0000812,EMP1002,Olivia,Smith,2001-09-23,2019-09-26,,Active,Administration,MD
EE0000813,EMP1001,Zoe,Williams,2001-10-10,2024-08-29,,Active,Supply Chain,TX
EE0000814,EMP1003,Aaliyah,Brown,2002-05-28,2014-12-03,,Active,Human Resources,FL
EE0000815,EMP1005,Naomi,Patel,1996-10-22,2024-02-21,,Active,Supply Chain,NY
EE0000816,EMP1003,Samuel,Okafor,1992-07-03,2022-01-10,,Active,Information Technology,TX
EE0000817,EMP1002,Sophia,Kim,1977-10-12,2018-07-02,,Active,Legal and Compliance,DC
EE0000818,EMP1002,Fatima,Walker,1999-12-21,2023-07-07,,Active,Finance,TX
EE0000819,EMP1003,Nia,Mensah,1972-06-21,2019-01-05,,Active,Information Technology,NC
EE0000820,EMP1001,Zoe,Walker,1983-09-19,2021-12-08,,Active,Customer Operations,OH
EE0000821,EMP1003,Nia,Okafor,1970-12-09,2015-01-04,2025-08-28,Terminated,Finance,NC
EE0000822,EMP1003,Victor,Nguyen,1997-05-08,2023-01-01,,Active,Information Technology,NY
EE0000823,EMP1002,Jasmine,Kim,1980-07-17,2018-01-03,,Active,Finance,TX
EE0000824,EMP1002,Isaiah,Campbell,1986-01-28,2015-04-25,,Active,Legal and Compliance,VA
EE0000825,EMP1002,David,Patel,1975-12-14,2024-06-20,,Active,Administration,TX
EE0000826,EMP1002,Ethan,Smith,1987-04-07,2016-09-24,2026-03-25,Terminated,Administration,TX
EE0000827,EMP1004,Grace,Brown,1993-02-19,2016-03-04,,Active,Operations,FL
EE0000828,EMP1003,Jordan,Hernandez,1992-09-17,2019-02-21,2025-09-11,Terminated,Sales,NC
EE0000829,EMP1002,Jordan,Kim,1973-10-04,2024-01-27,,Active,Customer Operations,VA
EE0000830,EMP1005,Leah,Brown,1980-01-06,2018-06-28,2025-04-12,Terminated,Finance,FL
EE0000831,EMP1004,Samuel,Thomas,1982-04-20,2022-10-27,,Active,Operations,MD
EE0000832,EMP1005,Maya,Taylor,1995-10-23,2021-11-04,,Active,Finance,VA
EE0000833,EMP1002,Samuel,Wilson,1982-08-05,2021-10-03,,Active,Customer Operations,TX
EE0000834,EMP1005,Leah,Nguyen,1965-01-19,2026-02-21,,Active,Legal and Compliance,NY
EE0000835,EMP1002,Elena,Williams,2000-08-31,2025-03-06,,Active,Sales,DC
EE0000836,EMP1002,Malik,Moore,1963-06-26,2021-09-15,,Active,Sales,MD
EE0000837,EMP1003,Ethan,Adeyemi,1970-09-27,2026-03-06,,Active,Legal and Compliance,NC
EE0000838,EMP1001,Luis,Adeyemi,2003-06-05,2022-11-04,,Active,Finance,OH
EE0000839,EMP1001,Fatima,Taylor,1998-06-20,2019-08-16,2026-06-20,Terminated,Administration,NC
EE0000840,EMP1005,Zoe,Garcia,1994-10-07,2022-06-26,,Active,Administration,OH
EE0000841,EMP1003,Maya,Moore,2005-08-24,2025-08-29,,Active,Sales,NC
EE0000842,EMP1004,Chiamaka,Garcia,2004-09-08,2024-10-12,2025-07-09,Terminated,Information Technology,OH
EE0000843,EMP1005,Zoe,Miller,1991-04-16,2025-06-27,,Active,Information Technology,NY
EE0000844,EMP1005,Isaiah,Kim,1996-10-12,2025-12-15,,Active,Sales,NY
EE0000845,EMP1003,Zoe,Thomas,1963-08-06,2023-08-16,2025-11-07,Terminated,Operations,NC
EE0000846,EMP1001,Zoe,Brown,1974-01-23,2025-01-06,,Active,Sales,DC
EE0000847,EMP1003,Malik,Campbell,2001-06-16,2021-09-01,,Active,Sales,NC
EE0000848,EMP1004,Sophia,Adeyemi,1975-06-13,2023-03-22,2026-02-28,Terminated,Sales,NC
EE0000849,EMP1005,Andre,Taylor,1997-02-08,2015-07-03,,Active,Operations,MD
EE0000850,EMP1003,Michael,Nguyen,1968-09-11,2015-10-08,,Active,Operations,NC
EE0000851,EMP1005,Jordan,Moore,2004-12-31,2016-10-02,,Active,Human Resources,VA
EE0000852,EMP1001,Kevin,Adeyemi,2000-03-15,2015-11-17,,Active,Operations,FL
EE0000853,EMP1002,Victor,Brown,1989-06-21,2022-05-07,,Active,Administration,OH
EE0000854,EMP1005,Daniel,Kim,1964-07-12,2017-05-23,2024-11-09,Terminated,Customer Operations,NC
EE0000855,EMP1005,Aaliyah,Miller,1961-12-02,2021-06-23,2024-08-22,Terminated,Customer Operations,NY
EE0000856,EMP1003,Luis,Martinez,1973-04-24,2026-04-15,2026-06-24,Terminated,Finance,NC
EE0000857,EMP1005,Victor,Wilson,2005-07-29,2026-03-11,,Active,Administration,NY
EE0000858,EMP1004,Angela,Okafor,1992-08-13,2021-02-02,2025-06-04,Terminated,Human Resources,FL
EE0000859,EMP1004,Ethan,Walker,2000-07-03,2024-09-20,2025-10-24,Terminated,Information Technology,OH
EE0000860,EMP1001,Leah,Garcia,1973-11-06,2017-05-31,,Active,Supply Chain,OH
EE0000861,EMP1002,Sophia,Thomas,1963-12-01,2026-03-13,,Active,Administration,FL
EE0000862,EMP1001,Sophia,Kim,1967-11-11,2025-09-05,,Active,Operations,MD
EE0000863,EMP1004,Grace,Moore,1984-10-08,2016-05-03,,Active,Finance,VA
EE0000864,EMP1002,Fatima,Wilson,1975-04-09,2022-08-14,2024-10-15,Terminated,Legal and Compliance,TX
EE0000865,EMP1004,Fatima,Miller,1982-08-25,2017-01-18,,Active,Supply Chain,FL
EE0000866,EMP1001,Olivia,Martinez,2000-07-20,2016-04-22,,Active,Supply Chain,NC
EE0000867,EMP1002,Angela,Walker,1991-08-21,2024-10-20,2025-01-11,Terminated,Operations,FL
EE0000868,EMP1004,Samuel,Wilson,1981-12-02,2014-01-13,,Active,Finance,FL
EE0000869,EMP1001,Amara,Lewis,1993-11-05,2024-04-17,,Active,Human Resources,NY
EE0000870,EMP1005,Leah,Kim,2002-10-21,2017-08-03,,Active,Information Technology,NY
EE0000871,EMP1004,Isaiah,Brown,1973-03-19,2025-07-17,,Active,Customer Operations,NY
EE0000872,EMP1002,Amara,Adeyemi,1964-08-13,2026-06-07,,Active,Legal and Compliance,TX
EE0000873,EMP1001,Aaliyah,Garcia,1967-09-11,2018-02-27,,Active,Information Technology,OH
EE0000874,EMP1001,Naomi,Ibrahim,1972-09-16,2021-06-14,2024-10-07,Terminated,Finance,OH
EE0000875,EMP1005,Grace,Davis,2005-05-20,2023-12-20,,Active,Operations,OH
EE0000876,EMP1005,Sophia,Bennett,1964-08-23,2014-11-18,,Active,Administration,VA
EE0000877,EMP1004,Carlos,Miller,1996-12-26,2025-02-11,,Active,Sales,DC
EE0000878,EMP1005,Jordan,Smith,1971-08-27,2016-02-14,,Active,Administration,NY
EE0000879,EMP1004,Chiamaka,Lewis,1992-02-07,2018-07-17,,Active,Information Technology,OH
EE0000880,EMP1005,Angela,Nguyen,1996-10-29,2014-04-07,2024-11-29,Terminated,Supply Chain,FL
EE0000881,EMP1004,Angela,Walker,1993-03-30,2017-03-23,,Active,Legal and Compliance,DC
EE0000882,EMP1005,Maya,Thomas,2004-07-06,2021-02-10,,Active,Supply Chain,NY
EE0000883,EMP1005,Naomi,Kim,2007-02-23,2021-03-11,,Active,Operations,NY
EE0000884,EMP1005,Luis,Kim,1961-08-17,2024-04-13,,Active,Administration,NY
EE0000885,EMP1004,Victor,Chen,1961-04-24,2018-07-30,,Active,Administration,FL
EE0000886,EMP1001,Zoe,Chen,1995-09-20,2017-10-15,,Active,Information Technology,NC
EE0000887,EMP1004,Carlos,Williams,1979-11-23,2015-07-18,,Active,Sales,FL
EE0000888,EMP1003,Daniel,Brown,2005-09-03,2026-01-01,2026-06-21,Terminated,Supply Chain,NC
EE0000889,EMP1004,Jordan,Wilson,1985-10-04,2018-08-10,,Active,Operations,FL
EE0000890,EMP1005,Kevin,Williams,1977-12-02,2018-07-05,,Active,Finance,TX
EE0000891,EMP1002,David,Kim,2000-08-16,2025-09-15,,Active,Sales,TX
EE0000892,EMP1004,Malik,Adams,1999-12-17,2021-12-31,,Active,Finance,FL
EE0000893,EMP1001,Daniel,Lewis,1982-09-23,2016-05-24,,Active,Information Technology,VA
EE0000894,EMP1005,Victor,Nguyen,2007-01-14,2018-11-12,,Active,Supply Chain,DC
EE0000895,EMP1001,Angela,Williams,1973-06-12,2018-08-01,,Active,Information Technology,OH
EE0000896,EMP1001,Chiamaka,Brown,1969-07-05,2022-08-25,,Active,Supply Chain,OH
EE0000897,EMP1002,Jasmine,Okafor,1976-09-16,2015-05-08,2024-03-29,Terminated,Supply Chain,VA
EE0000898,EMP1005,Isaiah,Brown,1979-12-04,2018-10-15,,Active,Operations,NY
EE0000899,EMP1004,Luis,Robinson,2007-02-08,2017-10-15,,Active,Administration,DC
EE0000900,EMP1005,Samuel,Adeyemi,1985-11-28,2021-05-23,,Active,Human Resources,NY
EE0000901,EMP1004,Zoe,Robinson,1994-08-21,2019-04-17,,Active,Administration,DC
EE0000902,EMP1002,Zoe,Adams,2003-12-05,2021-11-13,,Active,Customer Operations,VA
EE0000903,EMP1003,Noah,Kim,2003-02-21,2025-08-20,,Active,Operations,NC
EE0000904,EMP1005,Zoe,Lewis,1973-12-25,2025-04-12,,Active,Administration,NY
EE0000905,EMP1003,Omar,Martinez,1964-02-28,2023-10-27,,Active,Operations,DC
EE0000906,EMP1003,Priya,Chen,1976-04-05,2022-10-20,,Active,Operations,NC
EE0000907,EMP1002,Sophia,Patel,1987-05-20,2025-10-06,2025-12-10,Terminated,Supply Chain,TX
EE0000908,EMP1003,Chiamaka,Johnson,1992-09-02,2021-11-01,,Active,Sales,DC
EE0000909,EMP1003,Nia,Miller,1995-02-21,2025-11-22,,Active,Legal and Compliance,MD
EE0000910,EMP1005,Priya,Campbell,1963-12-08,2025-12-11,,Active,Sales,NY
EE0000911,EMP1003,Carlos,Okafor,1980-02-16,2026-05-19,,Active,Operations,VA
EE0000912,EMP1004,Michael,Chen,2002-11-27,2019-10-10,,Active,Legal and Compliance,FL
EE0000913,EMP1004,Maya,Brown,2002-03-14,2024-11-25,,Active,Human Resources,FL
EE0000914,EMP1003,Noah,Okafor,1976-07-14,2017-12-06,,Active,Customer Operations,NC
EE0000915,EMP1005,Leah,Brown,1999-03-12,2014-03-25,,Active,Information Technology,FL
EE0000916,EMP1004,Isaiah,Johnson,1979-06-24,2014-04-16,,Active,Customer Operations,NC
EE0000917,EMP1004,Nia,Garcia,1999-09-13,2019-01-01,,Active,Legal and Compliance,FL
EE0000918,EMP1005,Kevin,Wilson,1971-10-29,2015-02-04,,Active,Human Resources,NY
EE0000919,EMP1004,Grace,Martinez,1993-06-24,2021-08-24,,Active,Information Technology,MD
EE0000920,EMP1004,Michael,Walker,1972-03-22,2018-02-02,,Active,Customer Operations,FL
EE0000921,EMP1003,Jordan,Mensah,1996-10-29,2023-05-23,,Active,Administration,NC
EE0000922,EMP1002,Daniel,Brown,2001-06-12,2018-04-24,,Active,Legal and Compliance,TX
EE0000923,EMP1003,Leah,Okafor,2006-01-31,2019-12-29,,Active,Human Resources,NC
EE0000924,EMP1005,Angela,Ibrahim,2005-08-01,2018-08-12,,Active,Finance,NY
EE0000925,EMP1005,Victor,Nguyen,1996-12-15,2021-12-19,,Active,Human Resources,VA
EE0000926,EMP1002,Luis,Adams,2002-01-22,2015-06-25,,Active,Information Technology,NY
EE0000927,EMP1001,David,Okafor,1991-07-30,2020-01-20,,Active,Human Resources,MD
EE0000928,EMP1002,Noah,Bennett,1986-04-14,2017-10-21,,Active,Supply Chain,TX
EE0000929,EMP1002,Priya,Adeyemi,1970-06-08,2021-08-13,,Active,Customer Operations,TX
EE0000930,EMP1004,Priya,Adeyemi,1991-01-21,2024-08-01,,Active,Customer Operations,VA
EE0000931,EMP1001,Daniel,Brown,1988-03-09,2015-07-22,2025-08-28,Terminated,Administration,NC
EE0000932,EMP1001,Kevin,Martinez,1973-09-01,2014-01-30,,Active,Human Resources,OH
EE0000933,EMP1001,Aaliyah,Ibrahim,1999-11-12,2025-05-22,2025-12-02,Terminated,Administration,OH
EE0000934,EMP1003,Carlos,Lewis,1985-05-05,2025-11-29,2026-04-20,Terminated,Human Resources,NC
EE0000935,EMP1002,Fatima,Martinez,1963-07-24,2018-05-22,,Active,Information Technology,TX
EE0000936,EMP1003,Priya,Martinez,1988-05-21,2025-10-29,,Active,Information Technology,NC
EE0000937,EMP1005,Daniel,Nguyen,1995-05-24,2015-05-16,,Active,Legal and Compliance,DC
EE0000938,EMP1001,Chiamaka,Nguyen,1979-03-25,2015-08-07,2025-05-20,Terminated,Supply Chain,OH
EE0000939,EMP1001,Kevin,Bennett,1964-08-24,2024-09-08,,Active,Supply Chain,OH
EE0000940,EMP1001,Daniel,Kim,1962-01-28,2014-08-13,,Active,Information Technology,OH
EE0000941,EMP1001,Olivia,Taylor,1977-06-30,2020-11-09,,Active,Information Technology,VA
EE0000942,EMP1003,Kevin,Smith,1990-01-29,2021-03-05,,Active,Information Technology,NC
EE0000943,EMP1003,Naomi,Robinson,1978-06-14,2015-10-05,2025-02-05,Terminated,Administration,NC
EE0000944,EMP1002,Kevin,Robinson,1961-10-30,2024-02-09,,Active,Finance,TX
EE0000945,EMP1004,Jordan,Hernandez,1963-12-25,2017-12-17,,Active,Finance,FL
EE0000946,EMP1002,Zoe,Chen,1961-10-12,2025-03-09,,Active,Sales,FL
EE0000947,EMP1005,Aaliyah,Patel,2000-11-11,2020-02-02,,Active,Sales,NY
EE0000948,EMP1002,Nia,Robinson,1976-03-27,2025-05-30,,Active,Human Resources,FL
EE0000949,EMP1004,Kevin,Williams,1978-08-24,2020-04-23,,Active,Human Resources,FL
EE0000950,EMP1002,Ethan,Nguyen,1996-09-12,2015-04-17,,Active,Operations,TX
EE0000951,EMP1001,Aaliyah,Lewis,2007-05-18,2022-03-28,,Active,Human Resources,VA
EE0000952,EMP1005,Omar,Chen,1968-11-16,2015-10-02,,Active,Finance,NY
EE0000953,EMP1001,Maya,Hernandez,1969-01-19,2024-04-01,,Active,Operations,NY
EE0000954,EMP1005,Aaliyah,Robinson,1978-04-23,2016-11-27,2025-01-04,Terminated,Customer Operations,NY
EE0000955,EMP1002,Chiamaka,Moore,1991-05-06,2019-11-17,,Active,Sales,TX
EE0000956,EMP1004,Carlos,Johnson,1963-07-12,2023-03-30,,Active,Information Technology,FL
EE0000957,EMP1001,Priya,Patel,1973-07-13,2020-11-17,,Active,Sales,OH
EE0000958,EMP1001,Isaiah,Wilson,1980-11-30,2016-04-15,2024-05-10,Terminated,Administration,OH
EE0000959,EMP1001,Leah,Miller,1994-03-20,2015-01-02,,Active,Administration,OH
EE0000960,EMP1002,Chiamaka,Kim,1966-04-10,2023-04-07,,Active,Finance,MD
EE0000961,EMP1004,David,Walker,1997-12-29,2018-02-28,,Active,Information Technology,DC
EE0000962,EMP1002,Kevin,Adams,2004-09-30,2025-07-19,,Active,Information Technology,TX
EE0000963,EMP1005,Carlos,Wilson,1961-10-09,2018-10-28,,Active,Legal and Compliance,NC
EE0000964,EMP1004,Leah,Martinez,1974-08-22,2014-11-20,,Active,Finance,FL
EE0000965,EMP1001,Samuel,Walker,1966-08-20,2022-05-26,,Active,Customer Operations,OH
EE0000966,EMP1002,Luis,Moore,2002-09-28,2019-05-18,,Active,Finance,MD
EE0000967,EMP1003,Samuel,Hernandez,1987-03-29,2017-06-28,,Active,Information Technology,NC
EE0000968,EMP1003,Olivia,Hernandez,1978-03-01,2025-03-06,,Active,Supply Chain,TX
EE0000969,EMP1005,Malik,Taylor,1969-08-16,2026-06-10,,Active,Information Technology,NY
EE0000970,EMP1004,Angela,Brown,1985-03-31,2024-12-18,,Active,Sales,FL
EE0000971,EMP1003,David,Lewis,1982-06-06,2026-01-07,,Active,Supply Chain,VA
EE0000972,EMP1003,Victor,Johnson,1980-02-22,2022-07-04,,Active,Information Technology,MD
EE0000973,EMP1005,Fatima,Davis,1980-04-02,2018-04-10,,Active,Finance,NY
EE0000974,EMP1004,Omar,Taylor,1981-10-02,2017-01-03,,Active,Administration,FL
EE0000975,EMP1001,Fatima,Thomas,1961-04-26,2022-07-21,,Active,Administration,TX
EE0000976,EMP1003,Zoe,Mensah,1970-12-04,2016-07-29,2024-06-28,Terminated,Operations,NC
EE0000977,EMP1001,Leah,Walker,1981-12-06,2019-12-03,2025-06-06,Terminated,Human Resources,NY
EE0000978,EMP1003,Kevin,Johnson,1983-12-03,2019-01-23,,Active,Legal and Compliance,NC
EE0000979,EMP1004,Fatima,Smith,1996-11-26,2024-11-05,,Active,Customer Operations,FL
EE0000980,EMP1004,Michael,Ibrahim,1971-05-04,2018-09-29,,Active,Operations,NY
EE0000981,EMP1005,Kevin,Lewis,2006-01-19,2016-01-08,,Active,Human Resources,NC
EE0000982,EMP1004,Priya,Moore,1998-08-08,2017-02-21,,Active,Sales,OH
EE0000983,EMP1001,Omar,Hernandez,1998-02-16,2019-01-07,2024-11-22,Terminated,Finance,OH
EE0000984,EMP1004,Leah,Campbell,1986-07-27,2023-06-01,,Active,Legal and Compliance,FL
EE0000985,EMP1001,David,Smith,1962-08-01,2025-08-11,2026-06-19,Terminated,Operations,VA
EE0000986,EMP1003,Aaliyah,Moore,1973-04-21,2022-01-17,,Active,Customer Operations,NC
EE0000987,EMP1001,Jordan,Lewis,1962-06-05,2015-09-22,,Active,Sales,NC
EE0000988,EMP1005,Andre,Martinez,1994-01-13,2016-04-06,2025-10-15,Terminated,Supply Chain,NC
EE0000989,EMP1003,Daniel,Martinez,1987-01-29,2018-09-07,,Active,Human Resources,NC
EE0000990,EMP1005,Olivia,Thomas,1992-10-31,2022-04-29,2026-05-21,Terminated,Legal and Compliance,NY
EE0000991,EMP1003,Victor,Robinson,1971-04-09,2023-10-21,2025-01-06,Terminated,Finance,NC
EE0000992,EMP1004,Jordan,Davis,1964-07-06,2022-11-21,,Active,Information Technology,TX
EE0000993,EMP1001,Leah,Mensah,1985-11-06,2015-03-27,,Active,Finance,OH
EE0000994,EMP1005,Daniel,Adams,2001-12-30,2026-01-24,2026-04-29,Terminated,Administration,NY
EE0000995,EMP1001,Elena,Chen,1970-08-27,2021-03-14,,Active,Finance,NC
EE0000996,EMP1004,Grace,Patel,1982-12-22,2021-09-04,2025-03-17,Terminated,Legal and Compliance,FL
EE0000997,EMP1001,Andre,Taylor,2000-12-12,2020-09-12,,Active,Customer Operations,NC
EE0000998,EMP1005,Ethan,Adams,1979-03-05,2021-01-18,,Active,Administration,NY
EE0000999,EMP1001,David,Johnson,1977-04-11,2022-06-22,,Active,Administration,OH
EE0001000,EMP1004,Olivia,Davis,1966-09-19,2015-02-15,,Active,Sales,NC
EE0001001,EMP1004,Malik,Adeyemi,1966-12-26,2023-09-25,,Active,Legal and Compliance,NY
EE0001002,EMP1004,Amara,Lewis,1993-01-31,2020-10-17,,Active,Operations,FL
EE0001003,EMP1002,Sophia,Miller,2002-10-11,2016-09-23,,Active,Finance,TX
EE0001004,EMP1003,Olivia,Mensah,1967-03-24,2015-10-15,2026-06-10,Terminated,Information Technology,NC
EE0001005,EMP1001,Chiamaka,Martinez,1981-06-06,2016-05-07,,Active,Information Technology,OH
EE0001006,EMP1002,Carlos,Davis,1975-01-14,2024-02-05,,Active,Legal and Compliance,TX
EE0001007,EMP1004,Daniel,Garcia,2000-11-02,2021-05-31,,Active,Supply Chain,MD
EE0001008,EMP1005,Grace,Johnson,2002-12-20,2024-04-23,,Active,Operations,OH
EE0001009,EMP1004,Nia,Brown,1971-02-08,2021-01-29,,Active,Information Technology,TX
EE0001010,EMP1004,Andre,Nguyen,1970-07-30,2026-04-27,,Active,Customer Operations,FL
EE0001011,EMP1004,Daniel,Campbell,2001-05-24,2015-01-19,,Active,Administration,FL
EE0001012,EMP1002,Sophia,Brown,1964-05-11,2021-09-28,2026-06-10,Terminated,Human Resources,NY
EE0001013,EMP1003,Isaiah,Garcia,1980-07-03,2020-06-26,2026-02-16,Terminated,Administration,NY
EE0001014,EMP1005,Aaliyah,Bennett,1963-11-26,2019-07-19,,Active,Information Technology,NY
EE0001015,EMP1001,Amara,Johnson,2006-12-07,2024-01-29,,Active,Customer Operations,VA
EE0001016,EMP1004,Andre,Nguyen,2003-11-26,2020-01-22,,Active,Sales,FL
EE0001017,EMP1002,Omar,Moore,1970-06-12,2015-10-24,,Active,Finance,VA
EE0001018,EMP1001,David,Smith,1973-12-31,2017-11-18,,Active,Supply Chain,DC
EE0001019,EMP1005,Victor,Martinez,2002-08-29,2022-04-03,,Active,Legal and Compliance,NY
EE0001020,EMP1004,Amara,Nguyen,1984-07-02,2019-03-17,,Active,Sales,FL
EE0001021,EMP1005,Chiamaka,Adams,1967-08-02,2019-08-28,2024-09-10,Terminated,Information Technology,DC
EE0001022,EMP1004,Maya,Kim,1963-09-30,2015-10-11,2025-08-02,Terminated,Customer Operations,DC
EE0001023,EMP1002,Kevin,Nguyen,2004-10-07,2018-04-24,2025-09-21,Terminated,Human Resources,TX
EE0001024,EMP1001,Luis,Lewis,1983-07-16,2020-12-28,,Active,Administration,OH
EE0001025,EMP1005,Olivia,Kim,1964-06-01,2021-07-24,2024-04-25,Terminated,Information Technology,NY
EE0001026,EMP1005,Michael,Ibrahim,2001-02-17,2025-07-24,,Active,Administration,NY
EE0001027,EMP1003,Chiamaka,Smith,2003-12-15,2016-11-15,,Active,Sales,NC
EE0001028,EMP1004,Leah,Adams,1975-06-15,2026-04-26,,Active,Operations,FL
EE0001029,EMP1002,Chiamaka,Lewis,1969-06-14,2021-04-07,,Active,Human Resources,TX
EE0001030,EMP1005,Andre,Taylor,1990-12-12,2015-01-03,,Active,Administration,NY
EE0001031,EMP1003,Kevin,Garcia,1969-01-07,2026-04-21,,Active,Administration,NC
EE0001032,EMP1003,Jordan,Adams,1978-02-10,2014-07-11,2026-06-29,Terminated,Administration,NC
EE0001033,EMP1003,David,Kim,1963-11-24,2016-03-21,2025-06-10,Terminated,Supply Chain,NY
EE0001034,EMP1001,Michael,Davis,1982-06-14,2014-12-01,,Active,Legal and Compliance,OH
EE0001035,EMP1004,Aaliyah,Thomas,1998-04-17,2024-07-30,,Active,Supply Chain,FL
EE0001036,EMP1005,Andre,Mensah,1970-09-08,2020-06-24,,Active,Legal and Compliance,NY
EE0001037,EMP1005,Victor,Brown,1990-02-02,2024-05-21,,Active,Information Technology,NY
EE0001038,EMP1004,Jordan,Okafor,1967-05-01,2019-11-06,,Active,Supply Chain,DC
EE0001039,EMP1002,Maya,Nguyen,1970-02-24,2019-08-17,,Active,Information Technology,TX
EE0001040,EMP1004,Omar,Martinez,1975-08-01,2016-09-21,,Active,Administration,FL
EE0001041,EMP1004,Zoe,Ibrahim,1962-04-04,2019-08-14,,Active,Human Resources,NC
EE0001042,EMP1005,Kevin,Walker,1966-05-13,2014-07-07,,Active,Customer Operations,VA
EE0001043,EMP1004,Elena,Johnson,1992-01-27,2025-02-11,,Active,Administration,MD
EE0001044,EMP1005,Amara,Moore,1987-08-09,2022-09-13,,Active,Finance,NY
EE0001045,EMP1003,Fatima,Adeyemi,1994-01-21,2014-05-20,,Active,Human Resources,NY
EE0001046,EMP1002,Chiamaka,Brown,1999-07-03,2016-01-13,,Active,Customer Operations,NY
EE0001047,EMP1002,Malik,Adeyemi,1969-10-22,2015-09-19,,Active,Finance,NC
EE0001048,EMP1002,Naomi,Davis,1977-05-24,2015-01-26,,Active,Administration,NC
EE0001049,EMP1003,Malik,Adeyemi,1995-01-29,2021-01-19,,Active,Administration,NC
EE0001050,EMP1002,Michael,Lewis,1974-04-21,2022-07-17,,Active,Human Resources,NC
EE0001051,EMP1002,Leah,Bennett,1987-02-06,2023-05-15,,Active,Human Resources,TX
EE0001052,EMP1004,Amara,Lewis,1999-11-26,2025-04-15,,Active,Customer Operations,FL
EE0001053,EMP1004,Daniel,Walker,1973-11-02,2018-12-18,2024-08-21,Terminated,Sales,FL
EE0001054,EMP1004,Jordan,Martinez,1965-01-21,2021-12-04,,Active,Legal and Compliance,FL
EE0001055,EMP1002,Nia,Lewis,2000-11-27,2021-12-28,2025-01-10,Terminated,Legal and Compliance,FL
EE0001056,EMP1002,Samuel,Taylor,1988-03-04,2017-04-07,,Active,Supply Chain,TX
EE0001057,EMP1001,David,Walker,1969-05-09,2021-02-15,,Active,Finance,VA
EE0001058,EMP1002,Omar,Chen,1965-01-23,2017-02-17,,Active,Supply Chain,TX
EE0001059,EMP1004,Luis,Johnson,1981-02-28,2016-04-11,2025-01-17,Terminated,Supply Chain,NC
EE0001060,EMP1001,Grace,Brown,1979-04-11,2015-06-16,,Active,Information Technology,FL
EE0001061,EMP1001,David,Okafor,1999-04-22,2020-11-19,,Active,Human Resources,OH
EE0001062,EMP1005,Elena,Ibrahim,1988-04-02,2024-04-13,,Active,Operations,NY
EE0001063,EMP1002,Andre,Brown,1973-07-25,2022-10-04,,Active,Customer Operations,TX
EE0001064,EMP1002,Daniel,Patel,1983-02-27,2017-01-27,2024-01-22,Terminated,Supply Chain,TX
EE0001065,EMP1004,Noah,Nguyen,1972-12-28,2017-12-26,,Active,Sales,MD
EE0001066,EMP1005,Carlos,Patel,1970-12-05,2014-09-07,,Active,Customer Operations,NY
EE0001067,EMP1002,Andre,Williams,1989-02-03,2025-09-04,2025-10-04,Terminated,Sales,MD
EE0001068,EMP1005,Samuel,Robinson,1975-12-14,2025-09-13,,Active,Human Resources,MD
EE0001069,EMP1005,Grace,Campbell,1977-07-06,2024-02-14,2025-08-07,Terminated,Administration,NY
EE0001070,EMP1004,Chiamaka,Kim,1983-02-20,2025-02-18,,Active,Sales,FL
EE0001071,EMP1001,Victor,Moore,1988-08-04,2018-03-18,,Active,Legal and Compliance,DC
EE0001072,EMP1001,Sophia,Adeyemi,1997-11-13,2025-06-11,,Active,Administration,OH
EE0001073,EMP1002,Jasmine,Davis,1999-08-27,2018-10-30,,Active,Human Resources,TX
EE0001074,EMP1001,Ethan,Williams,1971-01-21,2020-06-13,2025-01-09,Terminated,Sales,OH
EE0001075,EMP1001,Amara,Hernandez,1983-05-31,2020-06-13,,Active,Administration,OH
EE0001076,EMP1001,Daniel,Campbell,1989-09-06,2017-09-12,,Active,Supply Chain,NC
EE0001077,EMP1002,Andre,Ibrahim,1994-06-14,2020-06-18,,Active,Operations,TX
EE0001078,EMP1001,Malik,Walker,2004-10-04,2014-09-26,,Active,Administration,OH
EE0001079,EMP1004,Victor,Smith,2004-07-05,2016-12-07,,Active,Operations,FL
EE0001080,EMP1004,Noah,Brown,1967-04-12,2021-12-24,2025-11-06,Terminated,Human Resources,FL
EE0001081,EMP1004,Michael,Martinez,1998-12-07,2023-08-28,,Active,Supply Chain,FL
EE0001082,EMP1002,Malik,Mensah,1974-04-13,2022-02-28,,Active,Information Technology,NY
EE0001083,EMP1001,Grace,Hernandez,1979-11-24,2016-08-07,,Active,Administration,OH
EE0001084,EMP1001,Isaiah,Garcia,1970-06-19,2016-06-14,,Active,Finance,OH
EE0001085,EMP1001,Amara,Lewis,1999-07-28,2019-03-12,,Active,Finance,NC
EE0001086,EMP1001,David,Lewis,2003-10-02,2015-07-06,,Active,Sales,OH
EE0001087,EMP1005,Samuel,Smith,1965-09-13,2018-05-13,2025-09-02,Terminated,Administration,DC
EE0001088,EMP1003,Isaiah,Walker,1979-08-22,2015-10-03,,Active,Administration,NC
EE0001089,EMP1001,Grace,Okafor,1985-09-29,2022-08-06,2026-06-23,Terminated,Operations,DC
EE0001090,EMP1005,Fatima,Wilson,1984-02-06,2014-04-17,,Active,Supply Chain,NY
EE0001091,EMP1004,Fatima,Robinson,1981-04-20,2020-06-20,,Active,Operations,NC
EE0001092,EMP1005,Kevin,Bennett,1964-11-07,2014-12-14,,Active,Finance,VA
EE0001093,EMP1002,Fatima,Kim,1970-11-09,2025-10-11,2026-03-02,Terminated,Information Technology,TX
EE0001094,EMP1003,Andre,Garcia,1961-07-31,2015-03-27,,Active,Customer Operations,TX
EE0001095,EMP1001,Angela,Nguyen,1972-09-14,2014-09-20,,Active,Operations,NC
EE0001096,EMP1001,David,Williams,1994-01-31,2021-06-24,2024-07-20,Terminated,Supply Chain,OH
EE0001097,EMP1001,Elena,Thomas,1989-12-14,2021-07-23,,Active,Information Technology,OH
EE0001098,EMP1005,Sophia,Chen,1974-01-08,2024-05-16,,Active,Customer Operations,MD
EE0001099,EMP1002,Noah,Moore,1974-09-08,2024-04-15,,Active,Human Resources,NC
EE0001100,EMP1003,Elena,Miller,1994-01-06,2025-07-20,2026-03-07,Terminated,Supply Chain,NC
EE0001101,EMP1002,Sophia,Moore,1997-07-05,2016-11-25,2025-07-02,Terminated,Administration,TX
EE0001102,EMP1002,Amara,Chen,1968-10-08,2023-05-30,2026-01-11,Terminated,Finance,FL
EE0001103,EMP1005,Ethan,Davis,1988-09-02,2017-12-25,,Active,Administration,FL
EE0001104,EMP1003,Leah,Williams,2003-10-15,2017-06-05,,Active,Human Resources,DC
EE0001105,EMP1004,Noah,Adams,1982-04-30,2016-11-17,,Active,Legal and Compliance,FL
EE0001106,EMP1002,Zoe,Martinez,1961-02-20,2014-04-30,,Active,Legal and Compliance,TX
EE0001107,EMP1004,Fatima,Walker,1966-06-28,2025-05-05,,Active,Finance,FL
EE0001108,EMP1003,Samuel,Martinez,1973-09-01,2017-10-03,,Active,Sales,TX
EE0001109,EMP1002,Angela,Mensah,2001-03-26,2015-10-01,,Active,Information Technology,TX
EE0001110,EMP1001,Luis,Davis,1976-05-29,2024-05-29,,Active,Sales,OH
EE0001111,EMP1004,Carlos,Martinez,2001-03-31,2014-07-27,,Active,Sales,DC
EE0001112,EMP1002,Jordan,Garcia,1967-12-22,2018-03-03,,Active,Customer Operations,TX
EE0001113,EMP1005,Kevin,Campbell,1972-08-09,2019-05-30,,Active,Supply Chain,MD
EE0001114,EMP1004,Omar,Martinez,1964-01-03,2023-07-14,,Active,Human Resources,TX
EE0001115,EMP1005,Victor,Ibrahim,1978-04-08,2018-04-19,,Active,Human Resources,NY
EE0001116,EMP1001,Chiamaka,Thomas,1971-10-12,2022-08-09,,Active,Legal and Compliance,OH
EE0001117,EMP1004,Chiamaka,Bennett,1975-07-07,2014-02-05,,Active,Administration,FL
EE0001118,EMP1003,Jasmine,Taylor,1987-04-11,2017-03-07,2026-05-14,Terminated,Customer Operations,NC
EE0001119,EMP1003,Jasmine,Davis,1968-12-10,2024-04-14,2024-07-09,Terminated,Operations,NC
EE0001120,EMP1004,Omar,Chen,1972-11-22,2015-06-21,,Active,Sales,TX
EE0001121,EMP1001,Victor,Ibrahim,2003-09-08,2021-03-30,,Active,Sales,OH
EE0001122,EMP1003,Maya,Hernandez,1993-08-23,2018-09-28,,Active,Finance,NY
EE0001123,EMP1003,Nia,Hernandez,1962-06-22,2025-02-09,,Active,Administration,OH
EE0001124,EMP1003,Victor,Brown,2005-12-26,2025-12-12,,Active,Operations,OH
EE0001125,EMP1005,Victor,Thomas,1978-08-28,2022-08-11,,Active,Legal and Compliance,NY
EE0001126,EMP1004,Isaiah,Okafor,1962-09-22,2020-07-12,,Active,Operations,FL
EE0001127,EMP1003,Elena,Ibrahim,1969-10-17,2015-03-01,,Active,Administration,NC
EE0001128,EMP1002,Nia,Kim,1979-05-10,2024-10-27,,Active,Legal and Compliance,FL
EE0001129,EMP1003,Omar,Nguyen,1967-06-25,2017-02-09,,Active,Supply Chain,NC
EE0001130,EMP1003,Jordan,Davis,1972-04-29,2023-05-25,,Active,Human Resources,DC
EE0001131,EMP1001,Zoe,Campbell,1971-04-13,2025-07-28,,Active,Sales,OH
EE0001132,EMP1004,Fatima,Adams,1998-02-17,2021-03-03,,Active,Operations,FL
EE0001133,EMP1005,Sophia,Miller,1985-12-17,2022-07-10,,Active,Legal and Compliance,TX
EE0001134,EMP1003,Aaliyah,Okafor,1976-07-26,2024-01-12,,Active,Supply Chain,VA
EE0001135,EMP1005,Leah,Adams,2006-10-31,2017-09-19,,Active,Customer Operations,NY
EE0001136,EMP1002,Sophia,Mensah,2004-11-03,2025-03-13,2025-04-27,Terminated,Sales,OH
EE0001137,EMP1004,Priya,Williams,1963-03-22,2022-12-12,,Active,Customer Operations,VA
EE0001138,EMP1005,Angela,Patel,1997-05-13,2021-12-25,2026-02-19,Terminated,Information Technology,NY
EE0001139,EMP1005,Samuel,Smith,2001-11-25,2021-07-12,2026-04-05,Terminated,Administration,DC
EE0001140,EMP1001,Grace,Walker,1980-01-15,2014-08-30,2024-06-16,Terminated,Finance,OH
EE0001141,EMP1003,Jasmine,Campbell,1969-02-22,2019-09-16,,Active,Legal and Compliance,NC
EE0001142,EMP1005,Elena,Smith,1978-04-13,2017-03-11,,Active,Information Technology,OH
EE0001143,EMP1003,Maya,Moore,1992-01-11,2025-03-15,,Active,Information Technology,NY
EE0001144,EMP1001,Jordan,Chen,1966-06-05,2015-05-24,,Active,Operations,OH
EE0001145,EMP1004,Fatima,Williams,1966-09-28,2020-10-22,,Active,Administration,TX
EE0001146,EMP1003,Aaliyah,Nguyen,1994-08-23,2024-01-25,,Active,Human Resources,TX
EE0001147,EMP1003,Maya,Walker,2007-03-31,2019-08-20,,Active,Information Technology,DC
EE0001148,EMP1005,Samuel,Adeyemi,2002-10-24,2015-04-12,,Active,Customer Operations,NY
EE0001149,EMP1005,Maya,Chen,1990-03-08,2018-09-16,,Active,Operations,NY
EE0001150,EMP1005,Nia,Hernandez,2006-12-18,2015-01-24,,Active,Finance,NY
EE0001151,EMP1002,Nia,Bennett,2003-05-25,2018-06-15,,Active,Finance,MD
EE0001152,EMP1001,Daniel,Adams,1983-01-12,2025-04-27,,Active,Sales,VA
EE0001153,EMP1001,Naomi,Hernandez,1980-01-27,2015-01-15,,Active,Supply Chain,OH
EE0001154,EMP1003,Angela,Thomas,1999-02-22,2022-06-16,,Active,Supply Chain,NC
EE0001155,EMP1004,Fatima,Davis,1996-12-17,2016-10-27,,Active,Operations,OH
EE0001156,EMP1001,Grace,Mensah,1963-07-10,2015-06-20,,Active,Operations,NC
EE0001157,EMP1001,Olivia,Garcia,2005-07-05,2016-04-04,,Active,Human Resources,OH
EE0001158,EMP1003,Jordan,Walker,1974-02-23,2021-12-01,,Active,Administration,NC
EE0001159,EMP1005,Grace,Brown,1976-10-27,2015-05-19,,Active,Information Technology,NY
EE0001160,EMP1001,Elena,Wilson,1996-05-19,2022-10-10,,Active,Customer Operations,DC
EE0001161,EMP1003,Aaliyah,Okafor,1988-01-31,2022-07-13,,Active,Finance,NC
EE0001162,EMP1001,Daniel,Adams,1987-11-04,2026-05-20,,Active,Finance,NC
EE0001163,EMP1004,Angela,Brown,1986-09-22,2025-02-27,,Active,Information Technology,FL
EE0001164,EMP1005,Chiamaka,Brown,1981-11-03,2022-10-14,,Active,Sales,NY
EE0001165,EMP1002,Elena,Thomas,1989-07-21,2025-07-10,2026-03-23,Terminated,Finance,TX
EE0001166,EMP1002,Michael,Adeyemi,1983-09-23,2023-06-23,,Active,Legal and Compliance,VA
EE0001167,EMP1005,Malik,Mensah,2001-07-13,2014-01-29,,Active,Finance,MD
EE0001168,EMP1004,David,Adams,2007-06-21,2017-06-08,,Active,Administration,FL
EE0001169,EMP1002,Samuel,Mensah,1962-10-22,2019-11-03,,Active,Human Resources,TX
EE0001170,EMP1001,Carlos,Moore,2001-01-02,2024-12-26,,Active,Operations,DC
EE0001171,EMP1001,Daniel,Okafor,1988-07-04,2019-06-18,,Active,Human Resources,OH
EE0001172,EMP1001,Kevin,Smith,1993-09-03,2020-01-23,,Active,Supply Chain,FL
EE0001173,EMP1002,Isaiah,Mensah,2000-01-24,2017-07-29,,Active,Finance,TX
EE0001174,EMP1004,Omar,Kim,1991-05-04,2015-05-01,2025-09-24,Terminated,Human Resources,DC
EE0001175,EMP1003,Aaliyah,Adeyemi,1981-01-06,2025-04-16,2026-05-23,Terminated,Supply Chain,OH
EE0001176,EMP1004,Zoe,Campbell,1964-09-07,2019-05-04,,Active,Legal and Compliance,TX
EE0001177,EMP1003,Isaiah,Miller,1982-03-29,2024-03-16,,Active,Legal and Compliance,NC
EE0001178,EMP1003,Elena,Adeyemi,1989-04-01,2019-04-09,2024-12-19,Terminated,Legal and Compliance,TX
EE0001179,EMP1003,Carlos,Wilson,1971-09-05,2021-09-28,,Active,Administration,NC
EE0001180,EMP1003,Jasmine,Miller,1995-03-26,2022-06-07,,Active,Sales,NC
EE0001181,EMP1001,Sophia,Patel,2007-04-19,2021-11-14,,Active,Finance,NC
EE0001182,EMP1003,Samuel,Kim,1963-05-21,2018-08-26,,Active,Supply Chain,NC
EE0001183,EMP1002,Luis,Nguyen,2000-05-21,2024-09-05,,Active,Finance,TX
EE0001184,EMP1001,Olivia,Brown,1969-06-18,2018-07-05,,Active,Legal and Compliance,OH
EE0001185,EMP1001,Chiamaka,Walker,1971-11-12,2016-02-21,,Active,Operations,OH
EE0001186,EMP1001,Ethan,Ibrahim,1961-04-26,2022-02-07,2024-02-16,Terminated,Customer Operations,FL
EE0001187,EMP1001,Samuel,Okafor,1984-01-10,2025-09-22,,Active,Operations,OH
EE0001188,EMP1005,Daniel,Nguyen,1992-02-16,2019-01-05,,Active,Finance,FL
EE0001189,EMP1003,Carlos,Wilson,1989-07-20,2025-01-12,,Active,Operations,NC
EE0001190,EMP1002,Fatima,Nguyen,1965-04-04,2016-11-01,,Active,Supply Chain,TX
EE0001191,EMP1005,Nia,Wilson,1986-12-14,2023-03-28,,Active,Customer Operations,NY
EE0001192,EMP1003,Maya,Chen,2002-04-01,2018-10-06,,Active,Operations,MD
EE0001193,EMP1005,Olivia,Miller,1995-05-18,2024-03-12,,Active,Customer Operations,DC
EE0001194,EMP1003,Nia,Miller,1980-08-05,2014-03-15,,Active,Finance,NC
EE0001195,EMP1005,Elena,Wilson,1999-08-26,2016-11-18,,Active,Sales,NY
EE0001196,EMP1001,Victor,Moore,1989-04-13,2023-07-22,,Active,Legal and Compliance,VA
EE0001197,EMP1005,Aaliyah,Martinez,1964-11-24,2022-12-05,,Active,Finance,NY
EE0001198,EMP1001,Angela,Moore,1962-04-20,2021-01-23,,Active,Information Technology,DC
EE0001199,EMP1003,Kevin,Davis,2000-10-26,2015-09-16,,Active,Supply Chain,NC
EE0001200,EMP1001,Ethan,Bennett,1987-01-10,2017-05-18,,Active,Administration,OH
EE0001201,EMP1003,Jasmine,Johnson,1997-10-01,2025-07-06,,Active,Operations,NC
EE0001202,EMP1001,Omar,Campbell,1980-03-31,2018-07-25,2026-01-30,Terminated,Sales,NC
EE0001203,EMP1001,Kevin,Brown,1991-02-04,2020-07-23,2025-05-29,Terminated,Finance,OH
EE0001204,EMP1001,Naomi,Nguyen,1993-02-11,2021-02-07,,Active,Supply Chain,MD
EE0001205,EMP1001,Samuel,Taylor,1989-07-03,2016-11-04,,Active,Administration,FL
EE0001206,EMP1003,Noah,Williams,1997-01-04,2021-05-16,2024-10-12,Terminated,Customer Operations,NC
EE0001207,EMP1005,Sophia,Walker,1974-06-09,2021-01-17,,Active,Customer Operations,MD
EE0001208,EMP1001,Jordan,Adeyemi,1969-07-14,2015-05-14,,Active,Customer Operations,OH
EE0001209,EMP1005,Naomi,Martinez,1997-06-06,2025-07-25,,Active,Information Technology,NY
EE0001210,EMP1005,Ethan,Wilson,2005-12-27,2017-03-20,,Active,Sales,NY
EE0001211,EMP1004,Ethan,Lewis,1961-09-12,2016-03-02,2024-08-08,Terminated,Supply Chain,FL
EE0001212,EMP1003,Jasmine,Mensah,1995-10-22,2022-10-10,,Active,Legal and Compliance,NC
EE0001213,EMP1001,Maya,Smith,1982-01-08,2016-09-23,,Active,Supply Chain,VA
EE0001214,EMP1005,Maya,Adams,1979-09-09,2016-07-14,,Active,Customer Operations,NY
EE0001215,EMP1005,Elena,Robinson,1977-11-05,2025-06-17,,Active,Human Resources,NY
EE0001216,EMP1003,Carlos,Patel,1985-10-20,2021-05-25,,Active,Administration,NC
EE0001217,EMP1002,Daniel,Lewis,1999-07-19,2016-12-18,,Active,Supply Chain,TX
EE0001218,EMP1003,Jasmine,Bennett,1963-10-20,2020-03-13,,Active,Information Technology,NC
EE0001219,EMP1001,Michael,Nguyen,1975-09-05,2014-04-12,2025-02-05,Terminated,Information Technology,OH
EE0001220,EMP1005,Sophia,Hernandez,1981-08-18,2022-04-16,,Active,Operations,NY
EE0001221,EMP1003,Maya,Wilson,1988-12-12,2019-10-04,,Active,Sales,DC
EE0001222,EMP1005,Leah,Taylor,1970-10-01,2021-07-18,,Active,Sales,NY
EE0001223,EMP1005,Priya,Chen,1993-08-13,2018-10-16,2024-01-07,Terminated,Legal and Compliance,MD
EE0001224,EMP1005,Elena,Brown,1986-08-17,2022-02-09,,Active,Sales,NY
EE0001225,EMP1005,Aaliyah,Campbell,1985-05-25,2014-09-11,2024-12-01,Terminated,Legal and Compliance,NY
EE0001226,EMP1001,Naomi,Martinez,1975-12-21,2026-05-29,,Active,Legal and Compliance,OH
EE0001227,EMP1002,Maya,Davis,1973-09-27,2016-09-14,,Active,Customer Operations,NC
EE0001228,EMP1003,Jasmine,Smith,1966-04-18,2015-08-05,2024-10-30,Terminated,Finance,VA
EE0001229,EMP1005,Ethan,Hernandez,2006-02-03,2016-09-16,,Active,Information Technology,VA
EE0001230,EMP1002,Sophia,Okafor,2002-02-25,2021-02-24,,Active,Customer Operations,TX
EE0001231,EMP1002,Aaliyah,Smith,1997-07-10,2017-01-07,2026-06-24,Terminated,Supply Chain,OH
EE0001232,EMP1001,Ethan,Thomas,1984-12-01,2024-09-01,,Active,Information Technology,NC
EE0001233,EMP1004,Isaiah,Adams,1987-01-29,2020-12-09,,Active,Finance,TX
EE0001234,EMP1001,Luis,Mensah,1965-09-16,2019-05-31,,Active,Sales,DC
EE0001235,EMP1005,Kevin,Nguyen,1970-12-08,2015-03-07,,Active,Supply Chain,NY
EE0001236,EMP1002,Isaiah,Adams,2002-11-04,2021-05-31,,Active,Administration,TX
EE0001237,EMP1002,Daniel,Davis,1964-02-09,2022-01-17,,Active,Finance,TX
EE0001238,EMP1005,Sophia,Bennett,1969-07-01,2019-07-31,,Active,Human Resources,NY
EE0001239,EMP1005,Samuel,Walker,1993-03-26,2023-05-08,,Active,Operations,NY
EE0001240,EMP1003,Leah,Miller,1979-04-19,2016-05-06,,Active,Operations,NC
EE0001241,EMP1003,Michael,Okafor,1979-02-21,2018-03-03,,Active,Finance,NC
EE0001242,EMP1003,Omar,Hernandez,1969-01-17,2015-06-29,,Active,Administration,MD
EE0001243,EMP1002,Nia,Smith,1973-05-24,2021-10-10,,Active,Human Resources,TX
EE0001244,EMP1001,Andre,Mensah,1977-02-01,2019-04-18,,Active,Operations,DC
EE0001245,EMP1004,Noah,Thomas,1968-04-21,2022-08-06,,Active,Legal and Compliance,FL
EE0001246,EMP1001,Luis,Robinson,1976-04-21,2017-11-06,,Active,Operations,OH
EE0001247,EMP1001,Amara,Johnson,1979-08-15,2025-09-08,,Active,Information Technology,MD
EE0001248,EMP1002,Amara,Mensah,1993-05-08,2015-08-02,,Active,Customer Operations,TX
EE0001249,EMP1002,Samuel,Johnson,1971-09-19,2016-01-08,,Active,Customer Operations,TX
EE0001250,EMP1003,Naomi,Davis,1973-06-16,2021-05-20,,Active,Operations,NC
EE0001251,EMP1001,David,Wilson,2001-04-17,2018-12-09,,Active,Administration,OH
EE0001252,EMP1002,Isaiah,Bennett,1980-05-29,2023-02-12,,Active,Legal and Compliance,TX
EE0001253,EMP1005,Maya,Walker,1975-11-29,2015-04-07,,Active,Human Resources,MD
EE0001254,EMP1003,Ethan,Robinson,1966-08-02,2021-05-18,,Active,Operations,NC
EE0001255,EMP1003,Carlos,Chen,1993-08-24,2019-01-12,,Active,Operations,NC
EE0001256,EMP1001,Luis,Chen,1991-09-21,2022-05-06,,Active,Supply Chain,OH
EE0001257,EMP1002,Elena,Wilson,1979-11-02,2020-10-23,,Active,Operations,TX
EE0001258,EMP1002,Fatima,Bennett,1995-06-17,2014-03-08,,Active,Legal and Compliance,TX
EE0001259,EMP1005,Amara,Martinez,1974-06-30,2020-10-24,,Active,Customer Operations,NC
EE0001260,EMP1005,Maya,Williams,1961-06-28,2026-05-08,2026-06-12,Terminated,Legal and Compliance,NY
EE0001261,EMP1001,Malik,Lewis,2000-01-08,2018-04-25,,Active,Information Technology,NY
EE0001262,EMP1003,Ethan,Thomas,1971-09-06,2017-12-17,,Active,Supply Chain,TX
EE0001263,EMP1005,Daniel,Moore,1964-03-16,2026-03-13,,Active,Legal and Compliance,NY
EE0001264,EMP1005,Angela,Walker,1978-08-06,2021-11-12,2024-07-14,Terminated,Information Technology,DC
EE0001265,EMP1002,Malik,Campbell,1980-12-17,2022-09-11,2024-03-05,Terminated,Supply Chain,TX
EE0001266,EMP1002,Michael,Adeyemi,1992-04-23,2017-12-27,,Active,Finance,NY
EE0001267,EMP1004,Nia,Davis,1998-05-12,2021-09-09,,Active,Customer Operations,FL
EE0001268,EMP1003,Jasmine,Johnson,1988-09-28,2015-04-05,,Active,Human Resources,NC
EE0001269,EMP1001,Amara,Davis,1999-01-15,2025-11-14,,Active,Information Technology,MD
EE0001270,EMP1003,Angela,Miller,1998-08-25,2014-04-01,,Active,Operations,VA
EE0001271,EMP1003,Maya,Moore,1969-11-01,2018-06-16,,Active,Finance,NC
EE0001272,EMP1004,Jordan,Davis,1965-10-09,2018-08-09,,Active,Information Technology,FL
EE0001273,EMP1001,Zoe,Wilson,1977-12-11,2024-07-17,2026-04-24,Terminated,Customer Operations,OH
EE0001274,EMP1004,David,Adams,1981-05-27,2017-08-29,2025-01-31,Terminated,Supply Chain,NC
EE0001275,EMP1003,David,Walker,1999-03-26,2017-08-04,,Active,Supply Chain,TX
EE0001276,EMP1005,Angela,Martinez,1963-06-22,2025-01-25,,Active,Administration,NY
EE0001277,EMP1001,Noah,Davis,1977-02-17,2022-02-01,,Active,Information Technology,NC
EE0001278,EMP1001,Luis,Bennett,1999-08-03,2015-10-20,,Active,Customer Operations,OH
EE0001279,EMP1005,Victor,Walker,1988-07-27,2017-11-26,,Active,Operations,NY
EE0001280,EMP1002,Maya,Kim,1981-11-13,2024-12-03,,Active,Customer Operations,DC
EE0001281,EMP1004,Grace,Adams,1961-07-25,2020-07-16,,Active,Information Technology,OH
EE0001282,EMP1002,Jordan,Adeyemi,1994-08-07,2018-10-19,,Active,Supply Chain,TX
EE0001283,EMP1002,Nia,Thomas,1979-08-12,2019-04-06,,Active,Human Resources,MD
EE0001284,EMP1002,Priya,Patel,1993-11-05,2019-11-26,,Active,Finance,TX
EE0001285,EMP1002,Michael,Garcia,1999-06-04,2022-07-19,,Active,Administration,NY
EE0001286,EMP1004,Samuel,Miller,1977-08-08,2018-05-24,2025-10-19,Terminated,Supply Chain,FL
EE0001287,EMP1001,Jasmine,Hernandez,1979-05-24,2021-10-18,,Active,Finance,TX
EE0001288,EMP1004,Malik,Thomas,1961-10-16,2024-12-04,,Active,Supply Chain,DC
EE0001289,EMP1002,Isaiah,Walker,2005-10-21,2021-07-15,,Active,Customer Operations,DC
EE0001290,EMP1003,Kevin,Nguyen,1981-12-31,2022-12-30,,Active,Human Resources,VA
EE0001291,EMP1004,Andre,Adeyemi,1964-03-27,2025-01-26,,Active,Sales,FL
EE0001292,EMP1005,Michael,Patel,1998-06-10,2015-12-18,,Active,Human Resources,NY
EE0001293,EMP1002,Zoe,Garcia,1969-02-20,2020-11-24,2024-03-03,Terminated,Sales,TX
EE0001294,EMP1004,Daniel,Martinez,1979-10-25,2022-11-05,,Active,Information Technology,OH
EE0001295,EMP1002,Maya,Wilson,2004-03-14,2015-10-31,,Active,Legal and Compliance,TX
EE0001296,EMP1002,Carlos,Bennett,1997-01-06,2020-08-20,,Active,Information Technology,DC
EE0001297,EMP1002,Nia,Garcia,1991-10-13,2017-03-30,2024-03-14,Terminated,Supply Chain,OH
EE0001298,EMP1001,Elena,Williams,1979-06-15,2020-10-25,,Active,Information Technology,MD
EE0001299,EMP1005,Fatima,Johnson,1977-06-26,2022-01-10,,Active,Operations,NC
EE0001300,EMP1003,Chiamaka,Smith,1993-03-27,2024-10-12,,Active,Supply Chain,TX
EE0001301,EMP1003,Omar,Garcia,2006-08-18,2018-10-22,,Active,Human Resources,MD
EE0001302,EMP1005,Ethan,Campbell,1998-05-23,2024-01-05,,Active,Sales,NY
EE0001303,EMP1002,Samuel,Lewis,2003-05-17,2014-03-13,,Active,Customer Operations,TX
EE0001304,EMP1001,Aaliyah,Kim,1985-03-01,2014-05-09,2024-01-13,Terminated,Finance,OH
EE0001305,EMP1001,Grace,Kim,1983-05-27,2016-07-09,2025-10-29,Terminated,Legal and Compliance,OH
EE0001306,EMP1005,Chiamaka,Taylor,2002-10-18,2014-04-14,,Active,Administration,NY
EE0001307,EMP1004,Omar,Martinez,1988-01-02,2023-06-11,,Active,Operations,FL
EE0001308,EMP1003,Aaliyah,Martinez,1975-11-12,2020-08-18,,Active,Administration,NC
EE0001309,EMP1002,Isaiah,Adeyemi,2006-11-10,2017-11-06,,Active,Customer Operations,VA
EE0001310,EMP1002,Leah,Hernandez,1966-07-04,2026-02-17,,Active,Administration,VA
EE0001311,EMP1005,Fatima,Hernandez,1986-05-25,2017-09-03,,Active,Information Technology,NY
EE0001312,EMP1001,Aaliyah,Campbell,1988-03-18,2025-12-17,,Active,Finance,OH
EE0001313,EMP1004,Luis,Taylor,1974-03-04,2023-10-06,,Active,Operations,FL
EE0001314,EMP1004,Elena,Smith,1981-05-02,2014-06-23,,Active,Sales,NY
EE0001315,EMP1003,Zoe,Chen,2001-11-28,2020-04-18,,Active,Information Technology,NC
EE0001316,EMP1005,Omar,Patel,1993-07-14,2019-05-05,,Active,Information Technology,MD
EE0001317,EMP1001,Zoe,Adams,1975-09-12,2019-07-21,,Active,Legal and Compliance,OH
EE0001318,EMP1005,Kevin,Miller,1993-11-10,2014-07-27,,Active,Customer Operations,NY
EE0001319,EMP1003,Victor,Moore,1998-06-08,2025-03-05,,Active,Supply Chain,NC
EE0001320,EMP1002,Maya,Martinez,2004-06-02,2016-05-09,,Active,Sales,TX
EE0001321,EMP1002,Elena,Lewis,1989-05-02,2024-12-19,,Active,Customer Operations,VA
EE0001322,EMP1004,Noah,Thomas,1987-11-27,2015-06-23,,Active,Legal and Compliance,VA
EE0001323,EMP1001,Samuel,Adams,1975-01-17,2020-07-21,,Active,Operations,DC
EE0001324,EMP1002,Carlos,Johnson,1974-08-17,2025-03-31,,Active,Human Resources,OH
EE0001325,EMP1001,Carlos,Martinez,1997-10-04,2014-08-13,,Active,Operations,NY
EE0001326,EMP1005,Grace,Miller,2002-11-16,2020-11-14,2026-02-21,Terminated,Information Technology,NY
EE0001327,EMP1001,Olivia,Williams,1991-04-11,2014-04-20,,Active,Human Resources,DC
EE0001328,EMP1002,Leah,Lewis,1975-04-15,2014-06-06,,Active,Sales,DC
EE0001329,EMP1005,Luis,Davis,1988-12-28,2025-09-06,,Active,Administration,NY
EE0001330,EMP1001,Malik,Ibrahim,1975-07-02,2014-10-26,,Active,Supply Chain,NY
EE0001331,EMP1004,Zoe,Campbell,1985-03-21,2015-05-13,,Active,Human Resources,OH
EE0001332,EMP1005,Amara,Moore,1994-01-29,2023-07-27,,Active,Information Technology,VA
EE0001333,EMP1002,Nia,Brown,1972-04-13,2014-06-22,,Active,Human Resources,TX
EE0001334,EMP1001,Elena,Patel,1997-05-01,2020-02-29,,Active,Administration,DC
EE0001335,EMP1001,Elena,Hernandez,1980-07-24,2020-12-06,2025-10-07,Terminated,Customer Operations,OH
EE0001336,EMP1001,Kevin,Adams,1976-01-20,2015-07-22,,Active,Sales,OH
EE0001337,EMP1001,Olivia,Kim,1964-02-15,2023-08-23,2025-05-30,Terminated,Human Resources,OH
EE0001338,EMP1002,Omar,Martinez,1991-01-17,2019-11-01,,Active,Finance,TX
EE0001339,EMP1003,Noah,Martinez,1984-10-30,2017-06-03,,Active,Supply Chain,NC
EE0001340,EMP1003,Jordan,Okafor,1961-09-02,2015-03-12,2025-02-09,Terminated,Customer Operations,NC
EE0001341,EMP1001,Maya,Ibrahim,2004-05-14,2019-12-10,,Active,Legal and Compliance,MD
EE0001342,EMP1002,Jordan,Ibrahim,1982-11-08,2015-02-05,,Active,Administration,TX
EE0001343,EMP1003,Chiamaka,Adams,2000-11-25,2017-10-01,,Active,Information Technology,NC
EE0001344,EMP1004,Andre,Thomas,1965-01-04,2021-07-14,,Active,Operations,VA
EE0001345,EMP1001,Amara,Kim,1986-03-25,2023-06-10,,Active,Finance,OH
EE0001346,EMP1003,Aaliyah,Campbell,1989-06-06,2022-11-09,,Active,Customer Operations,NC
EE0001347,EMP1003,Naomi,Okafor,1964-06-24,2018-11-06,,Active,Human Resources,TX
EE0001348,EMP1001,Carlos,Thomas,1981-09-20,2021-09-15,,Active,Sales,DC
EE0001349,EMP1005,Jordan,Adams,1991-11-09,2020-05-16,,Active,Human Resources,NY
EE0001350,EMP1001,Grace,Mensah,1992-05-10,2025-07-03,2026-06-06,Terminated,Human Resources,NY
EE0001351,EMP1005,Ethan,Hernandez,1965-12-26,2020-09-02,,Active,Supply Chain,MD
EE0001352,EMP1005,Victor,Adams,1965-06-17,2021-12-02,,Active,Finance,VA
EE0001353,EMP1001,Naomi,Williams,1981-10-31,2014-03-20,,Active,Finance,OH
EE0001354,EMP1001,Samuel,Miller,1994-09-03,2023-03-24,,Active,Operations,OH
EE0001355,EMP1002,Chiamaka,Nguyen,1976-05-15,2023-01-22,,Active,Legal and Compliance,NY
EE0001356,EMP1001,Kevin,Taylor,2001-09-01,2017-08-20,,Active,Administration,OH
EE0001357,EMP1002,Michael,Mensah,1966-04-20,2014-10-06,,Active,Supply Chain,DC
EE0001358,EMP1005,Maya,Taylor,1986-08-28,2026-05-10,,Active,Customer Operations,NY
EE0001359,EMP1005,Andre,Robinson,1979-07-27,2018-08-25,,Active,Legal and Compliance,NY
EE0001360,EMP1002,Michael,Robinson,1972-07-03,2025-03-20,,Active,Information Technology,TX
EE0001361,EMP1001,Kevin,Ibrahim,1972-10-16,2022-06-08,,Active,Information Technology,OH
EE0001362,EMP1002,Samuel,Walker,2002-06-25,2021-02-17,2025-10-24,Terminated,Operations,OH
EE0001363,EMP1002,Nia,Hernandez,2006-10-31,2023-09-06,,Active,Supply Chain,TX
EE0001364,EMP1001,Jasmine,Okafor,2001-05-10,2018-04-22,,Active,Finance,TX
EE0001365,EMP1001,Sophia,Martinez,1995-07-29,2021-06-01,2025-06-12,Terminated,Operations,TX
EE0001366,EMP1001,Maya,Miller,1992-03-08,2021-01-30,,Active,Information Technology,OH
EE0001367,EMP1001,Jordan,Williams,1982-08-10,2025-06-27,2026-02-15,Terminated,Customer Operations,OH
EE0001368,EMP1004,Amara,Miller,1996-01-21,2024-09-21,,Active,Human Resources,FL
EE0001369,EMP1003,Elena,Martinez,1999-05-09,2016-01-07,,Active,Customer Operations,NC
EE0001370,EMP1003,Isaiah,Kim,1975-03-29,2016-08-22,,Active,Administration,MD
EE0001371,EMP1004,Kevin,Adams,1986-07-17,2024-11-11,2025-12-30,Terminated,Information Technology,FL
EE0001372,EMP1003,Zoe,Bennett,1970-03-01,2025-04-16,,Active,Information Technology,NC
EE0001373,EMP1003,Andre,Okafor,2004-06-13,2020-07-19,,Active,Legal and Compliance,NC
EE0001374,EMP1003,Ethan,Bennett,1972-10-12,2014-11-06,,Active,Operations,FL
EE0001375,EMP1005,Amara,Ibrahim,1976-11-29,2023-01-28,,Active,Information Technology,NY
EE0001376,EMP1001,Jasmine,Mensah,2000-10-31,2024-05-23,,Active,Supply Chain,TX
EE0001377,EMP1003,Grace,Mensah,1981-01-18,2024-12-15,,Active,Information Technology,FL
EE0001378,EMP1002,Ethan,Chen,1987-04-09,2024-05-22,,Active,Supply Chain,NY
EE0001379,EMP1005,Omar,Smith,1969-03-28,2025-04-01,,Active,Legal and Compliance,NY
EE0001380,EMP1002,Omar,Kim,1961-05-04,2017-09-22,,Active,Legal and Compliance,TX
EE0001381,EMP1005,Angela,Taylor,1987-02-02,2018-08-04,,Active,Information Technology,NY
EE0001382,EMP1003,Noah,Thomas,2000-11-22,2025-08-26,,Active,Human Resources,MD
EE0001383,EMP1001,Luis,Nguyen,1975-11-22,2018-02-22,,Active,Finance,DC
EE0001384,EMP1004,Daniel,Mensah,1985-11-17,2019-08-31,,Active,Customer Operations,VA
EE0001385,EMP1002,David,Brown,1994-08-26,2022-12-16,2025-01-08,Terminated,Finance,DC
EE0001386,EMP1002,Amara,Chen,2001-07-17,2024-04-04,,Active,Finance,TX
EE0001387,EMP1004,Naomi,Miller,1981-12-21,2018-09-29,,Active,Operations,VA
EE0001388,EMP1001,Michael,Taylor,1975-09-15,2019-10-02,,Active,Human Resources,DC
EE0001389,EMP1002,Omar,Moore,1963-04-18,2016-08-12,,Active,Sales,TX
EE0001390,EMP1001,Victor,Davis,1996-09-24,2019-02-16,2025-03-23,Terminated,Supply Chain,OH
EE0001391,EMP1004,Aaliyah,Wilson,1975-03-09,2018-09-04,,Active,Human Resources,FL
EE0001392,EMP1002,Malik,Johnson,1969-04-14,2021-05-05,2026-02-22,Terminated,Customer Operations,TX
EE0001393,EMP1004,Victor,Williams,1963-02-07,2024-01-22,,Active,Customer Operations,DC
EE0001394,EMP1005,Aaliyah,Adeyemi,1987-12-13,2024-09-20,,Active,Sales,NY
EE0001395,EMP1004,Carlos,Wilson,1998-11-15,2024-08-28,2025-11-12,Terminated,Human Resources,FL
EE0001396,EMP1004,Maya,Robinson,1984-10-25,2019-08-22,,Active,Legal and Compliance,FL
EE0001397,EMP1003,Nia,Nguyen,1963-01-19,2022-08-10,,Active,Finance,NC
EE0001398,EMP1002,Olivia,Johnson,1987-10-17,2014-10-03,,Active,Sales,TX
EE0001399,EMP1001,Andre,Walker,1973-03-28,2014-03-28,,Active,Finance,OH
EE0001400,EMP1002,Grace,Campbell,1981-11-20,2026-03-07,,Active,Legal and Compliance,NC
EE0001401,EMP1002,Naomi,Robinson,1981-05-03,2018-07-21,,Active,Operations,TX
EE0001402,EMP1005,Isaiah,Johnson,1989-08-18,2021-08-10,,Active,Sales,TX
EE0001403,EMP1003,Leah,Patel,1972-07-04,2025-08-09,,Active,Supply Chain,FL
EE0001404,EMP1002,Olivia,Johnson,1968-07-08,2019-05-08,,Active,Supply Chain,FL
EE0001405,EMP1004,Leah,Moore,1983-09-22,2019-08-28,,Active,Legal and Compliance,FL
EE0001406,EMP1003,Luis,Brown,1965-06-26,2026-02-23,,Active,Legal and Compliance,NC
EE0001407,EMP1005,Grace,Moore,1981-05-04,2023-03-07,,Active,Legal and Compliance,OH
EE0001408,EMP1001,Jasmine,Campbell,1994-03-20,2020-06-01,,Active,Finance,OH
EE0001409,EMP1005,Chiamaka,Hernandez,1983-12-16,2015-12-18,2025-05-05,Terminated,Operations,NY
EE0001410,EMP1001,Olivia,Kim,1986-11-08,2016-12-31,,Active,Sales,OH
EE0001411,EMP1002,Leah,Adams,2003-09-07,2015-08-25,,Active,Legal and Compliance,TX
EE0001412,EMP1005,Olivia,Wilson,2004-04-28,2021-07-12,,Active,Finance,NY
EE0001413,EMP1004,Olivia,Nguyen,2002-01-18,2024-06-25,,Active,Customer Operations,FL
EE0001414,EMP1001,Olivia,Adams,1983-07-23,2025-06-21,,Active,Administration,VA
EE0001415,EMP1001,David,Moore,1982-11-28,2024-05-12,,Active,Sales,OH
EE0001416,EMP1004,Daniel,Miller,1995-10-30,2023-06-01,,Active,Sales,FL
EE0001417,EMP1005,Andre,Wilson,1990-08-22,2023-03-29,,Active,Operations,NY
EE0001418,EMP1003,Elena,Martinez,1990-01-12,2017-04-07,,Active,Customer Operations,NC
EE0001419,EMP1002,Luis,Martinez,1966-04-07,2015-11-09,2024-05-28,Terminated,Administration,OH
EE0001420,EMP1002,Aaliyah,Lewis,1968-11-02,2019-05-06,,Active,Finance,TX
EE0001421,EMP1001,Amara,Lewis,1977-12-03,2023-10-15,,Active,Supply Chain,OH
EE0001422,EMP1005,Jordan,Robinson,1987-01-21,2025-07-21,,Active,Customer Operations,OH
EE0001423,EMP1003,Nia,Johnson,1984-11-23,2019-11-02,,Active,Operations,NC
EE0001424,EMP1002,Daniel,Patel,1966-01-06,2024-08-23,,Active,Finance,NC
EE0001425,EMP1003,Luis,Adeyemi,1986-10-25,2015-01-03,,Active,Supply Chain,NC
EE0001426,EMP1005,Daniel,Wilson,1983-06-29,2014-12-11,,Active,Supply Chain,NY
EE0001427,EMP1004,Victor,Adeyemi,2004-03-14,2018-03-24,,Active,Administration,MD
EE0001428,EMP1005,Leah,Bennett,1981-07-14,2026-02-04,,Active,Administration,NY
EE0001429,EMP1001,David,Bennett,1978-07-01,2018-05-12,,Active,Administration,FL
EE0001430,EMP1003,Olivia,Adams,1972-09-13,2020-04-30,,Active,Human Resources,MD
EE0001431,EMP1005,Luis,Campbell,1978-08-03,2017-10-26,2025-03-29,Terminated,Operations,NY
EE0001432,EMP1005,Kevin,Okafor,2001-05-02,2015-07-11,2024-02-18,Terminated,Supply Chain,NY
EE0001433,EMP1004,Jordan,Williams,1974-05-24,2023-01-17,2024-03-31,Terminated,Information Technology,DC
EE0001434,EMP1003,Amara,Moore,2005-02-13,2021-09-07,2026-02-17,Terminated,Supply Chain,NC
EE0001435,EMP1001,Aaliyah,Ibrahim,1986-03-26,2017-12-24,,Active,Administration,NC
EE0001436,EMP1004,Elena,Garcia,1992-07-01,2014-12-01,,Active,Sales,FL
EE0001437,EMP1003,Priya,Kim,1991-01-30,2019-07-28,2024-02-03,Terminated,Human Resources,NC
EE0001438,EMP1001,Daniel,Thomas,1973-07-31,2017-11-25,,Active,Sales,OH
EE0001439,EMP1005,Andre,Robinson,1977-02-10,2018-05-13,,Active,Sales,OH
EE0001440,EMP1005,Samuel,Robinson,1995-02-08,2016-04-28,,Active,Human Resources,NY
EE0001441,EMP1002,Priya,Nguyen,2007-01-06,2023-05-22,,Active,Legal and Compliance,TX
EE0001442,EMP1002,Jasmine,Mensah,2005-12-14,2019-01-27,,Active,Sales,TX
EE0001443,EMP1004,Leah,Walker,1986-10-12,2023-07-08,,Active,Human Resources,FL
EE0001444,EMP1003,Jasmine,Davis,1989-02-25,2014-09-07,2026-04-15,Terminated,Legal and Compliance,MD
EE0001445,EMP1002,Elena,Okafor,1967-03-03,2026-03-16,2026-07-01,Terminated,Human Resources,TX
EE0001446,EMP1005,Fatima,Adams,1993-12-30,2023-06-26,,Active,Sales,DC
EE0001447,EMP1001,Maya,Ibrahim,1993-04-20,2023-07-25,,Active,Human Resources,OH
EE0001448,EMP1002,Zoe,Mensah,1985-12-21,2016-09-10,,Active,Sales,OH
EE0001449,EMP1004,Kevin,Patel,1966-05-16,2023-11-23,,Active,Finance,DC
EE0001450,EMP1002,Andre,Okafor,1993-07-23,2017-04-21,,Active,Administration,TX
EE0001451,EMP1003,Kevin,Kim,1968-02-17,2015-12-13,,Active,Sales,NC
EE0001452,EMP1004,Daniel,Mensah,1982-05-15,2018-02-21,2025-07-01,Terminated,Human Resources,FL
EE0001453,EMP1004,Elena,Moore,1982-09-17,2021-04-22,,Active,Human Resources,NC
EE0001454,EMP1004,Omar,Thomas,1970-02-22,2022-01-28,,Active,Sales,FL
EE0001455,EMP1003,David,Brown,1975-07-27,2017-09-22,2025-03-04,Terminated,Supply Chain,NC
EE0001456,EMP1003,Elena,Taylor,1977-07-25,2015-05-09,,Active,Supply Chain,MD
EE0001457,EMP1003,Aaliyah,Miller,1995-05-11,2014-08-17,,Active,Sales,NC
EE0001458,EMP1002,Luis,Robinson,1997-10-24,2016-03-09,,Active,Operations,DC
EE0001459,EMP1003,Fatima,Kim,1999-07-03,2020-01-10,,Active,Sales,NC
EE0001460,EMP1004,Omar,Taylor,1988-05-01,2019-10-08,,Active,Human Resources,OH
EE0001461,EMP1001,Victor,Martinez,1967-01-10,2017-12-15,2026-04-27,Terminated,Human Resources,DC
EE0001462,EMP1003,Luis,Walker,1995-11-03,2017-08-10,,Active,Administration,NC
EE0001463,EMP1005,Priya,Miller,1996-05-14,2019-11-25,,Active,Operations,DC
EE0001464,EMP1003,Daniel,Williams,1975-07-21,2015-04-09,,Active,Finance,FL
EE0001465,EMP1001,Priya,Johnson,1991-06-01,2023-06-24,,Active,Supply Chain,FL
EE0001466,EMP1001,Priya,Smith,2002-11-15,2023-08-24,,Active,Legal and Compliance,OH
EE0001467,EMP1001,Luis,Nguyen,1992-03-21,2022-09-14,,Active,Legal and Compliance,VA
EE0001468,EMP1001,Jordan,Adeyemi,1979-02-19,2018-06-24,2025-12-20,Terminated,Sales,FL
EE0001469,EMP1005,Naomi,Smith,1999-01-22,2023-07-25,,Active,Supply Chain,NY
EE0001470,EMP1005,Ethan,Patel,1997-04-28,2019-05-28,,Active,Finance,VA
EE0001471,EMP1005,Chiamaka,Wilson,1968-07-07,2019-05-06,,Active,Operations,NY
EE0001472,EMP1003,Kevin,Kim,2006-02-14,2022-10-28,,Active,Sales,VA
EE0001473,EMP1002,Noah,Ibrahim,1979-07-23,2022-10-17,,Active,Finance,OH
EE0001474,EMP1001,Maya,Adams,1961-03-31,2019-03-13,,Active,Sales,OH
EE0001475,EMP1003,Andre,Adams,1987-10-03,2015-03-15,,Active,Human Resources,DC
EE0001476,EMP1003,Priya,Walker,1996-09-13,2020-02-08,,Active,Information Technology,NC
EE0001477,EMP1005,Jordan,Okafor,1991-10-11,2015-11-08,,Active,Information Technology,MD
EE0001478,EMP1004,Maya,Mensah,1984-08-12,2023-09-29,,Active,Sales,FL
EE0001479,EMP1005,Malik,Nguyen,1979-03-23,2018-07-03,,Active,Supply Chain,NY
EE0001480,EMP1001,Kevin,Hernandez,1979-09-15,2018-05-02,,Active,Sales,OH
EE0001481,EMP1005,Daniel,Garcia,1961-03-18,2014-07-26,,Active,Administration,FL
EE0001482,EMP1004,Elena,Thomas,1985-11-28,2018-10-11,,Active,Operations,FL
EE0001483,EMP1002,Olivia,Lewis,1966-07-18,2021-01-22,,Active,Administration,TX
EE0001484,EMP1001,Priya,Martinez,2003-06-29,2020-12-25,,Active,Operations,OH
EE0001485,EMP1004,Fatima,Patel,1986-06-13,2018-04-28,,Active,Customer Operations,FL
EE0001486,EMP1003,Olivia,Adeyemi,2003-04-09,2026-01-16,,Active,Customer Operations,NC
EE0001487,EMP1003,Victor,Davis,1961-08-03,2019-05-08,,Active,Sales,NC
EE0001488,EMP1001,Angela,Robinson,1972-10-04,2018-10-11,2024-05-17,Terminated,Finance,OH
EE0001489,EMP1002,Grace,Ibrahim,1982-11-09,2014-04-18,2026-03-19,Terminated,Customer Operations,VA
EE0001490,EMP1004,Carlos,Adams,1989-07-25,2023-12-21,,Active,Operations,DC
EE0001491,EMP1002,Luis,Adeyemi,1980-07-02,2014-04-12,,Active,Legal and Compliance,FL
EE0001492,EMP1005,Grace,Ibrahim,1976-10-17,2021-09-16,,Active,Supply Chain,TX
EE0001493,EMP1002,Sophia,Moore,1981-09-26,2016-07-14,,Active,Legal and Compliance,NC
EE0001494,EMP1004,Naomi,Hernandez,1985-12-30,2020-08-01,,Active,Customer Operations,VA
EE0001495,EMP1004,Malik,Ibrahim,2003-09-02,2016-10-14,,Active,Sales,TX
EE0001496,EMP1002,Daniel,Mensah,1961-10-12,2016-07-31,,Active,Sales,DC
EE0001497,EMP1003,Samuel,Walker,1991-11-12,2021-05-06,,Active,Customer Operations,NC
EE0001498,EMP1005,Aaliyah,Lewis,2001-12-12,2023-02-25,,Active,Operations,NY
EE0001499,EMP1002,Leah,Chen,1992-06-29,2014-11-21,,Active,Information Technology,TX
EE0001500,EMP1001,Olivia,Smith,1993-11-23,2014-05-18,,Active,Supply Chain,MD
EE0001501,EMP1003,Victor,Mensah,1964-04-24,2014-05-27,,Active,Supply Chain,NC
EE0001502,EMP1004,Chiamaka,Taylor,1965-12-12,2017-06-30,,Active,Legal and Compliance,TX
EE0001503,EMP1005,Samuel,Ibrahim,1971-09-19,2019-01-30,2026-06-16,Terminated,Operations,NY
EE0001504,EMP1002,Zoe,Chen,1985-10-12,2024-12-14,,Active,Administration,TX
EE0001505,EMP1005,Jordan,Johnson,1984-01-27,2018-06-15,,Active,Supply Chain,NC
EE0001506,EMP1004,Luis,Lewis,1984-06-02,2026-05-10,,Active,Information Technology,FL
EE0001507,EMP1002,Olivia,Wilson,1990-09-25,2023-04-09,,Active,Customer Operations,TX
EE0001508,EMP1003,Leah,Robinson,1961-01-10,2020-09-08,2025-10-19,Terminated,Finance,DC
EE0001509,EMP1001,Daniel,Adeyemi,1994-03-13,2025-04-18,,Active,Supply Chain,OH
EE0001510,EMP1003,Malik,Lewis,1988-06-29,2026-04-09,,Active,Sales,NC
EE0001511,EMP1005,Aaliyah,Okafor,1978-11-17,2015-05-11,,Active,Sales,NY
EE0001512,EMP1004,David,Miller,1985-06-12,2021-07-22,,Active,Administration,FL
EE0001513,EMP1004,Samuel,Adams,2001-07-23,2023-05-15,,Active,Legal and Compliance,NC
EE0001514,EMP1004,Naomi,Patel,1994-07-30,2019-06-29,,Active,Finance,VA
EE0001515,EMP1002,Kevin,Moore,1962-02-19,2018-01-01,,Active,Sales,NC
EE0001516,EMP1004,Sophia,Moore,1994-07-31,2016-10-05,2025-09-05,Terminated,Customer Operations,MD
EE0001517,EMP1002,Noah,Lewis,1968-04-13,2015-05-19,,Active,Operations,TX
EE0001518,EMP1003,David,Adeyemi,2003-12-24,2024-08-28,,Active,Finance,NC
EE0001519,EMP1001,Samuel,Ibrahim,1983-07-05,2023-03-02,2025-11-19,Terminated,Customer Operations,OH
EE0001520,EMP1004,Michael,Lewis,1979-08-01,2024-12-15,,Active,Information Technology,FL
EE0001521,EMP1001,Amara,Brown,1980-07-31,2017-07-01,,Active,Information Technology,OH
EE0001522,EMP1005,Zoe,Ibrahim,2000-08-29,2017-04-29,,Active,Operations,NY
EE0001523,EMP1003,Luis,Chen,1968-06-18,2017-03-11,,Active,Information Technology,NC
EE0001524,EMP1005,Michael,Okafor,1997-05-07,2020-05-14,,Active,Information Technology,NY
EE0001525,EMP1001,Jasmine,Robinson,1971-08-18,2026-01-09,,Active,Finance,OH
EE0001526,EMP1001,Jasmine,Taylor,1970-07-19,2019-01-10,,Active,Supply Chain,OH
EE0001527,EMP1002,Carlos,Martinez,2006-06-13,2018-08-05,,Active,Customer Operations,NY
EE0001528,EMP1001,Andre,Smith,1996-06-25,2023-05-19,,Active,Sales,FL
EE0001529,EMP1003,David,Chen,1969-01-13,2019-04-12,,Active,Administration,NC
EE0001530,EMP1003,Nia,Davis,1985-10-28,2015-07-13,,Active,Human Resources,NC
EE0001531,EMP1005,Elena,Mensah,2005-07-31,2016-08-24,,Active,Operations,NY
EE0001532,EMP1003,Nia,Garcia,1968-09-05,2020-04-06,,Active,Supply Chain,MD
EE0001533,EMP1003,Zoe,Martinez,1990-04-14,2022-10-19,,Active,Sales,NC
EE0001534,EMP1004,Priya,Taylor,1967-06-10,2022-04-21,,Active,Customer Operations,MD
EE0001535,EMP1005,Zoe,Ibrahim,1993-08-23,2018-09-07,2024-08-14,Terminated,Information Technology,NY
EE0001536,EMP1002,Angela,Smith,1991-04-12,2015-08-09,,Active,Finance,TX
EE0001537,EMP1005,Sophia,Adams,1997-10-10,2017-01-22,,Active,Operations,OH
EE0001538,EMP1003,Naomi,Patel,1970-05-14,2014-04-18,,Active,Administration,NC
EE0001539,EMP1004,Chiamaka,Taylor,2000-04-25,2024-09-23,,Active,Finance,NY
EE0001540,EMP1001,Kevin,Lewis,1988-02-09,2026-03-31,,Active,Customer Operations,TX
EE0001541,EMP1001,Omar,Moore,1967-02-07,2019-07-15,,Active,Customer Operations,OH
EE0001542,EMP1002,Olivia,Adeyemi,2002-02-11,2025-04-06,,Active,Information Technology,TX
EE0001543,EMP1001,Daniel,Ibrahim,2001-07-17,2024-09-28,2025-06-23,Terminated,Legal and Compliance,DC
EE0001544,EMP1003,Victor,Ibrahim,1985-07-08,2020-03-04,2026-05-11,Terminated,Legal and Compliance,NC
EE0001545,EMP1005,Leah,Martinez,1986-06-23,2023-06-14,,Active,Supply Chain,NY
EE0001546,EMP1005,Maya,Adeyemi,1992-06-09,2020-07-16,,Active,Information Technology,NY
EE0001547,EMP1003,Luis,Adams,2002-08-26,2025-12-15,,Active,Legal and Compliance,NC
EE0001548,EMP1004,Omar,Davis,1975-08-29,2020-04-06,2024-06-26,Terminated,Operations,NY
EE0001549,EMP1003,Carlos,Garcia,1992-01-28,2015-05-16,,Active,Supply Chain,VA
EE0001550,EMP1004,Andre,Robinson,1992-08-28,2017-12-04,,Active,Administration,FL
EE0001551,EMP1005,Noah,Miller,1983-04-23,2021-01-29,,Active,Operations,NY
EE0001552,EMP1005,Jordan,Lewis,2002-06-28,2020-10-22,,Active,Finance,VA
EE0001553,EMP1002,Aaliyah,Hernandez,1995-03-07,2017-09-05,,Active,Information Technology,NC
EE0001554,EMP1002,Daniel,Hernandez,1979-02-16,2024-04-30,,Active,Information Technology,NC
EE0001555,EMP1005,Luis,Walker,1990-09-06,2018-10-01,,Active,Customer Operations,NY
EE0001556,EMP1004,Luis,Lewis,1977-07-23,2016-03-16,,Active,Sales,VA
EE0001557,EMP1003,Michael,Moore,1966-04-02,2026-03-03,,Active,Administration,DC
EE0001558,EMP1002,Jordan,Walker,1964-07-09,2014-12-19,,Active,Finance,TX
EE0001559,EMP1005,Malik,Walker,1990-12-19,2021-12-14,,Active,Operations,NY
EE0001560,EMP1003,Sophia,Kim,1990-03-07,2026-02-10,,Active,Supply Chain,NC
EE0001561,EMP1004,Luis,Adeyemi,2000-01-31,2022-04-05,,Active,Finance,FL
EE0001562,EMP1001,Fatima,Mensah,1978-04-12,2017-01-28,,Active,Customer Operations,OH
EE0001563,EMP1001,Grace,Wilson,1996-08-21,2021-06-12,,Active,Supply Chain,OH
EE0001564,EMP1002,Fatima,Miller,1988-05-14,2016-09-02,,Active,Legal and Compliance,TX
EE0001565,EMP1002,Chiamaka,Nguyen,1995-08-23,2016-05-09,2025-06-13,Terminated,Information Technology,TX
EE0001566,EMP1001,Ethan,Nguyen,1985-04-30,2017-05-07,,Active,Finance,TX
EE0001567,EMP1002,Jasmine,Nguyen,1984-10-11,2017-11-18,,Active,Supply Chain,MD
EE0001568,EMP1002,Andre,Garcia,1985-09-11,2024-06-09,,Active,Customer Operations,TX
EE0001569,EMP1004,Michael,Hernandez,1976-10-30,2022-03-13,,Active,Information Technology,TX
EE0001570,EMP1002,Malik,Campbell,1992-02-18,2020-12-25,2025-05-07,Terminated,Information Technology,TX
EE0001571,EMP1005,Aaliyah,Miller,2005-10-18,2015-08-06,,Active,Sales,NY
EE0001572,EMP1004,Aaliyah,Taylor,2001-10-20,2014-01-06,,Active,Supply Chain,NY
EE0001573,EMP1004,Sophia,Lewis,1991-04-16,2014-02-17,2024-05-02,Terminated,Supply Chain,MD
EE0001574,EMP1005,Fatima,Patel,1981-06-07,2014-07-03,2025-10-24,Terminated,Information Technology,NY
EE0001575,EMP1001,Sophia,Miller,1995-11-29,2017-06-23,,Active,Information Technology,OH
EE0001576,EMP1004,Naomi,Wilson,1972-12-12,2014-07-31,,Active,Sales,TX
EE0001577,EMP1005,Maya,Bennett,1970-09-10,2026-06-07,,Active,Customer Operations,VA
EE0001578,EMP1004,Ethan,Davis,1993-11-17,2017-11-04,2024-08-26,Terminated,Customer Operations,VA
EE0001579,EMP1004,Zoe,Taylor,2002-10-09,2014-04-09,,Active,Operations,FL
EE0001580,EMP1003,David,Thomas,1965-09-10,2019-01-21,,Active,Legal and Compliance,NC
EE0001581,EMP1001,David,Brown,1983-01-03,2025-11-25,,Active,Sales,OH
EE0001582,EMP1002,Malik,Lewis,1980-01-01,2022-03-30,,Active,Supply Chain,VA
EE0001583,EMP1002,Grace,Robinson,1980-05-29,2024-09-26,2025-10-21,Terminated,Information Technology,TX
EE0001584,EMP1002,David,Ibrahim,1994-02-01,2022-08-15,,Active,Legal and Compliance,VA
EE0001585,EMP1002,Amara,Thomas,1980-12-31,2021-11-19,,Active,Supply Chain,TX
EE0001586,EMP1003,Angela,Campbell,1983-01-01,2023-04-28,2025-10-23,Terminated,Supply Chain,DC
EE0001587,EMP1003,Chiamaka,Wilson,1989-05-24,2017-06-02,,Active,Legal and Compliance,NC
EE0001588,EMP1005,Maya,Kim,2001-09-29,2022-06-30,2025-10-16,Terminated,Customer Operations,NY
EE0001589,EMP1003,Carlos,Garcia,1964-12-02,2020-01-03,,Active,Administration,NY
EE0001590,EMP1004,Samuel,Patel,1984-08-04,2018-12-21,,Active,Human Resources,FL
EE0001591,EMP1001,Luis,Kim,1971-12-08,2015-12-31,,Active,Customer Operations,DC
EE0001592,EMP1004,Omar,Adams,1973-04-07,2023-02-13,2025-01-08,Terminated,Operations,DC
EE0001593,EMP1001,Malik,Martinez,1967-10-28,2021-11-19,,Active,Sales,OH
EE0001594,EMP1005,Malik,Smith,1976-05-01,2021-11-22,,Active,Information Technology,NY
EE0001595,EMP1005,Omar,Adams,1973-02-17,2017-09-30,,Active,Supply Chain,NY
EE0001596,EMP1003,Fatima,Lewis,1965-07-30,2023-07-15,,Active,Operations,VA
EE0001597,EMP1005,Victor,Moore,1987-10-11,2015-03-30,,Active,Sales,NY
EE0001598,EMP1001,Sophia,Bennett,1970-03-27,2017-01-08,,Active,Sales,OH
EE0001599,EMP1003,Carlos,Taylor,1987-09-21,2018-07-27,,Active,Information Technology,NC
EE0001600,EMP1002,David,Thomas,1977-02-28,2024-11-20,,Active,Finance,TX
EE0001601,EMP1001,Jordan,Kim,1997-07-23,2021-04-19,,Active,Administration,OH
EE0001602,EMP1002,Jordan,Miller,1980-05-08,2021-06-23,,Active,Customer Operations,FL
EE0001603,EMP1001,Jasmine,Johnson,2007-01-02,2020-01-19,,Active,Information Technology,FL
EE0001604,EMP1001,Kevin,Walker,1969-06-09,2016-10-27,,Active,Sales,OH
EE0001605,EMP1001,Daniel,Campbell,1994-08-08,2024-12-18,,Active,Finance,OH
EE0001606,EMP1002,Priya,Brown,2005-06-01,2015-09-09,,Active,Finance,DC
EE0001607,EMP1003,Naomi,Miller,1981-09-02,2025-08-29,,Active,Administration,NC
EE0001608,EMP1001,Aaliyah,Kim,1961-07-16,2024-09-13,,Active,Supply Chain,VA
EE0001609,EMP1005,Nia,Chen,1967-02-22,2019-06-24,,Active,Finance,NY
EE0001610,EMP1004,Aaliyah,Okafor,1988-10-10,2023-06-19,,Active,Information Technology,DC
EE0001611,EMP1003,Sophia,Taylor,1976-02-28,2015-06-14,,Active,Legal and Compliance,NC
EE0001612,EMP1002,David,Williams,1989-01-20,2020-10-19,,Active,Customer Operations,NC
EE0001613,EMP1004,Amara,Garcia,1997-05-24,2021-04-07,,Active,Sales,FL
EE0001614,EMP1001,Malik,Smith,1978-12-20,2021-03-15,,Active,Customer Operations,TX
EE0001615,EMP1001,Ethan,Hernandez,1968-11-30,2018-05-29,,Active,Legal and Compliance,FL
EE0001616,EMP1004,Angela,Bennett,2006-10-07,2017-06-19,,Active,Legal and Compliance,FL
EE0001617,EMP1005,Jordan,Mensah,1978-07-28,2018-01-31,,Active,Sales,OH
EE0001618,EMP1001,Omar,Patel,1982-06-30,2017-08-10,,Active,Sales,OH
EE0001619,EMP1003,Omar,Williams,1963-03-01,2024-07-16,,Active,Finance,OH
EE0001620,EMP1001,Carlos,Lewis,2006-10-25,2020-05-31,,Active,Administration,OH
EE0001621,EMP1001,Noah,Okafor,1983-03-01,2025-11-30,2026-01-30,Terminated,Customer Operations,NC
EE0001622,EMP1005,Angela,Lewis,2007-02-15,2023-07-05,,Active,Human Resources,OH
EE0001623,EMP1005,Maya,Thomas,1986-09-10,2020-01-26,,Active,Sales,NY
EE0001624,EMP1001,Jasmine,Chen,1970-02-09,2015-02-05,,Active,Operations,MD
EE0001625,EMP1001,Noah,Williams,1992-04-11,2018-05-02,,Active,Customer Operations,DC
EE0001626,EMP1003,Nia,Taylor,2003-01-29,2016-12-10,,Active,Information Technology,NC
EE0001627,EMP1003,Sophia,Mensah,1983-09-08,2017-11-23,,Active,Legal and Compliance,NC
EE0001628,EMP1001,Andre,Wilson,2001-02-06,2023-04-26,,Active,Finance,FL
EE0001629,EMP1004,Priya,Johnson,1973-01-13,2022-12-14,,Active,Human Resources,FL
EE0001630,EMP1002,Isaiah,Okafor,2007-02-01,2025-08-11,2025-10-17,Terminated,Customer Operations,NC
EE0001631,EMP1004,Andre,Patel,1983-03-12,2022-10-25,,Active,Supply Chain,NY
EE0001632,EMP1003,Elena,Davis,2003-01-27,2014-05-22,,Active,Operations,NC
EE0001633,EMP1002,Amara,Patel,1988-12-08,2014-08-12,,Active,Operations,NY
EE0001634,EMP1003,Maya,Moore,2004-05-01,2016-04-15,,Active,Finance,VA
EE0001635,EMP1003,Angela,Kim,2006-01-10,2022-08-28,2026-04-01,Terminated,Customer Operations,VA
EE0001636,EMP1005,Grace,Smith,1966-11-10,2019-04-26,,Active,Legal and Compliance,VA
EE0001637,EMP1004,Omar,Nguyen,1963-11-20,2014-08-16,,Active,Human Resources,NC
EE0001638,EMP1004,Fatima,Williams,1972-02-21,2014-06-20,,Active,Supply Chain,MD
EE0001639,EMP1005,Malik,Ibrahim,1976-02-06,2014-05-07,,Active,Operations,NY
EE0001640,EMP1001,Zoe,Johnson,1995-08-04,2018-04-23,,Active,Administration,OH
EE0001641,EMP1005,Angela,Thomas,1998-03-27,2019-12-08,,Active,Sales,OH
EE0001642,EMP1005,David,Bennett,1990-08-29,2019-02-20,,Active,Customer Operations,MD
EE0001643,EMP1004,Noah,Okafor,1989-10-06,2024-06-21,,Active,Sales,FL
EE0001644,EMP1005,Leah,Lewis,1966-11-18,2024-05-19,,Active,Supply Chain,NY
EE0001645,EMP1003,Michael,Hernandez,1993-09-26,2025-03-16,,Active,Administration,NC
EE0001646,EMP1004,Nia,Wilson,1991-07-18,2025-07-25,,Active,Operations,FL
EE0001647,EMP1005,David,Taylor,1968-05-29,2023-05-01,,Active,Information Technology,NY
EE0001648,EMP1001,Maya,Johnson,1983-03-25,2021-07-22,,Active,Legal and Compliance,OH
EE0001649,EMP1004,Priya,Lewis,1998-12-24,2021-05-09,,Active,Legal and Compliance,FL
EE0001650,EMP1005,Luis,Bennett,1981-06-29,2020-07-20,,Active,Human Resources,NY
EE0001651,EMP1003,Noah,Hernandez,1971-12-28,2016-09-28,,Active,Administration,FL
EE0001652,EMP1004,Omar,Davis,2002-01-15,2015-07-24,2024-02-23,Terminated,Operations,NY
EE0001653,EMP1001,David,Nguyen,1991-06-11,2016-02-29,,Active,Operations,OH
EE0001654,EMP1002,Olivia,Smith,2000-11-28,2018-10-17,,Active,Legal and Compliance,VA
EE0001655,EMP1003,Amara,Mensah,1980-09-27,2016-06-09,,Active,Legal and Compliance,TX
EE0001656,EMP1005,Chiamaka,Thomas,1995-10-17,2024-06-20,,Active,Supply Chain,NY
EE0001657,EMP1005,Kevin,Moore,1975-07-02,2023-01-29,,Active,Operations,NC
EE0001658,EMP1002,Angela,Williams,1995-07-16,2019-12-15,2024-05-12,Terminated,Supply Chain,TX
EE0001659,EMP1002,Priya,Davis,1976-03-15,2021-03-03,,Active,Human Resources,NC
EE0001660,EMP1002,Grace,Bennett,2001-01-16,2023-01-01,,Active,Information Technology,FL
EE0001661,EMP1002,Nia,Mensah,1971-09-28,2015-07-11,,Active,Sales,TX
EE0001662,EMP1005,Elena,Davis,1967-01-25,2018-05-14,2025-07-15,Terminated,Administration,TX
EE0001663,EMP1002,Daniel,Moore,2001-05-29,2021-11-18,,Active,Sales,OH
EE0001664,EMP1003,Angela,Bennett,2000-05-07,2022-08-14,,Active,Finance,NC
EE0001665,EMP1003,Olivia,Taylor,1973-09-30,2023-09-11,,Active,Customer Operations,NC
EE0001666,EMP1004,Priya,Taylor,1999-12-07,2024-05-21,2025-05-06,Terminated,Finance,FL
EE0001667,EMP1004,Zoe,Nguyen,2005-07-02,2020-08-13,,Active,Supply Chain,FL
EE0001668,EMP1003,Angela,Davis,1977-12-03,2018-06-16,,Active,Sales,NC
EE0001669,EMP1002,Victor,Ibrahim,2002-05-18,2017-11-09,,Active,Sales,VA
EE0001670,EMP1001,Olivia,Johnson,2002-06-04,2016-11-10,,Active,Administration,OH
EE0001671,EMP1001,Nia,Kim,1987-12-01,2017-01-17,,Active,Human Resources,OH
EE0001672,EMP1003,Luis,Walker,1961-03-13,2025-01-21,,Active,Customer Operations,TX
EE0001673,EMP1003,Carlos,Mensah,1981-08-01,2018-07-16,,Active,Administration,NC
EE0001674,EMP1004,Jordan,Thomas,1968-05-13,2017-03-26,,Active,Supply Chain,VA
EE0001675,EMP1002,Daniel,Davis,2005-05-26,2021-03-25,,Active,Customer Operations,TX
EE0001676,EMP1005,Noah,Adams,1994-08-04,2021-05-26,2026-02-15,Terminated,Information Technology,DC
EE0001677,EMP1005,Daniel,Kim,1972-01-02,2024-02-26,,Active,Customer Operations,NY
EE0001678,EMP1002,Aaliyah,Johnson,1985-08-15,2021-02-08,,Active,Customer Operations,OH
EE0001679,EMP1005,Sophia,Nguyen,1975-01-31,2017-05-02,2024-11-07,Terminated,Administration,NY
EE0001680,EMP1005,Noah,Miller,2001-06-21,2021-12-02,,Active,Information Technology,NY
EE0001681,EMP1002,Isaiah,Johnson,1979-06-08,2022-10-31,2025-02-17,Terminated,Operations,OH
EE0001682,EMP1001,David,Garcia,2005-05-21,2024-03-15,2026-06-05,Terminated,Human Resources,OH
EE0001683,EMP1003,Isaiah,Miller,1999-03-09,2015-02-09,,Active,Operations,NC
EE0001684,EMP1001,Andre,Adeyemi,1982-01-25,2014-11-05,2026-05-09,Terminated,Customer Operations,DC
EE0001685,EMP1002,Amara,Lewis,1975-03-20,2014-12-08,,Active,Human Resources,MD
EE0001686,EMP1001,Naomi,Nguyen,1976-05-08,2023-09-26,2025-01-27,Terminated,Customer Operations,OH
EE0001687,EMP1001,Nia,Mensah,2000-10-12,2022-10-21,,Active,Human Resources,OH
EE0001688,EMP1004,Kevin,Wilson,1981-07-22,2018-08-05,,Active,Administration,OH
EE0001689,EMP1005,Naomi,Moore,1990-12-31,2023-03-16,,Active,Operations,NC
EE0001690,EMP1002,Michael,Bennett,2001-07-27,2015-10-15,2024-09-04,Terminated,Sales,NC
EE0001691,EMP1003,Noah,Garcia,1964-05-05,2014-04-29,,Active,Finance,NC
EE0001692,EMP1002,Ethan,Brown,1971-01-24,2016-08-12,2025-01-21,Terminated,Information Technology,TX
EE0001693,EMP1003,Angela,Davis,1994-10-31,2015-10-15,,Active,Legal and Compliance,NY
EE0001694,EMP1005,Priya,Martinez,2002-10-05,2017-03-21,2025-06-21,Terminated,Operations,NY
EE0001695,EMP1003,Leah,Adeyemi,1978-06-12,2020-03-24,,Active,Legal and Compliance,NC
EE0001696,EMP1004,David,Adams,1987-09-05,2016-08-09,,Active,Information Technology,DC
EE0001697,EMP1004,Nia,Lewis,2006-04-17,2019-01-01,,Active,Supply Chain,DC
EE0001698,EMP1001,Noah,Taylor,1984-06-20,2020-01-24,,Active,Legal and Compliance,MD
EE0001699,EMP1005,David,Mensah,1969-08-28,2023-02-28,,Active,Customer Operations,VA
EE0001700,EMP1004,Jordan,Smith,1970-07-27,2018-09-09,,Active,Administration,FL
EE0001701,EMP1003,Daniel,Adams,1961-01-28,2020-04-02,,Active,Supply Chain,NC
EE0001702,EMP1005,Chiamaka,Mensah,1983-07-01,2025-06-05,,Active,Legal and Compliance,NY
EE0001703,EMP1005,Sophia,Johnson,2003-06-06,2025-04-08,2025-05-18,Terminated,Supply Chain,NY
EE0001704,EMP1004,Jordan,Williams,1973-12-29,2015-03-24,,Active,Operations,FL
EE0001705,EMP1002,Angela,Bennett,1975-06-06,2023-08-25,,Active,Customer Operations,OH
EE0001706,EMP1001,Naomi,Okafor,1970-11-19,2020-01-23,,Active,Customer Operations,OH
EE0001707,EMP1005,Priya,Brown,1968-01-07,2020-01-04,,Active,Customer Operations,NC
EE0001708,EMP1003,Olivia,Martinez,1995-05-02,2014-09-09,,Active,Customer Operations,FL
EE0001709,EMP1004,Jordan,Campbell,1999-07-05,2020-09-12,,Active,Legal and Compliance,NY
EE0001710,EMP1004,Jordan,Chen,1985-01-21,2014-01-16,,Active,Information Technology,FL
EE0001711,EMP1004,Amara,Williams,1993-04-25,2018-12-19,,Active,Finance,VA
EE0001712,EMP1001,Andre,Moore,1962-04-13,2025-11-16,,Active,Administration,VA
EE0001713,EMP1005,Sophia,Brown,1986-01-06,2014-11-21,,Active,Administration,NY
EE0001714,EMP1001,Sophia,Williams,1992-04-16,2017-04-08,,Active,Customer Operations,MD
EE0001715,EMP1004,Jasmine,Bennett,2001-09-19,2014-01-10,,Active,Administration,FL
EE0001716,EMP1004,Daniel,Walker,1974-08-24,2020-10-19,2025-12-07,Terminated,Legal and Compliance,FL
EE0001717,EMP1005,Amara,Bennett,1988-08-09,2025-07-27,,Active,Finance,NY
EE0001718,EMP1005,Angela,Chen,2003-05-09,2014-09-27,,Active,Operations,FL
EE0001719,EMP1001,Chiamaka,Wilson,1996-12-31,2024-04-06,,Active,Operations,TX
EE0001720,EMP1002,Elena,Okafor,1997-11-25,2025-03-03,,Active,Human Resources,TX
EE0001721,EMP1001,Priya,Johnson,2001-04-12,2023-12-21,,Active,Human Resources,OH
EE0001722,EMP1004,Chiamaka,Garcia,1983-03-28,2025-06-11,,Active,Administration,OH
EE0001723,EMP1004,Omar,Campbell,2002-10-06,2020-05-22,2024-03-16,Terminated,Supply Chain,FL
EE0001724,EMP1004,Samuel,Thomas,1979-12-14,2023-08-05,2026-01-10,Terminated,Human Resources,FL
EE0001725,EMP1003,Angela,Wilson,1978-05-20,2020-07-17,,Active,Operations,NC
EE0001726,EMP1004,Naomi,Brown,1961-01-08,2023-08-31,,Active,Information Technology,TX
EE0001727,EMP1002,Naomi,Robinson,1977-10-06,2023-02-10,,Active,Finance,TX
EE0001728,EMP1002,Sophia,Okafor,1986-07-09,2016-07-16,,Active,Administration,OH
EE0001729,EMP1005,Fatima,Chen,1993-06-24,2014-03-16,2025-12-15,Terminated,Human Resources,NY
EE0001730,EMP1001,Maya,Ibrahim,1997-09-19,2024-04-06,2025-02-24,Terminated,Customer Operations,OH
EE0001731,EMP1003,Naomi,Okafor,1993-02-11,2018-08-08,,Active,Supply Chain,NY
EE0001732,EMP1003,Elena,Mensah,1984-09-01,2020-02-20,,Active,Legal and Compliance,NC
EE0001733,EMP1004,Maya,Campbell,2003-03-22,2025-11-23,,Active,Human Resources,TX
EE0001734,EMP1005,Daniel,Bennett,1989-06-21,2018-05-23,,Active,Human Resources,DC
EE0001735,EMP1002,David,Johnson,1980-06-27,2015-06-27,,Active,Administration,NY
EE0001736,EMP1003,Jasmine,Adeyemi,1967-03-05,2026-05-20,,Active,Legal and Compliance,TX
EE0001737,EMP1003,Fatima,Wilson,1995-08-19,2019-09-12,,Active,Supply Chain,FL
EE0001738,EMP1002,Andre,Mensah,2000-02-24,2025-02-20,,Active,Finance,VA
EE0001739,EMP1001,Kevin,Johnson,1988-12-18,2019-09-04,,Active,Administration,DC
EE0001740,EMP1003,Jordan,Adams,1975-05-31,2024-11-01,,Active,Finance,TX
EE0001741,EMP1004,Carlos,Hernandez,1987-07-10,2016-07-19,,Active,Legal and Compliance,FL
EE0001742,EMP1002,Olivia,Ibrahim,2000-07-14,2021-08-31,,Active,Operations,TX
EE0001743,EMP1003,Kevin,Walker,1971-12-08,2024-04-19,2026-02-28,Terminated,Customer Operations,DC
EE0001744,EMP1004,Isaiah,Martinez,1967-10-16,2024-10-21,,Active,Human Resources,FL
EE0001745,EMP1001,Leah,Bennett,2004-12-07,2024-09-17,,Active,Customer Operations,OH
EE0001746,EMP1004,Isaiah,Wilson,1976-02-26,2014-09-10,,Active,Operations,FL
EE0001747,EMP1003,Noah,Walker,2006-09-23,2020-02-06,,Active,Legal and Compliance,NC
EE0001748,EMP1005,Isaiah,Campbell,1982-04-09,2026-06-12,,Active,Supply Chain,NY
EE0001749,EMP1005,Zoe,Bennett,1981-07-27,2023-05-04,,Active,Administration,DC
EE0001750,EMP1005,Daniel,Walker,1977-09-14,2026-05-19,2026-06-21,Terminated,Human Resources,NY
EE0001751,EMP1004,Fatima,Kim,1999-05-12,2019-11-29,,Active,Finance,FL
EE0001752,EMP1003,Nia,Wilson,1981-06-04,2025-06-28,,Active,Information Technology,NY
EE0001753,EMP1003,Omar,Williams,1992-02-01,2023-02-18,2026-06-10,Terminated,Human Resources,NC
EE0001754,EMP1003,Naomi,Williams,1975-10-29,2026-01-09,,Active,Administration,NC
EE0001755,EMP1005,Jasmine,Chen,1967-03-26,2014-04-04,,Active,Customer Operations,TX
EE0001756,EMP1004,Carlos,Hernandez,1975-12-29,2017-02-18,,Active,Sales,TX
EE0001757,EMP1004,Kevin,Nguyen,1982-12-30,2024-09-28,,Active,Human Resources,FL
EE0001758,EMP1005,Aaliyah,Lewis,1997-06-25,2014-04-25,2026-06-12,Terminated,Customer Operations,NY
EE0001759,EMP1004,Malik,Campbell,1996-10-09,2019-02-28,,Active,Human Resources,FL
EE0001760,EMP1002,Maya,Smith,1986-11-07,2019-02-25,,Active,Administration,DC
EE0001761,EMP1001,Isaiah,Martinez,1995-11-14,2020-05-13,,Active,Customer Operations,OH
EE0001762,EMP1005,Angela,Patel,1967-06-28,2016-02-22,,Active,Sales,NY
EE0001763,EMP1002,David,Martinez,1982-07-15,2022-07-27,,Active,Supply Chain,OH
EE0001764,EMP1004,Aaliyah,Bennett,1989-08-03,2017-09-11,,Active,Sales,FL
EE0001765,EMP1001,Leah,Davis,1980-06-24,2024-06-17,,Active,Administration,OH
EE0001766,EMP1005,Nia,Hernandez,2002-11-01,2019-07-17,2025-04-04,Terminated,Operations,VA
EE0001767,EMP1002,Isaiah,Bennett,1999-04-04,2016-09-15,,Active,Operations,TX
EE0001768,EMP1005,Maya,Adeyemi,1999-05-18,2022-01-23,,Active,Information Technology,NY
EE0001769,EMP1005,Grace,Smith,2001-01-14,2023-08-05,,Active,Legal and Compliance,NY
EE0001770,EMP1001,Nia,Thomas,2002-10-05,2015-11-21,,Active,Supply Chain,NY
EE0001771,EMP1005,Priya,Bennett,1970-11-21,2015-12-16,2025-08-24,Terminated,Legal and Compliance,NY
EE0001772,EMP1002,Naomi,Martinez,1981-12-11,2022-06-07,,Active,Finance,MD
EE0001773,EMP1005,Andre,Brown,1979-10-13,2018-03-30,,Active,Supply Chain,NY
EE0001774,EMP1001,Amara,Robinson,1963-03-04,2023-04-21,,Active,Legal and Compliance,DC
EE0001775,EMP1003,Daniel,Campbell,1980-10-20,2019-05-09,,Active,Information Technology,NC
EE0001776,EMP1001,Amara,Robinson,1964-06-14,2021-02-09,,Active,Human Resources,OH
EE0001777,EMP1001,Luis,Miller,2006-01-11,2014-07-26,,Active,Finance,NY
EE0001778,EMP1001,Noah,Walker,1990-03-04,2018-11-27,,Active,Operations,DC
EE0001779,EMP1001,Olivia,Adams,1963-11-10,2018-10-24,2025-12-11,Terminated,Sales,OH
EE0001780,EMP1001,Fatima,Hernandez,1972-01-13,2014-04-06,,Active,Operations,OH
EE0001781,EMP1005,Fatima,Kim,1981-01-26,2017-11-18,,Active,Administration,NY
EE0001782,EMP1004,Elena,Walker,1963-08-12,2014-08-20,,Active,Sales,FL
EE0001783,EMP1004,Isaiah,Chen,1988-01-21,2025-04-23,,Active,Operations,VA
EE0001784,EMP1005,Omar,Adams,1999-09-04,2026-01-15,,Active,Sales,TX
EE0001785,EMP1002,Leah,Moore,2000-01-01,2017-10-04,,Active,Operations,TX
EE0001786,EMP1001,Daniel,Garcia,1990-03-23,2016-06-29,,Active,Administration,MD
EE0001787,EMP1004,Samuel,Miller,1979-07-24,2017-08-16,2025-07-01,Terminated,Finance,NC
EE0001788,EMP1005,Isaiah,Adams,1987-11-25,2022-01-31,,Active,Human Resources,NY
EE0001789,EMP1004,Omar,Williams,1990-04-01,2014-06-27,,Active,Sales,FL
EE0001790,EMP1003,Michael,Patel,1982-02-24,2020-06-11,2025-03-28,Terminated,Information Technology,DC
EE0001791,EMP1003,Fatima,Smith,2000-03-25,2022-08-11,,Active,Sales,NC
EE0001792,EMP1002,Malik,Hernandez,1968-03-10,2014-02-16,,Active,Administration,TX
EE0001793,EMP1003,Omar,Campbell,1967-08-05,2014-09-06,2024-07-08,Terminated,Supply Chain,NC
EE0001794,EMP1003,Zoe,Okafor,1983-11-15,2017-04-09,,Active,Supply Chain,FL
EE0001795,EMP1001,Angela,Williams,1987-09-21,2023-07-31,,Active,Information Technology,OH
EE0001796,EMP1005,Leah,Martinez,1987-07-05,2020-10-26,,Active,Operations,NY
EE0001797,EMP1004,Naomi,Williams,1981-04-07,2019-07-31,,Active,Customer Operations,FL
EE0001798,EMP1002,Omar,Walker,1966-11-07,2015-04-05,,Active,Operations,TX
EE0001799,EMP1001,Malik,Chen,1999-09-23,2014-04-14,,Active,Finance,OH
EE0001800,EMP1003,Kevin,Wilson,1981-04-19,2015-04-01,,Active,Customer Operations,NC
EE0001801,EMP1001,Angela,Moore,1974-11-01,2022-04-09,,Active,Operations,NC
EE0001802,EMP1001,Fatima,Kim,1996-06-22,2022-08-06,,Active,Human Resources,OH
EE0001803,EMP1005,Elena,Smith,1962-04-09,2015-04-17,,Active,Human Resources,NY
EE0001804,EMP1002,Carlos,Bennett,1975-10-27,2025-03-26,,Active,Finance,FL
EE0001805,EMP1002,Leah,Robinson,1983-04-30,2014-11-07,2026-03-09,Terminated,Finance,NC
EE0001806,EMP1003,Elena,Taylor,1962-07-20,2015-04-24,,Active,Operations,NC
EE0001807,EMP1005,Noah,Mensah,1968-10-03,2021-11-13,,Active,Human Resources,OH
EE0001808,EMP1003,Andre,Garcia,2001-12-30,2021-09-18,,Active,Operations,NY
EE0001809,EMP1005,David,Nguyen,1997-05-05,2016-02-21,,Active,Operations,NY
EE0001810,EMP1005,Zoe,Bennett,1997-07-16,2026-05-29,,Active,Finance,NY
EE0001811,EMP1004,Priya,Patel,1962-11-12,2020-07-19,,Active,Customer Operations,MD
EE0001812,EMP1001,Priya,Robinson,1989-08-30,2015-11-26,,Active,Administration,OH
EE0001813,EMP1001,Angela,Chen,1996-06-19,2017-11-22,,Active,Legal and Compliance,MD
EE0001814,EMP1002,Nia,Taylor,2002-06-08,2016-03-04,,Active,Operations,NY
EE0001815,EMP1002,Carlos,Chen,1989-04-03,2017-01-01,,Active,Information Technology,OH
EE0001816,EMP1002,Samuel,Martinez,1989-08-21,2019-12-15,2025-03-23,Terminated,Human Resources,NC
EE0001817,EMP1003,Olivia,Martinez,1982-06-30,2021-12-23,,Active,Sales,NC
EE0001818,EMP1001,Angela,Walker,1971-04-15,2020-03-05,,Active,Legal and Compliance,MD
EE0001819,EMP1005,Priya,Wilson,1987-07-07,2025-02-12,,Active,Human Resources,NY
EE0001820,EMP1001,Ethan,Adeyemi,2006-07-12,2022-06-05,,Active,Customer Operations,MD
EE0001821,EMP1002,Sophia,Campbell,1977-10-02,2014-07-02,,Active,Administration,FL
EE0001822,EMP1003,Jordan,Nguyen,1969-12-28,2017-03-01,,Active,Legal and Compliance,DC
EE0001823,EMP1003,Priya,Kim,1972-01-15,2016-07-09,,Active,Finance,OH
EE0001824,EMP1005,Grace,Mensah,1967-12-19,2021-05-22,,Active,Customer Operations,NY
EE0001825,EMP1002,Olivia,Ibrahim,1966-02-15,2015-06-27,,Active,Information Technology,TX
EE0001826,EMP1001,Fatima,Brown,1994-11-27,2021-06-27,,Active,Finance,OH
EE0001827,EMP1004,Noah,Chen,1971-06-19,2024-02-23,,Active,Information Technology,NY
EE0001828,EMP1005,Noah,Wilson,1978-08-05,2021-09-15,2025-05-27,Terminated,Legal and Compliance,DC
EE0001829,EMP1002,Elena,Patel,1962-05-28,2019-07-09,,Active,Administration,TX
EE0001830,EMP1002,Grace,Adams,1970-12-22,2022-05-14,2024-01-02,Terminated,Information Technology,OH
EE0001831,EMP1001,David,Robinson,1985-06-05,2017-05-27,,Active,Operations,OH
EE0001832,EMP1002,Malik,Robinson,1996-06-12,2024-02-23,,Active,Operations,TX
EE0001833,EMP1005,Chiamaka,Smith,1999-12-29,2021-02-06,,Active,Legal and Compliance,NY
EE0001834,EMP1002,Naomi,Walker,1975-07-09,2019-12-12,,Active,Sales,TX
EE0001835,EMP1003,Andre,Okafor,1973-02-19,2020-04-05,,Active,Finance,NC
EE0001836,EMP1001,Sophia,Martinez,1966-07-31,2020-07-08,,Active,Supply Chain,VA
EE0001837,EMP1001,Leah,Lewis,1987-04-19,2019-12-16,,Active,Sales,OH
EE0001838,EMP1003,Priya,Mensah,2000-12-03,2016-10-15,2024-10-14,Terminated,Legal and Compliance,NC
EE0001839,EMP1003,Olivia,Thomas,1962-06-18,2015-05-13,,Active,Operations,FL
EE0001840,EMP1005,Angela,Bennett,1968-10-23,2020-11-25,,Active,Sales,NY
EE0001841,EMP1004,Priya,Martinez,2007-06-29,2018-08-03,2024-09-17,Terminated,Supply Chain,NC
EE0001842,EMP1002,Carlos,Brown,1986-08-22,2022-08-21,,Active,Customer Operations,TX
EE0001843,EMP1004,Kevin,Moore,1967-04-01,2018-04-14,,Active,Operations,FL
EE0001844,EMP1002,Grace,Adams,1993-09-16,2020-02-15,,Active,Customer Operations,TX
EE0001845,EMP1002,Malik,Miller,1992-02-28,2016-05-30,,Active,Information Technology,TX
EE0001846,EMP1003,Ethan,Martinez,1976-02-26,2022-06-18,2024-12-30,Terminated,Human Resources,TX
EE0001847,EMP1005,Victor,Taylor,1961-07-28,2014-09-28,,Active,Sales,NY
EE0001848,EMP1004,Andre,Lewis,1987-04-29,2025-04-17,,Active,Operations,FL
EE0001849,EMP1001,Jasmine,Martinez,1970-07-06,2015-02-27,,Active,Legal and Compliance,OH
EE0001850,EMP1004,Leah,Nguyen,1993-04-01,2020-02-28,,Active,Customer Operations,DC
EE0001851,EMP1001,Olivia,Kim,1964-02-08,2014-12-06,,Active,Sales,NC
EE0001852,EMP1004,Zoe,Smith,1965-12-12,2016-10-22,,Active,Legal and Compliance,FL
EE0001853,EMP1002,Jasmine,Moore,1977-09-17,2022-10-23,,Active,Sales,TX
EE0001854,EMP1002,Andre,Nguyen,1983-01-28,2023-08-04,,Active,Human Resources,TX
EE0001855,EMP1004,Malik,Mensah,1983-01-05,2015-08-09,,Active,Finance,TX
EE0001856,EMP1005,Jasmine,Brown,1966-09-29,2026-05-24,,Active,Sales,NC
EE0001857,EMP1004,Jasmine,Brown,1980-02-29,2025-08-21,,Active,Legal and Compliance,OH
EE0001858,EMP1002,Omar,Okafor,1988-02-20,2024-03-12,,Active,Administration,DC
EE0001859,EMP1002,Luis,Taylor,1992-10-26,2026-04-03,,Active,Finance,TX
EE0001860,EMP1003,Angela,Thomas,1976-05-27,2016-04-25,,Active,Finance,TX
EE0001861,EMP1001,Carlos,Taylor,1981-07-01,2025-10-02,,Active,Legal and Compliance,OH
EE0001862,EMP1001,Aaliyah,Davis,2001-10-18,2016-05-04,,Active,Human Resources,TX
EE0001863,EMP1002,Daniel,Robinson,1991-02-21,2018-02-21,2025-05-15,Terminated,Customer Operations,OH
EE0001864,EMP1004,Olivia,Miller,1978-04-09,2018-05-10,,Active,Operations,FL
EE0001865,EMP1005,Amara,Campbell,1965-02-07,2016-09-26,,Active,Human Resources,NY
EE0001866,EMP1005,Kevin,Brown,2005-06-28,2016-02-06,,Active,Finance,DC
EE0001867,EMP1003,Elena,Davis,1989-04-03,2022-12-13,,Active,Human Resources,VA
EE0001868,EMP1002,Omar,Robinson,1968-02-02,2014-12-26,,Active,Information Technology,TX
EE0001869,EMP1004,Isaiah,Garcia,1962-04-05,2015-07-05,,Active,Finance,NY
EE0001870,EMP1001,Jasmine,Williams,1986-07-27,2016-02-23,2025-03-18,Terminated,Sales,OH
EE0001871,EMP1003,Olivia,Chen,1983-05-23,2026-06-10,,Active,Customer Operations,NC
EE0001872,EMP1003,Carlos,Nguyen,1961-10-21,2022-10-22,,Active,Customer Operations,NC
EE0001873,EMP1005,Omar,Miller,1969-10-04,2023-06-18,,Active,Operations,NY
EE0001874,EMP1001,Carlos,Wilson,1966-09-12,2025-12-17,,Active,Customer Operations,NY
EE0001875,EMP1004,Grace,Bennett,1964-11-22,2018-05-25,,Active,Sales,MD
EE0001876,EMP1002,Samuel,Mensah,2005-02-03,2023-11-06,,Active,Administration,TX
EE0001877,EMP1005,Angela,Hernandez,1968-02-04,2024-03-07,,Active,Customer Operations,NY
EE0001878,EMP1001,Sophia,Moore,1987-02-22,2022-10-30,2024-03-14,Terminated,Customer Operations,FL
EE0001879,EMP1004,Carlos,Mensah,1996-01-24,2020-01-13,,Active,Finance,FL
EE0001880,EMP1001,Leah,Johnson,1992-06-30,2024-01-13,,Active,Legal and Compliance,NY
EE0001881,EMP1002,Olivia,Johnson,1994-05-12,2016-11-29,2025-07-07,Terminated,Administration,TX
EE0001882,EMP1005,David,Chen,1999-04-10,2016-05-04,,Active,Operations,NY
EE0001883,EMP1003,Amara,Hernandez,1975-12-06,2024-03-12,,Active,Operations,MD
EE0001884,EMP1004,Leah,Chen,1980-01-24,2018-05-20,,Active,Finance,DC
EE0001885,EMP1001,Amara,Williams,1992-07-11,2018-03-08,,Active,Customer Operations,TX
EE0001886,EMP1003,Angela,Garcia,2006-06-20,2020-02-03,2024-04-16,Terminated,Human Resources,NC
EE0001887,EMP1005,Malik,Williams,2007-05-28,2016-07-23,2024-10-18,Terminated,Sales,NC
EE0001888,EMP1004,Ethan,Patel,1988-10-23,2021-09-28,,Active,Supply Chain,DC
EE0001889,EMP1003,David,Campbell,1981-05-02,2026-03-25,,Active,Sales,NY
EE0001890,EMP1003,Elena,Miller,1983-07-20,2021-08-13,,Active,Sales,OH
EE0001891,EMP1001,Olivia,Nguyen,1993-07-01,2020-11-01,,Active,Finance,OH
EE0001892,EMP1003,Carlos,Okafor,1973-05-26,2026-01-23,,Active,Finance,NY
EE0001893,EMP1005,Samuel,Davis,2002-08-12,2023-08-10,2024-03-03,Terminated,Administration,OH
EE0001894,EMP1003,Ethan,Mensah,1996-04-13,2014-03-16,,Active,Finance,NC
EE0001895,EMP1001,Victor,Campbell,2006-03-16,2019-12-08,,Active,Administration,VA
EE0001896,EMP1003,Priya,Miller,1978-05-09,2025-03-13,2025-08-12,Terminated,Supply Chain,OH
EE0001897,EMP1003,Luis,Patel,1999-11-15,2024-01-19,,Active,Finance,NC
EE0001898,EMP1004,Samuel,Bennett,1990-04-18,2020-12-07,,Active,Supply Chain,FL
EE0001899,EMP1003,Amara,Brown,1973-09-17,2017-01-24,,Active,Sales,NC
EE0001900,EMP1004,Naomi,Adams,1963-08-23,2023-05-27,2024-07-10,Terminated,Customer Operations,FL
EE0001901,EMP1004,Aaliyah,Miller,1979-12-20,2019-03-20,,Active,Supply Chain,OH
EE0001902,EMP1004,Sophia,Patel,1986-05-25,2020-11-14,,Active,Administration,VA
EE0001903,EMP1005,Aaliyah,Ibrahim,1971-11-30,2026-02-03,,Active,Finance,NY
EE0001904,EMP1004,Daniel,Hernandez,2003-07-11,2022-07-28,,Active,Supply Chain,FL
EE0001905,EMP1004,David,Wilson,1966-09-27,2019-02-03,,Active,Information Technology,FL
EE0001906,EMP1003,Nia,Williams,1993-06-09,2018-11-15,,Active,Finance,VA
EE0001907,EMP1003,Ethan,Ibrahim,1966-07-29,2021-05-01,,Active,Customer Operations,MD
EE0001908,EMP1005,Michael,Okafor,1979-06-01,2016-01-10,2025-08-18,Terminated,Operations,NY
EE0001909,EMP1005,Michael,Williams,1968-04-16,2020-11-26,,Active,Information Technology,MD
EE0001910,EMP1001,Malik,Kim,1984-10-17,2022-12-11,,Active,Human Resources,OH
EE0001911,EMP1002,Aaliyah,Martinez,1962-11-11,2025-07-12,,Active,Administration,TX
EE0001912,EMP1004,Jasmine,Thomas,2003-11-20,2019-07-10,,Active,Finance,FL
EE0001913,EMP1005,Luis,Nguyen,1995-11-11,2017-10-31,,Active,Human Resources,NY
EE0001914,EMP1004,Chiamaka,Martinez,2002-01-04,2019-08-29,2025-09-30,Terminated,Supply Chain,FL
EE0001915,EMP1004,Fatima,Okafor,1968-01-04,2024-02-01,,Active,Administration,FL
EE0001916,EMP1002,Victor,Taylor,1962-10-30,2014-06-22,,Active,Customer Operations,TX
EE0001917,EMP1003,Carlos,Brown,1998-07-30,2022-07-16,,Active,Administration,NC
EE0001918,EMP1003,Andre,Bennett,1966-12-27,2015-01-03,,Active,Administration,FL
EE0001919,EMP1002,Angela,Thomas,1985-07-28,2022-08-31,,Active,Supply Chain,NY
EE0001920,EMP1005,Grace,Okafor,1996-05-25,2015-12-22,,Active,Supply Chain,MD
EE0001921,EMP1002,Luis,Davis,1974-05-10,2014-09-08,,Active,Sales,TX
EE0001922,EMP1002,Ethan,Hernandez,1986-02-14,2019-01-12,,Active,Human Resources,TX
EE0001923,EMP1002,Ethan,Mensah,1995-10-22,2022-08-20,2025-10-17,Terminated,Legal and Compliance,MD
EE0001924,EMP1004,Ethan,Okafor,1976-06-02,2019-05-22,2025-04-26,Terminated,Finance,TX
EE0001925,EMP1004,Isaiah,Thomas,1999-12-26,2014-07-16,,Active,Legal and Compliance,VA
EE0001926,EMP1004,Omar,Ibrahim,1989-08-04,2025-02-22,,Active,Operations,FL
EE0001927,EMP1003,Chiamaka,Campbell,2002-07-17,2022-11-05,,Active,Customer Operations,NC
EE0001928,EMP1002,Kevin,Brown,1999-06-27,2020-08-21,,Active,Finance,TX
EE0001929,EMP1002,Malik,Garcia,1987-05-24,2021-04-21,,Active,Supply Chain,FL
EE0001930,EMP1005,Aaliyah,Bennett,2006-11-24,2019-12-16,,Active,Sales,DC
EE0001931,EMP1003,Fatima,Hernandez,1964-05-25,2017-07-17,,Active,Information Technology,NY
EE0001932,EMP1003,Sophia,Nguyen,1999-07-04,2021-10-18,,Active,Finance,FL
EE0001933,EMP1002,Luis,Taylor,1980-08-26,2023-10-19,,Active,Human Resources,TX
EE0001934,EMP1004,Jasmine,Campbell,2006-08-03,2018-03-07,,Active,Information Technology,MD
EE0001935,EMP1003,Priya,Adeyemi,2001-01-08,2022-07-28,,Active,Administration,NC
EE0001936,EMP1002,Fatima,Davis,1993-02-18,2020-05-26,,Active,Human Resources,TX
EE0001937,EMP1005,Samuel,Nguyen,1984-07-16,2016-08-05,,Active,Legal and Compliance,NY
EE0001938,EMP1002,Chiamaka,Lewis,1980-09-10,2025-05-27,2025-07-21,Terminated,Human Resources,FL
EE0001939,EMP1001,Andre,Davis,1961-06-19,2016-12-15,2026-02-21,Terminated,Administration,OH
EE0001940,EMP1002,Malik,Nguyen,2002-04-25,2024-03-08,2026-06-19,Terminated,Customer Operations,DC
EE0001941,EMP1001,Elena,Campbell,2002-12-31,2018-04-27,,Active,Customer Operations,TX
EE0001942,EMP1003,Ethan,Miller,1994-10-11,2015-08-23,,Active,Finance,FL
EE0001943,EMP1005,Aaliyah,Nguyen,1970-11-04,2016-07-24,,Active,Supply Chain,NY
EE0001944,EMP1005,Jordan,Bennett,1996-01-23,2025-06-08,,Active,Finance,NY
EE0001945,EMP1001,Michael,Patel,1979-06-17,2023-06-19,2025-05-16,Terminated,Operations,OH
EE0001946,EMP1001,Michael,Williams,1992-08-08,2016-11-08,2024-08-23,Terminated,Sales,OH
EE0001947,EMP1001,Kevin,Taylor,1965-08-10,2025-09-24,,Active,Information Technology,OH
EE0001948,EMP1005,Michael,Chen,2002-06-19,2015-03-04,,Active,Legal and Compliance,NY
EE0001949,EMP1003,Naomi,Miller,1981-07-01,2022-10-05,,Active,Customer Operations,NY
EE0001950,EMP1005,Kevin,Thomas,1977-12-13,2015-05-23,,Active,Supply Chain,MD
EE0001951,EMP1004,Grace,Davis,1975-02-03,2020-12-22,,Active,Operations,FL
EE0001952,EMP1002,Naomi,Moore,1978-02-18,2022-06-18,2025-11-05,Terminated,Human Resources,TX
EE0001953,EMP1001,Grace,Nguyen,1984-04-05,2017-08-14,2024-05-31,Terminated,Administration,OH
EE0001954,EMP1005,Naomi,Miller,2002-12-18,2021-07-27,,Active,Administration,NY
EE0001955,EMP1001,Carlos,Wilson,1983-02-22,2015-04-01,,Active,Information Technology,OH
EE0001956,EMP1002,Chiamaka,Smith,1995-06-12,2014-03-04,,Active,Sales,TX
EE0001957,EMP1003,Andre,Smith,1995-02-09,2026-03-23,,Active,Sales,NC
EE0001958,EMP1005,Aaliyah,Campbell,1998-01-08,2024-02-01,,Active,Finance,NY
EE0001959,EMP1003,Sophia,Okafor,1972-06-03,2023-05-12,,Active,Administration,NC
EE0001960,EMP1005,Andre,Mensah,1998-02-12,2026-03-14,,Active,Administration,MD
EE0001961,EMP1004,Ethan,Hernandez,1998-12-05,2022-12-14,,Active,Finance,FL
EE0001962,EMP1002,Chiamaka,Chen,1983-08-19,2017-12-17,,Active,Administration,MD
EE0001963,EMP1004,Carlos,Williams,1967-12-03,2020-04-16,2025-07-31,Terminated,Information Technology,FL
EE0001964,EMP1003,Andre,Patel,1985-05-05,2020-11-05,,Active,Finance,NC
EE0001965,EMP1002,Malik,Hernandez,1976-07-14,2020-06-13,,Active,Legal and Compliance,NC
EE0001966,EMP1005,Chiamaka,Chen,2007-03-18,2020-12-09,,Active,Administration,NY
EE0001967,EMP1003,Noah,Garcia,1963-11-17,2021-04-02,,Active,Administration,DC
EE0001968,EMP1002,Carlos,Martinez,1971-05-05,2022-09-09,,Active,Information Technology,TX
EE0001969,EMP1001,Naomi,Chen,1998-04-23,2014-05-12,,Active,Operations,OH
EE0001970,EMP1001,Sophia,Chen,1986-01-27,2022-07-12,,Active,Operations,OH
EE0001971,EMP1001,Naomi,Lewis,1984-01-06,2017-04-05,,Active,Finance,OH
EE0001972,EMP1003,Jasmine,Nguyen,1978-06-06,2018-10-30,,Active,Legal and Compliance,NC
EE0001973,EMP1004,Naomi,Davis,1962-11-06,2018-01-15,,Active,Operations,NC
EE0001974,EMP1002,Grace,Ibrahim,1961-02-26,2018-04-09,2026-01-04,Terminated,Information Technology,OH
EE0001975,EMP1004,Nia,Smith,1998-12-29,2016-02-11,2024-02-13,Terminated,Information Technology,FL
EE0001976,EMP1003,Jordan,Kim,1982-12-07,2026-01-26,,Active,Information Technology,NC
EE0001977,EMP1002,Chiamaka,Wilson,1973-02-11,2022-12-17,2024-12-16,Terminated,Information Technology,TX
EE0001978,EMP1005,Malik,Thomas,1976-08-08,2016-12-20,,Active,Finance,NY
EE0001979,EMP1001,Chiamaka,Taylor,1981-05-28,2025-01-20,,Active,Customer Operations,MD
EE0001980,EMP1005,Angela,Johnson,2005-03-11,2016-06-06,2025-02-21,Terminated,Customer Operations,NY
EE0001981,EMP1003,Zoe,Adeyemi,1997-09-05,2018-04-30,,Active,Legal and Compliance,NC
EE0001982,EMP1005,Victor,Adams,1984-08-17,2019-10-22,,Active,Customer Operations,OH
EE0001983,EMP1005,Naomi,Lewis,1968-08-04,2021-08-22,,Active,Administration,NY
EE0001984,EMP1004,Naomi,Ibrahim,2003-01-03,2014-10-16,,Active,Finance,FL
EE0001985,EMP1005,Elena,Mensah,1964-06-25,2024-09-28,,Active,Customer Operations,NY
EE0001986,EMP1002,Zoe,Patel,1969-07-17,2020-03-20,,Active,Administration,TX
EE0001987,EMP1002,Nia,Walker,1982-11-12,2014-06-30,,Active,Supply Chain,TX
EE0001988,EMP1005,David,Williams,1991-01-19,2016-11-01,,Active,Administration,FL
EE0001989,EMP1004,Noah,Davis,1997-01-08,2022-11-14,,Active,Sales,NC
EE0001990,EMP1005,Isaiah,Adams,1973-11-23,2022-03-21,,Active,Information Technology,OH
EE0001991,EMP1005,Priya,Walker,1989-09-05,2017-05-19,,Active,Customer Operations,FL
EE0001992,EMP1002,Naomi,Miller,2001-03-17,2019-06-17,,Active,Administration,OH
EE0001993,EMP1001,Samuel,Williams,1980-01-30,2023-11-22,,Active,Information Technology,VA
EE0001994,EMP1004,Grace,Miller,1965-08-18,2022-03-18,,Active,Legal and Compliance,MD
EE0001995,EMP1004,Nia,Ibrahim,1963-05-13,2021-07-27,,Active,Sales,FL
EE0001996,EMP1005,Kevin,Davis,1961-10-17,2021-04-22,,Active,Finance,NY
EE0001997,EMP1001,Samuel,Mensah,2000-03-13,2023-07-25,2025-09-22,Terminated,Customer Operations,NC
EE0001998,EMP1004,Victor,Chen,1994-12-17,2019-09-05,,Active,Human Resources,MD
EE0001999,EMP1004,Angela,Martinez,1980-11-09,2025-07-21,,Active,Administration,FL
EE0002000,EMP1004,Chiamaka,Patel,1977-02-12,2025-08-06,,Active,Customer Operations,VA
EE0002001,EMP1001,Chiamaka,Wilson,2003-09-12,2021-10-24,,Active,Finance,OH
EE0002002,EMP1001,Jordan,Lewis,2001-10-03,2025-02-01,,Active,Human Resources,NY
EE0002003,EMP1003,Omar,Walker,1979-05-28,2026-04-24,,Active,Legal and Compliance,NC
EE0002004,EMP1001,Noah,Wilson,1999-07-20,2016-02-18,2025-09-12,Terminated,Operations,NC
EE0002005,EMP1001,Victor,Nguyen,1993-08-05,2017-11-25,2024-11-26,Terminated,Information Technology,MD
EE0002006,EMP1005,Andre,Williams,2007-04-03,2023-12-06,,Active,Customer Operations,NC
EE0002007,EMP1001,Malik,Kim,1987-03-26,2017-12-15,,Active,Sales,OH
EE0002008,EMP1003,David,Walker,1967-08-11,2020-03-12,,Active,Finance,NC
EE0002009,EMP1005,Maya,Okafor,1991-06-22,2022-09-28,,Active,Administration,NY
EE0002010,EMP1003,Jordan,Johnson,1965-01-16,2022-11-13,,Active,Customer Operations,NC
EE0002011,EMP1005,Jordan,Thomas,1993-05-29,2025-02-09,,Active,Information Technology,NY
EE0002012,EMP1004,Isaiah,Walker,1972-08-20,2018-09-08,2024-09-12,Terminated,Legal and Compliance,FL
EE0002013,EMP1005,Daniel,Ibrahim,1978-12-29,2021-07-14,,Active,Information Technology,NC
EE0002014,EMP1002,Aaliyah,Bennett,1998-07-25,2014-08-29,,Active,Legal and Compliance,MD
EE0002015,EMP1001,Isaiah,Davis,2003-11-10,2016-07-01,2025-07-25,Terminated,Legal and Compliance,OH
EE0002016,EMP1002,Maya,Martinez,1987-05-07,2018-05-28,,Active,Human Resources,NC
EE0002017,EMP1001,Andre,Okafor,1987-11-22,2019-08-25,,Active,Administration,OH
EE0002018,EMP1001,Omar,Campbell,1997-02-11,2016-07-17,,Active,Human Resources,VA
EE0002019,EMP1002,Ethan,Hernandez,2001-11-17,2022-03-28,2026-03-09,Terminated,Human Resources,TX
EE0002020,EMP1001,Chiamaka,Johnson,1993-10-24,2019-05-06,,Active,Administration,DC
EE0002021,EMP1004,Chiamaka,Campbell,1979-09-13,2019-08-15,,Active,Customer Operations,MD
EE0002022,EMP1003,Aaliyah,Robinson,1991-09-18,2019-05-03,2026-03-23,Terminated,Human Resources,NC
EE0002023,EMP1004,Priya,Hernandez,1962-12-28,2020-12-19,,Active,Human Resources,FL
EE0002024,EMP1001,Jordan,Chen,1982-01-15,2023-07-07,,Active,Administration,OH
EE0002025,EMP1003,Isaiah,Hernandez,1965-05-27,2025-01-09,,Active,Administration,DC
EE0002026,EMP1001,Olivia,Martinez,2003-07-24,2024-07-15,,Active,Human Resources,OH
EE0002027,EMP1005,Noah,Garcia,1975-06-06,2022-06-12,,Active,Human Resources,NY
EE0002028,EMP1005,Luis,Garcia,1984-05-24,2015-07-22,,Active,Sales,NY
EE0002029,EMP1002,Leah,Garcia,1973-01-31,2018-10-13,,Active,Operations,NC
EE0002030,EMP1001,Ethan,Lewis,1967-05-24,2016-03-27,,Active,Finance,OH
EE0002031,EMP1004,Victor,Walker,1971-08-15,2016-02-18,,Active,Sales,FL
EE0002032,EMP1005,Kevin,Adams,2001-04-11,2026-03-31,,Active,Sales,OH
EE0002033,EMP1002,Sophia,Miller,1987-02-15,2015-09-02,,Active,Administration,TX
EE0002034,EMP1004,Samuel,Hernandez,1984-07-15,2016-12-28,,Active,Administration,FL
EE0002035,EMP1005,Grace,Walker,2002-06-02,2020-07-10,,Active,Information Technology,NC
EE0002036,EMP1002,David,Lewis,2004-06-30,2021-12-18,,Active,Customer Operations,OH
EE0002037,EMP1001,Chiamaka,Lewis,1988-09-23,2023-10-27,,Active,Legal and Compliance,OH
EE0002038,EMP1004,Zoe,Taylor,1968-12-15,2023-06-12,,Active,Operations,TX
EE0002039,EMP1004,Samuel,Mensah,1967-10-10,2017-08-02,,Active,Customer Operations,FL
EE0002040,EMP1003,Samuel,Robinson,1996-06-26,2022-11-27,,Active,Sales,VA
EE0002041,EMP1003,Angela,Thomas,1975-03-10,2023-05-31,,Active,Human Resources,DC
EE0002042,EMP1002,Naomi,Chen,2005-09-06,2015-12-29,2025-08-07,Terminated,Finance,FL
EE0002043,EMP1004,Jordan,Adeyemi,1963-04-25,2024-06-20,,Active,Legal and Compliance,FL
EE0002044,EMP1004,Michael,Adams,1985-05-15,2023-04-25,,Active,Sales,FL
EE0002045,EMP1001,Malik,Brown,1966-04-04,2014-06-08,,Active,Sales,OH
EE0002046,EMP1004,Noah,Taylor,1993-10-27,2024-09-12,2026-05-29,Terminated,Legal and Compliance,FL
EE0002047,EMP1001,Isaiah,Thomas,2000-03-26,2025-06-14,,Active,Information Technology,OH
EE0002048,EMP1005,Carlos,Campbell,1986-06-30,2025-10-13,,Active,Supply Chain,NY
EE0002049,EMP1003,Sophia,Bennett,1985-02-11,2016-10-25,,Active,Finance,VA
EE0002050,EMP1001,Nia,Okafor,1970-08-07,2022-06-19,,Active,Supply Chain,DC
EE0002051,EMP1003,Malik,Chen,1983-05-03,2016-01-23,2025-02-22,Terminated,Administration,NC
EE0002052,EMP1004,Grace,Taylor,2005-09-18,2019-12-30,,Active,Customer Operations,TX
EE0002053,EMP1005,Omar,Davis,2006-11-26,2020-10-01,,Active,Customer Operations,DC
EE0002054,EMP1002,Zoe,Adeyemi,1995-12-20,2018-11-30,,Active,Sales,NC
EE0002055,EMP1002,Naomi,Brown,1977-05-23,2017-01-06,2025-07-05,Terminated,Administration,OH
EE0002056,EMP1001,Elena,Nguyen,1962-08-31,2021-07-28,,Active,Sales,OH
EE0002057,EMP1002,Samuel,Mensah,1971-02-04,2021-11-11,2026-02-14,Terminated,Administration,FL
EE0002058,EMP1005,Ethan,Hernandez,1975-02-13,2018-01-08,2025-02-20,Terminated,Supply Chain,NY
EE0002059,EMP1001,Naomi,Brown,1978-08-05,2023-05-28,,Active,Finance,OH
EE0002060,EMP1003,Jordan,Hernandez,1982-05-15,2022-05-28,,Active,Administration,FL
EE0002061,EMP1004,Noah,Walker,1990-04-09,2014-06-11,,Active,Legal and Compliance,VA
EE0002062,EMP1001,David,Garcia,1968-12-23,2014-02-20,,Active,Administration,OH
EE0002063,EMP1003,Noah,Adams,2002-08-28,2018-06-25,,Active,Sales,NC
EE0002064,EMP1002,Zoe,Lewis,1999-05-18,2024-03-22,,Active,Sales,DC
EE0002065,EMP1005,Naomi,Thomas,1968-06-27,2023-05-10,2024-01-19,Terminated,Customer Operations,NY
EE0002066,EMP1005,Zoe,Walker,1962-05-22,2021-11-27,,Active,Customer Operations,TX
EE0002067,EMP1003,Luis,Lewis,1975-01-01,2025-09-06,,Active,Finance,NC
EE0002068,EMP1002,Aaliyah,Campbell,1963-09-14,2023-12-16,,Active,Customer Operations,TX
EE0002069,EMP1002,Maya,Moore,1980-12-11,2021-11-15,,Active,Legal and Compliance,TX
EE0002070,EMP1004,Luis,Garcia,1993-01-27,2017-01-13,,Active,Administration,VA
EE0002071,EMP1005,Kevin,Garcia,1998-10-30,2025-01-03,,Active,Operations,OH
EE0002072,EMP1001,Sophia,Martinez,1994-06-13,2025-03-03,,Active,Administration,MD
EE0002073,EMP1002,Naomi,Thomas,1981-10-23,2016-08-12,,Active,Legal and Compliance,NY
EE0002074,EMP1001,Sophia,Chen,1980-03-08,2021-02-26,,Active,Operations,MD
EE0002075,EMP1004,Chiamaka,Taylor,1971-01-17,2014-07-28,,Active,Customer Operations,FL
EE0002076,EMP1005,Angela,Nguyen,1976-09-17,2022-02-27,,Active,Legal and Compliance,OH
EE0002077,EMP1005,Elena,Robinson,1998-12-16,2025-11-21,,Active,Sales,OH
EE0002078,EMP1002,Elena,Brown,1970-12-22,2023-02-26,,Active,Human Resources,MD
EE0002079,EMP1001,Samuel,Martinez,1989-06-22,2025-06-08,,Active,Administration,OH
EE0002080,EMP1002,Omar,Nguyen,1987-08-16,2023-04-02,,Active,Finance,TX
EE0002081,EMP1003,Aaliyah,Johnson,2000-08-15,2020-12-16,,Active,Sales,NC
EE0002082,EMP1005,Luis,Thomas,1983-04-26,2017-09-23,,Active,Sales,NY
EE0002083,EMP1003,Malik,Lewis,1983-05-07,2025-05-07,,Active,Finance,NC
EE0002084,EMP1004,Chiamaka,Williams,1987-07-08,2019-01-04,,Active,Legal and Compliance,FL
EE0002085,EMP1001,Amara,Davis,1966-04-27,2024-05-16,,Active,Finance,DC
EE0002086,EMP1005,Amara,Martinez,1963-03-14,2014-05-06,,Active,Operations,NY
EE0002087,EMP1004,Amara,Moore,1965-02-18,2023-08-20,,Active,Sales,NY
EE0002088,EMP1003,Grace,Adams,1969-11-09,2018-04-30,2025-08-21,Terminated,Information Technology,VA
EE0002089,EMP1001,Michael,Garcia,1997-10-18,2015-11-28,,Active,Finance,OH
EE0002090,EMP1005,Naomi,Johnson,1993-02-16,2019-07-10,,Active,Operations,NY
EE0002091,EMP1003,Priya,Kim,1987-09-10,2014-09-12,,Active,Operations,TX
EE0002092,EMP1001,Leah,Garcia,1990-09-09,2016-08-09,,Active,Finance,NY
EE0002093,EMP1004,Naomi,Wilson,2000-07-10,2022-09-09,,Active,Administration,FL
EE0002094,EMP1005,Fatima,Adams,1974-11-10,2025-09-02,,Active,Customer Operations,NY
EE0002095,EMP1005,Nia,Wilson,2003-09-12,2017-01-04,2025-03-26,Terminated,Legal and Compliance,NY
EE0002096,EMP1005,Fatima,Bennett,1969-10-14,2014-04-15,,Active,Administration,DC
EE0002097,EMP1004,Victor,Ibrahim,1983-12-20,2021-10-25,,Active,Finance,NY
EE0002098,EMP1001,Jasmine,Moore,2003-12-30,2020-12-08,,Active,Operations,MD
EE0002099,EMP1005,Nia,Thomas,1971-08-08,2023-05-21,2024-03-11,Terminated,Finance,VA
EE0002100,EMP1002,Nia,Thomas,1980-03-02,2025-04-20,,Active,Administration,TX
EE0002101,EMP1003,Samuel,Campbell,1990-12-31,2015-11-01,2024-10-14,Terminated,Supply Chain,NC
EE0002102,EMP1004,Angela,Johnson,1964-11-19,2020-09-17,,Active,Human Resources,OH
EE0002103,EMP1004,Angela,Moore,1992-12-13,2021-12-03,,Active,Supply Chain,FL
EE0002104,EMP1004,Ethan,Smith,1992-12-28,2020-07-21,,Active,Human Resources,FL
EE0002105,EMP1001,Carlos,Kim,1992-06-16,2020-03-31,,Active,Human Resources,OH
EE0002106,EMP1002,Maya,Moore,1987-04-13,2015-12-22,,Active,Sales,VA
EE0002107,EMP1005,Noah,Wilson,2005-02-27,2022-11-23,,Active,Operations,NY
EE0002108,EMP1005,Kevin,Robinson,1965-08-21,2014-04-28,,Active,Customer Operations,FL
EE0002109,EMP1003,Isaiah,Patel,1974-08-28,2022-07-21,,Active,Human Resources,OH
EE0002110,EMP1005,Angela,Thomas,1997-11-06,2016-09-06,,Active,Legal and Compliance,NY
EE0002111,EMP1001,Andre,Robinson,1987-02-02,2020-06-01,,Active,Sales,OH
EE0002112,EMP1004,Amara,Thomas,1962-12-18,2016-03-12,,Active,Supply Chain,FL
EE0002113,EMP1005,Angela,Wilson,1995-03-29,2014-04-05,2025-09-15,Terminated,Legal and Compliance,NY
EE0002114,EMP1004,Jasmine,Johnson,1968-03-09,2020-08-27,,Active,Supply Chain,FL
EE0002115,EMP1002,Priya,Bennett,1978-01-25,2019-07-27,,Active,Administration,OH
EE0002116,EMP1005,Nia,Garcia,1994-11-11,2021-05-23,,Active,Sales,OH
EE0002117,EMP1002,Omar,Davis,1992-06-10,2021-08-25,,Active,Sales,MD
EE0002118,EMP1004,David,Chen,2002-08-28,2020-09-17,,Active,Information Technology,TX
EE0002119,EMP1001,Jordan,Chen,1991-02-11,2019-01-12,,Active,Customer Operations,OH
EE0002120,EMP1001,Naomi,Williams,1999-10-28,2020-08-15,,Active,Supply Chain,TX
EE0002121,EMP1004,Isaiah,Moore,2001-05-30,2016-07-29,,Active,Legal and Compliance,NY
EE0002122,EMP1004,Amara,Hernandez,1998-07-06,2018-10-16,,Active,Information Technology,OH
EE0002123,EMP1004,Leah,Taylor,1999-08-12,2017-02-28,2024-06-15,Terminated,Sales,OH
EE0002124,EMP1005,David,Davis,1989-03-15,2017-09-23,,Active,Information Technology,DC
EE0002125,EMP1004,Noah,Hernandez,1972-10-26,2022-06-08,,Active,Supply Chain,DC
EE0002126,EMP1005,Luis,Thomas,2004-09-20,2017-03-26,2025-06-30,Terminated,Operations,OH
EE0002127,EMP1005,Malik,Mensah,1976-12-06,2017-11-26,2025-05-21,Terminated,Information Technology,MD
EE0002128,EMP1002,Noah,Brown,1965-11-10,2025-04-10,2025-05-27,Terminated,Customer Operations,TX
EE0002129,EMP1001,Zoe,Hernandez,1969-12-21,2020-05-24,,Active,Administration,FL
EE0002130,EMP1005,Samuel,Kim,1979-06-30,2021-01-26,2024-09-29,Terminated,Legal and Compliance,NY
EE0002131,EMP1002,Sophia,Wilson,2002-09-14,2018-07-08,,Active,Sales,TX
EE0002132,EMP1005,Ethan,Hernandez,1966-10-02,2021-10-01,,Active,Information Technology,NY
EE0002133,EMP1005,Noah,Lewis,1990-03-11,2014-07-01,2026-03-20,Terminated,Customer Operations,NY
EE0002134,EMP1003,Noah,Walker,1967-04-30,2014-08-07,,Active,Human Resources,NC
EE0002135,EMP1001,Carlos,Mensah,1979-03-26,2022-07-19,2025-02-07,Terminated,Human Resources,OH
EE0002136,EMP1002,Angela,Adeyemi,1982-01-14,2014-04-30,,Active,Supply Chain,NY
EE0002137,EMP1001,Luis,Brown,2004-02-19,2017-04-26,,Active,Sales,VA
EE0002138,EMP1005,Michael,Patel,1996-02-22,2016-06-14,,Active,Customer Operations,NC
EE0002139,EMP1004,Malik,Ibrahim,1982-11-02,2022-09-16,,Active,Administration,MD
EE0002140,EMP1001,Carlos,Williams,1966-03-05,2014-04-15,,Active,Information Technology,TX
EE0002141,EMP1005,Carlos,Garcia,1985-04-03,2022-11-12,2025-11-10,Terminated,Sales,DC
EE0002142,EMP1002,Noah,Wilson,1967-07-28,2016-07-06,,Active,Administration,TX
EE0002143,EMP1002,Nia,Garcia,1991-10-23,2018-11-13,,Active,Operations,OH
EE0002144,EMP1002,Noah,Davis,1973-07-13,2018-07-23,,Active,Human Resources,TX
EE0002145,EMP1004,Fatima,Chen,1978-06-07,2018-09-08,,Active,Information Technology,DC
EE0002146,EMP1004,Malik,Taylor,1966-06-16,2024-07-16,,Active,Finance,FL
EE0002147,EMP1002,Luis,Smith,1977-04-27,2018-01-04,,Active,Administration,TX
EE0002148,EMP1003,Naomi,Adeyemi,1967-10-10,2026-05-31,,Active,Human Resources,NC
EE0002149,EMP1001,Nia,Patel,1965-07-04,2021-01-06,,Active,Customer Operations,FL
EE0002150,EMP1005,Noah,Martinez,1997-02-19,2021-09-14,,Active,Finance,FL
EE0002151,EMP1002,Omar,Ibrahim,1998-12-17,2021-09-05,2026-02-26,Terminated,Human Resources,NC
EE0002152,EMP1003,Fatima,Williams,1970-08-24,2018-10-26,,Active,Legal and Compliance,OH
EE0002153,EMP1002,Jordan,Patel,1989-11-30,2025-02-16,,Active,Finance,TX
EE0002154,EMP1001,Elena,Hernandez,1978-09-05,2025-09-18,,Active,Information Technology,FL
EE0002155,EMP1003,Angela,Campbell,1997-06-07,2022-03-10,,Active,Supply Chain,NC
EE0002156,EMP1002,Kevin,Patel,1979-07-15,2018-02-24,,Active,Legal and Compliance,TX
EE0002157,EMP1004,Kevin,Moore,2006-09-08,2025-08-02,,Active,Information Technology,FL
EE0002158,EMP1002,Isaiah,Patel,1983-11-25,2021-02-27,,Active,Operations,OH
EE0002159,EMP1002,Maya,Adams,1978-09-18,2024-12-14,,Active,Legal and Compliance,TX
EE0002160,EMP1001,Chiamaka,Martinez,1986-06-08,2015-11-03,,Active,Legal and Compliance,NC
EE0002161,EMP1004,Kevin,Chen,1972-03-27,2018-11-13,,Active,Finance,VA
EE0002162,EMP1002,Malik,Williams,1974-06-30,2022-02-16,,Active,Human Resources,OH
EE0002163,EMP1004,Noah,Williams,1973-12-22,2019-05-14,,Active,Finance,FL
EE0002164,EMP1001,Jasmine,Hernandez,2001-01-25,2015-09-04,,Active,Customer Operations,NC
EE0002165,EMP1004,Michael,Brown,1992-12-16,2023-09-14,,Active,Human Resources,FL
EE0002166,EMP1001,Naomi,Martinez,2003-05-28,2020-12-04,,Active,Legal and Compliance,MD
EE0002167,EMP1003,Jordan,Thomas,1995-08-27,2023-08-07,,Active,Customer Operations,NC
EE0002168,EMP1003,Victor,Campbell,1974-08-14,2015-10-22,,Active,Customer Operations,NC
EE0002169,EMP1004,Michael,Moore,1983-11-06,2015-01-22,,Active,Operations,FL
EE0002170,EMP1005,Maya,Davis,1991-04-05,2014-10-08,,Active,Legal and Compliance,TX
EE0002171,EMP1001,Olivia,Davis,1988-02-02,2015-02-12,,Active,Operations,OH
EE0002172,EMP1003,Samuel,Williams,2002-07-04,2018-11-02,,Active,Sales,NC
EE0002173,EMP1003,Kevin,Wilson,2005-07-17,2025-09-17,,Active,Human Resources,NC
EE0002174,EMP1002,Fatima,Martinez,1992-04-09,2020-10-07,2025-05-28,Terminated,Legal and Compliance,OH
EE0002175,EMP1004,Jasmine,Nguyen,1982-12-16,2019-03-23,2026-03-18,Terminated,Human Resources,NC
EE0002176,EMP1004,Michael,Robinson,1971-03-24,2023-02-11,,Active,Human Resources,VA
EE0002177,EMP1002,Samuel,Walker,1966-05-20,2015-04-13,,Active,Supply Chain,TX
EE0002178,EMP1003,Aaliyah,Bennett,1973-12-09,2026-03-08,,Active,Finance,NC
EE0002179,EMP1003,Luis,Hernandez,1984-08-23,2019-08-13,2024-09-24,Terminated,Human Resources,NC
EE0002180,EMP1005,Victor,Ibrahim,1999-01-24,2018-03-26,2024-08-27,Terminated,Operations,NY
EE0002181,EMP1004,Zoe,Ibrahim,1970-12-03,2017-11-06,,Active,Administration,FL
EE0002182,EMP1001,Nia,Adams,1991-09-07,2014-10-24,,Active,Sales,OH
EE0002183,EMP1001,Daniel,Lewis,1975-04-27,2016-11-06,,Active,Operations,OH
EE0002184,EMP1001,Leah,Mensah,1970-09-08,2026-04-05,,Active,Supply Chain,OH
EE0002185,EMP1002,Victor,Martinez,1962-01-27,2025-10-24,,Active,Supply Chain,TX
EE0002186,EMP1003,Noah,Nguyen,1986-09-26,2025-07-15,,Active,Finance,NC
EE0002187,EMP1002,Grace,Walker,1975-08-21,2020-03-20,,Active,Operations,TX
EE0002188,EMP1004,Noah,Moore,1988-12-10,2014-09-23,,Active,Information Technology,FL
EE0002189,EMP1001,Daniel,Lewis,1971-05-28,2021-09-19,,Active,Customer Operations,OH
EE0002190,EMP1004,Jasmine,Williams,1978-04-23,2025-07-03,,Active,Finance,VA
EE0002191,EMP1001,Victor,Johnson,1992-09-25,2019-03-14,,Active,Human Resources,OH
EE0002192,EMP1002,Aaliyah,Smith,1991-06-12,2022-02-16,,Active,Administration,NC
EE0002193,EMP1002,Malik,Lewis,2001-04-15,2020-05-03,,Active,Customer Operations,TX
EE0002194,EMP1003,Luis,Adams,1987-11-07,2020-12-23,2025-06-05,Terminated,Sales,NC
EE0002195,EMP1001,Elena,Patel,1966-12-26,2017-06-17,,Active,Supply Chain,OH
EE0002196,EMP1005,Angela,Mensah,1976-03-15,2021-12-25,,Active,Operations,MD
EE0002197,EMP1005,Isaiah,Patel,1979-09-12,2024-05-03,,Active,Customer Operations,FL
EE0002198,EMP1001,Priya,Taylor,1984-06-04,2017-09-24,,Active,Customer Operations,OH
EE0002199,EMP1003,Omar,Walker,1998-08-03,2014-10-19,,Active,Operations,TX
EE0002200,EMP1004,Jordan,Lewis,1984-01-11,2016-04-09,,Active,Customer Operations,FL
EE0002201,EMP1005,Kevin,Taylor,1963-07-19,2017-05-18,,Active,Finance,NY
EE0002202,EMP1004,Michael,Johnson,1977-11-21,2021-07-30,,Active,Legal and Compliance,FL
EE0002203,EMP1003,Luis,Martinez,1962-05-09,2025-11-16,,Active,Administration,NC
EE0002204,EMP1003,Priya,Nguyen,1972-11-18,2023-06-23,2024-09-16,Terminated,Human Resources,NC
EE0002205,EMP1002,Malik,Brown,1997-01-09,2024-09-28,,Active,Legal and Compliance,TX
EE0002206,EMP1005,Kevin,Brown,2000-07-22,2018-04-28,,Active,Sales,VA
EE0002207,EMP1003,Jasmine,Smith,1973-02-04,2015-08-04,,Active,Human Resources,NC
EE0002208,EMP1002,Victor,Smith,1989-03-17,2022-11-04,,Active,Operations,TX
EE0002209,EMP1005,Luis,Adeyemi,1965-02-20,2023-08-11,2024-11-03,Terminated,Administration,NY
EE0002210,EMP1001,Naomi,Williams,1974-09-02,2018-05-20,,Active,Administration,DC
EE0002211,EMP1001,Chiamaka,Mensah,1979-02-21,2020-02-25,,Active,Legal and Compliance,OH
EE0002212,EMP1004,Noah,Nguyen,1999-10-08,2024-09-10,,Active,Finance,NC
EE0002213,EMP1005,Grace,Patel,1965-03-02,2023-08-22,,Active,Human Resources,FL
EE0002214,EMP1004,Andre,Robinson,2006-10-19,2025-04-03,,Active,Legal and Compliance,FL
EE0002215,EMP1004,Jordan,Adeyemi,1985-01-20,2018-12-23,,Active,Finance,NC
EE0002216,EMP1002,Jasmine,Ibrahim,1980-01-06,2026-01-12,,Active,Legal and Compliance,NY
EE0002217,EMP1003,Michael,Campbell,1994-03-08,2018-10-29,,Active,Legal and Compliance,OH
EE0002218,EMP1001,Leah,Taylor,1975-06-04,2023-10-20,,Active,Customer Operations,OH
EE0002219,EMP1001,Noah,Kim,1982-06-13,2018-08-26,,Active,Operations,OH
EE0002220,EMP1002,Maya,Mensah,1971-09-04,2024-06-13,,Active,Administration,DC
EE0002221,EMP1005,David,Garcia,1977-10-20,2022-04-27,,Active,Sales,VA
EE0002222,EMP1004,Fatima,Walker,1966-07-29,2021-03-07,,Active,Administration,MD
EE0002223,EMP1004,Malik,Williams,1986-12-27,2018-06-08,,Active,Legal and Compliance,TX
EE0002224,EMP1001,Samuel,Thomas,1971-02-08,2015-05-12,,Active,Human Resources,OH
EE0002225,EMP1002,Naomi,Ibrahim,1990-03-29,2014-05-14,2024-03-07,Terminated,Customer Operations,FL
EE0002226,EMP1005,Olivia,Garcia,2003-08-24,2019-12-28,,Active,Legal and Compliance,NY
EE0002227,EMP1001,Nia,Brown,1963-06-12,2026-05-09,,Active,Human Resources,OH
EE0002228,EMP1001,Daniel,Wilson,1961-08-31,2018-03-28,,Active,Customer Operations,OH
EE0002229,EMP1002,Olivia,Adams,1992-09-11,2024-01-24,,Active,Sales,OH
EE0002230,EMP1003,Chiamaka,Taylor,1964-02-19,2017-10-19,,Active,Supply Chain,NC
EE0002231,EMP1005,Grace,Patel,1987-11-26,2015-05-20,2026-04-20,Terminated,Human Resources,DC
EE0002232,EMP1005,Elena,Miller,1986-02-18,2019-03-05,,Active,Finance,NY
EE0002233,EMP1003,Leah,Hernandez,1978-03-01,2014-07-13,,Active,Legal and Compliance,NC
EE0002234,EMP1003,Leah,Mensah,1979-06-09,2016-10-14,,Active,Legal and Compliance,NC
EE0002235,EMP1001,Ethan,Patel,1962-12-10,2016-04-26,,Active,Finance,OH
EE0002236,EMP1002,Luis,Adeyemi,2006-08-25,2017-03-19,,Active,Information Technology,TX
EE0002237,EMP1001,Andre,Garcia,1974-11-24,2016-12-12,2026-03-15,Terminated,Legal and Compliance,OH
EE0002238,EMP1002,Naomi,Wilson,1982-10-16,2017-08-17,,Active,Customer Operations,FL
EE0002239,EMP1005,Kevin,Walker,1972-01-04,2018-11-04,,Active,Finance,NY
EE0002240,EMP1005,Jasmine,Ibrahim,1974-11-11,2015-11-19,,Active,Information Technology,NC
EE0002241,EMP1004,Luis,Nguyen,1990-10-18,2021-03-18,,Active,Finance,FL
EE0002242,EMP1003,Aaliyah,Garcia,1997-01-16,2015-11-29,,Active,Sales,NC
EE0002243,EMP1004,Grace,Patel,1965-06-14,2025-01-26,,Active,Human Resources,FL
EE0002244,EMP1003,Chiamaka,Johnson,1994-08-29,2014-09-09,,Active,Supply Chain,MD
EE0002245,EMP1002,Maya,Chen,2005-10-04,2026-04-07,,Active,Sales,TX
EE0002246,EMP1003,Kevin,Moore,1972-02-27,2019-10-04,,Active,Information Technology,NC
EE0002247,EMP1002,Noah,Brown,1964-05-15,2023-01-22,,Active,Human Resources,VA
EE0002248,EMP1003,Luis,Kim,1964-06-29,2016-11-23,,Active,Operations,NC
EE0002249,EMP1003,Fatima,Nguyen,2002-07-16,2015-11-27,,Active,Finance,NC
EE0002250,EMP1004,Malik,Williams,1966-09-08,2020-12-28,,Active,Supply Chain,NC
EE0002251,EMP1002,Maya,Nguyen,1961-04-20,2022-04-07,,Active,Sales,TX
EE0002252,EMP1005,Isaiah,Robinson,1995-12-20,2024-11-05,,Active,Human Resources,NY
EE0002253,EMP1004,Jasmine,Nguyen,1990-04-08,2020-03-16,,Active,Human Resources,NY
EE0002254,EMP1003,David,Nguyen,1980-11-17,2019-11-08,,Active,Operations,NC
EE0002255,EMP1001,Angela,Adeyemi,2002-01-22,2020-06-10,,Active,Supply Chain,OH
EE0002256,EMP1002,Leah,Walker,1985-08-24,2021-06-05,,Active,Administration,TX
EE0002257,EMP1005,Victor,Campbell,1981-11-22,2015-01-05,,Active,Finance,TX
EE0002258,EMP1004,Kevin,Davis,1997-07-08,2026-04-18,2026-05-23,Terminated,Administration,FL
EE0002259,EMP1002,Samuel,Taylor,2002-03-29,2021-01-13,,Active,Operations,VA
EE0002260,EMP1001,Maya,Chen,1967-10-22,2023-02-02,,Active,Finance,OH
EE0002261,EMP1002,Olivia,Davis,1974-08-11,2019-03-04,2024-01-07,Terminated,Administration,DC
EE0002262,EMP1004,David,Brown,1985-09-24,2022-05-17,2026-05-29,Terminated,Supply Chain,OH
EE0002263,EMP1004,Grace,Hernandez,1993-05-18,2023-03-29,,Active,Legal and Compliance,FL
EE0002264,EMP1005,Daniel,Campbell,1989-01-28,2024-04-15,,Active,Supply Chain,NY
EE0002265,EMP1003,Naomi,Davis,2006-12-29,2015-07-07,,Active,Information Technology,NC
EE0002266,EMP1005,David,Robinson,1974-09-02,2019-05-25,,Active,Legal and Compliance,NY
EE0002267,EMP1002,David,Patel,2002-08-24,2018-04-26,,Active,Finance,MD
EE0002268,EMP1002,Aaliyah,Nguyen,1980-10-14,2021-07-15,,Active,Information Technology,TX
EE0002269,EMP1005,Carlos,Nguyen,1997-12-08,2024-01-11,,Active,Customer Operations,VA
EE0002270,EMP1003,Jasmine,Hernandez,2004-02-25,2021-06-25,,Active,Finance,TX
EE0002271,EMP1005,Aaliyah,Bennett,1990-03-15,2016-06-18,,Active,Supply Chain,NY
EE0002272,EMP1005,Leah,Thomas,1987-08-29,2024-11-06,,Active,Supply Chain,MD
EE0002273,EMP1001,Daniel,Adeyemi,1968-10-31,2014-05-26,,Active,Supply Chain,OH
EE0002274,EMP1005,Priya,Mensah,2001-02-14,2016-03-15,,Active,Operations,NY
EE0002275,EMP1005,Priya,Bennett,1987-11-02,2023-01-15,,Active,Human Resources,NY
EE0002276,EMP1003,Chiamaka,Adams,1985-03-13,2014-11-26,,Active,Finance,NC
EE0002277,EMP1005,Jasmine,Adams,1996-03-15,2023-08-06,,Active,Administration,NY
EE0002278,EMP1004,Sophia,Okafor,1968-07-07,2017-01-18,,Active,Sales,FL
EE0002279,EMP1004,Chiamaka,Hernandez,2004-11-22,2025-11-20,,Active,Information Technology,FL
EE0002280,EMP1002,Fatima,Okafor,1987-09-08,2018-11-07,,Active,Operations,TX
EE0002281,EMP1005,Amara,Taylor,1976-01-16,2016-08-20,,Active,Operations,MD
EE0002282,EMP1003,Angela,Davis,1978-11-12,2023-09-11,,Active,Supply Chain,NC
EE0002283,EMP1005,Luis,Chen,1964-04-22,2018-04-17,,Active,Legal and Compliance,NY
EE0002284,EMP1004,Elena,Adams,1980-12-29,2014-10-15,,Active,Human Resources,MD
EE0002285,EMP1002,David,Davis,1970-03-30,2015-11-23,,Active,Legal and Compliance,TX
EE0002286,EMP1003,Fatima,Taylor,1972-01-25,2020-07-18,2025-01-09,Terminated,Customer Operations,NC
EE0002287,EMP1004,Jasmine,Miller,1998-10-28,2019-01-06,2026-02-03,Terminated,Human Resources,FL
EE0002288,EMP1002,Victor,Brown,1993-06-17,2015-03-20,,Active,Sales,FL
EE0002289,EMP1002,Isaiah,Wilson,1985-07-23,2026-05-19,,Active,Finance,VA
EE0002290,EMP1002,Omar,Miller,1967-10-06,2014-08-10,2025-09-23,Terminated,Human Resources,FL
EE0002291,EMP1005,Aaliyah,Davis,1968-08-20,2017-02-13,2025-07-07,Terminated,Sales,MD
EE0002292,EMP1002,Noah,Brown,1985-07-13,2018-03-25,,Active,Legal and Compliance,NC
EE0002293,EMP1001,Samuel,Williams,1994-01-08,2024-11-08,,Active,Human Resources,TX
EE0002294,EMP1002,Priya,Nguyen,1973-03-27,2019-12-19,,Active,Human Resources,TX
EE0002295,EMP1002,Daniel,Johnson,1986-11-19,2024-01-05,,Active,Customer Operations,TX
EE0002296,EMP1002,Maya,Lewis,1997-11-23,2018-06-05,,Active,Finance,TX
EE0002297,EMP1004,Victor,Hernandez,1968-10-14,2025-07-08,2025-10-04,Terminated,Administration,FL
EE0002298,EMP1002,Sophia,Johnson,1976-12-01,2014-10-25,,Active,Finance,DC
EE0002299,EMP1003,Aaliyah,Campbell,2003-03-21,2017-07-10,,Active,Sales,TX
EE0002300,EMP1003,Daniel,Moore,1986-04-18,2014-06-02,,Active,Customer Operations,NC
EE0002301,EMP1003,Leah,Chen,1965-02-12,2014-05-15,,Active,Legal and Compliance,TX
EE0002302,EMP1004,Jordan,Patel,1972-02-05,2014-03-14,,Active,Operations,FL
EE0002303,EMP1002,Elena,Williams,1994-12-23,2020-02-08,,Active,Operations,FL
EE0002304,EMP1004,Michael,Taylor,1999-02-04,2020-06-09,,Active,Sales,NY
EE0002305,EMP1003,Amara,Okafor,1999-09-28,2018-05-16,,Active,Administration,MD
EE0002306,EMP1004,Victor,Wilson,1986-02-03,2018-05-29,,Active,Supply Chain,FL
EE0002307,EMP1004,Andre,Miller,2006-01-10,2024-05-12,,Active,Information Technology,VA
EE0002308,EMP1001,Victor,Bennett,2006-03-23,2023-01-09,2024-08-17,Terminated,Legal and Compliance,OH
EE0002309,EMP1001,Elena,Nguyen,1992-02-23,2023-08-05,,Active,Operations,VA
EE0002310,EMP1002,Daniel,Chen,1988-04-15,2024-11-16,2025-01-17,Terminated,Supply Chain,VA
EE0002311,EMP1004,Olivia,Taylor,1969-09-13,2015-11-20,,Active,Customer Operations,FL
EE0002312,EMP1002,Sophia,Okafor,1966-12-02,2016-03-03,,Active,Customer Operations,OH
EE0002313,EMP1004,Elena,Taylor,1967-08-22,2023-08-31,,Active,Legal and Compliance,DC
EE0002314,EMP1002,Carlos,Mensah,1964-11-19,2021-10-13,,Active,Information Technology,TX
EE0002315,EMP1003,Zoe,Patel,1991-06-20,2014-02-10,,Active,Human Resources,NC
EE0002316,EMP1002,Maya,Robinson,2000-08-09,2020-12-21,,Active,Legal and Compliance,MD
EE0002317,EMP1002,Luis,Patel,1979-01-04,2015-11-24,,Active,Customer Operations,TX
EE0002318,EMP1005,Luis,Campbell,1982-05-08,2017-06-06,,Active,Finance,TX
EE0002319,EMP1005,Kevin,Brown,2003-01-09,2018-04-25,,Active,Operations,NY
EE0002320,EMP1002,Jordan,Okafor,1980-12-24,2017-11-06,2024-10-20,Terminated,Administration,NC
EE0002321,EMP1003,Angela,Davis,1978-12-08,2015-07-22,,Active,Operations,MD
EE0002322,EMP1002,Sophia,Adams,1997-05-23,2019-11-07,2025-05-02,Terminated,Finance,TX
EE0002323,EMP1001,Sophia,Wilson,1980-01-10,2020-12-07,,Active,Finance,OH
EE0002324,EMP1004,Chiamaka,Ibrahim,1998-03-01,2021-02-03,2024-10-08,Terminated,Sales,FL
EE0002325,EMP1005,Omar,Taylor,1998-10-22,2019-03-26,,Active,Human Resources,NY
EE0002326,EMP1003,David,Okafor,1962-02-09,2017-09-08,,Active,Finance,NC
EE0002327,EMP1001,Andre,Patel,1978-05-23,2017-07-23,,Active,Information Technology,OH
EE0002328,EMP1004,Olivia,Davis,1995-01-10,2026-04-03,,Active,Customer Operations,FL
EE0002329,EMP1003,Leah,Hernandez,1988-10-25,2019-02-15,,Active,Human Resources,MD
EE0002330,EMP1005,Elena,Wilson,1998-03-30,2022-04-11,,Active,Administration,NY
EE0002331,EMP1002,Olivia,Taylor,1990-11-10,2023-01-29,,Active,Legal and Compliance,TX
EE0002332,EMP1002,Samuel,Chen,2006-07-17,2014-11-30,,Active,Information Technology,TX
EE0002333,EMP1003,Sophia,Ibrahim,1981-12-18,2018-09-15,,Active,Legal and Compliance,MD
EE0002334,EMP1005,Amara,Kim,1969-10-27,2016-09-17,,Active,Sales,NY
EE0002335,EMP1003,Victor,Chen,1969-08-24,2023-10-12,,Active,Sales,NC
EE0002336,EMP1001,David,Garcia,1974-09-03,2017-12-08,,Active,Sales,OH
EE0002337,EMP1001,Aaliyah,Nguyen,2004-09-12,2015-10-16,,Active,Human Resources,FL
EE0002338,EMP1001,Daniel,Ibrahim,1993-06-03,2020-02-12,,Active,Legal and Compliance,OH
EE0002339,EMP1005,Fatima,Miller,1964-03-25,2026-01-01,,Active,Administration,NC
EE0002340,EMP1005,Victor,Chen,1991-09-26,2020-06-29,,Active,Operations,NY
EE0002341,EMP1003,Naomi,Adams,1962-07-22,2024-02-22,,Active,Supply Chain,TX
EE0002342,EMP1003,Grace,Mensah,1984-06-05,2020-10-15,2024-01-02,Terminated,Operations,DC
EE0002343,EMP1003,Noah,Chen,1966-01-23,2016-03-21,2024-05-24,Terminated,Administration,NY
EE0002344,EMP1002,Carlos,Garcia,1980-07-09,2025-09-13,,Active,Customer Operations,TX
EE0002345,EMP1003,Isaiah,Davis,1971-02-20,2022-10-16,2025-10-28,Terminated,Administration,NC
EE0002346,EMP1002,Ethan,Garcia,1969-12-16,2016-11-17,,Active,Human Resources,TX
EE0002347,EMP1003,Olivia,Chen,1979-01-15,2014-05-18,,Active,Human Resources,NC
EE0002348,EMP1003,Angela,Miller,1971-12-10,2022-12-05,,Active,Customer Operations,NC
EE0002349,EMP1001,Aaliyah,Davis,2002-03-21,2021-06-05,,Active,Information Technology,OH
EE0002350,EMP1003,Jordan,Martinez,1992-06-11,2022-12-16,,Active,Finance,NC
EE0002351,EMP1004,Priya,Johnson,2001-03-19,2015-03-02,,Active,Supply Chain,TX
EE0002352,EMP1003,Samuel,Martinez,1998-03-16,2025-09-15,,Active,Operations,NC
EE0002353,EMP1005,Michael,Patel,1995-11-02,2016-02-27,,Active,Human Resources,FL
EE0002354,EMP1005,Angela,Robinson,1964-07-01,2021-03-13,2026-01-29,Terminated,Finance,NY
EE0002355,EMP1001,Isaiah,Kim,2003-01-31,2026-06-15,,Active,Administration,OH
EE0002356,EMP1003,Elena,Smith,1985-11-23,2015-12-17,,Active,Customer Operations,NC
EE0002357,EMP1005,Michael,Johnson,2007-06-21,2021-11-30,,Active,Human Resources,NY
EE0002358,EMP1005,Jasmine,Lewis,1995-02-19,2016-05-31,,Active,Finance,NY
EE0002359,EMP1004,Zoe,Davis,1970-05-07,2016-07-09,2024-05-27,Terminated,Supply Chain,NC
EE0002360,EMP1004,Malik,Moore,1995-05-31,2023-06-27,,Active,Administration,OH
EE0002361,EMP1005,Omar,Miller,1973-10-29,2018-06-29,,Active,Information Technology,NC
EE0002362,EMP1005,Samuel,Lewis,1968-02-11,2024-08-01,,Active,Administration,VA
EE0002363,EMP1002,Jordan,Adams,2000-07-31,2024-12-14,,Active,Legal and Compliance,DC
EE0002364,EMP1003,Carlos,Martinez,1972-12-30,2017-01-23,2025-04-28,Terminated,Information Technology,NY
EE0002365,EMP1003,Luis,Johnson,1971-11-29,2016-07-01,,Active,Administration,NC
EE0002366,EMP1002,Jasmine,Robinson,1967-06-07,2026-02-18,,Active,Legal and Compliance,VA
EE0002367,EMP1005,Angela,Moore,1991-10-24,2015-12-29,,Active,Information Technology,OH
EE0002368,EMP1003,Luis,Ibrahim,1968-06-16,2016-09-24,,Active,Operations,TX
EE0002369,EMP1005,Malik,Kim,1965-07-28,2017-05-18,,Active,Human Resources,NY
EE0002370,EMP1005,Fatima,Nguyen,1971-04-21,2021-05-29,,Active,Sales,NY
EE0002371,EMP1001,Luis,Williams,1999-10-24,2020-12-21,,Active,Finance,OH
EE0002372,EMP1001,Noah,Martinez,1995-02-23,2024-05-16,,Active,Administration,DC
EE0002373,EMP1004,David,Miller,1962-08-09,2015-05-31,,Active,Customer Operations,TX
EE0002374,EMP1001,Olivia,Walker,1968-11-09,2014-05-14,,Active,Administration,OH
EE0002375,EMP1003,Fatima,Williams,1987-04-11,2018-09-06,,Active,Finance,NC
EE0002376,EMP1004,Priya,Taylor,1997-08-16,2025-05-19,2025-08-21,Terminated,Information Technology,FL
EE0002377,EMP1003,Malik,Martinez,1963-06-24,2022-10-19,,Active,Information Technology,OH
EE0002378,EMP1003,Sophia,Thomas,1966-11-16,2019-03-04,,Active,Supply Chain,NC
EE0002379,EMP1002,Malik,Patel,1981-04-16,2025-02-15,,Active,Sales,MD
EE0002380,EMP1002,Ethan,Williams,1969-07-01,2018-07-03,,Active,Finance,TX
EE0002381,EMP1001,Fatima,Adams,1969-06-15,2022-01-29,2025-06-24,Terminated,Operations,TX
EE0002382,EMP1003,Grace,Adeyemi,1963-11-01,2023-02-26,,Active,Finance,NC
EE0002383,EMP1001,Michael,Adams,1966-09-15,2024-04-19,2025-03-07,Terminated,Information Technology,VA
EE0002384,EMP1001,Naomi,Campbell,1994-07-08,2015-04-09,,Active,Legal and Compliance,MD
EE0002385,EMP1004,Olivia,Miller,1984-02-01,2023-06-25,2025-07-31,Terminated,Sales,DC
EE0002386,EMP1001,Maya,Walker,1999-03-06,2024-06-01,,Active,Human Resources,VA
EE0002387,EMP1001,Kevin,Lewis,1988-10-10,2019-02-04,,Active,Legal and Compliance,OH
EE0002388,EMP1003,Zoe,Nguyen,1975-05-05,2025-01-15,,Active,Finance,NC
EE0002389,EMP1002,Elena,Johnson,1976-07-16,2025-06-21,,Active,Administration,NC
EE0002390,EMP1001,Fatima,Ibrahim,1995-10-17,2026-01-14,,Active,Legal and Compliance,DC
EE0002391,EMP1002,Jasmine,Williams,1979-06-04,2021-08-21,2025-12-20,Terminated,Administration,TX
EE0002392,EMP1003,Isaiah,Nguyen,1986-10-10,2021-09-12,,Active,Finance,VA
EE0002393,EMP1004,Chiamaka,Mensah,1976-05-21,2019-07-14,2025-08-14,Terminated,Operations,FL
EE0002394,EMP1003,Kevin,Mensah,1981-09-27,2019-12-01,,Active,Administration,MD
EE0002395,EMP1003,Nia,Hernandez,1972-12-08,2024-09-16,2025-03-09,Terminated,Supply Chain,VA
EE0002396,EMP1002,David,Miller,1975-02-27,2015-01-04,,Active,Finance,TX
EE0002397,EMP1005,Daniel,Robinson,1982-05-27,2014-12-21,,Active,Operations,NY
EE0002398,EMP1004,Ethan,Davis,2006-10-13,2020-09-29,,Active,Legal and Compliance,TX
EE0002399,EMP1001,Naomi,Mensah,1976-05-20,2021-04-30,,Active,Human Resources,OH
EE0002400,EMP1002,Victor,Adams,1980-10-16,2024-08-08,2025-10-14,Terminated,Customer Operations,TX
EE0002401,EMP1003,Sophia,Campbell,1988-10-10,2017-03-22,,Active,Finance,NC
EE0002402,EMP1005,Fatima,Adeyemi,1986-03-12,2018-06-08,2026-02-16,Terminated,Sales,OH
EE0002403,EMP1003,Angela,Johnson,1998-11-21,2025-08-09,,Active,Supply Chain,NC
EE0002404,EMP1004,Olivia,Patel,1985-09-24,2017-06-14,,Active,Administration,TX
EE0002405,EMP1001,Sophia,Mensah,1966-02-07,2018-08-01,2026-06-20,Terminated,Sales,OH
EE0002406,EMP1002,Leah,Adams,1991-09-10,2021-09-21,,Active,Human Resources,TX
EE0002407,EMP1004,Aaliyah,Robinson,1999-01-15,2016-11-05,,Active,Human Resources,FL
EE0002408,EMP1001,Maya,Chen,2004-03-21,2018-02-06,,Active,Finance,DC
EE0002409,EMP1002,Malik,Patel,1974-08-09,2015-01-17,,Active,Customer Operations,TX
EE0002410,EMP1001,Amara,Smith,1988-04-24,2014-05-11,2024-08-12,Terminated,Finance,TX
EE0002411,EMP1005,Michael,Moore,1986-09-25,2014-07-14,2024-05-04,Terminated,Finance,VA
EE0002412,EMP1004,Aaliyah,Adeyemi,2001-06-07,2024-09-28,,Active,Customer Operations,FL
EE0002413,EMP1001,Daniel,Thomas,1963-10-28,2015-07-05,,Active,Sales,NY
EE0002414,EMP1001,Maya,Walker,1988-04-01,2016-04-01,,Active,Legal and Compliance,TX
EE0002415,EMP1005,Sophia,Adeyemi,2000-01-08,2016-09-21,2025-07-13,Terminated,Information Technology,NY
EE0002416,EMP1001,Andre,Robinson,1984-05-30,2018-09-15,2026-02-21,Terminated,Human Resources,OH
EE0002417,EMP1004,Carlos,Garcia,1980-11-14,2023-10-14,,Active,Legal and Compliance,NY
EE0002418,EMP1001,Samuel,Wilson,2005-07-07,2017-06-04,,Active,Information Technology,OH
EE0002419,EMP1002,Carlos,Davis,2002-10-26,2018-09-06,,Active,Legal and Compliance,TX
EE0002420,EMP1003,Priya,Nguyen,1969-06-23,2014-04-25,,Active,Operations,OH
EE0002421,EMP1001,Amara,Thomas,1962-08-13,2017-01-06,,Active,Supply Chain,OH
EE0002422,EMP1005,Leah,Williams,1989-06-07,2021-06-23,2024-03-24,Terminated,Information Technology,NY
EE0002423,EMP1004,Ethan,Taylor,2006-09-18,2019-11-06,,Active,Legal and Compliance,VA
EE0002424,EMP1005,Priya,Walker,1977-08-24,2017-03-26,,Active,Sales,NY
EE0002425,EMP1002,Aaliyah,Ibrahim,1968-07-31,2016-06-12,,Active,Operations,VA
EE0002426,EMP1004,Elena,Patel,1984-08-12,2018-10-29,,Active,Finance,FL
EE0002427,EMP1001,Elena,Williams,2003-06-09,2016-10-05,,Active,Information Technology,OH
EE0002428,EMP1001,Sophia,Brown,1970-12-17,2024-01-11,,Active,Customer Operations,OH
EE0002429,EMP1001,Angela,Adeyemi,1965-12-31,2018-05-31,,Active,Sales,OH
EE0002430,EMP1003,Nia,Ibrahim,2002-04-29,2021-09-22,,Active,Customer Operations,FL
EE0002431,EMP1005,Daniel,Miller,1999-06-08,2014-12-06,,Active,Legal and Compliance,NY
EE0002432,EMP1002,Priya,Lewis,1976-08-04,2021-02-22,,Active,Administration,NC
EE0002433,EMP1004,Samuel,Thomas,1995-10-15,2018-11-09,2026-02-25,Terminated,Administration,NY
EE0002434,EMP1005,Zoe,Campbell,1994-07-12,2025-01-19,,Active,Sales,OH
EE0002435,EMP1002,Grace,Johnson,1982-02-15,2021-02-24,,Active,Information Technology,TX
EE0002436,EMP1005,Carlos,Thomas,1980-07-06,2020-06-25,,Active,Administration,NY
EE0002437,EMP1004,Michael,Patel,1984-11-05,2018-01-29,,Active,Human Resources,FL
EE0002438,EMP1005,Chiamaka,Campbell,1961-03-29,2024-07-14,,Active,Information Technology,MD
EE0002439,EMP1004,Olivia,Brown,1993-12-28,2020-08-04,,Active,Sales,OH
EE0002440,EMP1005,Maya,Garcia,1981-04-08,2024-01-30,,Active,Human Resources,NY
EE0002441,EMP1004,Carlos,Chen,2002-05-05,2019-11-23,,Active,Information Technology,TX
EE0002442,EMP1003,Carlos,Hernandez,1969-08-25,2015-02-21,2025-08-11,Terminated,Information Technology,MD
EE0002443,EMP1001,Isaiah,Miller,1982-03-07,2025-04-23,,Active,Sales,OH
EE0002444,EMP1005,Elena,Adams,1973-06-05,2022-11-16,,Active,Human Resources,NY
EE0002445,EMP1004,Elena,Ibrahim,1997-08-18,2024-12-23,,Active,Information Technology,OH
EE0002446,EMP1003,Priya,Martinez,1976-10-17,2024-12-26,,Active,Supply Chain,VA
EE0002447,EMP1003,Maya,Moore,1968-09-05,2021-02-23,2024-06-02,Terminated,Operations,NC
EE0002448,EMP1001,Luis,Bennett,1975-12-04,2021-12-24,,Active,Finance,OH
EE0002449,EMP1001,Grace,Robinson,1988-11-09,2020-03-17,,Active,Operations,MD
EE0002450,EMP1004,Ethan,Walker,1979-11-27,2016-09-23,,Active,Supply Chain,FL
EE0002451,EMP1004,Sophia,Ibrahim,1963-12-20,2017-11-28,,Active,Information Technology,NC
EE0002452,EMP1001,Kevin,Miller,1975-10-20,2026-03-09,,Active,Legal and Compliance,TX
EE0002453,EMP1002,Carlos,Brown,2004-03-16,2018-11-04,,Active,Human Resources,TX
EE0002454,EMP1004,Sophia,Chen,1964-06-06,2025-04-30,,Active,Supply Chain,NC
EE0002455,EMP1005,Amara,Smith,2005-02-26,2026-03-05,,Active,Administration,TX
EE0002456,EMP1003,Malik,Garcia,1972-09-25,2015-07-08,,Active,Administration,NC
EE0002457,EMP1004,Noah,Adams,2000-01-01,2026-04-22,,Active,Operations,FL
EE0002458,EMP1003,Zoe,Walker,1989-05-03,2016-08-04,,Active,Supply Chain,MD
EE0002459,EMP1002,Fatima,Garcia,1973-09-07,2015-04-07,,Active,Supply Chain,TX
EE0002460,EMP1001,Naomi,Johnson,1962-11-03,2022-05-31,,Active,Sales,OH
EE0002461,EMP1001,Naomi,Wilson,1962-06-26,2022-05-20,,Active,Sales,OH
EE0002462,EMP1002,Ethan,Patel,1991-03-22,2024-09-28,,Active,Sales,TX
EE0002463,EMP1005,Samuel,Garcia,1978-07-25,2022-11-09,2026-04-26,Terminated,Sales,TX
EE0002464,EMP1001,Zoe,Lewis,1996-03-09,2016-02-23,2024-08-10,Terminated,Legal and Compliance,OH
EE0002465,EMP1003,Carlos,Thomas,1961-12-08,2015-05-10,,Active,Customer Operations,NC
EE0002466,EMP1005,Daniel,Taylor,1992-08-25,2025-06-02,,Active,Human Resources,TX
EE0002467,EMP1003,Daniel,Campbell,1971-05-10,2015-09-12,,Active,Sales,NC
EE0002468,EMP1004,Victor,Hernandez,1984-02-20,2026-04-13,2026-06-12,Terminated,Finance,FL
EE0002469,EMP1005,Olivia,Bennett,2001-05-14,2023-12-19,,Active,Information Technology,NY
EE0002470,EMP1005,Omar,Miller,1966-09-29,2019-12-11,,Active,Customer Operations,NY
EE0002471,EMP1003,Nia,Williams,1964-01-13,2020-08-28,,Active,Customer Operations,DC
EE0002472,EMP1003,Leah,Williams,1985-04-17,2018-11-02,,Active,Human Resources,NC
EE0002473,EMP1003,Samuel,Chen,1979-12-03,2015-10-24,,Active,Administration,NC
EE0002474,EMP1004,Grace,Chen,1997-01-20,2020-07-29,,Active,Human Resources,FL
EE0002475,EMP1001,Kevin,Davis,1985-02-12,2022-11-18,,Active,Operations,TX
EE0002476,EMP1001,Malik,Davis,1969-04-06,2020-11-06,,Active,Customer Operations,DC
EE0002477,EMP1001,Priya,Taylor,1961-11-20,2021-05-23,,Active,Administration,OH
EE0002478,EMP1001,Andre,Walker,1974-03-08,2016-01-21,,Active,Human Resources,OH
EE0002479,EMP1004,Noah,Moore,1972-09-09,2014-07-16,,Active,Customer Operations,FL
EE0002480,EMP1003,Zoe,Williams,1984-09-08,2019-04-22,,Active,Finance,DC
EE0002481,EMP1003,Chiamaka,Thomas,1983-04-12,2025-05-28,,Active,Finance,NC
EE0002482,EMP1001,Malik,Campbell,1970-10-16,2016-12-20,,Active,Finance,NY
EE0002483,EMP1002,Chiamaka,Johnson,1978-06-29,2017-06-11,2025-06-30,Terminated,Customer Operations,TX
EE0002484,EMP1003,Kevin,Walker,1979-12-13,2021-12-17,,Active,Human Resources,NC
EE0002485,EMP1002,Noah,Johnson,2007-02-14,2021-10-16,,Active,Operations,TX
EE0002486,EMP1003,Ethan,Lewis,1972-02-08,2018-11-17,,Active,Information Technology,NC
EE0002487,EMP1001,Priya,Kim,2006-08-11,2021-03-29,,Active,Human Resources,NC
EE0002488,EMP1002,Nia,Taylor,2003-07-09,2017-03-06,,Active,Human Resources,TX
EE0002489,EMP1003,Leah,Brown,1962-01-09,2018-01-05,,Active,Operations,NC
EE0002490,EMP1002,Angela,Garcia,2003-07-11,2015-05-20,2025-10-08,Terminated,Legal and Compliance,DC
EE0002491,EMP1001,Victor,Johnson,1997-07-26,2024-10-19,2026-04-08,Terminated,Legal and Compliance,FL
EE0002492,EMP1001,Sophia,Okafor,1994-12-12,2022-01-06,,Active,Human Resources,FL
EE0002493,EMP1001,Isaiah,Thomas,1977-05-10,2024-04-04,,Active,Legal and Compliance,OH
EE0002494,EMP1003,Isaiah,Ibrahim,1987-06-03,2024-09-06,,Active,Finance,NC
EE0002495,EMP1004,Ethan,Chen,1972-12-23,2017-08-17,,Active,Legal and Compliance,TX
EE0002496,EMP1002,Angela,Williams,1966-04-20,2023-08-01,,Active,Administration,TX
EE0002497,EMP1003,Sophia,Garcia,2004-08-28,2016-06-20,,Active,Finance,NC
EE0002498,EMP1001,Kevin,Hernandez,1983-07-11,2025-04-16,,Active,Finance,OH
EE0002499,EMP1005,Angela,Garcia,1963-02-23,2019-12-31,,Active,Legal and Compliance,NY
EE0002500,EMP1003,Isaiah,Robinson,1965-02-28,2024-04-21,,Active,Sales,NC
EE0002501,EMP1001,Aaliyah,Moore,1994-03-05,2017-07-24,,Active,Finance,OH
EE0002502,EMP1004,Carlos,Taylor,1993-05-08,2025-05-30,2025-06-30,Terminated,Customer Operations,FL
EE0002503,EMP1005,Elena,Martinez,1997-12-10,2023-04-25,,Active,Administration,NY
EE0002504,EMP1005,Omar,Wilson,1980-07-17,2025-09-18,,Active,Information Technology,FL
EE0002505,EMP1001,Kevin,Mensah,1979-12-05,2019-02-08,,Active,Human Resources,OH
EE0002506,EMP1002,Michael,Lewis,1991-12-19,2016-01-11,,Active,Administration,TX
EE0002507,EMP1004,Maya,Adams,1972-09-16,2020-05-30,2024-08-20,Terminated,Legal and Compliance,FL
EE0002508,EMP1003,Michael,Bennett,1974-06-08,2026-01-28,,Active,Sales,TX
EE0002509,EMP1003,Ethan,Lewis,1984-01-13,2015-07-22,,Active,Finance,NC
EE0002510,EMP1003,Aaliyah,Ibrahim,2007-06-19,2015-12-14,2025-02-24,Terminated,Legal and Compliance,NC
EE0002511,EMP1002,Aaliyah,Johnson,1996-12-12,2018-04-08,,Active,Operations,TX
EE0002512,EMP1001,Sophia,Okafor,1966-12-01,2015-01-23,,Active,Human Resources,OH
EE0002513,EMP1002,Nia,Patel,2005-10-09,2023-08-16,,Active,Information Technology,TX
EE0002514,EMP1002,Daniel,Bennett,1963-10-02,2024-10-28,,Active,Human Resources,TX
EE0002515,EMP1002,Grace,Martinez,1967-08-28,2018-09-26,,Active,Customer Operations,DC
EE0002516,EMP1001,Omar,Campbell,1968-12-09,2015-07-29,,Active,Operations,OH
EE0002517,EMP1004,Daniel,Thomas,1983-02-18,2022-10-24,,Active,Operations,DC
EE0002518,EMP1005,Jordan,Mensah,1963-02-20,2018-01-12,,Active,Human Resources,NC
EE0002519,EMP1002,Carlos,Miller,1985-08-08,2024-10-10,,Active,Sales,TX
EE0002520,EMP1002,Maya,Davis,1986-02-10,2024-12-08,,Active,Customer Operations,MD
EE0002521,EMP1004,Michael,Wilson,2002-01-07,2016-02-01,,Active,Administration,FL
EE0002522,EMP1005,Elena,Miller,1970-11-24,2014-01-17,,Active,Customer Operations,NY
EE0002523,EMP1003,Carlos,Bennett,1995-11-28,2019-08-25,,Active,Customer Operations,TX
EE0002524,EMP1001,Andre,Martinez,1974-02-06,2023-01-25,,Active,Customer Operations,VA
EE0002525,EMP1003,Elena,Wilson,1974-11-01,2019-05-22,,Active,Sales,NC
EE0002526,EMP1004,Zoe,Smith,1980-12-03,2024-09-09,,Active,Legal and Compliance,NY
EE0002527,EMP1004,Omar,Garcia,1966-04-30,2019-06-25,,Active,Administration,FL
EE0002528,EMP1005,Sophia,Williams,1981-02-22,2020-02-25,,Active,Finance,NY
EE0002529,EMP1002,Luis,Campbell,2002-01-06,2015-08-09,,Active,Customer Operations,TX
EE0002530,EMP1005,Samuel,Ibrahim,1985-03-27,2023-04-04,,Active,Legal and Compliance,VA
EE0002531,EMP1001,Grace,Patel,1978-08-16,2014-02-01,,Active,Information Technology,NC
EE0002532,EMP1001,Priya,Davis,1978-01-12,2019-12-18,,Active,Human Resources,OH
EE0002533,EMP1005,Omar,Johnson,2002-02-01,2024-04-15,,Active,Information Technology,NY
EE0002534,EMP1005,Jasmine,Okafor,1963-05-24,2020-09-17,,Active,Information Technology,NY
EE0002535,EMP1004,Priya,Taylor,1999-04-07,2024-10-06,,Active,Legal and Compliance,FL
EE0002536,EMP1002,Chiamaka,Martinez,1966-10-19,2017-07-12,,Active,Administration,FL
EE0002537,EMP1005,Angela,Taylor,2003-03-21,2023-07-05,,Active,Sales,NY
EE0002538,EMP1004,Priya,Nguyen,1985-04-04,2017-09-10,2025-07-05,Terminated,Operations,FL
EE0002539,EMP1004,Fatima,Chen,1969-01-24,2017-06-25,2024-03-29,Terminated,Supply Chain,FL
EE0002540,EMP1001,Olivia,Williams,1985-01-18,2026-06-04,,Active,Legal and Compliance,OH
EE0002541,EMP1005,Jasmine,Robinson,1978-09-12,2019-02-26,,Active,Finance,NY
EE0002542,EMP1002,Sophia,Garcia,1990-12-19,2014-07-08,2024-09-30,Terminated,Operations,VA
EE0002543,EMP1003,Chiamaka,Ibrahim,1981-05-19,2021-10-31,,Active,Supply Chain,NC
EE0002544,EMP1002,Priya,Walker,1964-01-08,2017-11-28,2025-05-12,Terminated,Finance,TX
EE0002545,EMP1004,Jasmine,Nguyen,2006-07-12,2025-02-19,,Active,Customer Operations,FL
EE0002546,EMP1004,Jasmine,Adams,1981-07-14,2021-05-04,2026-02-14,Terminated,Sales,FL
EE0002547,EMP1003,Malik,Robinson,1970-02-10,2022-11-13,2025-12-15,Terminated,Finance,OH
EE0002548,EMP1002,Olivia,Moore,1969-10-21,2020-11-25,,Active,Human Resources,NC
EE0002549,EMP1004,Elena,Lewis,2002-04-29,2019-03-04,,Active,Finance,VA
EE0002550,EMP1004,Omar,Patel,1968-06-06,2019-04-22,,Active,Administration,TX
EE0002551,EMP1003,Aaliyah,Kim,1980-11-23,2023-07-29,2025-05-27,Terminated,Sales,NY
EE0002552,EMP1004,Omar,Adeyemi,1968-01-18,2015-12-16,,Active,Sales,FL
EE0002553,EMP1001,Jordan,Bennett,2002-08-06,2023-03-12,,Active,Finance,NC
EE0002554,EMP1003,Fatima,Hernandez,1969-08-29,2019-11-20,,Active,Legal and Compliance,NC
EE0002555,EMP1005,Samuel,Davis,1983-04-21,2022-12-05,,Active,Supply Chain,NC
EE0002556,EMP1003,Isaiah,Patel,1970-03-24,2019-11-28,,Active,Finance,NY
EE0002557,EMP1002,Omar,Johnson,1989-06-18,2018-12-02,,Active,Finance,TX
EE0002558,EMP1002,Omar,Patel,1979-10-17,2018-04-10,2024-03-18,Terminated,Sales,VA
EE0002559,EMP1002,Chiamaka,Campbell,1992-05-04,2022-01-06,2026-05-29,Terminated,Sales,TX
EE0002560,EMP1003,Luis,Adams,1989-04-19,2025-04-18,,Active,Administration,NC
EE0002561,EMP1002,Aaliyah,Moore,1985-05-09,2019-08-05,,Active,Supply Chain,TX
EE0002562,EMP1003,Chiamaka,Garcia,2006-05-20,2023-03-03,2025-10-02,Terminated,Customer Operations,FL
EE0002563,EMP1003,Chiamaka,Adeyemi,1966-06-28,2018-03-31,,Active,Supply Chain,TX
EE0002564,EMP1005,Luis,Adeyemi,1961-10-08,2019-05-13,,Active,Administration,OH
EE0002565,EMP1005,Noah,Lewis,1991-05-03,2024-12-19,,Active,Legal and Compliance,NY
EE0002566,EMP1003,Amara,Okafor,1963-09-03,2022-04-27,2024-02-13,Terminated,Sales,TX
EE0002567,EMP1004,Ethan,Mensah,1978-06-17,2022-10-27,,Active,Administration,FL
EE0002568,EMP1005,Zoe,Taylor,1985-06-22,2016-10-02,,Active,Legal and Compliance,NY
EE0002569,EMP1003,Michael,Miller,1989-07-03,2024-04-30,,Active,Human Resources,NC
EE0002570,EMP1002,Amara,Bennett,1980-04-14,2023-05-23,,Active,Operations,TX
EE0002571,EMP1003,Isaiah,Adeyemi,1969-11-12,2018-02-09,,Active,Legal and Compliance,FL
EE0002572,EMP1005,Nia,Bennett,2007-02-20,2025-09-13,,Active,Finance,NY
EE0002573,EMP1002,Victor,Robinson,1983-03-26,2021-02-01,2024-06-06,Terminated,Human Resources,TX
EE0002574,EMP1001,Carlos,Adams,1975-10-17,2021-06-07,,Active,Information Technology,OH
EE0002575,EMP1005,Samuel,Martinez,1992-12-14,2025-10-09,,Active,Sales,NY
EE0002576,EMP1005,Ethan,Lewis,1992-12-02,2018-11-11,,Active,Customer Operations,NY
EE0002577,EMP1003,Maya,Mensah,1968-04-09,2014-05-25,,Active,Customer Operations,NC
EE0002578,EMP1001,Grace,Nguyen,1992-05-04,2018-01-19,2024-06-03,Terminated,Customer Operations,FL
EE0002579,EMP1004,Ethan,Johnson,1995-12-21,2020-01-07,,Active,Finance,MD
EE0002580,EMP1004,Michael,Mensah,1992-04-11,2014-06-02,,Active,Finance,MD
EE0002581,EMP1001,Amara,Chen,2001-02-01,2015-08-15,2024-06-01,Terminated,Operations,OH
EE0002582,EMP1003,Zoe,Williams,1967-11-13,2023-03-31,2025-11-24,Terminated,Customer Operations,NC
EE0002583,EMP1002,Noah,Ibrahim,2003-06-14,2024-10-23,,Active,Human Resources,TX
EE0002584,EMP1002,Elena,Chen,1994-05-07,2024-04-23,,Active,Operations,NC
EE0002585,EMP1003,Maya,Chen,1973-12-03,2025-01-14,,Active,Finance,VA
EE0002586,EMP1004,Luis,Okafor,1985-04-06,2021-01-25,,Active,Legal and Compliance,OH
EE0002587,EMP1002,Ethan,Okafor,1990-02-18,2022-05-22,,Active,Sales,TX
EE0002588,EMP1001,Naomi,Chen,1962-09-20,2014-05-24,2025-02-16,Terminated,Operations,NY
EE0002589,EMP1001,Noah,Thomas,1994-05-21,2015-06-20,,Active,Administration,OH
EE0002590,EMP1002,Nia,Davis,1962-05-05,2015-06-18,2026-06-22,Terminated,Operations,TX
EE0002591,EMP1001,Kevin,Smith,1983-05-15,2024-01-14,,Active,Human Resources,OH
EE0002592,EMP1002,Kevin,Lewis,2000-03-30,2019-02-04,,Active,Supply Chain,TX
EE0002593,EMP1004,Carlos,Garcia,1964-09-27,2015-06-09,,Active,Human Resources,OH
EE0002594,EMP1003,Aaliyah,Garcia,1986-12-06,2020-05-27,2024-08-29,Terminated,Sales,NC
EE0002595,EMP1001,Amara,Kim,1970-02-05,2016-03-09,,Active,Supply Chain,FL
EE0002596,EMP1005,Chiamaka,Johnson,1986-09-19,2014-08-02,,Active,Sales,DC
EE0002597,EMP1005,David,Wilson,1994-12-08,2015-05-23,,Active,Sales,NY
EE0002598,EMP1005,Omar,Miller,1974-10-10,2017-08-25,,Active,Operations,NY
EE0002599,EMP1003,Michael,Mensah,1972-09-02,2026-02-07,,Active,Legal and Compliance,NY
EE0002600,EMP1001,Noah,Patel,2001-10-22,2017-09-27,,Active,Legal and Compliance,OH
EE0002601,EMP1002,Noah,Johnson,1980-11-21,2025-12-05,2026-06-28,Terminated,Sales,NC
EE0002602,EMP1001,Isaiah,Chen,1994-07-09,2021-10-19,,Active,Operations,OH
EE0002603,EMP1002,Luis,Brown,1980-06-13,2018-02-08,,Active,Operations,TX
EE0002604,EMP1003,Andre,Bennett,1985-10-02,2014-01-22,,Active,Information Technology,NC
EE0002605,EMP1002,Jordan,Thomas,1983-05-18,2018-09-16,,Active,Customer Operations,NC
EE0002606,EMP1005,Andre,Nguyen,1987-12-20,2017-02-04,,Active,Information Technology,NY
EE0002607,EMP1003,Leah,Kim,1995-02-15,2025-10-30,,Active,Legal and Compliance,NC
EE0002608,EMP1005,Naomi,Thomas,1966-12-31,2021-01-06,,Active,Operations,NY
EE0002609,EMP1004,Samuel,Martinez,1989-03-09,2024-04-07,,Active,Sales,NY
EE0002610,EMP1001,Victor,Adeyemi,2000-08-19,2020-03-27,,Active,Customer Operations,OH
EE0002611,EMP1005,Isaiah,Adeyemi,1992-05-05,2019-03-14,,Active,Sales,NY
EE0002612,EMP1001,Olivia,Johnson,1985-07-28,2018-04-24,,Active,Operations,OH
EE0002613,EMP1003,Carlos,Garcia,1973-11-04,2022-07-23,,Active,Human Resources,NC
EE0002614,EMP1004,Olivia,Martinez,1990-11-26,2017-01-13,,Active,Supply Chain,TX
EE0002615,EMP1002,Grace,Brown,1994-01-02,2018-03-21,,Active,Sales,VA
EE0002616,EMP1001,Noah,Moore,1976-05-10,2024-02-25,,Active,Supply Chain,OH
EE0002617,EMP1005,Omar,Taylor,1988-01-27,2024-02-10,,Active,Administration,DC
EE0002618,EMP1002,Noah,Thomas,1996-12-20,2015-02-05,,Active,Administration,TX
EE0002619,EMP1001,Angela,Brown,1981-12-30,2015-01-26,,Active,Sales,VA
EE0002620,EMP1005,Naomi,Lewis,1998-08-11,2018-10-17,,Active,Human Resources,TX
EE0002621,EMP1005,Jordan,Miller,2005-05-23,2020-08-18,,Active,Information Technology,FL
EE0002622,EMP1003,Grace,Garcia,2001-04-28,2015-10-20,,Active,Supply Chain,OH
EE0002623,EMP1003,Zoe,Moore,1985-06-30,2019-02-15,2026-01-02,Terminated,Administration,NC
EE0002624,EMP1003,Samuel,Davis,1988-08-07,2025-09-05,,Active,Administration,NC
EE0002625,EMP1005,Kevin,Taylor,1969-05-05,2023-01-01,2025-06-16,Terminated,Supply Chain,NY
EE0002626,EMP1003,Jasmine,Brown,1963-03-18,2016-04-22,,Active,Operations,NC
EE0002627,EMP1003,Carlos,Kim,2006-08-04,2014-11-28,,Active,Information Technology,NC
EE0002628,EMP1003,Maya,Chen,1972-10-28,2021-04-09,,Active,Human Resources,NC
EE0002629,EMP1005,Angela,Robinson,1991-04-24,2023-04-20,2025-03-16,Terminated,Legal and Compliance,TX
EE0002630,EMP1003,Andre,Johnson,2000-07-16,2018-05-01,,Active,Customer Operations,NC
EE0002631,EMP1004,David,Patel,1991-06-21,2017-07-10,,Active,Customer Operations,TX
EE0002632,EMP1001,Chiamaka,Adeyemi,1981-03-14,2014-10-13,,Active,Human Resources,MD
EE0002633,EMP1003,Carlos,Johnson,1967-02-17,2016-09-03,2024-02-13,Terminated,Operations,FL
EE0002634,EMP1003,Ethan,Williams,1967-04-02,2017-10-17,,Active,Information Technology,NC
EE0002635,EMP1003,Andre,Adeyemi,1972-01-31,2018-03-18,,Active,Operations,NC
EE0002636,EMP1001,Malik,Hernandez,1995-07-21,2016-08-20,,Active,Legal and Compliance,OH
EE0002637,EMP1003,Grace,Ibrahim,1977-01-24,2022-06-18,,Active,Customer Operations,FL
EE0002638,EMP1005,Daniel,Martinez,2000-10-17,2020-10-30,,Active,Human Resources,NY
EE0002639,EMP1002,Sophia,Ibrahim,1998-12-18,2018-12-15,,Active,Sales,VA
EE0002640,EMP1004,Zoe,Hernandez,1983-02-08,2014-04-18,,Active,Operations,FL
EE0002641,EMP1005,Leah,Walker,1989-11-11,2020-12-04,2025-09-18,Terminated,Finance,NY
EE0002642,EMP1001,Jasmine,Bennett,2005-08-27,2020-06-21,,Active,Operations,DC
EE0002643,EMP1002,Carlos,Brown,1973-09-12,2014-06-24,2025-04-21,Terminated,Customer Operations,FL
EE0002644,EMP1005,Leah,Martinez,2000-08-12,2015-10-16,,Active,Human Resources,NY
EE0002645,EMP1005,Olivia,Brown,2001-02-15,2020-03-28,,Active,Administration,NC
EE0002646,EMP1005,Luis,Taylor,1971-08-15,2022-12-28,,Active,Information Technology,MD
EE0002647,EMP1005,Daniel,Johnson,2005-05-23,2026-05-06,,Active,Human Resources,NY
EE0002648,EMP1001,Daniel,Adams,1981-01-09,2019-02-15,2024-12-22,Terminated,Supply Chain,OH
EE0002649,EMP1001,Chiamaka,Kim,1984-11-27,2015-07-01,,Active,Finance,OH
EE0002650,EMP1002,Priya,Okafor,1982-04-03,2024-01-20,2026-03-20,Terminated,Finance,TX
EE0002651,EMP1003,Carlos,Moore,1978-11-03,2015-10-05,,Active,Supply Chain,NY
EE0002652,EMP1002,Nia,Smith,1988-11-19,2016-10-14,,Active,Supply Chain,TX
EE0002653,EMP1005,Sophia,Patel,2005-03-18,2024-10-05,,Active,Operations,NC
EE0002654,EMP1001,Angela,Johnson,1993-11-10,2023-09-15,,Active,Sales,OH
EE0002655,EMP1004,Zoe,Adeyemi,1982-09-15,2022-12-25,2024-03-03,Terminated,Operations,FL
EE0002656,EMP1003,Elena,Lewis,1977-10-31,2016-06-15,,Active,Information Technology,DC
EE0002657,EMP1004,Grace,Chen,1997-12-09,2014-01-30,2025-01-21,Terminated,Legal and Compliance,MD
EE0002658,EMP1005,Victor,Kim,1969-02-01,2015-05-18,,Active,Sales,MD
EE0002659,EMP1002,Noah,Bennett,1998-09-20,2017-09-21,2026-05-12,Terminated,Finance,TX
EE0002660,EMP1001,Jordan,Campbell,1999-11-12,2021-07-12,,Active,Customer Operations,NY
EE0002661,EMP1004,Amara,Ibrahim,1994-02-01,2014-08-24,2025-10-23,Terminated,Legal and Compliance,DC
EE0002662,EMP1002,Naomi,Davis,1968-05-28,2022-08-08,2024-03-10,Terminated,Legal and Compliance,MD
EE0002663,EMP1005,Isaiah,Thomas,1977-02-16,2022-05-16,,Active,Human Resources,NY
EE0002664,EMP1003,Sophia,Garcia,1972-07-09,2023-07-03,,Active,Human Resources,NC
EE0002665,EMP1005,Jordan,Thomas,1997-04-24,2024-01-17,,Active,Information Technology,FL
EE0002666,EMP1001,Kevin,Kim,1986-10-08,2017-04-05,,Active,Supply Chain,NC
EE0002667,EMP1002,Sophia,Garcia,1986-03-15,2019-09-23,,Active,Customer Operations,TX
EE0002668,EMP1003,Jasmine,Bennett,1989-04-10,2020-04-27,2026-03-01,Terminated,Supply Chain,NC
EE0002669,EMP1005,Samuel,Bennett,1982-04-05,2017-08-06,2026-02-23,Terminated,Customer Operations,FL
EE0002670,EMP1004,Olivia,Walker,1992-04-13,2015-07-05,2026-03-30,Terminated,Legal and Compliance,TX
EE0002671,EMP1001,Fatima,Lewis,1986-05-13,2020-03-18,,Active,Administration,NY
EE0002672,EMP1001,Leah,Garcia,1991-09-26,2024-10-21,,Active,Supply Chain,TX
EE0002673,EMP1005,Isaiah,Bennett,1974-08-26,2018-03-15,,Active,Customer Operations,NY
EE0002674,EMP1002,Zoe,Adams,1966-01-18,2019-04-27,,Active,Human Resources,FL
EE0002675,EMP1004,Maya,Chen,1984-09-18,2017-10-11,,Active,Finance,FL
EE0002676,EMP1002,Fatima,Walker,1999-07-14,2023-12-24,,Active,Customer Operations,TX
EE0002677,EMP1004,Angela,Robinson,1971-03-22,2020-11-26,,Active,Legal and Compliance,FL
EE0002678,EMP1002,Michael,Nguyen,1980-07-17,2020-10-12,2025-10-29,Terminated,Administration,TX
EE0002679,EMP1003,Sophia,Smith,1965-03-18,2026-05-07,2026-06-23,Terminated,Operations,NC
EE0002680,EMP1005,Zoe,Davis,1976-08-21,2019-05-16,,Active,Human Resources,NY
EE0002681,EMP1004,Elena,Williams,2002-12-04,2023-04-18,,Active,Sales,FL
EE0002682,EMP1002,Leah,Taylor,2005-05-07,2018-03-15,,Active,Finance,TX
EE0002683,EMP1005,Luis,Brown,1961-05-24,2025-01-08,,Active,Administration,NY
EE0002684,EMP1003,Fatima,Adams,1974-11-19,2021-11-20,,Active,Administration,OH
EE0002685,EMP1005,Omar,Thomas,1982-12-19,2019-12-25,,Active,Human Resources,NY
EE0002686,EMP1002,Maya,Wilson,1982-04-17,2024-01-30,,Active,Supply Chain,TX
EE0002687,EMP1004,Leah,Robinson,1970-06-25,2026-03-24,,Active,Customer Operations,VA
EE0002688,EMP1001,Grace,Robinson,1990-11-28,2022-12-29,,Active,Customer Operations,OH
EE0002689,EMP1001,Grace,Lewis,1972-10-16,2024-12-05,,Active,Legal and Compliance,OH
EE0002690,EMP1003,Leah,Johnson,1978-04-29,2014-07-26,,Active,Human Resources,NC
EE0002691,EMP1003,Jasmine,Thomas,1995-04-12,2014-02-26,,Active,Finance,NC
EE0002692,EMP1005,Elena,Chen,2002-07-21,2014-05-29,,Active,Supply Chain,FL
EE0002693,EMP1002,Nia,Garcia,1997-08-14,2016-11-12,,Active,Human Resources,MD
EE0002694,EMP1003,Maya,Ibrahim,1987-10-29,2015-06-09,,Active,Finance,NC
EE0002695,EMP1001,Chiamaka,Williams,1978-12-04,2018-09-04,,Active,Legal and Compliance,NC
EE0002696,EMP1002,Carlos,Johnson,1979-06-17,2019-01-08,2026-04-13,Terminated,Customer Operations,TX
EE0002697,EMP1005,Leah,Moore,1996-03-15,2014-03-20,,Active,Finance,DC
EE0002698,EMP1004,Samuel,Kim,1988-01-29,2021-03-04,,Active,Human Resources,FL
EE0002699,EMP1001,Malik,Wilson,1964-11-21,2019-11-11,,Active,Administration,VA
EE0002700,EMP1004,Amara,Patel,1999-11-17,2025-09-08,,Active,Administration,FL
EE0002701,EMP1003,Zoe,Johnson,1988-08-10,2016-01-03,,Active,Supply Chain,NC
EE0002702,EMP1003,David,Walker,1997-11-09,2024-03-10,,Active,Finance,NC
EE0002703,EMP1001,David,Taylor,1997-07-11,2022-06-01,,Active,Information Technology,TX
EE0002704,EMP1004,Sophia,Chen,1973-07-07,2024-12-07,,Active,Legal and Compliance,TX
EE0002705,EMP1001,Malik,Bennett,1973-04-01,2021-10-22,,Active,Legal and Compliance,FL
EE0002706,EMP1005,Noah,Martinez,1964-09-29,2025-04-03,,Active,Legal and Compliance,NY
EE0002707,EMP1001,Fatima,Miller,1977-04-04,2019-05-17,,Active,Supply Chain,MD
EE0002708,EMP1004,Amara,Davis,1984-05-14,2019-01-06,,Active,Sales,FL
EE0002709,EMP1003,Zoe,Kim,1989-07-01,2018-10-14,,Active,Human Resources,NY
EE0002710,EMP1004,Leah,Garcia,1961-01-06,2024-10-16,,Active,Operations,FL
EE0002711,EMP1005,Samuel,Lewis,1998-10-26,2019-01-22,,Active,Information Technology,NY
EE0002712,EMP1001,Olivia,Adeyemi,1988-02-23,2014-06-10,,Active,Administration,DC
EE0002713,EMP1002,Aaliyah,Taylor,1980-03-19,2015-06-04,,Active,Sales,FL
EE0002714,EMP1004,Luis,Lewis,1991-12-16,2021-07-21,2024-04-02,Terminated,Human Resources,FL
EE0002715,EMP1002,David,Lewis,1983-03-03,2016-08-25,2024-12-20,Terminated,Human Resources,NC
EE0002716,EMP1002,Victor,Miller,2000-12-17,2025-08-18,,Active,Customer Operations,TX
EE0002717,EMP1004,Olivia,Adeyemi,1962-09-17,2025-01-07,,Active,Sales,FL
EE0002718,EMP1003,Grace,Thomas,1984-06-08,2022-03-23,,Active,Operations,NC
EE0002719,EMP1001,Carlos,Williams,1981-11-09,2014-02-11,,Active,Administration,NC
EE0002720,EMP1004,Michael,Moore,1979-10-28,2025-07-22,,Active,Finance,FL
EE0002721,EMP1003,Jordan,Wilson,1977-05-15,2014-12-08,,Active,Customer Operations,NC
EE0002722,EMP1004,Omar,Wilson,1994-04-11,2025-11-10,2026-05-19,Terminated,Administration,VA
EE0002723,EMP1002,Zoe,Adams,1990-06-21,2022-07-24,,Active,Finance,TX
EE0002724,EMP1001,Jasmine,Kim,1966-12-16,2017-12-17,,Active,Operations,OH
EE0002725,EMP1001,Kevin,Bennett,1992-07-06,2024-11-11,,Active,Sales,NY
EE0002726,EMP1001,Grace,Johnson,1984-07-21,2022-10-30,,Active,Finance,TX
EE0002727,EMP1002,David,Johnson,2003-05-26,2025-04-04,,Active,Sales,TX
EE0002728,EMP1004,Omar,Miller,1968-04-25,2021-03-27,,Active,Customer Operations,NC
EE0002729,EMP1005,Sophia,Johnson,1983-09-13,2023-05-26,,Active,Supply Chain,NY
EE0002730,EMP1005,David,Walker,2005-04-25,2026-02-11,,Active,Legal and Compliance,NY
EE0002731,EMP1003,Jordan,Wilson,2007-03-10,2014-05-24,,Active,Human Resources,VA
EE0002732,EMP1004,Fatima,Robinson,2001-09-23,2024-11-02,,Active,Operations,FL
EE0002733,EMP1005,Ethan,Campbell,2005-06-21,2023-10-21,,Active,Legal and Compliance,NY
EE0002734,EMP1003,Malik,Moore,1982-06-20,2023-04-20,,Active,Human Resources,VA
EE0002735,EMP1003,Angela,Johnson,1973-05-28,2020-05-22,,Active,Human Resources,NC
EE0002736,EMP1002,Omar,Patel,1986-02-12,2015-06-03,,Active,Operations,TX
EE0002737,EMP1002,Jordan,Ibrahim,1985-06-29,2024-07-13,,Active,Customer Operations,TX
EE0002738,EMP1005,Nia,Smith,2001-11-14,2022-08-13,,Active,Information Technology,NY
EE0002739,EMP1004,Nia,Miller,1973-07-03,2016-02-29,2024-02-03,Terminated,Operations,NY
EE0002740,EMP1003,Maya,Lewis,1964-06-23,2018-11-27,,Active,Finance,MD
EE0002741,EMP1001,Isaiah,Adams,1961-10-05,2022-01-13,2026-02-27,Terminated,Legal and Compliance,DC
EE0002742,EMP1005,Leah,Miller,1966-04-02,2019-05-30,,Active,Legal and Compliance,FL
EE0002743,EMP1001,Sophia,Ibrahim,1966-03-28,2021-06-11,,Active,Legal and Compliance,DC
EE0002744,EMP1003,Angela,Williams,1992-04-24,2020-06-13,2026-04-19,Terminated,Legal and Compliance,NC
EE0002745,EMP1003,Aaliyah,Smith,2006-11-03,2026-06-03,,Active,Human Resources,OH
EE0002746,EMP1005,Aaliyah,Walker,1993-10-19,2024-11-30,,Active,Finance,NY
EE0002747,EMP1003,Carlos,Adams,1973-01-23,2021-06-11,,Active,Legal and Compliance,NC
EE0002748,EMP1004,Zoe,Johnson,2001-01-09,2016-10-21,,Active,Legal and Compliance,FL
EE0002749,EMP1002,Nia,Davis,1967-08-01,2025-06-05,,Active,Customer Operations,TX
EE0002750,EMP1002,Ethan,Robinson,2004-08-15,2024-09-14,,Active,Legal and Compliance,TX
EE0002751,EMP1001,Grace,Smith,1986-05-06,2017-08-12,,Active,Information Technology,VA
EE0002752,EMP1003,Zoe,Davis,1972-03-22,2021-05-19,,Active,Human Resources,FL
EE0002753,EMP1001,Naomi,Walker,1979-03-31,2025-05-29,,Active,Administration,OH
EE0002754,EMP1004,Aaliyah,Bennett,1961-03-07,2025-04-08,,Active,Operations,FL
EE0002755,EMP1001,Luis,Martinez,2002-04-20,2022-01-04,,Active,Customer Operations,OH
EE0002756,EMP1005,David,Davis,1964-08-15,2018-01-10,,Active,Sales,NY
EE0002757,EMP1004,Aaliyah,Williams,1993-07-11,2015-11-02,2026-06-17,Terminated,Human Resources,TX
EE0002758,EMP1002,Olivia,Bennett,1969-07-17,2023-10-09,,Active,Human Resources,NC
EE0002759,EMP1003,Olivia,Walker,1975-06-24,2024-02-02,,Active,Customer Operations,NC
EE0002760,EMP1005,Jasmine,Patel,2006-09-27,2016-03-11,2025-07-22,Terminated,Human Resources,NY
EE0002761,EMP1002,Aaliyah,Ibrahim,1976-06-20,2019-11-21,,Active,Operations,TX
EE0002762,EMP1005,Naomi,Martinez,1964-12-28,2016-07-13,,Active,Sales,NY
EE0002763,EMP1003,Chiamaka,Hernandez,1974-11-10,2020-09-18,,Active,Administration,NC
EE0002764,EMP1005,Victor,Smith,1997-02-28,2020-07-06,,Active,Human Resources,TX
EE0002765,EMP1002,Omar,Wilson,1978-08-16,2021-04-16,,Active,Operations,TX
EE0002766,EMP1004,Angela,Adeyemi,1977-09-06,2019-02-11,2026-03-01,Terminated,Administration,TX
EE0002767,EMP1004,Nia,Adeyemi,2006-07-18,2024-07-30,,Active,Administration,NY
EE0002768,EMP1002,Aaliyah,Walker,1970-08-07,2017-06-30,,Active,Information Technology,OH
EE0002769,EMP1005,Victor,Williams,1979-11-24,2015-06-14,,Active,Sales,NC
EE0002770,EMP1005,Daniel,Davis,1967-10-17,2021-10-22,,Active,Customer Operations,DC
EE0002771,EMP1002,David,Wilson,1973-08-22,2017-08-02,2026-02-20,Terminated,Customer Operations,TX
EE0002772,EMP1002,Kevin,Thomas,1961-09-08,2016-04-07,,Active,Supply Chain,OH
EE0002773,EMP1001,Omar,Johnson,1984-02-14,2020-07-20,,Active,Operations,OH
EE0002774,EMP1001,Nia,Smith,1962-03-19,2024-10-24,,Active,Operations,OH
EE0002775,EMP1001,Maya,Robinson,1982-06-23,2019-09-06,,Active,Operations,OH
EE0002776,EMP1003,Sophia,Lewis,1971-09-06,2022-04-22,,Active,Human Resources,NC
EE0002777,EMP1004,Zoe,Walker,1983-02-13,2023-09-11,2024-07-16,Terminated,Supply Chain,NC
EE0002778,EMP1002,Olivia,Walker,1966-04-06,2024-08-20,,Active,Information Technology,OH
EE0002779,EMP1003,Fatima,Johnson,1974-03-18,2018-09-08,2025-12-03,Terminated,Operations,VA
EE0002780,EMP1002,David,Garcia,1983-06-30,2021-01-10,,Active,Administration,MD
EE0002781,EMP1002,Priya,Moore,2001-06-13,2023-08-29,2024-06-17,Terminated,Human Resources,MD
EE0002782,EMP1001,David,Adams,2005-05-27,2017-03-05,,Active,Finance,OH
EE0002783,EMP1001,Omar,Martinez,1964-04-15,2024-02-04,,Active,Sales,OH
EE0002784,EMP1003,Kevin,Mensah,1970-01-20,2021-09-04,,Active,Operations,NC
EE0002785,EMP1001,Carlos,Campbell,2001-04-05,2017-01-20,,Active,Customer Operations,NC
EE0002786,EMP1004,David,Mensah,1962-10-21,2020-02-26,2024-12-01,Terminated,Customer Operations,FL
EE0002787,EMP1005,David,Garcia,1986-10-11,2020-12-09,,Active,Legal and Compliance,NY
EE0002788,EMP1003,Ethan,Nguyen,2005-06-08,2019-06-29,,Active,Information Technology,NC
EE0002789,EMP1004,Grace,Hernandez,1967-02-20,2014-06-30,,Active,Legal and Compliance,FL
EE0002790,EMP1001,Samuel,Wilson,1969-05-18,2018-09-08,,Active,Finance,TX
EE0002791,EMP1003,Jasmine,Mensah,1988-09-08,2021-12-27,,Active,Operations,NC
EE0002792,EMP1003,Carlos,Smith,1990-12-03,2020-01-17,,Active,Supply Chain,FL
EE0002793,EMP1005,Nia,Robinson,1984-01-23,2023-04-04,,Active,Sales,NY
EE0002794,EMP1003,Daniel,Moore,2003-04-15,2016-05-27,,Active,Operations,NC
EE0002795,EMP1003,Zoe,Moore,1977-06-12,2026-05-28,2026-06-29,Terminated,Finance,NC
EE0002796,EMP1002,Victor,Bennett,1981-01-06,2025-07-29,,Active,Operations,NY
EE0002797,EMP1002,Priya,Williams,2002-09-02,2022-12-19,,Active,Sales,TX
EE0002798,EMP1004,Michael,Lewis,1996-05-06,2025-06-25,,Active,Administration,FL
EE0002799,EMP1003,Isaiah,Chen,1986-10-06,2020-11-29,,Active,Administration,MD
EE0002800,EMP1002,Samuel,Smith,1978-02-28,2015-11-30,,Active,Finance,TX
EE0002801,EMP1004,Omar,Thomas,1989-07-04,2014-09-26,2024-04-15,Terminated,Operations,FL
EE0002802,EMP1004,Sophia,Williams,2002-03-20,2018-11-25,,Active,Information Technology,NY
EE0002803,EMP1004,Amara,Martinez,1977-06-17,2016-11-13,2024-02-27,Terminated,Customer Operations,VA
EE0002804,EMP1004,Jordan,Williams,2003-05-25,2019-05-12,2025-06-05,Terminated,Administration,FL
EE0002805,EMP1002,Malik,Chen,1997-05-31,2018-05-10,,Active,Customer Operations,TX
EE0002806,EMP1005,David,Davis,1969-07-22,2023-08-28,,Active,Supply Chain,FL
EE0002807,EMP1001,Ethan,Chen,1996-12-11,2018-04-27,,Active,Supply Chain,DC
EE0002808,EMP1003,Chiamaka,Hernandez,1968-08-01,2017-05-20,,Active,Finance,NC
EE0002809,EMP1004,Jordan,Adams,1968-11-20,2023-04-09,,Active,Supply Chain,FL
EE0002810,EMP1001,Omar,Smith,1970-11-08,2025-06-04,2025-08-20,Terminated,Legal and Compliance,NC
EE0002811,EMP1001,Amara,Thomas,1964-11-22,2022-08-29,2025-07-22,Terminated,Supply Chain,OH
EE0002812,EMP1005,David,Ibrahim,1998-10-06,2025-03-19,,Active,Customer Operations,NY
EE0002813,EMP1005,Nia,Miller,1972-08-10,2018-09-23,,Active,Finance,DC
EE0002814,EMP1004,Omar,Taylor,1987-07-05,2020-06-05,,Active,Operations,FL
EE0002815,EMP1005,Olivia,Lewis,1997-04-16,2020-02-25,,Active,Finance,NY
EE0002816,EMP1003,Olivia,Patel,1975-10-03,2018-06-24,,Active,Administration,NC
EE0002817,EMP1001,Elena,Williams,1997-04-15,2022-11-23,,Active,Information Technology,OH
EE0002818,EMP1003,Priya,Davis,1976-07-14,2014-12-23,2025-03-08,Terminated,Human Resources,NC
EE0002819,EMP1005,Andre,Davis,1991-04-01,2020-09-21,2025-03-19,Terminated,Customer Operations,TX
EE0002820,EMP1002,Luis,Thomas,1996-09-25,2018-06-29,2025-11-06,Terminated,Finance,FL
EE0002821,EMP1002,Malik,Chen,1993-12-14,2020-09-12,,Active,Finance,TX
EE0002822,EMP1002,Leah,Williams,1963-06-21,2020-12-31,,Active,Finance,TX
EE0002823,EMP1005,Nia,Moore,1979-09-03,2018-04-05,,Active,Sales,NY
EE0002824,EMP1005,Jordan,Bennett,1972-06-02,2024-01-31,,Active,Human Resources,NY
EE0002825,EMP1001,Noah,Davis,1978-12-11,2015-12-04,2025-11-21,Terminated,Supply Chain,OH
EE0002826,EMP1003,David,Bennett,1992-01-09,2018-03-26,,Active,Finance,NC
EE0002827,EMP1004,Fatima,Davis,1995-11-13,2021-11-10,,Active,Operations,FL
EE0002828,EMP1001,Elena,Chen,1984-05-02,2015-07-27,2024-04-22,Terminated,Finance,VA
EE0002829,EMP1002,Sophia,Moore,1975-06-16,2016-08-04,,Active,Sales,FL
EE0002830,EMP1001,Fatima,Lewis,1965-10-03,2021-04-12,,Active,Finance,FL
EE0002831,EMP1004,Sophia,Mensah,1966-09-23,2014-10-15,,Active,Operations,NY
EE0002832,EMP1003,Samuel,Miller,1969-06-05,2015-04-28,,Active,Human Resources,OH
EE0002833,EMP1002,Zoe,Davis,1981-09-07,2025-06-04,,Active,Sales,TX
EE0002834,EMP1001,Maya,Lewis,2003-11-28,2017-12-18,,Active,Supply Chain,TX
EE0002835,EMP1004,Zoe,Bennett,1975-05-24,2015-10-13,,Active,Administration,FL
EE0002836,EMP1003,Elena,Nguyen,1993-11-08,2023-05-29,,Active,Finance,NC
EE0002837,EMP1002,Ethan,Kim,1991-07-21,2019-09-19,,Active,Legal and Compliance,DC
EE0002838,EMP1005,Samuel,Campbell,2005-03-27,2021-03-29,,Active,Legal and Compliance,NY
EE0002839,EMP1004,Chiamaka,Taylor,1982-04-13,2018-05-19,,Active,Supply Chain,NY
EE0002840,EMP1002,Olivia,Lewis,1966-10-12,2025-04-10,2026-05-19,Terminated,Legal and Compliance,TX
EE0002841,EMP1005,Chiamaka,Adeyemi,1964-12-21,2014-12-11,,Active,Legal and Compliance,NY
EE0002842,EMP1003,Grace,Taylor,1978-10-01,2018-03-05,,Active,Sales,NC
EE0002843,EMP1001,Michael,Adams,2004-03-16,2014-03-12,,Active,Sales,OH
EE0002844,EMP1005,Maya,Williams,1988-09-08,2017-08-29,,Active,Customer Operations,TX
EE0002845,EMP1001,Naomi,Lewis,1985-08-14,2023-05-18,,Active,Customer Operations,OH
EE0002846,EMP1002,Michael,Davis,1961-09-18,2024-10-19,,Active,Information Technology,VA
EE0002847,EMP1005,Olivia,Taylor,1968-07-19,2019-12-30,,Active,Sales,NY
EE0002848,EMP1003,Isaiah,Adams,1976-01-08,2025-04-08,,Active,Supply Chain,NC
EE0002849,EMP1003,David,Patel,1963-04-16,2023-04-01,,Active,Customer Operations,NC
EE0002850,EMP1005,Kevin,Smith,1974-09-17,2023-07-17,,Active,Legal and Compliance,NY
EE0002851,EMP1001,Carlos,Lewis,1965-11-06,2021-10-20,,Active,Information Technology,OH
EE0002852,EMP1003,Olivia,Lewis,2001-11-20,2018-02-11,,Active,Customer Operations,TX
EE0002853,EMP1004,Noah,Walker,1991-07-19,2023-10-04,,Active,Information Technology,FL
EE0002854,EMP1005,Grace,Wilson,1995-12-26,2014-04-06,2025-10-25,Terminated,Information Technology,TX
EE0002855,EMP1001,Ethan,Campbell,1977-11-16,2024-07-22,,Active,Human Resources,NY
EE0002856,EMP1004,Elena,Martinez,1975-02-27,2025-08-31,2026-05-28,Terminated,Operations,NY
EE0002857,EMP1004,Samuel,Wilson,1970-07-29,2022-05-19,,Active,Administration,VA
EE0002858,EMP1001,Malik,Hernandez,1984-11-01,2024-08-31,,Active,Operations,NC
EE0002859,EMP1004,Naomi,Robinson,2002-11-17,2024-07-13,,Active,Legal and Compliance,FL
EE0002860,EMP1001,Michael,Martinez,2004-08-22,2018-03-11,2024-04-29,Terminated,Legal and Compliance,VA
EE0002861,EMP1002,Maya,Williams,2006-03-09,2016-10-03,,Active,Administration,DC
EE0002862,EMP1003,Zoe,Miller,1988-03-11,2022-06-12,,Active,Administration,TX
EE0002863,EMP1004,Elena,Nguyen,1969-05-17,2014-06-19,,Active,Information Technology,FL
EE0002864,EMP1004,Jordan,Hernandez,1984-03-31,2023-11-12,2025-01-15,Terminated,Supply Chain,FL
EE0002865,EMP1005,Malik,Chen,1976-07-29,2022-08-11,,Active,Administration,FL
EE0002866,EMP1005,Daniel,Taylor,1963-08-16,2018-02-24,,Active,Information Technology,TX
EE0002867,EMP1003,Michael,Chen,2001-07-26,2023-09-11,,Active,Customer Operations,NC
EE0002868,EMP1003,Daniel,Chen,1963-07-25,2017-03-20,2025-03-27,Terminated,Human Resources,NC
EE0002869,EMP1005,David,Thomas,1975-06-25,2014-12-17,,Active,Human Resources,NY
EE0002870,EMP1002,Naomi,Walker,1986-04-04,2021-11-21,,Active,Operations,MD
EE0002871,EMP1001,Nia,Kim,1996-01-21,2023-01-07,,Active,Information Technology,MD
EE0002872,EMP1002,Ethan,Thomas,1962-06-15,2018-11-29,,Active,Finance,TX
EE0002873,EMP1004,Nia,Campbell,1965-12-01,2018-10-17,,Active,Information Technology,FL
EE0002874,EMP1001,Leah,Bennett,1966-08-10,2021-07-23,,Active,Information Technology,OH
EE0002875,EMP1002,Aaliyah,Kim,1969-10-22,2019-08-21,,Active,Supply Chain,TX
EE0002876,EMP1004,Aaliyah,Okafor,1961-03-27,2018-10-15,2024-02-28,Terminated,Finance,FL
EE0002877,EMP1005,Zoe,Walker,1991-04-10,2015-06-14,2025-04-02,Terminated,Legal and Compliance,FL
EE0002878,EMP1004,Kevin,Moore,1965-08-15,2014-09-28,,Active,Human Resources,FL
EE0002879,EMP1002,Fatima,Wilson,1963-02-25,2015-05-07,,Active,Supply Chain,MD
EE0002880,EMP1001,Angela,Moore,2005-11-14,2014-05-24,2024-07-01,Terminated,Supply Chain,VA
EE0002881,EMP1005,Priya,Wilson,1999-07-13,2015-01-17,,Active,Supply Chain,NY
EE0002882,EMP1001,Nia,Garcia,1990-01-07,2018-04-15,,Active,Customer Operations,MD
EE0002883,EMP1004,Chiamaka,Mensah,1973-02-24,2014-04-17,,Active,Information Technology,FL
EE0002884,EMP1005,Andre,Kim,1963-02-17,2021-07-03,,Active,Administration,VA
EE0002885,EMP1001,Jasmine,Wilson,1961-05-31,2021-06-21,,Active,Sales,OH
EE0002886,EMP1005,Priya,Garcia,1967-05-19,2022-02-05,,Active,Sales,NY
EE0002887,EMP1001,Luis,Chen,1964-12-09,2024-08-29,2026-03-24,Terminated,Supply Chain,MD
EE0002888,EMP1004,Chiamaka,Okafor,1990-02-06,2018-01-16,,Active,Customer Operations,FL
EE0002889,EMP1003,Michael,Miller,1991-09-27,2021-11-28,2025-12-16,Terminated,Operations,FL
EE0002890,EMP1001,Amara,Robinson,1985-09-08,2021-08-24,,Active,Information Technology,NC
EE0002891,EMP1002,Andre,Okafor,1979-06-29,2025-06-04,,Active,Customer Operations,TX
EE0002892,EMP1001,Noah,Adams,1971-03-01,2015-01-07,,Active,Finance,OH
EE0002893,EMP1003,Carlos,Taylor,1961-09-12,2026-03-22,,Active,Administration,DC
EE0002894,EMP1002,Andre,Chen,1983-04-25,2016-12-13,2025-01-20,Terminated,Legal and Compliance,TX
EE0002895,EMP1005,Zoe,Taylor,1987-10-04,2018-11-25,2026-05-17,Terminated,Legal and Compliance,NY
EE0002896,EMP1003,Elena,Adams,1998-12-04,2014-02-18,2025-10-02,Terminated,Supply Chain,TX
EE0002897,EMP1003,Malik,Patel,1976-02-23,2017-02-09,,Active,Information Technology,VA
EE0002898,EMP1001,Sophia,Smith,1961-02-07,2023-10-05,,Active,Information Technology,FL
EE0002899,EMP1001,Michael,Mensah,1972-02-11,2023-02-28,,Active,Customer Operations,DC
EE0002900,EMP1001,Carlos,Ibrahim,1977-01-15,2016-09-24,,Active,Customer Operations,VA
EE0002901,EMP1001,Grace,Bennett,1992-01-02,2026-01-30,,Active,Legal and Compliance,DC
EE0002902,EMP1002,Michael,Nguyen,1979-12-11,2014-09-08,,Active,Operations,TX
EE0002903,EMP1005,Kevin,Brown,1977-06-26,2019-08-18,,Active,Sales,NY
EE0002904,EMP1002,Olivia,Thomas,2001-02-20,2019-09-30,2025-07-31,Terminated,Legal and Compliance,DC
EE0002905,EMP1004,Olivia,Campbell,2002-01-21,2021-03-17,,Active,Finance,OH
EE0002906,EMP1003,Aaliyah,Johnson,1977-05-14,2018-05-11,,Active,Operations,NC
EE0002907,EMP1001,Nia,Lewis,1998-08-06,2020-04-08,,Active,Legal and Compliance,NY
EE0002908,EMP1004,Michael,Campbell,2006-01-30,2015-09-12,,Active,Customer Operations,MD
EE0002909,EMP1003,Isaiah,Wilson,1986-11-30,2025-11-01,,Active,Human Resources,NY
EE0002910,EMP1001,Kevin,Davis,1971-04-06,2017-05-09,,Active,Finance,FL
EE0002911,EMP1005,Andre,Wilson,1999-05-01,2018-11-22,,Active,Supply Chain,NY
EE0002912,EMP1005,David,Lewis,2007-02-02,2022-06-29,2024-01-06,Terminated,Information Technology,NY
EE0002913,EMP1002,Maya,Adeyemi,1971-11-23,2023-09-23,,Active,Sales,TX
EE0002914,EMP1002,Elena,Martinez,1970-04-25,2014-10-07,,Active,Information Technology,NC
EE0002915,EMP1005,Chiamaka,Ibrahim,1976-03-28,2021-04-07,,Active,Legal and Compliance,NC
EE0002916,EMP1005,Samuel,Smith,1962-04-11,2022-10-24,2025-02-10,Terminated,Operations,NY
EE0002917,EMP1002,Jasmine,Walker,1986-06-28,2016-02-28,,Active,Customer Operations,NC
EE0002918,EMP1001,Priya,Brown,1974-03-30,2014-11-13,2025-04-23,Terminated,Human Resources,OH
EE0002919,EMP1004,Sophia,Adeyemi,1967-04-28,2025-04-11,,Active,Information Technology,NC
EE0002920,EMP1005,Kevin,Martinez,1994-06-09,2015-06-23,,Active,Human Resources,NY
EE0002921,EMP1005,Jordan,Robinson,1973-04-13,2020-11-05,,Active,Finance,NY
EE0002922,EMP1002,Amara,Mensah,1973-04-09,2023-12-05,,Active,Sales,FL
EE0002923,EMP1002,Isaiah,Nguyen,2000-10-26,2023-08-19,,Active,Human Resources,VA
EE0002924,EMP1001,Michael,Brown,1963-09-01,2015-02-17,,Active,Information Technology,MD
EE0002925,EMP1003,Naomi,Chen,1996-06-01,2017-07-26,,Active,Human Resources,NY
EE0002926,EMP1002,Maya,Miller,1987-11-25,2014-07-11,,Active,Operations,TX
EE0002927,EMP1002,Naomi,Kim,1990-08-28,2015-07-09,,Active,Supply Chain,TX
EE0002928,EMP1001,Isaiah,Garcia,1968-03-10,2019-01-21,,Active,Legal and Compliance,OH
EE0002929,EMP1002,Grace,Walker,1970-01-27,2016-09-29,,Active,Information Technology,TX
EE0002930,EMP1004,Carlos,Martinez,1985-11-27,2015-08-28,2025-03-16,Terminated,Information Technology,FL
EE0002931,EMP1004,Malik,Walker,1991-06-17,2015-12-15,,Active,Customer Operations,OH
EE0002932,EMP1005,Jasmine,Nguyen,1964-01-23,2014-02-15,,Active,Operations,NY
EE0002933,EMP1002,Daniel,Davis,1981-09-14,2024-03-22,,Active,Supply Chain,TX
EE0002934,EMP1001,Elena,Smith,1996-03-27,2021-12-16,,Active,Operations,OH
EE0002935,EMP1005,Sophia,Campbell,2004-06-01,2018-01-17,,Active,Supply Chain,FL
EE0002936,EMP1004,Samuel,Taylor,2002-04-02,2020-02-03,2024-07-12,Terminated,Sales,OH
EE0002937,EMP1003,Carlos,Nguyen,1997-04-30,2020-02-08,2025-11-04,Terminated,Legal and Compliance,NC
EE0002938,EMP1003,Nia,Chen,1979-01-03,2017-04-27,,Active,Information Technology,NC
EE0002939,EMP1003,Luis,Patel,1971-03-23,2017-11-10,,Active,Legal and Compliance,NC
EE0002940,EMP1005,Nia,Okafor,1998-09-19,2020-05-28,,Active,Customer Operations,NY
EE0002941,EMP1003,Michael,Walker,1962-09-19,2020-10-24,,Active,Information Technology,NC
EE0002942,EMP1003,Omar,Taylor,2001-03-28,2023-01-03,,Active,Legal and Compliance,NC
EE0002943,EMP1005,Omar,Thomas,1997-06-08,2019-06-16,,Active,Legal and Compliance,NY
EE0002944,EMP1001,Fatima,Okafor,1965-01-10,2018-09-12,,Active,Operations,OH
EE0002945,EMP1005,Fatima,Miller,1983-01-14,2018-03-03,,Active,Administration,NY
EE0002946,EMP1005,Naomi,Smith,1967-08-14,2018-11-23,,Active,Legal and Compliance,NY
EE0002947,EMP1003,Omar,Thomas,2003-12-15,2020-09-01,2025-03-22,Terminated,Human Resources,NC
EE0002948,EMP1002,Carlos,Robinson,1999-11-05,2018-08-05,,Active,Customer Operations,NC
EE0002949,EMP1004,Olivia,Thomas,1999-10-21,2025-11-05,,Active,Administration,FL
EE0002950,EMP1004,Noah,Miller,1964-10-13,2014-12-15,,Active,Customer Operations,FL
EE0002951,EMP1001,Zoe,Garcia,1990-03-21,2025-08-13,,Active,Information Technology,NY
EE0002952,EMP1002,Isaiah,Moore,1982-11-15,2018-12-29,,Active,Sales,TX
EE0002953,EMP1005,Ethan,Garcia,1985-04-28,2023-07-24,,Active,Supply Chain,NY
EE0002954,EMP1004,Andre,Garcia,1961-07-09,2017-11-24,2024-06-05,Terminated,Information Technology,FL
EE0002955,EMP1002,Samuel,Moore,1996-04-13,2015-03-07,,Active,Administration,TX
EE0002956,EMP1001,Malik,Okafor,1979-11-23,2020-11-28,,Active,Information Technology,OH
EE0002957,EMP1003,Amara,Johnson,1979-06-27,2022-12-29,,Active,Finance,FL
EE0002958,EMP1001,Priya,Okafor,2005-09-12,2019-06-07,2026-03-03,Terminated,Administration,MD
EE0002959,EMP1003,Grace,Martinez,2005-02-04,2019-05-19,,Active,Customer Operations,NC
EE0002960,EMP1002,Samuel,Okafor,1980-02-15,2020-04-17,,Active,Customer Operations,NC
EE0002961,EMP1005,Noah,Ibrahim,2005-02-11,2023-06-02,,Active,Human Resources,TX
EE0002962,EMP1005,Carlos,Johnson,1992-08-02,2024-07-16,,Active,Finance,NY
EE0002963,EMP1005,Omar,Robinson,1970-02-28,2026-01-13,,Active,Customer Operations,OH
EE0002964,EMP1003,Leah,Nguyen,1996-09-06,2025-01-10,,Active,Operations,MD
EE0002965,EMP1002,Daniel,Johnson,1981-12-16,2019-01-25,,Active,Human Resources,NY
EE0002966,EMP1003,Kevin,Smith,1974-06-06,2020-01-03,,Active,Legal and Compliance,OH
EE0002967,EMP1003,Leah,Wilson,1973-08-25,2023-04-23,,Active,Finance,NC
EE0002968,EMP1004,Malik,Nguyen,1985-05-15,2019-03-18,,Active,Sales,NY
EE0002969,EMP1001,Priya,Hernandez,1985-02-23,2026-04-24,,Active,Administration,NC
EE0002970,EMP1003,Samuel,Chen,1974-06-14,2020-09-18,,Active,Information Technology,VA
EE0002971,EMP1003,Fatima,Taylor,1962-01-23,2024-04-03,,Active,Supply Chain,FL
EE0002972,EMP1002,Kevin,Patel,1988-03-24,2018-06-25,,Active,Information Technology,TX
EE0002973,EMP1005,Maya,Adams,2004-03-19,2020-09-24,,Active,Information Technology,NY
EE0002974,EMP1004,Amara,Smith,1969-06-17,2018-10-08,,Active,Sales,VA
EE0002975,EMP1003,Malik,Thomas,1991-04-17,2021-09-05,,Active,Customer Operations,OH
EE0002976,EMP1005,Isaiah,Moore,1964-07-08,2014-03-02,,Active,Finance,NY
EE0002977,EMP1004,Maya,Brown,1966-05-23,2017-09-15,2024-09-19,Terminated,Legal and Compliance,FL
EE0002978,EMP1002,Elena,Ibrahim,1980-08-21,2021-10-27,,Active,Human Resources,TX
EE0002979,EMP1003,Carlos,Lewis,1970-09-11,2021-11-10,,Active,Sales,TX
EE0002980,EMP1003,Angela,Moore,2001-08-13,2015-07-22,2026-03-02,Terminated,Legal and Compliance,TX
EE0002981,EMP1003,Sophia,Mensah,1994-02-27,2023-12-15,,Active,Supply Chain,NC
EE0002982,EMP1001,Victor,Williams,1972-10-14,2014-12-20,2025-07-06,Terminated,Sales,OH
EE0002983,EMP1003,Naomi,Davis,1996-10-13,2026-01-18,,Active,Customer Operations,FL
EE0002984,EMP1001,Fatima,Smith,1962-12-21,2018-09-30,,Active,Operations,VA
EE0002985,EMP1002,Sophia,Robinson,1975-08-24,2015-08-04,,Active,Legal and Compliance,TX
EE0002986,EMP1005,Michael,Kim,1986-01-05,2019-04-29,,Active,Legal and Compliance,NY
EE0002987,EMP1002,Priya,Johnson,1974-04-17,2024-08-27,,Active,Information Technology,TX
EE0002988,EMP1005,Jasmine,Garcia,1967-06-12,2017-08-18,,Active,Administration,OH
EE0002989,EMP1004,Aaliyah,Nguyen,2003-09-05,2021-04-04,,Active,Customer Operations,MD
EE0002990,EMP1003,Victor,Ibrahim,1972-05-17,2019-02-04,,Active,Sales,TX
EE0002991,EMP1003,Michael,Williams,2003-08-22,2018-04-28,2024-06-09,Terminated,Finance,OH
EE0002992,EMP1001,Carlos,Miller,1967-12-07,2022-04-26,,Active,Operations,OH
EE0002993,EMP1004,Isaiah,Ibrahim,1978-09-22,2018-09-26,,Active,Sales,OH
EE0002994,EMP1004,Sophia,Campbell,1971-11-19,2019-02-20,,Active,Finance,FL
EE0002995,EMP1004,Isaiah,Kim,2003-12-03,2018-05-23,,Active,Sales,FL
EE0002996,EMP1005,Elena,Campbell,1985-03-05,2015-05-03,,Active,Administration,NY
EE0002997,EMP1003,Malik,Davis,2005-07-16,2020-10-14,,Active,Finance,NC
EE0002998,EMP1004,Samuel,Thomas,1986-01-02,2024-02-03,,Active,Sales,FL
EE0002999,EMP1001,Leah,Brown,1977-04-01,2016-07-07,,Active,Information Technology,DC
EE0003000,EMP1001,Luis,Okafor,1973-07-26,2023-11-05,,Active,Administration,OH
EE0003001,EMP1002,Angela,Davis,1967-04-08,2019-05-12,,Active,Finance,TX
EE0003002,EMP1003,Kevin,Williams,1983-03-01,2021-06-15,,Active,Supply Chain,MD
EE0003003,EMP1001,Victor,Nguyen,2002-03-16,2020-09-26,,Active,Information Technology,FL
EE0003004,EMP1004,Fatima,Smith,2007-02-11,2017-07-21,2025-02-11,Terminated,Supply Chain,FL
EE0003005,EMP1003,Chiamaka,Smith,1986-02-14,2014-07-30,,Active,Sales,NC
EE0003006,EMP1001,Noah,Williams,1984-09-24,2018-06-26,,Active,Human Resources,DC
EE0003007,EMP1005,Aaliyah,Adams,1989-10-02,2014-05-12,,Active,Finance,TX
EE0003008,EMP1004,Amara,Miller,1961-08-05,2017-08-06,,Active,Information Technology,FL
EE0003009,EMP1004,Noah,Moore,1965-11-18,2016-06-02,,Active,Customer Operations,VA
EE0003010,EMP1004,Angela,Johnson,1995-04-01,2019-01-03,,Active,Finance,TX
EE0003011,EMP1005,Elena,Lewis,1976-05-12,2017-09-10,,Active,Legal and Compliance,DC
EE0003012,EMP1005,Michael,Davis,1968-10-02,2020-01-19,,Active,Human Resources,NY
EE0003013,EMP1004,Olivia,Mensah,1964-03-27,2022-08-04,,Active,Information Technology,FL
EE0003014,EMP1003,Andre,Brown,1981-08-14,2024-05-04,,Active,Sales,NC
EE0003015,EMP1005,Elena,Campbell,1984-09-09,2018-03-31,,Active,Legal and Compliance,NY
EE0003016,EMP1002,David,Patel,1983-03-02,2015-08-17,,Active,Administration,FL
EE0003017,EMP1001,Amara,Brown,1990-04-22,2019-12-10,,Active,Operations,TX
EE0003018,EMP1002,Victor,Robinson,1979-09-06,2014-10-28,,Active,Customer Operations,TX
EE0003019,EMP1003,Aaliyah,Martinez,1994-10-07,2024-10-09,,Active,Operations,NC
EE0003020,EMP1003,Olivia,Adams,1973-05-09,2022-02-04,,Active,Operations,FL
EE0003021,EMP1001,David,Garcia,2004-05-24,2015-09-16,,Active,Sales,OH
EE0003022,EMP1001,Elena,Miller,2000-09-08,2022-05-15,2024-04-09,Terminated,Finance,DC
EE0003023,EMP1002,Noah,Thomas,1994-07-28,2014-04-14,,Active,Administration,TX
EE0003024,EMP1002,Olivia,Lewis,1972-01-08,2018-02-01,,Active,Supply Chain,TX
EE0003025,EMP1002,Andre,Bennett,1998-08-05,2014-05-10,2025-10-12,Terminated,Information Technology,TX
EE0003026,EMP1004,Daniel,Hernandez,1963-03-25,2019-07-25,,Active,Customer Operations,FL
EE0003027,EMP1002,Chiamaka,Davis,1981-06-20,2017-12-30,,Active,Customer Operations,OH
EE0003028,EMP1004,Aaliyah,Adams,1972-10-01,2022-05-12,,Active,Information Technology,FL
EE0003029,EMP1004,Andre,Garcia,1987-04-22,2020-10-02,,Active,Supply Chain,FL
EE0003030,EMP1002,Ethan,Adeyemi,1968-02-28,2024-11-05,2025-08-17,Terminated,Operations,VA
EE0003031,EMP1002,Priya,Taylor,1983-08-06,2019-09-26,,Active,Administration,NC
EE0003032,EMP1001,Nia,Ibrahim,1984-02-10,2015-04-04,,Active,Sales,OH
EE0003033,EMP1004,Amara,Johnson,2004-09-13,2016-03-30,,Active,Supply Chain,DC
EE0003034,EMP1005,Olivia,Miller,1981-10-28,2014-10-01,,Active,Operations,NY
EE0003035,EMP1001,Maya,Walker,1973-04-18,2024-07-14,,Active,Legal and Compliance,TX
EE0003036,EMP1002,Samuel,Patel,1973-03-17,2016-07-11,,Active,Legal and Compliance,NC
EE0003037,EMP1002,Andre,Campbell,1969-06-24,2025-10-19,,Active,Operations,TX
EE0003038,EMP1003,Leah,Nguyen,2005-11-28,2020-10-16,2025-02-22,Terminated,Sales,OH
EE0003039,EMP1005,Luis,Okafor,1976-01-28,2025-06-26,,Active,Administration,VA
EE0003040,EMP1005,Olivia,Walker,1967-04-08,2017-02-02,,Active,Finance,FL
EE0003041,EMP1005,Nia,Miller,2006-03-19,2015-02-23,,Active,Finance,NY
EE0003042,EMP1004,Grace,Walker,1997-06-24,2020-02-04,2024-07-06,Terminated,Customer Operations,FL
EE0003043,EMP1005,Samuel,Brown,1972-06-02,2017-09-08,,Active,Administration,NY
EE0003044,EMP1002,Priya,Johnson,1973-05-28,2017-06-10,,Active,Legal and Compliance,TX
EE0003045,EMP1005,Noah,Thomas,1983-07-08,2025-09-02,2026-06-19,Terminated,Human Resources,NY
EE0003046,EMP1001,Andre,Lewis,1975-04-22,2018-11-26,,Active,Finance,NY
EE0003047,EMP1005,Ethan,Taylor,1980-11-23,2022-01-20,,Active,Supply Chain,MD
EE0003048,EMP1003,Daniel,Campbell,1970-02-27,2023-01-09,,Active,Operations,TX
EE0003049,EMP1002,Amara,Davis,1965-03-05,2025-10-08,,Active,Operations,TX
EE0003050,EMP1004,Carlos,Adams,1989-05-06,2024-01-19,,Active,Finance,FL
EE0003051,EMP1003,Sophia,Moore,1997-09-11,2023-06-04,,Active,Supply Chain,NC
EE0003052,EMP1001,Ethan,Davis,1982-01-13,2020-07-19,,Active,Human Resources,OH
EE0003053,EMP1003,David,Moore,1980-07-18,2023-10-07,,Active,Sales,OH
EE0003054,EMP1004,Olivia,Martinez,1968-06-02,2019-06-07,,Active,Information Technology,NC
EE0003055,EMP1004,Aaliyah,Davis,2007-06-03,2018-11-07,2025-02-02,Terminated,Legal and Compliance,FL
EE0003056,EMP1005,Sophia,Brown,1977-04-23,2019-12-13,2024-11-28,Terminated,Information Technology,NY
EE0003057,EMP1001,Priya,Campbell,1965-07-13,2026-05-02,,Active,Information Technology,OH
EE0003058,EMP1001,David,Wilson,1974-01-31,2021-10-16,,Active,Information Technology,OH
EE0003059,EMP1005,Fatima,Hernandez,1972-02-08,2021-11-13,,Active,Supply Chain,NC
EE0003060,EMP1005,Isaiah,Martinez,1975-02-26,2017-12-15,,Active,Information Technology,NY
EE0003061,EMP1002,Priya,Martinez,1979-01-21,2018-06-21,,Active,Information Technology,TX
EE0003062,EMP1004,Ethan,Adams,1965-01-24,2024-08-01,,Active,Information Technology,FL
EE0003063,EMP1005,Jasmine,Hernandez,1988-04-23,2015-05-13,,Active,Customer Operations,NC
EE0003064,EMP1005,Omar,Bennett,1971-09-02,2014-10-21,,Active,Finance,NY
EE0003065,EMP1002,Ethan,Garcia,1985-05-18,2022-01-09,,Active,Customer Operations,MD
EE0003066,EMP1003,Naomi,Martinez,2003-07-12,2022-12-24,,Active,Administration,NC
EE0003067,EMP1002,Olivia,Patel,1995-04-10,2024-08-31,,Active,Human Resources,TX
EE0003068,EMP1003,Daniel,Martinez,1993-04-14,2018-05-05,2024-09-25,Terminated,Legal and Compliance,NY
EE0003069,EMP1003,Samuel,Brown,1970-03-11,2021-07-27,,Active,Operations,NC
EE0003070,EMP1003,Priya,Bennett,1996-11-25,2017-11-03,,Active,Operations,NC
EE0003071,EMP1002,Nia,Campbell,1988-07-29,2020-02-24,,Active,Information Technology,TX
EE0003072,EMP1003,Maya,Taylor,1999-02-22,2022-09-12,,Active,Human Resources,NC
EE0003073,EMP1005,Samuel,Adams,2004-03-31,2022-10-11,,Active,Information Technology,DC
EE0003074,EMP1005,Angela,Smith,2000-02-03,2016-06-06,,Active,Finance,NY
EE0003075,EMP1003,Chiamaka,Wilson,1986-06-18,2015-12-08,,Active,Human Resources,NC
EE0003076,EMP1003,Ethan,Chen,1983-10-28,2025-02-15,,Active,Supply Chain,NC
EE0003077,EMP1004,Daniel,Bennett,1996-01-13,2015-08-12,,Active,Finance,FL
EE0003078,EMP1003,Olivia,Davis,1967-11-26,2024-09-30,2025-07-07,Terminated,Information Technology,NC
EE0003079,EMP1003,Grace,Johnson,2005-04-08,2022-04-28,,Active,Customer Operations,NC
EE0003080,EMP1002,Aaliyah,Robinson,1975-08-22,2017-10-12,,Active,Supply Chain,TX
EE0003081,EMP1003,Isaiah,Chen,1993-12-15,2022-02-18,2025-01-05,Terminated,Operations,NC
EE0003082,EMP1004,Luis,Ibrahim,1985-03-04,2014-09-27,,Active,Finance,FL
EE0003083,EMP1004,Sophia,Mensah,2001-08-13,2014-09-03,,Active,Supply Chain,FL
EE0003084,EMP1002,Chiamaka,Kim,1995-12-04,2020-01-20,,Active,Customer Operations,TX
EE0003085,EMP1001,Elena,Lewis,1965-08-28,2023-09-13,,Active,Supply Chain,OH
EE0003086,EMP1004,Carlos,Davis,1986-06-15,2018-09-03,,Active,Human Resources,VA
EE0003087,EMP1002,Luis,Brown,1977-08-12,2014-09-20,,Active,Finance,FL
EE0003088,EMP1001,Carlos,Hernandez,1993-07-04,2018-07-04,,Active,Sales,OH
EE0003089,EMP1004,Maya,Bennett,1971-10-07,2025-01-25,,Active,Customer Operations,FL
EE0003090,EMP1001,Nia,Smith,1990-01-05,2016-03-01,2025-12-02,Terminated,Customer Operations,OH
EE0003091,EMP1003,Elena,Robinson,1983-07-09,2022-06-21,,Active,Customer Operations,NC
EE0003092,EMP1001,Aaliyah,Chen,2004-06-19,2016-06-08,,Active,Customer Operations,OH
EE0003093,EMP1004,Amara,Johnson,1999-10-05,2016-03-15,,Active,Administration,FL
EE0003094,EMP1004,Jasmine,Garcia,1965-06-13,2015-08-08,,Active,Human Resources,NY
EE0003095,EMP1001,Nia,Garcia,1991-06-13,2020-01-05,2024-09-21,Terminated,Sales,FL
EE0003096,EMP1001,Aaliyah,Hernandez,1988-12-06,2026-01-24,,Active,Operations,NY
EE0003097,EMP1005,Chiamaka,Taylor,1971-06-19,2014-10-22,2026-01-07,Terminated,Operations,NY
EE0003098,EMP1004,Malik,Adams,1973-01-18,2018-10-18,,Active,Administration,FL
EE0003099,EMP1002,Maya,Moore,1996-02-10,2024-06-26,,Active,Information Technology,FL
EE0003100,EMP1001,Fatima,Kim,1985-01-30,2018-05-14,,Active,Human Resources,FL
EE0003101,EMP1003,Aaliyah,Smith,1988-11-05,2022-12-15,,Active,Operations,NC
EE0003102,EMP1005,Zoe,Okafor,1997-11-30,2014-08-05,,Active,Operations,NY
EE0003103,EMP1004,Jordan,Ibrahim,1977-01-12,2014-03-18,,Active,Customer Operations,VA
EE0003104,EMP1004,Victor,Thomas,1996-03-17,2018-01-07,,Active,Operations,DC
EE0003105,EMP1002,Aaliyah,Davis,2001-04-03,2015-01-05,,Active,Information Technology,TX
EE0003106,EMP1003,Noah,Hernandez,1962-12-29,2016-07-15,,Active,Customer Operations,OH
EE0003107,EMP1001,Olivia,Okafor,1964-02-24,2017-05-08,,Active,Supply Chain,FL
EE0003108,EMP1003,Olivia,Miller,1996-09-19,2015-09-16,,Active,Administration,NY
EE0003109,EMP1001,Zoe,Thomas,1997-05-27,2025-10-17,2025-12-18,Terminated,Information Technology,OH
EE0003110,EMP1002,Sophia,Moore,1981-01-19,2025-08-26,,Active,Operations,TX
EE0003111,EMP1002,Maya,Taylor,1986-09-14,2021-12-10,,Active,Finance,TX
EE0003112,EMP1004,Nia,Ibrahim,1965-12-21,2024-08-10,,Active,Operations,VA
EE0003113,EMP1002,Elena,Thomas,1976-10-30,2014-03-04,2025-03-03,Terminated,Operations,TX
EE0003114,EMP1005,Victor,Chen,1998-09-16,2022-04-16,2025-10-19,Terminated,Sales,NY
EE0003115,EMP1004,Luis,Miller,1982-05-17,2021-12-10,,Active,Operations,FL
EE0003116,EMP1001,Zoe,Chen,1990-12-12,2019-01-09,2025-07-14,Terminated,Human Resources,DC
EE0003117,EMP1003,Luis,Adams,2003-09-04,2020-09-04,,Active,Operations,TX
EE0003118,EMP1003,Ethan,Davis,1994-09-24,2022-12-08,2025-12-14,Terminated,Administration,NC
EE0003119,EMP1001,Elena,Moore,1994-09-25,2016-02-02,,Active,Supply Chain,OH
EE0003120,EMP1003,Amara,Williams,2006-09-25,2019-01-15,,Active,Information Technology,NC
EE0003121,EMP1003,Olivia,Okafor,1976-07-04,2016-10-07,,Active,Human Resources,NC
EE0003122,EMP1005,Fatima,Williams,1968-04-04,2021-01-01,,Active,Supply Chain,NC
EE0003123,EMP1005,Ethan,Patel,1995-12-21,2016-06-11,,Active,Sales,TX
EE0003124,EMP1005,Angela,Patel,1970-03-29,2021-06-28,,Active,Sales,VA
EE0003125,EMP1002,Priya,Campbell,1963-01-03,2021-08-12,,Active,Information Technology,OH
EE0003126,EMP1005,Malik,Chen,1981-11-03,2016-04-03,,Active,Legal and Compliance,VA
EE0003127,EMP1001,Priya,Hernandez,1969-10-05,2016-08-22,2026-02-17,Terminated,Supply Chain,OH
EE0003128,EMP1002,Daniel,Okafor,1977-05-26,2023-07-17,,Active,Sales,VA
EE0003129,EMP1003,Nia,Smith,1982-01-27,2023-05-19,,Active,Finance,NC
EE0003130,EMP1003,Omar,Nguyen,2007-01-06,2017-02-08,,Active,Human Resources,NY
EE0003131,EMP1005,Zoe,Hernandez,1991-02-28,2017-09-19,,Active,Human Resources,FL
EE0003132,EMP1005,Omar,Mensah,1964-07-23,2019-01-22,,Active,Information Technology,NY
EE0003133,EMP1004,Grace,Chen,1998-10-08,2024-09-22,,Active,Operations,FL
EE0003134,EMP1001,David,Hernandez,1993-01-05,2017-08-27,,Active,Operations,DC
EE0003135,EMP1001,Priya,Johnson,1964-07-28,2017-05-13,,Active,Supply Chain,TX
EE0003136,EMP1003,Andre,Martinez,1970-07-16,2018-10-10,,Active,Sales,NC
EE0003137,EMP1002,David,Campbell,1963-11-02,2016-09-28,2025-03-08,Terminated,Human Resources,TX
EE0003138,EMP1004,Nia,Hernandez,1982-06-16,2017-08-29,,Active,Human Resources,FL
EE0003139,EMP1001,Angela,Adams,1988-02-04,2017-10-10,,Active,Sales,OH
EE0003140,EMP1001,Zoe,Hernandez,2007-05-08,2026-03-10,,Active,Customer Operations,FL
EE0003141,EMP1004,Victor,Robinson,1980-09-20,2014-09-02,,Active,Legal and Compliance,NY
EE0003142,EMP1003,Nia,Robinson,2003-06-18,2021-05-27,,Active,Legal and Compliance,OH
EE0003143,EMP1005,Jordan,Miller,1993-02-26,2024-03-11,,Active,Supply Chain,NY
EE0003144,EMP1002,Priya,Robinson,2005-08-10,2015-02-05,,Active,Sales,NY
EE0003145,EMP1003,Fatima,Adeyemi,1987-07-24,2021-05-19,,Active,Finance,FL
EE0003146,EMP1002,Luis,Williams,2000-07-24,2022-08-29,,Active,Supply Chain,MD
EE0003147,EMP1001,Angela,Thomas,1983-10-23,2018-01-04,2025-09-20,Terminated,Customer Operations,OH
EE0003148,EMP1003,Olivia,Brown,1965-09-15,2026-02-25,2026-03-27,Terminated,Operations,NY
EE0003149,EMP1001,Carlos,Walker,1965-12-10,2025-01-23,2025-06-30,Terminated,Legal and Compliance,NY
EE0003150,EMP1004,Samuel,Martinez,1991-02-22,2021-07-10,,Active,Sales,NC
EE0003151,EMP1002,Leah,Smith,1970-10-22,2024-11-13,2026-05-19,Terminated,Operations,TX
EE0003152,EMP1003,Kevin,Chen,1984-05-13,2021-01-04,,Active,Sales,MD
EE0003153,EMP1001,Malik,Taylor,1962-10-27,2020-12-24,,Active,Administration,OH
EE0003154,EMP1003,Michael,Chen,1987-12-25,2021-04-25,,Active,Finance,NC
EE0003155,EMP1001,Daniel,Martinez,2000-08-11,2021-04-11,,Active,Information Technology,MD
EE0003156,EMP1004,Ethan,Johnson,2002-01-28,2016-01-13,,Active,Human Resources,NC
EE0003157,EMP1003,Nia,Robinson,1990-09-11,2018-04-07,,Active,Human Resources,NC
EE0003158,EMP1001,Omar,Lewis,1967-05-13,2020-03-12,,Active,Operations,VA
EE0003159,EMP1002,Luis,Martinez,1980-01-19,2017-03-18,,Active,Human Resources,OH
EE0003160,EMP1003,Michael,Kim,1998-06-08,2022-04-27,2025-01-18,Terminated,Human Resources,OH
EE0003161,EMP1001,Maya,Campbell,1986-01-29,2021-10-10,,Active,Human Resources,TX
EE0003162,EMP1003,Victor,Robinson,1999-11-21,2019-01-15,,Active,Customer Operations,TX
EE0003163,EMP1002,Malik,Moore,1995-08-09,2015-03-27,2024-10-23,Terminated,Human Resources,TX
EE0003164,EMP1003,Samuel,Johnson,1994-07-01,2021-05-23,,Active,Information Technology,NC
EE0003165,EMP1004,Luis,Chen,1980-06-26,2023-08-15,,Active,Administration,TX
EE0003166,EMP1005,Angela,Miller,2007-03-25,2018-09-03,,Active,Information Technology,FL
EE0003167,EMP1004,Luis,Patel,1965-05-15,2023-12-31,,Active,Administration,FL
EE0003168,EMP1002,Nia,Davis,1963-10-10,2020-12-29,,Active,Finance,TX
EE0003169,EMP1005,Daniel,Hernandez,1990-11-13,2019-08-31,,Active,Human Resources,NY
EE0003170,EMP1001,Priya,Walker,2003-08-31,2021-07-28,,Active,Legal and Compliance,OH
EE0003171,EMP1003,Noah,Smith,1992-01-10,2017-06-13,,Active,Administration,NY
EE0003172,EMP1002,Kevin,Okafor,1968-07-25,2017-10-03,,Active,Human Resources,NY
EE0003173,EMP1001,Olivia,Taylor,1968-06-17,2023-06-26,,Active,Customer Operations,TX
EE0003174,EMP1001,Amara,Garcia,1967-11-21,2016-07-31,,Active,Administration,NY
EE0003175,EMP1002,Chiamaka,Smith,1979-10-12,2024-03-02,,Active,Operations,VA
EE0003176,EMP1002,Olivia,Patel,1968-01-22,2022-07-21,,Active,Sales,TX
EE0003177,EMP1004,Kevin,Campbell,1994-05-28,2022-08-13,2024-08-08,Terminated,Sales,FL
EE0003178,EMP1005,Fatima,Nguyen,1986-07-26,2016-04-03,,Active,Sales,NC
EE0003179,EMP1004,David,Bennett,1970-02-17,2023-02-22,,Active,Operations,NY
EE0003180,EMP1005,Fatima,Adams,1972-04-06,2015-04-21,,Active,Sales,NY
EE0003181,EMP1005,Daniel,Okafor,1986-07-25,2023-05-28,,Active,Legal and Compliance,DC
EE0003182,EMP1003,Michael,Taylor,1994-07-06,2018-03-28,,Active,Customer Operations,NC
EE0003183,EMP1005,Maya,Smith,1961-04-21,2021-08-27,,Active,Legal and Compliance,NY
EE0003184,EMP1001,Angela,Williams,1984-11-28,2016-07-25,,Active,Operations,OH
EE0003185,EMP1005,Chiamaka,Miller,1992-02-08,2024-11-22,,Active,Human Resources,NY
EE0003186,EMP1002,Andre,Johnson,1966-10-02,2019-01-14,2024-09-29,Terminated,Operations,TX
EE0003187,EMP1002,Kevin,Lewis,2002-03-02,2016-12-18,,Active,Finance,DC
EE0003188,EMP1005,Malik,Miller,1987-07-25,2014-12-24,2024-06-12,Terminated,Sales,TX
EE0003189,EMP1001,Andre,Moore,1971-07-03,2019-11-06,,Active,Finance,NY
EE0003190,EMP1004,Jasmine,Okafor,1979-10-15,2014-01-08,2026-01-09,Terminated,Information Technology,FL
EE0003191,EMP1002,Andre,Okafor,2002-08-25,2014-10-06,,Active,Information Technology,TX
EE0003192,EMP1004,Olivia,Hernandez,1983-10-27,2024-02-05,2026-05-05,Terminated,Finance,DC
EE0003193,EMP1004,Leah,Moore,2001-05-28,2025-07-14,,Active,Finance,FL
EE0003194,EMP1003,Andre,Miller,1985-02-03,2014-01-23,,Active,Finance,VA
EE0003195,EMP1002,Leah,Walker,1988-06-21,2015-01-14,,Active,Finance,DC
EE0003196,EMP1002,Kevin,Brown,1978-11-17,2018-07-24,,Active,Supply Chain,TX
EE0003197,EMP1004,Leah,Kim,1970-09-13,2019-03-25,,Active,Finance,FL
EE0003198,EMP1004,Victor,Wilson,1981-07-17,2024-07-15,,Active,Legal and Compliance,FL
EE0003199,EMP1003,Luis,Nguyen,1970-04-23,2019-09-04,,Active,Customer Operations,TX
EE0003200,EMP1005,Kevin,Johnson,1968-08-11,2014-01-30,2026-06-30,Terminated,Administration,NY
EE0003201,EMP1002,Priya,Lewis,1987-03-19,2025-08-12,,Active,Customer Operations,NC
EE0003202,EMP1001,David,Lewis,1993-02-26,2016-05-21,2025-09-05,Terminated,Finance,OH
EE0003203,EMP1002,Priya,Bennett,2004-11-12,2018-07-01,2026-01-02,Terminated,Administration,TX
EE0003204,EMP1003,Daniel,Bennett,2006-12-26,2015-12-02,,Active,Human Resources,NC
EE0003205,EMP1003,Samuel,Williams,1964-09-25,2024-05-16,2025-06-23,Terminated,Customer Operations,NC
EE0003206,EMP1005,Jordan,Wilson,1991-12-13,2023-03-02,2025-04-09,Terminated,Customer Operations,NY
EE0003207,EMP1002,Victor,Hernandez,1986-01-20,2017-06-22,,Active,Legal and Compliance,MD
EE0003208,EMP1005,Leah,Nguyen,1987-10-23,2026-02-01,,Active,Information Technology,NY
EE0003209,EMP1001,Samuel,Martinez,1981-03-27,2014-07-09,,Active,Administration,NY
EE0003210,EMP1003,Jasmine,Johnson,1973-12-21,2023-09-25,,Active,Supply Chain,DC
EE0003211,EMP1005,Leah,Ibrahim,1980-01-12,2019-05-18,,Active,Administration,NY
EE0003212,EMP1001,Naomi,Moore,1998-12-03,2023-04-09,,Active,Operations,OH
EE0003213,EMP1003,Noah,Miller,1962-09-15,2015-11-17,,Active,Human Resources,MD
EE0003214,EMP1003,Grace,Nguyen,1987-02-09,2026-03-14,,Active,Administration,NC
EE0003215,EMP1005,Michael,Taylor,1977-02-21,2024-07-06,,Active,Legal and Compliance,NY
EE0003216,EMP1001,Malik,Miller,1976-01-27,2014-08-10,,Active,Sales,OH
EE0003217,EMP1005,Isaiah,Kim,1975-03-03,2021-02-11,2024-05-25,Terminated,Information Technology,DC
EE0003218,EMP1005,Victor,Okafor,1969-04-29,2023-06-21,2025-05-05,Terminated,Supply Chain,NY
EE0003219,EMP1005,Jasmine,Okafor,1998-07-31,2017-07-12,,Active,Information Technology,NY
EE0003220,EMP1005,Michael,Wilson,1978-04-10,2023-12-28,2025-04-04,Terminated,Operations,FL
EE0003221,EMP1001,Jasmine,Davis,2000-01-23,2023-03-12,,Active,Finance,OH
EE0003222,EMP1003,Nia,Thomas,2005-11-04,2019-03-20,,Active,Operations,NC
EE0003223,EMP1005,Jasmine,Campbell,1992-01-11,2024-10-17,,Active,Sales,DC
EE0003224,EMP1004,Leah,Ibrahim,1983-02-06,2015-09-03,,Active,Finance,FL
EE0003225,EMP1004,Kevin,Garcia,1999-05-14,2025-11-21,,Active,Customer Operations,FL
EE0003226,EMP1002,Andre,Brown,1994-08-03,2017-01-19,2026-01-22,Terminated,Legal and Compliance,TX
EE0003227,EMP1004,Sophia,Wilson,1971-02-06,2020-01-05,,Active,Sales,FL
EE0003228,EMP1004,Angela,Wilson,1966-10-14,2014-10-18,,Active,Information Technology,FL
EE0003229,EMP1004,Noah,Mensah,1981-04-22,2021-10-17,2025-11-09,Terminated,Legal and Compliance,DC
EE0003230,EMP1001,Omar,Nguyen,1993-07-18,2023-06-17,,Active,Administration,OH
EE0003231,EMP1004,Victor,Ibrahim,2001-01-13,2014-02-04,,Active,Information Technology,VA
EE0003232,EMP1001,David,Mensah,1966-04-24,2015-01-10,,Active,Human Resources,MD
EE0003233,EMP1005,Fatima,Nguyen,1976-06-30,2025-05-04,,Active,Human Resources,NY
EE0003234,EMP1003,Amara,Wilson,1978-11-27,2021-03-25,2024-09-10,Terminated,Human Resources,NC
EE0003235,EMP1004,Isaiah,Lewis,1985-01-22,2024-05-23,,Active,Finance,DC
EE0003236,EMP1005,Isaiah,Okafor,2006-12-18,2014-07-12,,Active,Human Resources,NY
EE0003237,EMP1002,Carlos,Walker,2002-03-31,2022-10-10,,Active,Administration,NY
EE0003238,EMP1002,Michael,Chen,1989-03-23,2015-07-11,2024-11-06,Terminated,Legal and Compliance,MD
EE0003239,EMP1002,Isaiah,Chen,1986-05-16,2015-10-10,,Active,Sales,TX
EE0003240,EMP1004,Isaiah,Miller,1974-03-26,2023-11-03,,Active,Legal and Compliance,TX
EE0003241,EMP1001,Grace,Okafor,2003-12-17,2018-08-17,,Active,Sales,FL
EE0003242,EMP1003,Daniel,Campbell,1986-06-20,2018-07-19,2024-05-25,Terminated,Supply Chain,NC
EE0003243,EMP1005,Luis,Kim,1962-04-10,2019-09-04,2024-08-02,Terminated,Legal and Compliance,VA
EE0003244,EMP1003,David,Mensah,1989-02-04,2022-07-14,2025-06-08,Terminated,Administration,NC
EE0003245,EMP1003,Noah,Taylor,2002-06-22,2016-10-01,2025-05-16,Terminated,Finance,FL
EE0003246,EMP1003,Grace,Walker,1991-11-22,2022-05-22,2024-08-21,Terminated,Information Technology,NC
EE0003247,EMP1002,Elena,Moore,1963-01-01,2024-01-27,,Active,Human Resources,TX
EE0003248,EMP1001,Priya,Taylor,1961-02-02,2016-11-10,,Active,Operations,NY
EE0003249,EMP1005,Noah,Nguyen,1991-11-19,2025-04-05,,Active,Supply Chain,OH
EE0003250,EMP1002,Fatima,Nguyen,2005-10-19,2014-05-15,,Active,Information Technology,FL
EE0003251,EMP1003,Luis,Bennett,2006-08-16,2025-11-04,,Active,Finance,NC
EE0003252,EMP1004,Victor,Lewis,1989-01-25,2018-09-06,,Active,Operations,FL
EE0003253,EMP1001,Naomi,Lewis,1991-12-07,2018-05-17,,Active,Human Resources,OH
EE0003254,EMP1003,Priya,Garcia,1991-08-16,2014-06-20,,Active,Administration,VA
EE0003255,EMP1002,Leah,Adams,2002-01-03,2018-02-04,2024-12-07,Terminated,Legal and Compliance,TX
EE0003256,EMP1005,Victor,Chen,1974-09-04,2016-06-29,,Active,Legal and Compliance,NY
EE0003257,EMP1005,Sophia,Smith,1970-11-04,2023-08-22,,Active,Administration,NY
EE0003258,EMP1005,Aaliyah,Robinson,1987-08-21,2014-12-12,,Active,Information Technology,NY
EE0003259,EMP1001,Victor,Mensah,1984-10-18,2025-05-12,,Active,Supply Chain,MD
EE0003260,EMP1003,Nia,Ibrahim,1980-02-21,2016-09-25,,Active,Operations,NC
EE0003261,EMP1005,Noah,Bennett,1970-09-13,2022-12-14,,Active,Legal and Compliance,NY
EE0003262,EMP1003,Andre,Adeyemi,1998-03-28,2019-05-26,,Active,Customer Operations,MD
EE0003263,EMP1005,Nia,Okafor,1995-12-26,2026-06-04,,Active,Information Technology,NY
EE0003264,EMP1005,Zoe,Chen,2003-08-23,2015-12-13,,Active,Administration,NY
EE0003265,EMP1005,Samuel,Williams,2000-09-19,2016-01-16,,Active,Legal and Compliance,NY
EE0003266,EMP1004,Malik,Adams,1966-06-27,2019-12-08,,Active,Finance,FL
EE0003267,EMP1003,Michael,Williams,1962-04-01,2018-06-28,2025-04-20,Terminated,Supply Chain,MD
EE0003268,EMP1002,Carlos,Mensah,1998-07-26,2016-01-29,,Active,Legal and Compliance,VA
EE0003269,EMP1001,Fatima,Wilson,1966-09-17,2025-07-06,,Active,Operations,OH
EE0003270,EMP1002,Nia,Patel,1980-10-03,2019-04-11,,Active,Legal and Compliance,TX
EE0003271,EMP1002,Maya,Mensah,1995-11-01,2024-10-09,2026-03-26,Terminated,Supply Chain,DC
EE0003272,EMP1002,Omar,Campbell,1993-02-15,2024-04-18,,Active,Sales,TX
EE0003273,EMP1005,Isaiah,Kim,1985-10-12,2024-08-01,,Active,Customer Operations,NC
EE0003274,EMP1001,Leah,Thomas,1995-05-06,2025-10-06,2026-04-30,Terminated,Customer Operations,OH
EE0003275,EMP1003,Malik,Thomas,1987-02-25,2024-06-12,,Active,Customer Operations,MD
EE0003276,EMP1003,Victor,Walker,1999-01-04,2019-09-09,,Active,Administration,NY
EE0003277,EMP1005,Jasmine,Adams,2004-03-03,2019-01-06,,Active,Legal and Compliance,NY
EE0003278,EMP1004,Jordan,Brown,1969-07-07,2024-07-03,2025-10-31,Terminated,Supply Chain,NC
EE0003279,EMP1005,Maya,Brown,1981-10-04,2025-09-10,,Active,Operations,NY
EE0003280,EMP1002,Noah,Thomas,1987-05-19,2020-05-01,2024-11-25,Terminated,Supply Chain,NY
EE0003281,EMP1002,Malik,Hernandez,1963-10-10,2023-02-05,,Active,Administration,MD
EE0003282,EMP1003,Olivia,Adams,1972-04-27,2019-06-23,2025-01-16,Terminated,Finance,NC
EE0003283,EMP1002,David,Johnson,1998-05-30,2021-04-24,,Active,Human Resources,MD
EE0003284,EMP1003,Ethan,Smith,1975-12-16,2026-04-13,,Active,Finance,NC
EE0003285,EMP1001,Chiamaka,Moore,2003-01-18,2022-03-12,,Active,Human Resources,OH
EE0003286,EMP1003,David,Martinez,2003-08-06,2015-06-20,,Active,Legal and Compliance,NC
EE0003287,EMP1001,Maya,Williams,1999-12-03,2023-10-01,,Active,Sales,VA
EE0003288,EMP1003,Luis,Patel,1973-07-23,2025-02-11,,Active,Sales,NC
EE0003289,EMP1003,Ethan,Nguyen,1980-08-30,2014-04-12,,Active,Legal and Compliance,NC
EE0003290,EMP1002,Carlos,Garcia,1962-01-08,2017-03-18,,Active,Administration,TX
EE0003291,EMP1002,Andre,Campbell,1985-12-29,2016-10-03,,Active,Administration,TX
EE0003292,EMP1005,Angela,Okafor,1998-01-05,2020-05-24,,Active,Supply Chain,NY
EE0003293,EMP1003,Andre,Mensah,1964-05-23,2021-05-16,2025-06-21,Terminated,Finance,NC
EE0003294,EMP1001,Elena,Johnson,1997-05-27,2025-05-31,,Active,Finance,MD
EE0003295,EMP1003,Maya,Chen,1979-11-30,2020-01-18,2026-03-29,Terminated,Operations,NC
EE0003296,EMP1005,Andre,Adams,1976-07-30,2020-01-04,,Active,Legal and Compliance,NY
EE0003297,EMP1004,Grace,Miller,1971-09-04,2024-01-19,2024-08-20,Terminated,Finance,DC
EE0003298,EMP1005,Elena,Miller,1978-11-07,2017-06-14,,Active,Human Resources,NY
EE0003299,EMP1004,Ethan,Davis,1987-05-05,2024-05-07,,Active,Administration,VA
EE0003300,EMP1003,David,Brown,1992-08-15,2017-04-29,,Active,Operations,NC
EE0003301,EMP1005,Andre,Mensah,2005-02-08,2016-12-17,,Active,Administration,NC
EE0003302,EMP1005,Omar,Ibrahim,1990-03-06,2021-12-17,,Active,Operations,NY
EE0003303,EMP1005,Noah,Kim,1994-02-23,2016-04-27,,Active,Finance,OH
EE0003304,EMP1004,Grace,Brown,1991-11-18,2024-11-01,,Active,Legal and Compliance,FL
EE0003305,EMP1003,Jasmine,Brown,1990-02-21,2016-06-10,,Active,Customer Operations,NC
EE0003306,EMP1002,Omar,Wilson,1963-05-02,2018-03-09,,Active,Administration,NC
EE0003307,EMP1004,Jordan,Hernandez,1986-12-01,2023-10-13,2026-04-13,Terminated,Human Resources,FL
EE0003308,EMP1002,Priya,Chen,1969-09-12,2021-02-25,,Active,Supply Chain,TX
EE0003309,EMP1002,Ethan,Adams,1990-11-18,2020-06-08,,Active,Supply Chain,TX
EE0003310,EMP1003,Priya,Walker,1963-09-18,2023-06-15,,Active,Operations,NC
EE0003311,EMP1002,Priya,Thomas,2002-11-08,2020-05-07,,Active,Sales,TX
EE0003312,EMP1001,David,Ibrahim,1973-02-23,2021-02-03,,Active,Human Resources,OH
EE0003313,EMP1005,Kevin,Patel,1996-03-28,2018-03-07,2024-04-04,Terminated,Customer Operations,NY
EE0003314,EMP1001,Elena,Chen,1963-09-03,2022-09-24,,Active,Human Resources,FL
EE0003315,EMP1004,Angela,Adams,2000-03-15,2014-01-15,,Active,Sales,FL
EE0003316,EMP1005,Samuel,Adeyemi,1975-02-21,2015-01-05,,Active,Legal and Compliance,TX
EE0003317,EMP1004,Naomi,Moore,1971-03-29,2023-07-17,2024-11-16,Terminated,Supply Chain,FL
EE0003318,EMP1004,Leah,Adams,1999-08-06,2024-03-17,,Active,Sales,MD
EE0003319,EMP1002,Ethan,Williams,1987-12-01,2022-04-23,,Active,Legal and Compliance,TX
EE0003320,EMP1004,Nia,Smith,1974-04-02,2024-06-20,,Active,Operations,DC
EE0003321,EMP1005,Angela,Thomas,2003-07-07,2016-06-04,,Active,Operations,FL
EE0003322,EMP1002,Michael,Ibrahim,1984-01-15,2018-04-01,,Active,Operations,FL
EE0003323,EMP1005,Isaiah,Kim,1969-03-22,2020-08-03,,Active,Sales,NY
EE0003324,EMP1004,Sophia,Bennett,2000-01-08,2023-12-28,,Active,Administration,FL
EE0003325,EMP1003,Priya,Adeyemi,1978-04-11,2020-03-04,,Active,Sales,NC
EE0003326,EMP1003,Zoe,Nguyen,1973-08-12,2019-07-20,,Active,Legal and Compliance,MD
EE0003327,EMP1002,Isaiah,Nguyen,1987-11-16,2021-02-04,,Active,Administration,TX
EE0003328,EMP1002,Maya,Chen,1979-01-30,2016-04-26,,Active,Supply Chain,TX
EE0003329,EMP1002,Carlos,Hernandez,1964-05-03,2017-03-17,,Active,Sales,DC
EE0003330,EMP1004,Andre,Adams,1983-05-24,2016-03-26,,Active,Legal and Compliance,VA
EE0003331,EMP1001,Malik,Smith,1987-03-31,2024-08-06,2024-09-27,Terminated,Supply Chain,OH
EE0003332,EMP1005,Jordan,Okafor,1966-12-18,2016-09-25,2025-03-29,Terminated,Sales,NY
EE0003333,EMP1003,Maya,Patel,1992-08-21,2015-02-04,2024-12-20,Terminated,Human Resources,NC
EE0003334,EMP1002,Carlos,Robinson,1990-01-07,2016-08-21,,Active,Sales,TX
EE0003335,EMP1004,Michael,Martinez,1969-05-12,2015-12-18,,Active,Information Technology,NY
EE0003336,EMP1002,Jasmine,Thomas,1975-11-15,2026-03-10,,Active,Human Resources,TX
EE0003337,EMP1005,Elena,Campbell,1998-04-20,2019-01-19,,Active,Human Resources,FL
EE0003338,EMP1004,Jordan,Hernandez,1995-07-05,2021-12-03,,Active,Human Resources,NY
EE0003339,EMP1004,Amara,Patel,1969-08-08,2024-12-03,,Active,Supply Chain,VA
EE0003340,EMP1005,Malik,Bennett,1977-08-22,2016-12-26,,Active,Supply Chain,NY
EE0003341,EMP1004,Jasmine,Okafor,1979-11-11,2021-09-26,,Active,Legal and Compliance,FL
EE0003342,EMP1004,Zoe,Adams,1973-12-18,2025-10-28,,Active,Customer Operations,FL
EE0003343,EMP1001,Noah,Wilson,1982-08-27,2015-10-25,,Active,Supply Chain,VA
EE0003344,EMP1003,Leah,Campbell,1961-10-11,2021-07-09,,Active,Sales,NC
EE0003345,EMP1005,Fatima,Patel,1979-06-14,2025-10-01,,Active,Human Resources,NY
EE0003346,EMP1005,Isaiah,Williams,1977-05-28,2022-04-10,,Active,Administration,NY
EE0003347,EMP1005,Olivia,Patel,1968-10-03,2023-03-17,,Active,Human Resources,OH
EE0003348,EMP1005,Fatima,Walker,1964-08-03,2018-12-24,,Active,Finance,NY
EE0003349,EMP1005,Grace,Taylor,1979-09-23,2025-01-23,,Active,Administration,TX
EE0003350,EMP1001,Zoe,Bennett,1985-05-03,2020-03-17,,Active,Finance,OH
EE0003351,EMP1001,Ethan,Adeyemi,1976-08-08,2017-10-14,,Active,Human Resources,OH
EE0003352,EMP1002,Leah,Wilson,1999-12-03,2023-03-24,2024-07-20,Terminated,Customer Operations,TX
EE0003353,EMP1003,Aaliyah,Smith,2003-01-04,2018-07-17,,Active,Operations,OH
EE0003354,EMP1003,Omar,Johnson,1962-02-05,2020-08-16,,Active,Information Technology,NC
EE0003355,EMP1001,Naomi,Campbell,1969-03-29,2022-03-26,,Active,Legal and Compliance,OH
EE0003356,EMP1001,Leah,Adams,2004-11-25,2014-01-30,,Active,Administration,MD
EE0003357,EMP1005,Zoe,Davis,1963-10-18,2021-09-16,,Active,Operations,MD
EE0003358,EMP1005,Andre,Moore,2002-11-21,2024-12-17,,Active,Supply Chain,NY
EE0003359,EMP1005,Elena,Hernandez,1982-12-07,2014-04-05,,Active,Legal and Compliance,MD
EE0003360,EMP1004,Noah,Johnson,2005-04-07,2022-10-26,,Active,Legal and Compliance,FL
EE0003361,EMP1004,Leah,Moore,1967-06-13,2020-01-01,,Active,Sales,NC
EE0003362,EMP1002,Zoe,Thomas,1975-05-07,2014-08-06,,Active,Operations,TX
EE0003363,EMP1005,Malik,Walker,1979-07-24,2021-05-22,2025-02-25,Terminated,Information Technology,NC
EE0003364,EMP1004,Fatima,Lewis,1964-10-11,2017-11-11,,Active,Legal and Compliance,NY
EE0003365,EMP1002,Luis,Lewis,1994-11-23,2015-02-04,,Active,Operations,TX
EE0003366,EMP1001,Zoe,Robinson,1971-07-22,2022-02-12,,Active,Sales,OH
EE0003367,EMP1004,Noah,Miller,1992-07-24,2026-06-13,,Active,Legal and Compliance,FL
EE0003368,EMP1004,Daniel,Adams,1966-11-06,2014-09-07,,Active,Information Technology,FL
EE0003369,EMP1004,Fatima,Nguyen,1966-09-06,2024-07-17,,Active,Supply Chain,FL
EE0003370,EMP1003,Priya,Brown,1987-12-18,2026-03-25,,Active,Human Resources,NC
EE0003371,EMP1005,Isaiah,Mensah,2003-12-30,2022-04-22,,Active,Customer Operations,NY
EE0003372,EMP1002,Luis,Chen,1975-09-26,2026-03-29,,Active,Supply Chain,NC
EE0003373,EMP1001,Malik,Bennett,1979-11-26,2016-06-27,,Active,Information Technology,OH
EE0003374,EMP1003,Kevin,Williams,1994-02-23,2019-12-23,,Active,Legal and Compliance,NC
EE0003375,EMP1001,Angela,Bennett,1985-11-21,2014-11-30,,Active,Human Resources,OH
EE0003376,EMP1004,Naomi,Miller,1996-11-08,2015-03-12,,Active,Operations,NC
EE0003377,EMP1002,Zoe,Mensah,2002-10-25,2025-05-25,,Active,Finance,NC
EE0003378,EMP1004,Elena,Campbell,1964-07-27,2018-08-20,,Active,Customer Operations,FL
EE0003379,EMP1001,Fatima,Bennett,1980-07-27,2022-04-11,,Active,Customer Operations,NC
EE0003380,EMP1005,Luis,Robinson,1971-05-18,2019-07-17,,Active,Operations,NY
EE0003381,EMP1005,Isaiah,Taylor,1973-01-14,2016-06-23,2024-05-17,Terminated,Information Technology,NY
EE0003382,EMP1003,Nia,Lewis,1977-04-02,2018-02-03,,Active,Supply Chain,TX
EE0003383,EMP1002,Aaliyah,Garcia,1971-10-07,2015-04-12,,Active,Supply Chain,TX
EE0003384,EMP1005,Fatima,Taylor,1965-04-06,2018-10-15,,Active,Information Technology,VA
EE0003385,EMP1002,Amara,Bennett,2007-03-06,2023-08-28,,Active,Finance,TX
EE0003386,EMP1002,Omar,Smith,1993-10-05,2018-06-12,,Active,Legal and Compliance,DC
EE0003387,EMP1005,Maya,Wilson,1963-11-12,2018-12-04,,Active,Customer Operations,NY
EE0003388,EMP1004,Ethan,Campbell,1971-11-28,2019-11-02,,Active,Information Technology,TX
EE0003389,EMP1004,Noah,Miller,1976-03-21,2017-01-03,2024-05-06,Terminated,Human Resources,FL
EE0003390,EMP1002,Jasmine,Bennett,2007-05-07,2021-07-31,,Active,Human Resources,TX
EE0003391,EMP1003,Daniel,Moore,1998-03-10,2024-02-12,2025-12-24,Terminated,Administration,NC
EE0003392,EMP1001,Fatima,Campbell,1989-02-16,2025-11-30,,Active,Information Technology,NY
EE0003393,EMP1004,Noah,Davis,1991-03-30,2016-09-08,2024-09-17,Terminated,Finance,FL
EE0003394,EMP1002,Amara,Williams,1980-09-27,2014-08-20,,Active,Legal and Compliance,TX
EE0003395,EMP1001,Ethan,Lewis,1999-07-05,2017-02-26,2025-03-21,Terminated,Legal and Compliance,DC
EE0003396,EMP1004,Omar,Hernandez,1995-03-15,2015-02-26,,Active,Operations,FL
EE0003397,EMP1004,David,Garcia,1987-06-27,2023-09-30,,Active,Operations,FL
EE0003398,EMP1004,Naomi,Martinez,1967-02-10,2018-12-15,,Active,Legal and Compliance,TX
EE0003399,EMP1002,Priya,Miller,1990-01-22,2021-07-09,,Active,Operations,TX
EE0003400,EMP1003,Kevin,Davis,1989-10-04,2022-01-13,,Active,Sales,OH
EE0003401,EMP1002,Daniel,Hernandez,2004-01-27,2015-01-19,2024-05-04,Terminated,Human Resources,TX
EE0003402,EMP1003,Chiamaka,Garcia,1970-09-08,2024-12-15,,Active,Finance,NC
EE0003403,EMP1004,Chiamaka,Miller,1961-06-11,2017-07-24,,Active,Legal and Compliance,FL
EE0003404,EMP1004,Carlos,Mensah,1972-04-22,2019-07-21,2026-01-09,Terminated,Supply Chain,FL
EE0003405,EMP1004,Leah,Walker,1961-09-20,2018-10-02,,Active,Customer Operations,FL
EE0003406,EMP1004,Daniel,Okafor,1977-06-11,2019-09-03,,Active,Finance,FL
EE0003407,EMP1001,Elena,Smith,1972-07-07,2015-12-20,,Active,Operations,NY
EE0003408,EMP1003,David,Okafor,1980-11-25,2021-11-26,2026-02-02,Terminated,Finance,NC
EE0003409,EMP1004,Victor,Johnson,1970-11-19,2020-10-21,,Active,Sales,FL
EE0003410,EMP1003,David,Bennett,1979-06-13,2017-05-14,,Active,Finance,NC
EE0003411,EMP1003,Aaliyah,Mensah,1974-11-22,2026-03-11,2026-05-19,Terminated,Legal and Compliance,DC
EE0003412,EMP1003,Malik,Miller,1986-02-08,2014-05-30,,Active,Operations,OH
EE0003413,EMP1002,Chiamaka,Taylor,1979-10-09,2023-01-02,,Active,Customer Operations,DC
EE0003414,EMP1005,Elena,Okafor,1994-11-17,2016-09-25,,Active,Sales,NY
EE0003415,EMP1001,Isaiah,Martinez,1972-05-19,2019-08-31,2026-03-20,Terminated,Sales,NY
EE0003416,EMP1003,Elena,Miller,1967-06-06,2020-07-23,,Active,Operations,NC
EE0003417,EMP1003,Carlos,Hernandez,1985-02-05,2023-10-22,,Active,Supply Chain,FL
EE0003418,EMP1003,Sophia,Bennett,1997-10-09,2023-09-01,2024-12-28,Terminated,Sales,FL
EE0003419,EMP1003,Leah,Hernandez,1986-10-25,2022-03-14,2026-05-10,Terminated,Operations,OH
EE0003420,EMP1003,Isaiah,Adams,1981-04-01,2019-02-27,,Active,Human Resources,NC
EE0003421,EMP1004,Samuel,Brown,1964-04-02,2016-08-20,2025-07-01,Terminated,Information Technology,TX
EE0003422,EMP1001,Carlos,Moore,2005-12-10,2019-09-05,2025-04-06,Terminated,Supply Chain,OH
EE0003423,EMP1005,Omar,Robinson,1986-02-12,2016-07-30,,Active,Information Technology,NY
EE0003424,EMP1001,Nia,Patel,1968-04-07,2019-02-04,,Active,Customer Operations,OH
EE0003425,EMP1001,Fatima,Smith,1965-07-02,2015-11-28,,Active,Operations,OH
EE0003426,EMP1005,Naomi,Thomas,1982-10-30,2026-03-13,,Active,Supply Chain,NY
EE0003427,EMP1004,Luis,Campbell,1962-11-27,2016-11-29,,Active,Information Technology,MD
EE0003428,EMP1005,Zoe,Brown,1999-05-31,2019-02-18,,Active,Information Technology,OH
EE0003429,EMP1002,Samuel,Ibrahim,1983-07-14,2018-03-05,2024-12-04,Terminated,Legal and Compliance,TX
EE0003430,EMP1002,Malik,Davis,1977-10-18,2016-08-07,,Active,Information Technology,DC
EE0003431,EMP1004,Ethan,Walker,1990-11-27,2020-11-01,,Active,Sales,FL
EE0003432,EMP1004,Omar,Kim,1970-09-06,2024-08-05,,Active,Human Resources,FL
EE0003433,EMP1005,Angela,Hernandez,1973-11-26,2023-08-11,,Active,Customer Operations,NY
EE0003434,EMP1002,Carlos,Garcia,1979-08-26,2024-10-13,2025-04-29,Terminated,Human Resources,NY
EE0003435,EMP1004,Maya,Thomas,1986-10-01,2017-05-23,,Active,Operations,OH
EE0003436,EMP1004,Sophia,Hernandez,1995-11-19,2015-07-13,,Active,Operations,FL
EE0003437,EMP1005,Luis,Thomas,1990-12-27,2022-07-28,,Active,Human Resources,DC
EE0003438,EMP1002,Luis,Garcia,1991-11-28,2017-03-24,,Active,Customer Operations,NY
EE0003439,EMP1004,Carlos,Okafor,1993-05-09,2014-09-07,,Active,Customer Operations,NC
EE0003440,EMP1001,Malik,Chen,1974-02-18,2023-08-08,,Active,Sales,OH
EE0003441,EMP1003,Amara,Campbell,1980-03-19,2014-03-14,,Active,Human Resources,VA
EE0003442,EMP1005,Andre,Mensah,1982-12-15,2017-05-07,,Active,Finance,TX
EE0003443,EMP1002,Fatima,Wilson,2003-10-22,2016-10-27,2024-12-18,Terminated,Finance,MD
EE0003444,EMP1002,Noah,Adeyemi,1966-06-27,2017-04-14,,Active,Legal and Compliance,TX
EE0003445,EMP1002,Priya,Garcia,2003-10-01,2014-11-21,,Active,Information Technology,TX
EE0003446,EMP1004,Jasmine,Williams,1997-11-27,2018-08-11,,Active,Legal and Compliance,NY
EE0003447,EMP1005,Ethan,Davis,1995-06-27,2017-04-13,,Active,Finance,OH
EE0003448,EMP1001,Nia,Robinson,1965-12-01,2015-06-15,,Active,Operations,FL
EE0003449,EMP1001,Priya,Adeyemi,1974-07-08,2016-03-31,,Active,Finance,NC
EE0003450,EMP1004,David,Okafor,1979-02-01,2015-07-31,,Active,Finance,FL
EE0003451,EMP1003,Carlos,Garcia,1981-02-01,2014-07-30,,Active,Legal and Compliance,NC
EE0003452,EMP1002,Angela,Okafor,1973-07-23,2021-10-25,,Active,Administration,NY
EE0003453,EMP1002,Jordan,Patel,1999-06-24,2014-09-17,,Active,Administration,DC
EE0003454,EMP1002,Michael,Kim,1987-08-13,2020-08-17,,Active,Finance,TX
EE0003455,EMP1005,Naomi,Adeyemi,1988-06-17,2019-03-31,,Active,Customer Operations,NY
EE0003456,EMP1004,Zoe,Ibrahim,1981-01-14,2025-11-12,,Active,Information Technology,FL
EE0003457,EMP1003,Noah,Walker,2005-12-07,2021-06-09,,Active,Finance,NC
EE0003458,EMP1004,Fatima,Adams,1995-04-17,2023-04-28,,Active,Supply Chain,FL
EE0003459,EMP1004,Priya,Williams,1999-02-03,2017-02-15,2024-01-03,Terminated,Legal and Compliance,FL
EE0003460,EMP1003,Ethan,Wilson,1977-06-10,2024-05-16,2025-12-13,Terminated,Information Technology,FL
EE0003461,EMP1005,Naomi,Walker,1997-01-07,2020-03-20,,Active,Sales,NY
EE0003462,EMP1001,Fatima,Bennett,2000-12-11,2016-04-08,,Active,Information Technology,MD
EE0003463,EMP1003,Malik,Chen,2001-09-23,2024-09-12,,Active,Sales,OH
EE0003464,EMP1002,Elena,Smith,1988-03-07,2025-01-26,,Active,Operations,TX
EE0003465,EMP1004,Noah,Brown,1992-07-03,2018-12-26,,Active,Supply Chain,FL
EE0003466,EMP1003,Kevin,Bennett,1974-01-12,2026-06-13,,Active,Information Technology,NC
EE0003467,EMP1003,Michael,Moore,1983-05-27,2021-02-25,,Active,Supply Chain,OH
EE0003468,EMP1004,Samuel,Martinez,2005-12-21,2014-06-10,,Active,Operations,FL
EE0003469,EMP1003,Sophia,Kim,1974-02-21,2018-03-04,,Active,Customer Operations,NC
EE0003470,EMP1004,Fatima,Smith,1983-05-10,2025-11-04,,Active,Legal and Compliance,TX
EE0003471,EMP1005,Naomi,Thomas,2005-12-13,2025-03-21,,Active,Customer Operations,NY
EE0003472,EMP1004,Sophia,Hernandez,1990-02-22,2023-08-05,,Active,Finance,FL
EE0003473,EMP1001,Carlos,Bennett,1995-10-24,2018-12-06,2024-12-18,Terminated,Administration,OH
EE0003474,EMP1001,Grace,Okafor,1973-05-18,2015-01-16,2025-04-11,Terminated,Supply Chain,OH
EE0003475,EMP1001,Maya,Robinson,2006-02-18,2025-09-10,,Active,Operations,OH
EE0003476,EMP1003,Naomi,Hernandez,1990-05-02,2015-03-20,,Active,Supply Chain,MD
EE0003477,EMP1002,Sophia,Mensah,1986-01-11,2024-11-10,,Active,Finance,TX
EE0003478,EMP1002,Noah,Miller,2000-05-03,2022-06-21,,Active,Human Resources,TX
EE0003479,EMP1001,Daniel,Wilson,1995-10-05,2018-03-18,2025-12-31,Terminated,Operations,DC
EE0003480,EMP1004,Andre,Mensah,1992-09-09,2023-08-12,,Active,Finance,FL
EE0003481,EMP1003,Grace,Moore,1967-04-08,2026-01-04,,Active,Human Resources,NC
EE0003482,EMP1003,Jordan,Ibrahim,1996-10-15,2017-07-20,,Active,Finance,NC
EE0003483,EMP1003,Omar,Mensah,1967-02-01,2014-05-12,,Active,Human Resources,TX
EE0003484,EMP1003,Jordan,Williams,1969-12-15,2026-03-16,,Active,Legal and Compliance,NC
EE0003485,EMP1002,David,Campbell,1978-10-04,2016-11-07,,Active,Sales,TX
EE0003486,EMP1004,Amara,Campbell,1968-11-25,2025-05-23,2025-10-14,Terminated,Sales,FL
EE0003487,EMP1004,Maya,Thomas,1964-09-08,2018-10-02,,Active,Finance,FL
EE0003488,EMP1001,Malik,Taylor,1967-05-10,2014-05-01,,Active,Information Technology,FL
EE0003489,EMP1001,Noah,Bennett,1998-03-01,2021-05-09,,Active,Legal and Compliance,OH
EE0003490,EMP1005,Amara,Taylor,1977-03-28,2014-05-10,,Active,Customer Operations,FL
EE0003491,EMP1004,Michael,Martinez,1977-10-08,2015-12-04,,Active,Information Technology,FL
EE0003492,EMP1004,Isaiah,Johnson,1964-10-07,2022-05-08,,Active,Administration,FL
EE0003493,EMP1003,Amara,Ibrahim,1985-02-07,2020-11-06,,Active,Administration,NC
EE0003494,EMP1001,Carlos,Lewis,1981-06-03,2021-05-10,,Active,Finance,OH
EE0003495,EMP1002,Samuel,Brown,1965-08-04,2014-05-04,,Active,Legal and Compliance,DC
EE0003496,EMP1005,Andre,Hernandez,1986-02-16,2020-05-30,,Active,Operations,FL
EE0003497,EMP1005,Samuel,Mensah,1972-12-05,2025-06-21,,Active,Administration,DC
EE0003498,EMP1002,Leah,Nguyen,2005-08-18,2025-03-07,,Active,Information Technology,TX
EE0003499,EMP1003,Fatima,Smith,1990-11-12,2016-01-01,,Active,Customer Operations,DC
EE0003500,EMP1001,Sophia,Smith,1999-10-05,2021-10-24,,Active,Administration,DC
EE0003501,EMP1005,Zoe,Bennett,1972-12-07,2015-04-09,,Active,Legal and Compliance,NY
EE0003502,EMP1005,Aaliyah,Patel,1970-06-24,2019-01-08,,Active,Sales,NY
EE0003503,EMP1001,Aaliyah,Chen,1991-03-02,2023-02-03,,Active,Operations,FL
EE0003504,EMP1005,Aaliyah,Walker,1980-11-26,2019-11-16,,Active,Human Resources,TX
EE0003505,EMP1004,Daniel,Moore,1962-08-22,2019-01-30,,Active,Customer Operations,FL
EE0003506,EMP1005,Kevin,Williams,1988-05-05,2014-01-26,,Active,Legal and Compliance,NY
EE0003507,EMP1002,Olivia,Nguyen,1972-03-29,2024-11-14,,Active,Human Resources,TX
EE0003508,EMP1003,Samuel,Nguyen,2003-04-09,2020-03-08,,Active,Administration,FL
EE0003509,EMP1005,Zoe,Martinez,1972-05-03,2018-01-01,,Active,Sales,FL
EE0003510,EMP1003,Zoe,Thomas,2002-09-14,2021-12-12,,Active,Customer Operations,NC
EE0003511,EMP1005,David,Davis,1991-06-22,2021-05-19,,Active,Legal and Compliance,NY
EE0003512,EMP1004,Leah,Johnson,1970-02-10,2025-03-17,,Active,Human Resources,NC
EE0003513,EMP1002,Chiamaka,Williams,1990-02-07,2016-10-16,,Active,Sales,NC
EE0003514,EMP1002,Jasmine,Patel,2001-01-03,2014-09-10,,Active,Sales,OH
EE0003515,EMP1001,Daniel,Kim,1969-03-17,2021-03-29,,Active,Finance,OH
EE0003516,EMP1004,Olivia,Bennett,1979-02-19,2014-02-24,,Active,Information Technology,DC
EE0003517,EMP1002,Jordan,Bennett,1973-04-24,2021-03-17,,Active,Legal and Compliance,OH
EE0003518,EMP1001,Grace,Brown,1983-08-06,2018-02-20,,Active,Sales,OH
EE0003519,EMP1004,Carlos,Smith,1995-10-25,2014-02-04,,Active,Legal and Compliance,FL
EE0003520,EMP1004,Omar,Garcia,1979-12-02,2025-01-30,,Active,Operations,FL
EE0003521,EMP1003,Amara,Adeyemi,1985-11-05,2016-10-07,,Active,Human Resources,TX
EE0003522,EMP1004,Nia,Campbell,1961-10-02,2022-08-09,,Active,Finance,FL
EE0003523,EMP1004,Michael,Martinez,1971-04-17,2022-10-14,2024-09-27,Terminated,Information Technology,TX
EE0003524,EMP1005,Nia,Robinson,1961-12-15,2019-05-09,,Active,Human Resources,VA
EE0003525,EMP1002,Grace,Chen,1980-12-04,2020-02-24,,Active,Human Resources,NC
EE0003526,EMP1002,Ethan,Davis,1961-06-16,2018-07-15,,Active,Human Resources,MD
EE0003527,EMP1005,Daniel,Taylor,1999-05-27,2022-05-11,,Active,Sales,NY
EE0003528,EMP1003,Victor,Williams,1999-09-01,2020-05-01,,Active,Information Technology,FL
EE0003529,EMP1001,Angela,Taylor,1991-04-08,2017-11-24,,Active,Supply Chain,DC
EE0003530,EMP1003,Amara,Adeyemi,2000-06-25,2020-10-29,,Active,Administration,NC
EE0003531,EMP1005,David,Kim,2003-09-01,2020-08-20,,Active,Sales,TX
EE0003532,EMP1003,Grace,Thomas,1983-07-27,2021-05-14,,Active,Legal and Compliance,MD
EE0003533,EMP1003,Michael,Moore,1993-12-03,2025-07-08,,Active,Supply Chain,NC
EE0003534,EMP1002,Aaliyah,Lewis,1977-04-29,2017-06-29,,Active,Sales,TX
EE0003535,EMP1004,Jasmine,Nguyen,1996-04-22,2024-09-09,,Active,Supply Chain,FL
EE0003536,EMP1003,Zoe,Miller,2005-06-02,2024-08-05,,Active,Customer Operations,VA
EE0003537,EMP1003,Fatima,Okafor,1973-05-18,2024-09-05,,Active,Customer Operations,NC
EE0003538,EMP1002,Daniel,Davis,1983-04-07,2021-01-08,,Active,Finance,TX
EE0003539,EMP1005,Angela,Davis,2004-09-30,2020-10-23,,Active,Supply Chain,VA
EE0003540,EMP1005,Angela,Moore,1998-03-23,2025-12-23,,Active,Human Resources,VA
EE0003541,EMP1005,Luis,Williams,2005-07-31,2015-05-22,,Active,Administration,DC
EE0003542,EMP1003,Sophia,Williams,1997-06-05,2017-02-10,,Active,Supply Chain,NC
EE0003543,EMP1002,Naomi,Taylor,1978-10-04,2023-05-13,2024-01-12,Terminated,Information Technology,TX
EE0003544,EMP1004,Fatima,Campbell,1999-03-16,2025-06-05,,Active,Customer Operations,FL
EE0003545,EMP1005,Malik,Smith,1978-07-26,2019-01-22,2024-04-15,Terminated,Finance,NY
EE0003546,EMP1005,Aaliyah,Brown,1968-03-25,2022-10-23,,Active,Operations,NY
EE0003547,EMP1003,Angela,Campbell,1988-01-05,2015-04-12,,Active,Finance,NC
EE0003548,EMP1001,Maya,Smith,1980-11-12,2025-06-22,,Active,Sales,MD
EE0003549,EMP1003,Grace,Adams,1971-09-24,2019-11-23,,Active,Sales,NC
EE0003550,EMP1005,Elena,Williams,2000-03-22,2016-08-23,2024-09-19,Terminated,Supply Chain,OH
EE0003551,EMP1004,Samuel,Kim,1997-12-25,2023-07-10,,Active,Customer Operations,FL
EE0003552,EMP1004,Michael,Smith,1987-09-12,2014-12-15,,Active,Customer Operations,FL
EE0003553,EMP1005,Maya,Garcia,1961-04-10,2024-07-09,2025-03-08,Terminated,Operations,NY
EE0003554,EMP1005,Sophia,Okafor,1990-09-06,2026-05-02,2026-06-18,Terminated,Human Resources,NY
EE0003555,EMP1005,Fatima,Adams,1979-07-18,2023-05-25,,Active,Supply Chain,DC
EE0003556,EMP1003,Fatima,Davis,1963-02-08,2014-12-12,,Active,Customer Operations,NC
EE0003557,EMP1003,Nia,Thomas,1986-05-09,2017-04-25,,Active,Operations,VA
EE0003558,EMP1002,Sophia,Ibrahim,2000-04-07,2022-02-06,,Active,Sales,NC
EE0003559,EMP1003,Michael,Brown,1991-03-04,2021-06-06,,Active,Administration,VA
EE0003560,EMP1002,Priya,Brown,1991-11-06,2025-09-11,2026-03-16,Terminated,Sales,FL
EE0003561,EMP1002,Aaliyah,Mensah,2003-09-14,2025-09-02,,Active,Supply Chain,NC
EE0003562,EMP1005,Amara,Smith,1976-01-05,2018-10-17,,Active,Customer Operations,TX
EE0003563,EMP1003,Elena,Garcia,1974-02-03,2026-03-07,,Active,Human Resources,TX
EE0003564,EMP1005,Grace,Adams,2003-08-26,2023-08-16,,Active,Operations,NY
EE0003565,EMP1004,Jasmine,Bennett,1970-07-24,2018-09-23,2024-06-03,Terminated,Customer Operations,FL
EE0003566,EMP1002,Elena,Taylor,1995-08-09,2025-01-11,,Active,Finance,MD
EE0003567,EMP1003,Daniel,Chen,1982-02-24,2023-10-31,,Active,Finance,NY
EE0003568,EMP1001,Isaiah,Thomas,2006-03-02,2021-01-17,,Active,Operations,OH
EE0003569,EMP1004,Chiamaka,Johnson,1961-08-13,2018-03-22,,Active,Administration,FL
EE0003570,EMP1003,Carlos,Nguyen,1963-01-20,2017-11-12,,Active,Customer Operations,NC
EE0003571,EMP1001,Noah,Williams,1979-11-28,2016-04-06,,Active,Sales,FL
EE0003572,EMP1003,Naomi,Mensah,1966-11-26,2016-03-26,,Active,Sales,FL
EE0003573,EMP1001,Elena,Smith,1963-08-04,2014-12-29,,Active,Sales,NY
EE0003574,EMP1002,Priya,Mensah,1980-08-31,2024-06-18,,Active,Finance,TX
EE0003575,EMP1005,Andre,Ibrahim,2002-02-08,2022-03-16,,Active,Operations,FL
EE0003576,EMP1005,Noah,Hernandez,1985-08-28,2017-10-09,,Active,Customer Operations,NY
EE0003577,EMP1002,David,Smith,1986-08-22,2024-11-08,,Active,Administration,DC
EE0003578,EMP1002,Olivia,Smith,1983-04-06,2026-02-22,2026-04-27,Terminated,Human Resources,TX
EE0003579,EMP1001,Omar,Davis,1999-10-09,2019-08-15,,Active,Sales,OH
EE0003580,EMP1002,Jasmine,Bennett,2005-07-04,2024-12-24,,Active,Finance,MD
EE0003581,EMP1003,Naomi,Nguyen,1971-01-01,2020-12-12,2024-11-04,Terminated,Supply Chain,NC
EE0003582,EMP1004,Aaliyah,Davis,1996-02-23,2026-04-12,2026-06-05,Terminated,Legal and Compliance,FL
EE0003583,EMP1002,Olivia,Smith,2003-07-11,2023-12-26,,Active,Supply Chain,DC
EE0003584,EMP1002,Ethan,Martinez,2004-07-01,2015-11-09,2024-11-14,Terminated,Legal and Compliance,TX
EE0003585,EMP1005,Carlos,Walker,2002-12-27,2017-01-31,,Active,Information Technology,NY
EE0003586,EMP1005,Fatima,Okafor,1998-03-01,2018-10-27,,Active,Finance,OH
EE0003587,EMP1005,Nia,Hernandez,1987-04-07,2015-07-23,,Active,Operations,DC
EE0003588,EMP1005,Chiamaka,Walker,1982-09-07,2026-02-02,,Active,Supply Chain,MD
EE0003589,EMP1001,Samuel,Chen,1972-04-28,2016-01-19,,Active,Finance,OH
EE0003590,EMP1005,Daniel,Okafor,1992-02-27,2014-03-27,,Active,Administration,NY
EE0003591,EMP1002,Angela,Garcia,1989-04-10,2021-11-11,2025-10-17,Terminated,Supply Chain,TX
EE0003592,EMP1005,Maya,Williams,1973-02-15,2023-09-23,,Active,Finance,NY
EE0003593,EMP1002,Victor,Adams,1973-04-18,2021-12-11,,Active,Information Technology,TX
EE0003594,EMP1001,Kevin,Nguyen,2002-07-27,2017-12-27,,Active,Administration,NC
EE0003595,EMP1003,Olivia,Hernandez,1965-05-22,2020-10-23,2025-03-30,Terminated,Administration,VA
EE0003596,EMP1005,Aaliyah,Patel,1992-10-20,2016-06-16,,Active,Supply Chain,NC
EE0003597,EMP1002,Fatima,Ibrahim,1996-11-19,2021-12-08,,Active,Customer Operations,TX
EE0003598,EMP1004,Olivia,Garcia,1999-08-10,2022-09-11,2026-03-09,Terminated,Information Technology,VA
EE0003599,EMP1001,Aaliyah,Garcia,1967-11-11,2019-03-10,2025-08-19,Terminated,Human Resources,MD
EE0003600,EMP1001,Jordan,Taylor,1994-12-12,2018-09-14,,Active,Customer Operations,VA
EE0003601,EMP1004,Omar,Johnson,2000-12-08,2016-08-18,,Active,Human Resources,DC
EE0003602,EMP1005,Victor,Lewis,1966-09-08,2015-12-02,,Active,Administration,NY
EE0003603,EMP1002,Andre,Williams,2005-04-26,2026-03-06,,Active,Human Resources,FL
EE0003604,EMP1003,Angela,Bennett,2004-08-25,2023-11-27,2024-02-24,Terminated,Sales,TX
EE0003605,EMP1001,Ethan,Wilson,2003-09-02,2023-09-20,,Active,Human Resources,OH
EE0003606,EMP1003,Chiamaka,Kim,1975-06-30,2019-11-01,,Active,Administration,VA
EE0003607,EMP1001,Ethan,Moore,2004-09-16,2016-07-31,,Active,Customer Operations,TX
EE0003608,EMP1003,Andre,Okafor,1995-10-08,2024-08-06,,Active,Customer Operations,TX
EE0003609,EMP1004,Omar,Brown,1962-07-19,2021-05-13,,Active,Customer Operations,MD
EE0003610,EMP1003,Priya,Chen,1996-08-15,2015-09-29,,Active,Information Technology,OH
EE0003611,EMP1004,Priya,Okafor,1986-07-25,2024-04-14,,Active,Finance,FL
EE0003612,EMP1003,Elena,Wilson,1969-07-22,2016-03-27,2025-12-10,Terminated,Sales,DC
EE0003613,EMP1001,Aaliyah,Bennett,1994-02-06,2015-07-16,,Active,Administration,NC
EE0003614,EMP1005,Victor,Martinez,1985-07-15,2016-09-21,2024-08-03,Terminated,Human Resources,VA
EE0003615,EMP1005,Fatima,Garcia,1968-07-21,2023-09-24,2026-06-13,Terminated,Information Technology,NY
EE0003616,EMP1004,Michael,Lewis,1966-12-27,2015-08-06,,Active,Administration,VA
EE0003617,EMP1001,Carlos,Campbell,1982-08-28,2020-03-31,,Active,Information Technology,DC
EE0003618,EMP1002,David,Adams,1986-07-23,2025-08-25,,Active,Operations,TX
EE0003619,EMP1002,Chiamaka,Moore,1976-06-02,2014-01-15,,Active,Finance,TX
EE0003620,EMP1004,Nia,Hernandez,1964-12-15,2014-06-08,,Active,Customer Operations,FL
EE0003621,EMP1002,Elena,Thomas,1971-12-17,2014-12-23,2025-06-25,Terminated,Administration,TX
EE0003622,EMP1004,Zoe,Robinson,1976-07-27,2015-09-22,,Active,Finance,NY
EE0003623,EMP1004,Samuel,Mensah,1990-08-30,2015-05-13,,Active,Administration,FL
EE0003624,EMP1002,Ethan,Johnson,1998-06-26,2017-04-03,,Active,Operations,FL
EE0003625,EMP1005,Jordan,Garcia,1962-05-06,2018-02-20,,Active,Supply Chain,NY
EE0003626,EMP1004,Andre,Wilson,1974-11-08,2022-01-21,,Active,Operations,FL
EE0003627,EMP1005,Carlos,Garcia,1964-10-08,2018-10-09,,Active,Legal and Compliance,TX
EE0003628,EMP1005,Ethan,Kim,1994-09-08,2023-01-30,,Active,Human Resources,DC
EE0003629,EMP1002,Victor,Garcia,1976-08-03,2024-12-10,,Active,Customer Operations,TX
EE0003630,EMP1005,Maya,Okafor,1976-10-29,2019-04-16,,Active,Administration,NY
EE0003631,EMP1001,Kevin,Williams,1998-10-24,2023-04-28,2024-10-30,Terminated,Supply Chain,OH
EE0003632,EMP1003,David,Martinez,1977-10-02,2014-02-10,,Active,Legal and Compliance,MD
EE0003633,EMP1003,Leah,Okafor,1998-08-17,2021-10-17,,Active,Legal and Compliance,NY
EE0003634,EMP1001,Luis,Lewis,1981-05-22,2016-12-11,,Active,Sales,FL
EE0003635,EMP1004,Naomi,Nguyen,1981-03-19,2025-12-12,2026-04-28,Terminated,Sales,FL
EE0003636,EMP1004,Chiamaka,Hernandez,1965-04-23,2024-05-12,,Active,Finance,MD
EE0003637,EMP1004,Ethan,Robinson,1976-11-28,2023-01-21,,Active,Human Resources,FL
EE0003638,EMP1003,Ethan,Lewis,1992-02-27,2024-04-19,,Active,Information Technology,NC
EE0003639,EMP1002,Naomi,Moore,1981-02-17,2026-02-28,,Active,Customer Operations,TX
EE0003640,EMP1003,Fatima,Chen,1966-03-28,2015-06-09,,Active,Sales,FL
EE0003641,EMP1002,Kevin,Wilson,2003-07-19,2017-04-27,,Active,Legal and Compliance,DC
EE0003642,EMP1005,Luis,Robinson,1965-02-25,2022-01-20,2024-06-11,Terminated,Information Technology,NC
EE0003643,EMP1001,Jasmine,Chen,2003-03-16,2024-03-15,,Active,Sales,FL
EE0003644,EMP1004,Kevin,Thomas,1991-03-06,2015-12-25,,Active,Customer Operations,FL
EE0003645,EMP1002,Olivia,Adeyemi,1978-12-01,2014-08-15,,Active,Legal and Compliance,NY
EE0003646,EMP1005,Chiamaka,Taylor,1992-08-30,2019-05-14,,Active,Legal and Compliance,NY
EE0003647,EMP1003,Victor,Ibrahim,1994-02-18,2025-07-20,,Active,Legal and Compliance,NC
EE0003648,EMP1003,Kevin,Lewis,2003-10-24,2016-08-14,2025-12-06,Terminated,Customer Operations,TX
EE0003649,EMP1005,Maya,Nguyen,1961-01-29,2016-12-29,,Active,Sales,NY
EE0003650,EMP1003,Malik,Williams,1983-05-23,2024-03-27,,Active,Customer Operations,DC
EE0003651,EMP1002,Michael,Chen,1963-01-26,2020-07-12,,Active,Legal and Compliance,TX
EE0003652,EMP1002,Victor,Adams,1995-08-30,2015-12-28,2025-07-29,Terminated,Supply Chain,NY
EE0003653,EMP1002,David,Hernandez,1977-01-10,2020-10-19,,Active,Legal and Compliance,MD
EE0003654,EMP1005,Luis,Nguyen,1981-12-26,2022-10-05,2024-03-19,Terminated,Supply Chain,OH
EE0003655,EMP1005,Naomi,Johnson,1995-02-17,2017-07-11,,Active,Administration,MD
EE0003656,EMP1002,Jasmine,Patel,1964-11-15,2018-07-10,,Active,Operations,NY
EE0003657,EMP1005,Zoe,Adeyemi,1977-08-12,2017-01-07,,Active,Human Resources,NY
EE0003658,EMP1003,Jasmine,Johnson,1981-08-13,2023-06-19,,Active,Supply Chain,NC
EE0003659,EMP1003,Michael,Williams,1988-08-12,2018-09-05,2024-08-19,Terminated,Human Resources,MD
EE0003660,EMP1001,Samuel,Adams,1991-03-08,2023-03-13,,Active,Information Technology,MD
EE0003661,EMP1002,Andre,Bennett,1996-10-09,2016-01-11,,Active,Sales,TX
EE0003662,EMP1002,Olivia,Wilson,1964-09-04,2016-09-18,,Active,Operations,TX
EE0003663,EMP1003,Omar,Nguyen,1999-11-09,2019-05-26,2026-05-09,Terminated,Information Technology,NC
EE0003664,EMP1005,Elena,Okafor,1968-06-09,2014-12-17,,Active,Information Technology,OH
EE0003665,EMP1001,Noah,Davis,1967-09-21,2017-10-07,,Active,Administration,NY
EE0003666,EMP1002,Samuel,Taylor,1965-08-18,2026-03-11,2026-06-24,Terminated,Sales,FL
EE0003667,EMP1004,Carlos,Mensah,1998-05-29,2025-02-12,,Active,Sales,FL
EE0003668,EMP1002,Olivia,Chen,1984-10-23,2017-05-31,,Active,Human Resources,TX
EE0003669,EMP1003,Fatima,Nguyen,1971-07-21,2020-10-31,,Active,Information Technology,NC
EE0003670,EMP1005,Maya,Mensah,1987-12-16,2024-11-17,,Active,Supply Chain,NC
EE0003671,EMP1003,David,Garcia,1981-02-16,2016-06-13,,Active,Administration,VA
EE0003672,EMP1005,Sophia,Chen,1984-10-04,2015-05-09,2024-07-17,Terminated,Human Resources,TX
EE0003673,EMP1003,Amara,Bennett,1976-07-10,2018-02-06,,Active,Administration,NC
EE0003674,EMP1002,Leah,Adams,1991-11-03,2025-07-11,,Active,Supply Chain,NY
EE0003675,EMP1004,Ethan,Chen,1990-09-11,2015-10-09,,Active,Legal and Compliance,DC
EE0003676,EMP1001,Isaiah,Taylor,1969-04-25,2014-06-23,2025-06-21,Terminated,Sales,TX
EE0003677,EMP1003,Fatima,Smith,1973-06-03,2015-09-14,,Active,Sales,MD
EE0003678,EMP1001,Maya,Johnson,1982-02-22,2014-05-21,2024-02-25,Terminated,Operations,TX
EE0003679,EMP1002,Maya,Nguyen,1997-02-20,2017-07-09,2026-05-25,Terminated,Finance,TX
EE0003680,EMP1001,Zoe,Patel,1973-09-25,2017-08-06,,Active,Operations,OH
EE0003681,EMP1002,Omar,Bennett,1997-04-22,2026-01-21,,Active,Operations,OH
EE0003682,EMP1004,Kevin,Williams,1981-06-15,2018-10-24,,Active,Legal and Compliance,TX
EE0003683,EMP1001,Olivia,Lewis,1998-12-26,2016-07-12,,Active,Supply Chain,FL
EE0003684,EMP1002,Grace,Martinez,1984-05-02,2025-10-29,,Active,Administration,TX
EE0003685,EMP1001,Jasmine,Moore,1992-04-07,2017-02-23,,Active,Human Resources,OH
EE0003686,EMP1002,Samuel,Adams,1974-02-22,2019-03-13,,Active,Legal and Compliance,DC
EE0003687,EMP1004,Olivia,Garcia,1970-10-03,2016-12-23,,Active,Human Resources,FL
EE0003688,EMP1002,Malik,Martinez,1968-05-15,2014-10-16,,Active,Sales,TX
EE0003689,EMP1001,Zoe,Johnson,1973-06-19,2016-05-04,,Active,Information Technology,OH
EE0003690,EMP1002,Samuel,Adeyemi,1970-06-02,2019-09-09,2026-02-28,Terminated,Legal and Compliance,TX
EE0003691,EMP1001,Victor,Bennett,2005-10-01,2014-06-22,,Active,Information Technology,OH
EE0003692,EMP1003,Andre,Chen,2000-04-27,2019-06-07,,Active,Legal and Compliance,VA
EE0003693,EMP1005,Elena,Miller,1967-11-13,2023-10-08,,Active,Sales,NY
EE0003694,EMP1003,Noah,Brown,1987-03-07,2022-09-25,,Active,Supply Chain,MD
EE0003695,EMP1005,Nia,Campbell,2002-02-02,2025-02-18,,Active,Customer Operations,NY
EE0003696,EMP1001,Nia,Hernandez,2007-06-20,2021-11-23,,Active,Information Technology,OH
EE0003697,EMP1003,Nia,Nguyen,1998-03-01,2018-11-04,2024-07-17,Terminated,Human Resources,FL
EE0003698,EMP1004,Andre,Ibrahim,1998-03-28,2021-01-26,,Active,Sales,FL
EE0003699,EMP1002,Maya,Bennett,1977-03-28,2022-08-07,,Active,Information Technology,TX
EE0003700,EMP1003,Amara,Thomas,1999-01-19,2016-11-20,,Active,Administration,MD
EE0003701,EMP1002,David,Moore,1964-05-28,2024-07-15,,Active,Finance,TX
EE0003702,EMP1005,Luis,Adeyemi,1989-04-29,2017-04-21,,Active,Human Resources,NY
EE0003703,EMP1005,Omar,Thomas,1963-10-18,2018-10-10,,Active,Customer Operations,NY
EE0003704,EMP1001,Isaiah,Mensah,1996-07-28,2021-01-19,,Active,Customer Operations,FL
EE0003705,EMP1005,Luis,Lewis,1969-02-14,2016-12-12,,Active,Administration,NY
EE0003706,EMP1004,Elena,Mensah,1991-01-03,2023-07-17,,Active,Information Technology,FL
EE0003707,EMP1001,Sophia,Robinson,1970-12-18,2025-08-23,,Active,Customer Operations,OH
EE0003708,EMP1003,Chiamaka,Smith,1968-03-20,2014-06-21,,Active,Finance,NC
EE0003709,EMP1004,Omar,Adams,2005-06-13,2017-06-30,,Active,Administration,FL
EE0003710,EMP1001,Leah,Mensah,1975-11-09,2023-09-29,,Active,Sales,OH
EE0003711,EMP1001,Isaiah,Williams,1962-08-05,2021-02-12,,Active,Human Resources,OH
EE0003712,EMP1005,Victor,Hernandez,1992-03-02,2020-08-02,2024-06-04,Terminated,Finance,OH
EE0003713,EMP1001,Noah,Chen,1970-06-03,2025-10-15,,Active,Information Technology,OH
EE0003714,EMP1001,Victor,Smith,1968-12-06,2021-12-26,,Active,Legal and Compliance,VA
EE0003715,EMP1001,Grace,Miller,1977-01-05,2020-01-19,,Active,Sales,OH
EE0003716,EMP1003,Jordan,Moore,1971-02-15,2025-11-13,,Active,Human Resources,NC
EE0003717,EMP1005,Leah,Lewis,2003-08-01,2017-05-29,,Active,Finance,NY
EE0003718,EMP1005,Grace,Smith,1999-10-07,2026-05-25,,Active,Information Technology,DC
EE0003719,EMP1004,David,Thomas,2001-08-02,2024-09-17,2026-03-04,Terminated,Administration,DC
EE0003720,EMP1005,Ethan,Patel,1979-07-28,2018-07-19,,Active,Finance,NY
EE0003721,EMP1005,Elena,Smith,1990-05-19,2017-10-21,,Active,Supply Chain,OH
EE0003722,EMP1004,Naomi,Okafor,2004-03-29,2016-04-13,,Active,Finance,MD
EE0003723,EMP1005,Amara,Adams,1974-08-18,2026-05-19,,Active,Sales,VA
EE0003724,EMP1003,Isaiah,Johnson,1962-11-11,2015-01-31,,Active,Supply Chain,NC
EE0003725,EMP1003,Sophia,Brown,1987-10-27,2021-03-10,,Active,Information Technology,TX
EE0003726,EMP1004,Luis,Thomas,1989-08-12,2014-12-25,2026-01-24,Terminated,Human Resources,VA
EE0003727,EMP1003,Victor,Patel,1988-12-22,2022-09-04,,Active,Supply Chain,NC
EE0003728,EMP1005,Andre,Brown,2006-11-19,2025-11-01,,Active,Finance,NY
EE0003729,EMP1002,Aaliyah,Kim,2006-02-23,2019-02-03,,Active,Information Technology,MD
EE0003730,EMP1004,Aaliyah,Martinez,1976-03-04,2018-09-16,2026-04-03,Terminated,Information Technology,DC
EE0003731,EMP1002,Daniel,Nguyen,1980-04-27,2018-10-14,,Active,Supply Chain,FL
EE0003732,EMP1002,Naomi,Brown,2007-03-03,2020-10-07,2025-02-15,Terminated,Operations,FL
EE0003733,EMP1002,Samuel,Walker,1973-01-24,2025-03-25,,Active,Finance,OH
EE0003734,EMP1003,Kevin,Smith,1985-03-09,2018-12-04,,Active,Human Resources,MD
EE0003735,EMP1002,Malik,Johnson,1998-07-16,2021-06-10,,Active,Sales,TX
EE0003736,EMP1005,Victor,Patel,1986-03-31,2019-03-16,,Active,Operations,FL
EE0003737,EMP1002,Michael,Taylor,2002-12-22,2020-01-31,,Active,Supply Chain,NC
EE0003738,EMP1001,Kevin,Moore,1967-01-23,2023-04-18,,Active,Finance,OH
EE0003739,EMP1002,Nia,Garcia,1978-10-28,2017-03-28,2025-01-04,Terminated,Customer Operations,TX
EE0003740,EMP1002,Olivia,Okafor,1967-04-15,2017-08-09,2024-11-06,Terminated,Supply Chain,TX
EE0003741,EMP1003,Jordan,Mensah,1976-11-16,2015-02-01,,Active,Human Resources,NC
EE0003742,EMP1004,Naomi,Hernandez,1981-10-08,2021-07-08,,Active,Customer Operations,FL
EE0003743,EMP1002,Noah,Moore,1987-04-08,2014-12-10,,Active,Administration,TX
EE0003744,EMP1002,Amara,Robinson,1965-10-05,2023-11-26,,Active,Operations,TX
EE0003745,EMP1001,David,Taylor,1997-03-16,2021-10-29,,Active,Administration,VA
EE0003746,EMP1001,Fatima,Bennett,1969-06-19,2022-10-06,,Active,Sales,TX
EE0003747,EMP1001,Angela,Walker,1964-09-29,2024-04-18,,Active,Administration,OH
EE0003748,EMP1002,Chiamaka,Bennett,1973-12-12,2024-12-03,,Active,Sales,VA
EE0003749,EMP1002,Isaiah,Mensah,1975-06-22,2015-02-28,,Active,Administration,DC
EE0003750,EMP1001,Angela,Smith,1988-01-31,2023-07-30,2024-07-27,Terminated,Operations,VA
EE0003751,EMP1005,Victor,Patel,2000-09-01,2014-06-10,,Active,Sales,NY
EE0003752,EMP1005,Carlos,Okafor,1969-03-08,2015-10-14,,Active,Human Resources,NY
EE0003753,EMP1001,Aaliyah,Adams,1990-08-28,2021-09-06,,Active,Finance,NY
EE0003754,EMP1003,Aaliyah,Mensah,1995-01-22,2018-02-13,,Active,Customer Operations,NC
EE0003755,EMP1002,Leah,Williams,1974-06-30,2025-06-16,,Active,Legal and Compliance,TX
EE0003756,EMP1005,Sophia,Mensah,1969-10-13,2016-10-17,,Active,Administration,NY
EE0003757,EMP1001,Kevin,Nguyen,2002-09-18,2026-04-07,,Active,Sales,OH
EE0003758,EMP1005,Olivia,Chen,2004-10-07,2023-06-08,,Active,Administration,NY
EE0003759,EMP1004,Carlos,Mensah,1978-06-06,2020-08-25,,Active,Human Resources,FL
EE0003760,EMP1002,Noah,Nguyen,1967-10-06,2015-07-24,,Active,Information Technology,TX
EE0003761,EMP1002,Jasmine,Campbell,1967-01-12,2020-09-19,,Active,Supply Chain,TX
EE0003762,EMP1003,Fatima,Patel,1964-02-19,2024-02-12,,Active,Sales,OH
EE0003763,EMP1003,Kevin,Hernandez,1997-09-21,2025-05-10,,Active,Information Technology,NC
EE0003764,EMP1005,Isaiah,Chen,1967-04-30,2014-01-20,,Active,Operations,NY
EE0003765,EMP1003,Noah,Walker,1967-03-24,2023-11-22,,Active,Customer Operations,DC
EE0003766,EMP1001,Amara,Hernandez,1968-09-21,2018-11-19,,Active,Supply Chain,OH
EE0003767,EMP1005,Olivia,Walker,1975-10-18,2016-08-26,,Active,Operations,NC
EE0003768,EMP1001,Leah,Mensah,2000-02-03,2014-03-27,,Active,Human Resources,FL
EE0003769,EMP1004,Andre,Miller,2000-02-14,2025-08-21,,Active,Finance,FL
EE0003770,EMP1004,Carlos,Robinson,1982-02-08,2017-06-19,,Active,Administration,NY
EE0003771,EMP1003,Amara,Miller,1977-09-26,2016-07-19,2025-10-07,Terminated,Human Resources,OH
EE0003772,EMP1004,Luis,Wilson,1965-10-20,2025-03-28,,Active,Administration,NY
EE0003773,EMP1001,Carlos,Lewis,1994-10-24,2019-10-15,,Active,Operations,OH
EE0003774,EMP1003,Jasmine,Adams,1983-09-28,2016-02-19,,Active,Supply Chain,NC
EE0003775,EMP1002,Aaliyah,Adams,1986-08-07,2014-10-04,,Active,Legal and Compliance,NC
EE0003776,EMP1005,Elena,Nguyen,1996-09-01,2021-01-01,,Active,Supply Chain,NY
EE0003777,EMP1001,David,Okafor,1985-07-26,2014-07-22,,Active,Information Technology,OH
EE0003778,EMP1001,Samuel,Campbell,2007-01-06,2020-08-19,,Active,Human Resources,TX
EE0003779,EMP1005,Leah,Garcia,1977-07-16,2017-03-19,,Active,Supply Chain,VA
EE0003780,EMP1003,Omar,Moore,1975-04-14,2022-04-28,2026-01-25,Terminated,Finance,NC
EE0003781,EMP1003,Maya,Chen,1974-05-03,2016-07-21,2026-01-03,Terminated,Operations,NC
EE0003782,EMP1002,Victor,Garcia,1976-11-09,2019-01-13,,Active,Customer Operations,TX
EE0003783,EMP1004,Naomi,Okafor,1995-06-07,2015-11-18,2024-01-24,Terminated,Supply Chain,FL
EE0003784,EMP1004,Malik,Thomas,1973-10-30,2024-06-01,,Active,Supply Chain,FL
EE0003785,EMP1005,Maya,Kim,1975-02-20,2021-03-02,,Active,Human Resources,TX
EE0003786,EMP1003,Maya,Okafor,1991-10-29,2017-01-31,,Active,Supply Chain,NC
EE0003787,EMP1001,Aaliyah,Nguyen,1983-12-06,2021-02-14,,Active,Human Resources,MD
EE0003788,EMP1001,Victor,Smith,2004-01-01,2017-01-02,2024-07-21,Terminated,Human Resources,MD
EE0003789,EMP1002,Amara,Mensah,1992-12-17,2024-11-19,,Active,Human Resources,TX
EE0003790,EMP1004,Luis,Adams,1963-01-12,2022-06-05,,Active,Supply Chain,FL
EE0003791,EMP1002,Samuel,Williams,1987-05-24,2025-04-25,,Active,Operations,VA
EE0003792,EMP1004,David,Lewis,1977-06-09,2016-07-04,2024-11-11,Terminated,Operations,TX
EE0003793,EMP1003,Luis,Nguyen,1971-05-15,2025-06-16,,Active,Supply Chain,NC
EE0003794,EMP1002,Michael,Miller,1991-11-08,2023-12-02,,Active,Finance,TX
EE0003795,EMP1004,Noah,Adeyemi,2007-02-14,2016-06-05,,Active,Human Resources,VA
EE0003796,EMP1004,Leah,Williams,1996-07-05,2017-10-03,,Active,Sales,NY
EE0003797,EMP1001,Daniel,Johnson,1984-04-18,2017-03-26,2024-01-02,Terminated,Finance,OH
EE0003798,EMP1004,Victor,Smith,1965-04-16,2025-06-01,2025-10-21,Terminated,Operations,OH
EE0003799,EMP1001,Amara,Moore,1962-08-02,2014-04-02,,Active,Information Technology,OH
EE0003800,EMP1004,Michael,Johnson,2007-05-28,2017-08-02,,Active,Information Technology,NY
EE0003801,EMP1004,Noah,Walker,2005-03-25,2025-03-03,2025-07-04,Terminated,Information Technology,TX
EE0003802,EMP1001,David,Miller,1969-03-06,2014-11-21,,Active,Sales,NC
EE0003803,EMP1005,Maya,Miller,1973-01-22,2020-12-12,,Active,Sales,FL
EE0003804,EMP1003,Jordan,Moore,1969-04-30,2020-01-12,2024-07-20,Terminated,Human Resources,NC
EE0003805,EMP1004,Chiamaka,Miller,2002-07-13,2021-12-24,,Active,Finance,NY
EE0003806,EMP1002,Jasmine,Thomas,1974-10-07,2014-09-26,,Active,Human Resources,TX
EE0003807,EMP1004,Aaliyah,Chen,2005-10-08,2019-09-06,2025-05-18,Terminated,Human Resources,FL
EE0003808,EMP1004,Jordan,Martinez,1999-12-23,2014-02-08,,Active,Supply Chain,OH
EE0003809,EMP1003,Kevin,Okafor,1965-10-26,2018-08-03,,Active,Operations,VA
EE0003810,EMP1005,David,Hernandez,1968-12-18,2016-03-17,2025-12-01,Terminated,Sales,NY
EE0003811,EMP1002,Maya,Nguyen,1964-08-06,2019-01-11,,Active,Customer Operations,OH
EE0003812,EMP1003,David,Adams,1979-08-22,2022-11-03,,Active,Legal and Compliance,FL
EE0003813,EMP1004,David,Nguyen,1981-11-16,2016-08-17,,Active,Legal and Compliance,FL
EE0003814,EMP1005,Michael,Martinez,1967-04-13,2022-07-04,,Active,Information Technology,TX
EE0003815,EMP1003,Jasmine,Wilson,1961-09-11,2025-09-16,,Active,Operations,NC
EE0003816,EMP1001,Isaiah,Miller,1996-08-25,2016-02-09,2024-10-11,Terminated,Finance,OH
EE0003817,EMP1004,Zoe,Hernandez,1996-11-16,2021-04-11,,Active,Sales,FL
EE0003818,EMP1005,Kevin,Robinson,1970-06-09,2021-07-04,2026-06-30,Terminated,Legal and Compliance,NY
EE0003819,EMP1004,Leah,Nguyen,1986-07-05,2019-10-03,,Active,Information Technology,FL
EE0003820,EMP1001,Nia,Bennett,2003-03-27,2017-01-03,,Active,Administration,OH
EE0003821,EMP1004,Samuel,Patel,1983-02-17,2024-05-08,,Active,Finance,DC
EE0003822,EMP1003,Isaiah,Davis,1981-11-14,2014-10-11,,Active,Administration,MD
EE0003823,EMP1004,Maya,Okafor,1974-02-20,2022-10-17,,Active,Legal and Compliance,FL
EE0003824,EMP1004,Zoe,Hernandez,1999-12-16,2023-01-30,,Active,Supply Chain,FL
EE0003825,EMP1001,Daniel,Miller,1974-10-06,2017-08-24,,Active,Sales,OH
EE0003826,EMP1004,Aaliyah,Okafor,1977-02-24,2017-08-06,,Active,Customer Operations,FL
EE0003827,EMP1001,David,Mensah,1970-04-26,2019-10-18,,Active,Human Resources,TX
EE0003828,EMP1005,Angela,Okafor,1984-09-09,2014-01-15,,Active,Supply Chain,NY
EE0003829,EMP1005,Grace,Walker,1976-09-25,2014-07-01,,Active,Legal and Compliance,FL
EE0003830,EMP1002,Michael,Kim,1991-11-17,2025-08-07,2026-02-27,Terminated,Sales,NY
EE0003831,EMP1005,Amara,Campbell,1961-06-10,2019-04-27,,Active,Sales,NY
EE0003832,EMP1002,Grace,Mensah,1977-04-19,2021-01-20,,Active,Sales,NY
EE0003833,EMP1003,Jasmine,Lewis,2002-12-08,2022-11-15,,Active,Customer Operations,NC
EE0003834,EMP1002,Priya,Miller,2004-09-26,2016-02-17,2025-01-02,Terminated,Human Resources,TX
EE0003835,EMP1001,Luis,Walker,1994-05-03,2016-02-19,,Active,Information Technology,OH
EE0003836,EMP1001,Maya,Adams,1961-02-07,2024-03-09,,Active,Sales,OH
EE0003837,EMP1001,Luis,Chen,1993-07-23,2017-10-27,,Active,Customer Operations,OH
EE0003838,EMP1005,Daniel,Lewis,1983-04-16,2016-10-18,,Active,Administration,NY
EE0003839,EMP1003,Zoe,Lewis,1963-07-30,2016-02-19,,Active,Human Resources,NC
EE0003840,EMP1001,Elena,Okafor,1992-11-15,2018-09-05,2024-03-24,Terminated,Legal and Compliance,TX
EE0003841,EMP1005,Grace,Chen,1962-09-14,2017-10-16,,Active,Customer Operations,VA
EE0003842,EMP1005,Amara,Miller,1968-03-16,2021-10-17,,Active,Operations,NY
EE0003843,EMP1005,Isaiah,Johnson,1986-06-28,2014-06-01,,Active,Customer Operations,NY
EE0003844,EMP1003,Leah,Walker,1985-08-21,2017-02-25,,Active,Sales,NC
EE0003845,EMP1003,Daniel,Taylor,1988-06-01,2019-09-13,,Active,Legal and Compliance,NC
EE0003846,EMP1004,Grace,Kim,1992-11-02,2019-08-02,,Active,Administration,FL
EE0003847,EMP1002,Aaliyah,Garcia,1995-11-26,2022-11-26,,Active,Information Technology,TX
EE0003848,EMP1003,Zoe,Davis,1988-11-17,2020-04-12,,Active,Administration,NC
EE0003849,EMP1001,Andre,Adeyemi,1985-07-03,2014-02-01,,Active,Information Technology,OH
EE0003850,EMP1002,Olivia,Ibrahim,1997-05-16,2018-04-05,,Active,Sales,DC
EE0003851,EMP1001,Nia,Ibrahim,1961-03-13,2022-12-30,,Active,Sales,FL
EE0003852,EMP1002,Maya,Ibrahim,1993-01-18,2017-05-05,,Active,Supply Chain,TX
EE0003853,EMP1005,Naomi,Adeyemi,1994-04-13,2021-01-22,,Active,Administration,NY
EE0003854,EMP1004,David,Williams,1980-07-08,2014-11-06,,Active,Legal and Compliance,FL
EE0003855,EMP1005,Chiamaka,Davis,1988-09-07,2023-05-03,,Active,Customer Operations,VA
EE0003856,EMP1004,Elena,Patel,1995-01-08,2017-12-19,,Active,Information Technology,FL
EE0003857,EMP1003,Malik,Mensah,1969-06-26,2015-12-10,,Active,Operations,NC
EE0003858,EMP1003,Samuel,Smith,1998-06-02,2015-05-26,,Active,Human Resources,OH
EE0003859,EMP1004,Isaiah,Kim,1993-05-15,2025-09-19,,Active,Information Technology,FL
EE0003860,EMP1004,Aaliyah,Patel,1984-06-22,2014-04-14,2024-03-16,Terminated,Customer Operations,MD
EE0003861,EMP1005,Angela,Miller,1972-04-06,2016-12-15,2025-08-02,Terminated,Human Resources,MD
EE0003862,EMP1005,Andre,Campbell,1971-01-19,2016-05-28,2025-05-08,Terminated,Operations,NY
EE0003863,EMP1003,Grace,Moore,1971-07-14,2016-11-11,,Active,Human Resources,MD
EE0003864,EMP1003,Jasmine,Martinez,1966-03-12,2021-11-11,,Active,Finance,FL
EE0003865,EMP1001,Carlos,Moore,1974-08-10,2023-08-24,,Active,Human Resources,OH
EE0003866,EMP1001,Noah,Okafor,1968-04-08,2017-02-04,,Active,Human Resources,OH
EE0003867,EMP1001,Sophia,Robinson,1970-03-21,2021-02-24,,Active,Supply Chain,OH
EE0003868,EMP1002,Jasmine,Robinson,1970-06-12,2017-10-10,,Active,Finance,FL
EE0003869,EMP1002,Maya,Brown,2002-12-13,2017-09-20,,Active,Supply Chain,TX
EE0003870,EMP1002,Aaliyah,Martinez,1975-02-08,2023-09-25,2026-02-12,Terminated,Customer Operations,TX
EE0003871,EMP1002,Priya,Thomas,1986-02-22,2019-04-26,,Active,Human Resources,TX
EE0003872,EMP1005,Nia,Lewis,1990-03-02,2019-06-28,,Active,Information Technology,TX
EE0003873,EMP1002,Naomi,Thomas,1965-11-07,2014-03-14,,Active,Finance,DC
EE0003874,EMP1003,Malik,Kim,1964-04-29,2016-07-31,,Active,Administration,NC
EE0003875,EMP1002,Omar,Adeyemi,1984-08-12,2016-01-15,,Active,Finance,TX
EE0003876,EMP1005,Ethan,Miller,1971-04-12,2015-09-18,,Active,Operations,NY
EE0003877,EMP1001,Priya,Mensah,1993-04-18,2025-08-04,2025-11-18,Terminated,Sales,OH
EE0003878,EMP1005,Zoe,Ibrahim,2006-11-06,2022-07-14,,Active,Sales,NY
EE0003879,EMP1005,Nia,Bennett,1961-08-18,2016-11-19,,Active,Sales,NY
EE0003880,EMP1005,Zoe,Patel,2004-10-11,2024-03-08,,Active,Operations,MD
EE0003881,EMP1003,Maya,Kim,1979-04-27,2025-06-17,,Active,Administration,NC
EE0003882,EMP1005,Fatima,Martinez,1983-06-01,2025-05-15,,Active,Human Resources,NC
EE0003883,EMP1004,Chiamaka,Kim,1991-12-16,2017-01-18,,Active,Customer Operations,FL
EE0003884,EMP1004,Isaiah,Okafor,1973-05-22,2016-08-12,,Active,Supply Chain,NC
EE0003885,EMP1001,Priya,Mensah,1969-04-21,2018-03-09,,Active,Legal and Compliance,OH
EE0003886,EMP1005,Naomi,Martinez,1974-08-22,2024-12-10,,Active,Operations,NY
EE0003887,EMP1002,Samuel,Wilson,1986-05-23,2015-08-26,2026-01-23,Terminated,Information Technology,TX
EE0003888,EMP1003,Carlos,Bennett,2007-06-09,2019-05-07,2024-10-21,Terminated,Administration,NC
EE0003889,EMP1002,Malik,Campbell,1962-10-16,2017-10-05,,Active,Finance,OH
EE0003890,EMP1004,Carlos,Wilson,1978-07-07,2026-02-03,,Active,Administration,VA
EE0003891,EMP1001,Andre,Ibrahim,1998-02-05,2015-12-05,,Active,Sales,TX
EE0003892,EMP1005,Daniel,Campbell,1970-08-15,2018-01-18,,Active,Administration,NY
EE0003893,EMP1005,Omar,Johnson,1967-02-27,2017-08-23,,Active,Legal and Compliance,NY
EE0003894,EMP1004,Kevin,Smith,1994-09-09,2021-10-30,,Active,Legal and Compliance,FL
EE0003895,EMP1002,Daniel,Lewis,1975-07-03,2021-09-18,,Active,Information Technology,TX
EE0003896,EMP1004,Chiamaka,Taylor,1981-03-11,2015-04-12,,Active,Administration,FL
EE0003897,EMP1004,Kevin,Lewis,1971-12-06,2017-09-21,,Active,Operations,TX
EE0003898,EMP1004,Jordan,Lewis,1964-02-18,2025-06-02,,Active,Information Technology,FL
EE0003899,EMP1005,Jordan,Miller,2001-12-12,2021-09-17,,Active,Customer Operations,NY
EE0003900,EMP1001,David,Moore,1973-05-25,2023-12-18,,Active,Human Resources,FL
EE0003901,EMP1003,Omar,Adams,2003-05-06,2016-03-08,,Active,Operations,NC
EE0003902,EMP1003,Aaliyah,Moore,1962-12-28,2019-12-14,,Active,Customer Operations,VA
EE0003903,EMP1004,Leah,Wilson,1973-08-09,2014-09-28,,Active,Administration,FL
EE0003904,EMP1005,Zoe,Williams,2005-09-19,2024-03-01,,Active,Legal and Compliance,OH
EE0003905,EMP1003,Daniel,Moore,2004-07-11,2025-09-12,,Active,Sales,NC
EE0003906,EMP1004,Andre,Nguyen,1982-11-23,2018-04-28,,Active,Administration,NY
EE0003907,EMP1001,Priya,Kim,1970-02-21,2026-04-19,,Active,Customer Operations,OH
EE0003908,EMP1004,Isaiah,Thomas,2007-05-14,2017-06-04,,Active,Sales,MD
EE0003909,EMP1005,Naomi,Thomas,1966-12-02,2018-10-26,,Active,Sales,OH
EE0003910,EMP1002,Leah,Mensah,1980-10-07,2015-01-02,,Active,Legal and Compliance,TX
EE0003911,EMP1004,Carlos,Brown,1997-09-20,2018-09-09,,Active,Sales,FL
EE0003912,EMP1005,Aaliyah,Brown,1967-04-29,2016-09-05,,Active,Information Technology,NY
EE0003913,EMP1005,Sophia,Okafor,2000-12-17,2014-08-19,2024-11-22,Terminated,Supply Chain,OH
EE0003914,EMP1005,Kevin,Walker,1963-04-01,2015-11-08,,Active,Administration,NY
EE0003915,EMP1003,Sophia,Brown,1969-03-25,2026-04-17,,Active,Human Resources,NY
EE0003916,EMP1002,Noah,Davis,1969-06-13,2025-02-14,,Active,Operations,TX
EE0003917,EMP1002,Olivia,Miller,1973-06-08,2016-09-20,,Active,Administration,NC
EE0003918,EMP1002,Nia,Hernandez,1995-11-28,2014-10-10,,Active,Operations,TX
EE0003919,EMP1005,Angela,Lewis,1981-05-20,2023-04-17,2025-01-30,Terminated,Supply Chain,NC
EE0003920,EMP1005,Omar,Bennett,1998-09-18,2015-12-09,,Active,Operations,OH
EE0003921,EMP1001,Priya,Thomas,1981-07-06,2020-05-15,,Active,Human Resources,OH
EE0003922,EMP1002,Isaiah,Okafor,1989-05-26,2021-05-20,,Active,Sales,MD
EE0003923,EMP1001,Sophia,Thomas,1996-04-05,2024-06-16,,Active,Supply Chain,OH
EE0003924,EMP1004,Leah,Adams,1981-11-17,2024-05-14,,Active,Human Resources,FL
EE0003925,EMP1001,Aaliyah,Brown,1966-11-29,2019-04-20,,Active,Finance,TX
EE0003926,EMP1003,Daniel,Okafor,1998-11-10,2019-07-06,,Active,Information Technology,NC
EE0003927,EMP1004,Aaliyah,Okafor,2002-06-19,2016-08-26,2026-03-21,Terminated,Human Resources,FL
EE0003928,EMP1002,Aaliyah,Martinez,1981-12-26,2024-08-26,,Active,Supply Chain,DC
EE0003929,EMP1003,Aaliyah,Garcia,1981-08-06,2015-04-13,2026-06-30,Terminated,Finance,NC
EE0003930,EMP1001,Jordan,Mensah,2001-01-17,2025-01-29,,Active,Human Resources,MD
EE0003931,EMP1001,Grace,Johnson,1985-03-24,2021-11-08,,Active,Sales,OH
EE0003932,EMP1005,Noah,Garcia,1976-08-07,2020-03-25,,Active,Legal and Compliance,NY
EE0003933,EMP1002,Sophia,Brown,1970-07-24,2018-02-03,,Active,Information Technology,FL
EE0003934,EMP1005,Victor,Williams,1998-08-27,2023-06-29,2025-03-30,Terminated,Finance,MD
EE0003935,EMP1005,Carlos,Okafor,1999-05-25,2025-03-19,,Active,Customer Operations,NY
EE0003936,EMP1004,Elena,Okafor,1993-07-26,2019-08-07,,Active,Finance,FL
EE0003937,EMP1002,Jasmine,Walker,1970-01-31,2021-02-26,,Active,Legal and Compliance,NC
EE0003938,EMP1002,Samuel,Hernandez,1989-02-15,2022-03-10,,Active,Sales,FL
EE0003939,EMP1004,Fatima,Lewis,2003-08-05,2026-03-31,,Active,Finance,FL
EE0003940,EMP1003,Zoe,Adams,1997-10-17,2021-08-31,2025-02-05,Terminated,Legal and Compliance,NC
EE0003941,EMP1002,Chiamaka,Kim,1998-07-13,2022-08-07,,Active,Human Resources,TX
EE0003942,EMP1002,Aaliyah,Hernandez,2006-11-17,2018-06-11,,Active,Finance,TX
EE0003943,EMP1001,Luis,Patel,2001-08-18,2014-09-10,,Active,Human Resources,MD
EE0003944,EMP1001,Naomi,Thomas,1967-05-26,2019-11-02,,Active,Customer Operations,FL
EE0003945,EMP1005,Olivia,Adams,1982-05-31,2025-07-14,,Active,Legal and Compliance,NC
EE0003946,EMP1004,Fatima,Taylor,1995-09-21,2018-11-14,,Active,Legal and Compliance,FL
EE0003947,EMP1005,Nia,Brown,1970-01-17,2015-05-22,2024-08-20,Terminated,Administration,NY
EE0003948,EMP1004,Elena,Brown,1978-07-02,2026-05-13,,Active,Finance,OH
EE0003949,EMP1002,Malik,Campbell,1965-08-27,2024-12-14,,Active,Supply Chain,TX
EE0003950,EMP1005,Malik,Walker,1965-05-09,2023-05-10,,Active,Information Technology,NY
EE0003951,EMP1002,Michael,Nguyen,1963-06-12,2017-02-02,,Active,Customer Operations,FL
EE0003952,EMP1005,Michael,Adams,2004-08-27,2018-03-19,2025-11-08,Terminated,Human Resources,NY
EE0003953,EMP1001,Malik,Robinson,1982-10-15,2015-03-17,,Active,Finance,DC
EE0003954,EMP1002,Angela,Adams,2000-05-03,2025-10-13,2025-12-12,Terminated,Information Technology,TX
EE0003955,EMP1003,Sophia,Johnson,2004-03-28,2015-01-02,,Active,Human Resources,DC
EE0003956,EMP1005,Naomi,Moore,1998-02-20,2022-06-02,,Active,Information Technology,DC
EE0003957,EMP1002,Leah,Taylor,1962-09-14,2020-04-07,,Active,Customer Operations,TX
EE0003958,EMP1004,Amara,Ibrahim,1963-09-02,2021-09-26,,Active,Operations,VA
EE0003959,EMP1002,Leah,Davis,2000-11-08,2021-10-28,,Active,Operations,TX
EE0003960,EMP1002,Jordan,Mensah,1997-04-16,2023-09-25,2026-04-11,Terminated,Information Technology,TX
EE0003961,EMP1005,Victor,Brown,1983-04-19,2024-02-03,,Active,Finance,NC
EE0003962,EMP1004,Michael,Miller,1989-11-07,2021-10-24,,Active,Finance,FL
EE0003963,EMP1003,Olivia,Miller,1972-05-09,2019-06-18,2025-04-30,Terminated,Information Technology,OH
EE0003964,EMP1001,Carlos,Johnson,2005-08-07,2025-06-30,,Active,Operations,OH
EE0003965,EMP1004,Michael,Ibrahim,1975-12-07,2015-02-22,,Active,Sales,DC
EE0003966,EMP1003,Sophia,Campbell,1993-06-16,2022-06-11,,Active,Sales,TX
EE0003967,EMP1005,Leah,Smith,1967-09-08,2019-05-15,,Active,Customer Operations,NY
EE0003968,EMP1001,Priya,Campbell,1997-02-23,2018-09-25,2024-07-02,Terminated,Human Resources,OH
EE0003969,EMP1002,Jordan,Wilson,1964-09-09,2018-02-16,,Active,Customer Operations,NY
EE0003970,EMP1003,David,Garcia,1963-07-01,2020-05-17,2026-04-11,Terminated,Sales,NC
EE0003971,EMP1005,Fatima,Miller,1966-09-16,2018-03-20,2024-09-23,Terminated,Customer Operations,NY
EE0003972,EMP1001,Noah,Okafor,1973-06-22,2019-11-30,,Active,Supply Chain,OH
EE0003973,EMP1001,Andre,Adams,1966-03-22,2020-02-22,2024-11-04,Terminated,Administration,NC
EE0003974,EMP1002,Omar,Thomas,2004-11-12,2022-03-22,,Active,Legal and Compliance,NY
EE0003975,EMP1005,Andre,Chen,1979-08-27,2024-08-12,,Active,Finance,NY
EE0003976,EMP1005,Fatima,Thomas,1973-07-15,2020-04-21,,Active,Information Technology,NC
EE0003977,EMP1001,Leah,Garcia,2007-06-13,2014-08-26,2025-01-21,Terminated,Customer Operations,OH
EE0003978,EMP1004,Olivia,Lewis,1972-09-18,2015-06-11,,Active,Sales,FL
EE0003979,EMP1005,Zoe,Williams,2006-12-05,2020-05-07,,Active,Administration,OH
EE0003980,EMP1001,Angela,Williams,1982-04-05,2020-08-14,,Active,Legal and Compliance,OH
EE0003981,EMP1004,Olivia,Adams,1962-11-30,2025-05-11,,Active,Customer Operations,FL
EE0003982,EMP1005,Amara,Hernandez,1965-04-14,2017-04-13,,Active,Sales,DC
EE0003983,EMP1004,Olivia,Okafor,2003-05-13,2015-04-09,,Active,Finance,FL
EE0003984,EMP1001,Noah,Mensah,1970-01-02,2019-12-14,,Active,Administration,TX
EE0003985,EMP1005,Amara,Ibrahim,1971-03-30,2023-09-29,2025-03-23,Terminated,Information Technology,MD
EE0003986,EMP1004,Nia,Kim,1993-04-25,2023-07-15,,Active,Customer Operations,VA
EE0003987,EMP1004,Noah,Taylor,2005-06-03,2019-05-20,,Active,Finance,NC
EE0003988,EMP1003,Omar,Kim,1983-04-17,2019-07-30,,Active,Human Resources,NC
EE0003989,EMP1004,Fatima,Garcia,1995-06-30,2019-09-30,,Active,Sales,FL
EE0003990,EMP1005,Grace,Moore,1993-03-17,2018-01-18,,Active,Supply Chain,NY
EE0003991,EMP1002,Carlos,Brown,1982-12-18,2017-11-22,,Active,Operations,MD
EE0003992,EMP1002,Leah,Kim,1968-10-30,2015-08-22,,Active,Finance,TX
EE0003993,EMP1005,Daniel,Smith,1972-10-28,2024-06-13,,Active,Legal and Compliance,MD
EE0003994,EMP1003,Sophia,Ibrahim,1993-10-09,2025-04-25,,Active,Supply Chain,NC
EE0003995,EMP1001,Priya,Nguyen,1991-05-22,2023-04-22,,Active,Customer Operations,OH
EE0003996,EMP1002,Kevin,Campbell,1973-09-11,2019-02-07,2024-03-28,Terminated,Customer Operations,TX
EE0003997,EMP1004,Maya,Patel,1978-10-19,2024-03-13,,Active,Customer Operations,FL
EE0003998,EMP1003,Priya,Smith,2005-11-21,2021-06-27,,Active,Human Resources,TX
EE0003999,EMP1005,Chiamaka,Smith,1984-04-17,2024-10-22,,Active,Sales,TX
EE0004000,EMP1003,Jasmine,Hernandez,1983-02-02,2019-01-28,,Active,Legal and Compliance,NC
EE0004001,EMP1003,Samuel,Martinez,1963-05-02,2018-03-31,,Active,Human Resources,NC
EE0004002,EMP1002,Chiamaka,Chen,1998-10-17,2019-01-03,,Active,Information Technology,NY
EE0004003,EMP1001,Isaiah,Patel,1987-04-18,2019-05-25,2025-01-30,Terminated,Customer Operations,OH
EE0004004,EMP1004,David,Walker,1968-02-21,2017-12-31,2024-06-15,Terminated,Information Technology,FL
EE0004005,EMP1001,Priya,Thomas,1985-02-13,2015-02-26,,Active,Human Resources,FL
EE0004006,EMP1003,Sophia,Hernandez,1986-02-20,2016-04-04,,Active,Administration,NY
EE0004007,EMP1005,Leah,Lewis,1965-01-04,2024-06-09,,Active,Administration,OH
EE0004008,EMP1005,Priya,Wilson,1992-09-09,2018-01-25,,Active,Legal and Compliance,OH
EE0004009,EMP1004,Isaiah,Thomas,1984-12-31,2015-05-26,2024-02-10,Terminated,Legal and Compliance,FL
EE0004010,EMP1004,Zoe,Adams,1979-08-26,2025-09-15,,Active,Finance,FL
EE0004011,EMP1003,Leah,Chen,1995-03-17,2025-11-22,,Active,Legal and Compliance,NY
EE0004012,EMP1002,David,Nguyen,1986-06-21,2020-07-21,,Active,Sales,MD
EE0004013,EMP1005,Sophia,Okafor,1985-02-26,2024-01-09,2024-07-12,Terminated,Human Resources,FL
EE0004014,EMP1004,Jordan,Patel,2004-06-05,2014-08-30,,Active,Legal and Compliance,FL
EE0004015,EMP1001,Samuel,Okafor,1992-09-01,2023-10-25,,Active,Customer Operations,NC
EE0004016,EMP1003,Sophia,Kim,1990-12-13,2023-05-28,,Active,Supply Chain,NC
EE0004017,EMP1004,Michael,Nguyen,1963-06-02,2023-05-15,,Active,Supply Chain,FL
EE0004018,EMP1005,Samuel,Nguyen,1984-05-21,2017-02-08,,Active,Legal and Compliance,MD
EE0004019,EMP1005,Zoe,Ibrahim,1993-06-18,2025-08-24,,Active,Human Resources,NY
EE0004020,EMP1005,Aaliyah,Mensah,1995-10-21,2017-09-26,,Active,Operations,DC
EE0004021,EMP1004,Daniel,Mensah,1995-01-27,2022-07-05,,Active,Supply Chain,FL
EE0004022,EMP1005,Omar,Kim,1966-09-15,2022-04-04,,Active,Legal and Compliance,NY
EE0004023,EMP1004,Daniel,Kim,2004-07-11,2022-08-01,,Active,Information Technology,FL
EE0004024,EMP1004,Kevin,Miller,1996-08-24,2020-10-09,,Active,Human Resources,FL
EE0004025,EMP1004,Priya,Chen,1989-10-05,2014-03-22,,Active,Sales,FL
EE0004026,EMP1004,Jasmine,Miller,1979-09-30,2026-03-16,,Active,Operations,MD
EE0004027,EMP1003,Isaiah,Davis,1978-06-29,2026-05-05,,Active,Administration,TX
EE0004028,EMP1001,Elena,Bennett,1977-12-16,2019-07-26,,Active,Sales,OH
EE0004029,EMP1005,Michael,Miller,2002-03-25,2019-01-31,,Active,Finance,FL
EE0004030,EMP1001,Isaiah,Kim,1990-12-25,2019-02-22,2026-03-27,Terminated,Finance,OH
EE0004031,EMP1005,Kevin,Martinez,1984-09-16,2022-12-05,,Active,Administration,VA
EE0004032,EMP1005,Nia,Thomas,1962-04-05,2016-02-22,,Active,Legal and Compliance,VA
EE0004033,EMP1003,Jasmine,Robinson,1979-01-29,2019-04-01,,Active,Information Technology,NC
EE0004034,EMP1003,Nia,Robinson,1969-05-21,2015-10-20,,Active,Finance,FL
EE0004035,EMP1003,Daniel,Ibrahim,1980-06-20,2019-06-28,2026-06-18,Terminated,Administration,NC
EE0004036,EMP1003,Andre,Chen,1999-05-06,2022-02-20,,Active,Administration,FL
EE0004037,EMP1003,Sophia,Williams,1965-01-13,2021-06-20,,Active,Supply Chain,MD
EE0004038,EMP1005,Amara,Taylor,1990-09-22,2025-06-08,,Active,Administration,NY
EE0004039,EMP1002,Grace,Brown,1987-01-13,2017-08-13,,Active,Customer Operations,DC
EE0004040,EMP1001,Daniel,Johnson,1973-06-30,2015-03-08,,Active,Administration,OH
EE0004041,EMP1005,Michael,Patel,2007-04-20,2021-01-12,,Active,Information Technology,DC
EE0004042,EMP1002,Samuel,Wilson,1989-11-09,2016-03-05,,Active,Supply Chain,TX
EE0004043,EMP1005,Nia,Hernandez,1998-06-01,2021-05-20,2026-04-10,Terminated,Information Technology,NY
EE0004044,EMP1001,Grace,Lewis,1969-11-22,2016-03-31,,Active,Human Resources,OH
EE0004045,EMP1004,Daniel,Nguyen,2007-05-30,2025-07-26,,Active,Customer Operations,FL
EE0004046,EMP1003,Naomi,Walker,1984-03-26,2023-04-27,,Active,Administration,NC
EE0004047,EMP1004,Daniel,Garcia,2006-10-23,2021-01-19,,Active,Supply Chain,FL
EE0004048,EMP1005,Daniel,Moore,2002-05-06,2019-05-08,,Active,Legal and Compliance,NY
EE0004049,EMP1004,Kevin,Miller,1967-04-22,2018-03-23,,Active,Finance,OH
EE0004050,EMP1001,Chiamaka,Lewis,1977-05-29,2019-06-21,,Active,Human Resources,OH
EE0004051,EMP1004,Priya,Walker,2001-09-30,2024-11-20,,Active,Administration,FL
EE0004052,EMP1002,Nia,Kim,1991-07-29,2019-04-12,,Active,Finance,TX
EE0004053,EMP1002,Elena,Bennett,1991-09-29,2015-09-04,,Active,Legal and Compliance,NY
EE0004054,EMP1001,Sophia,Davis,1997-12-24,2021-06-27,,Active,Human Resources,OH
EE0004055,EMP1005,Nia,Miller,1966-11-12,2017-03-22,2025-09-11,Terminated,Operations,NY
EE0004056,EMP1004,Michael,Ibrahim,1962-09-16,2023-01-20,,Active,Legal and Compliance,FL
EE0004057,EMP1004,Samuel,Hernandez,1998-05-05,2021-05-22,2025-10-30,Terminated,Human Resources,TX
EE0004058,EMP1002,Noah,Mensah,1966-02-24,2014-01-14,,Active,Human Resources,TX
EE0004059,EMP1002,Angela,Adeyemi,1988-10-09,2015-12-19,,Active,Sales,NC
EE0004060,EMP1004,Grace,Wilson,1977-01-08,2014-08-25,,Active,Information Technology,NC
EE0004061,EMP1002,Grace,Wilson,2003-09-18,2022-05-11,2025-05-09,Terminated,Customer Operations,TX
EE0004062,EMP1003,Isaiah,Lewis,1979-03-21,2015-07-15,,Active,Sales,MD
EE0004063,EMP1001,Jordan,Patel,1992-04-07,2014-06-17,,Active,Human Resources,DC
EE0004064,EMP1002,Andre,Moore,1985-10-01,2023-06-29,,Active,Operations,TX
EE0004065,EMP1003,Fatima,Okafor,1994-07-03,2019-02-19,,Active,Human Resources,NC
EE0004066,EMP1005,Victor,Davis,1979-05-27,2022-03-02,,Active,Human Resources,NY
EE0004067,EMP1003,Jasmine,Adeyemi,1972-07-05,2017-05-29,,Active,Customer Operations,NC
EE0004068,EMP1005,Priya,Moore,1968-02-09,2021-05-27,,Active,Administration,VA
EE0004069,EMP1005,Chiamaka,Kim,2002-02-18,2020-05-27,2024-02-29,Terminated,Information Technology,NY
EE0004070,EMP1003,Luis,Williams,1967-11-02,2015-04-22,,Active,Supply Chain,OH
EE0004071,EMP1002,Zoe,Robinson,2001-11-05,2026-03-07,,Active,Supply Chain,TX
EE0004072,EMP1005,Jasmine,Mensah,1974-03-11,2017-01-02,,Active,Administration,MD
EE0004073,EMP1004,Samuel,Patel,2001-07-16,2015-07-20,,Active,Information Technology,DC
EE0004074,EMP1003,Daniel,Campbell,1963-12-26,2016-10-18,,Active,Supply Chain,DC
EE0004075,EMP1002,Noah,Brown,1971-10-15,2024-08-06,,Active,Human Resources,TX
EE0004076,EMP1001,Noah,Nguyen,2002-02-18,2021-04-25,,Active,Administration,OH
EE0004077,EMP1005,Andre,Lewis,1974-08-24,2024-01-17,,Active,Operations,NY
EE0004078,EMP1005,Samuel,Ibrahim,2005-01-03,2025-09-27,,Active,Finance,VA
EE0004079,EMP1002,Noah,Lewis,1968-04-22,2022-10-03,,Active,Information Technology,FL
EE0004080,EMP1004,Fatima,Garcia,1998-10-22,2014-02-14,,Active,Legal and Compliance,FL
EE0004081,EMP1003,Kevin,Johnson,1995-05-23,2023-09-20,,Active,Sales,NC
EE0004082,EMP1005,Olivia,Chen,1973-08-04,2021-01-17,,Active,Legal and Compliance,NC
EE0004083,EMP1003,Andre,Taylor,1981-11-24,2019-02-26,2026-02-20,Terminated,Information Technology,NC
EE0004084,EMP1002,Elena,Lewis,1963-12-15,2017-11-15,,Active,Administration,NC
EE0004085,EMP1002,Aaliyah,Walker,2003-01-10,2014-04-11,2026-03-28,Terminated,Legal and Compliance,TX
EE0004086,EMP1004,Omar,Okafor,1980-01-14,2017-10-29,,Active,Legal and Compliance,FL
EE0004087,EMP1005,Amara,Wilson,1969-06-22,2022-06-24,,Active,Finance,NY
EE0004088,EMP1005,Malik,Williams,1984-07-31,2017-09-04,,Active,Sales,MD
EE0004089,EMP1003,Maya,Robinson,1995-11-01,2025-03-08,,Active,Sales,NC
EE0004090,EMP1004,Malik,Nguyen,1971-07-08,2023-07-29,,Active,Human Resources,TX
EE0004091,EMP1004,Priya,Mensah,1993-05-12,2023-11-17,,Active,Human Resources,NY
EE0004092,EMP1005,Carlos,Kim,1985-02-22,2015-02-01,,Active,Operations,NY
EE0004093,EMP1001,Nia,Campbell,1991-08-29,2015-04-25,2025-09-03,Terminated,Finance,FL
EE0004094,EMP1002,Daniel,Williams,2000-01-02,2026-01-28,,Active,Customer Operations,FL
EE0004095,EMP1004,Malik,Adams,2005-05-15,2017-05-01,,Active,Information Technology,FL
EE0004096,EMP1002,Sophia,Smith,1995-02-17,2015-03-02,,Active,Supply Chain,MD
EE0004097,EMP1002,Fatima,Taylor,1983-10-10,2017-03-08,,Active,Sales,TX
EE0004098,EMP1002,Naomi,Patel,1969-08-30,2015-08-07,,Active,Supply Chain,FL
EE0004099,EMP1004,Ethan,Campbell,1988-04-12,2024-09-23,,Active,Legal and Compliance,FL
EE0004100,EMP1005,Naomi,Adeyemi,1984-09-02,2021-11-15,2024-05-13,Terminated,Operations,NY
EE0004101,EMP1004,Naomi,Bennett,1995-07-27,2017-07-02,,Active,Human Resources,OH
EE0004102,EMP1002,Naomi,Nguyen,1993-11-07,2014-09-19,,Active,Information Technology,TX
EE0004103,EMP1002,Michael,Moore,1971-07-06,2022-08-12,,Active,Operations,TX
EE0004104,EMP1005,Samuel,Brown,2004-09-15,2024-08-06,,Active,Information Technology,MD
EE0004105,EMP1003,Zoe,Kim,1979-10-09,2022-01-20,,Active,Sales,NC
EE0004106,EMP1002,Aaliyah,Walker,1969-05-20,2017-12-12,2025-03-11,Terminated,Supply Chain,TX
EE0004107,EMP1005,Isaiah,Davis,1974-06-06,2025-06-30,,Active,Legal and Compliance,NY
EE0004108,EMP1004,Ethan,Williams,1977-06-20,2017-04-20,,Active,Information Technology,FL
EE0004109,EMP1004,Kevin,Nguyen,1991-05-29,2016-01-05,,Active,Human Resources,FL
EE0004110,EMP1002,Sophia,Garcia,1979-12-21,2017-06-10,,Active,Finance,MD
EE0004111,EMP1004,Ethan,Okafor,1964-11-05,2015-11-30,,Active,Customer Operations,FL
EE0004112,EMP1002,Sophia,Bennett,1972-02-09,2019-06-16,,Active,Sales,TX
EE0004113,EMP1002,Noah,Williams,1965-09-27,2018-08-31,2025-08-18,Terminated,Finance,OH
EE0004114,EMP1005,Jasmine,Adeyemi,1962-06-18,2015-12-08,,Active,Customer Operations,NY
EE0004115,EMP1005,Ethan,Smith,1988-03-15,2023-12-06,,Active,Supply Chain,VA
EE0004116,EMP1005,Fatima,Martinez,1965-08-09,2026-03-27,2026-05-31,Terminated,Customer Operations,DC
EE0004117,EMP1001,Kevin,Nguyen,1998-05-07,2015-01-10,,Active,Information Technology,OH
EE0004118,EMP1005,Chiamaka,Walker,2005-12-10,2021-02-06,2026-06-20,Terminated,Finance,NY
EE0004119,EMP1003,Nia,Robinson,2005-04-30,2021-10-11,,Active,Supply Chain,VA
EE0004120,EMP1004,Sophia,Martinez,1966-12-05,2023-01-24,2025-08-02,Terminated,Operations,OH
EE0004121,EMP1001,Fatima,Martinez,1965-08-19,2024-07-03,,Active,Information Technology,OH
EE0004122,EMP1005,Carlos,Patel,1970-04-15,2022-05-16,,Active,Customer Operations,OH
EE0004123,EMP1004,Maya,Miller,1978-09-08,2018-06-05,2025-10-15,Terminated,Customer Operations,FL
EE0004124,EMP1002,Jordan,Davis,1980-10-09,2019-10-12,,Active,Human Resources,OH
EE0004125,EMP1005,Angela,Martinez,2006-05-31,2018-05-16,2025-06-27,Terminated,Legal and Compliance,VA
EE0004126,EMP1003,Omar,Kim,1980-12-23,2018-04-15,,Active,Sales,NY
EE0004127,EMP1003,Carlos,Bennett,1965-11-29,2018-12-02,2026-02-22,Terminated,Administration,NC
EE0004128,EMP1004,Jordan,Bennett,1963-01-29,2016-10-02,,Active,Administration,TX
EE0004129,EMP1002,Michael,Martinez,2002-07-22,2018-07-15,,Active,Human Resources,TX
EE0004130,EMP1002,Elena,Chen,1982-12-19,2026-04-12,2026-06-17,Terminated,Information Technology,TX
EE0004131,EMP1002,Samuel,Campbell,1961-05-03,2022-05-21,2024-04-17,Terminated,Administration,TX
EE0004132,EMP1004,Amara,Robinson,1973-08-26,2018-08-27,,Active,Legal and Compliance,TX
EE0004133,EMP1002,Sophia,Hernandez,1977-05-19,2021-08-11,,Active,Human Resources,NY
EE0004134,EMP1002,Omar,Chen,1967-09-28,2020-05-02,,Active,Sales,VA
EE0004135,EMP1002,Nia,Adams,1991-09-13,2015-07-27,,Active,Sales,NY
EE0004136,EMP1003,Aaliyah,Nguyen,1963-08-27,2022-09-28,,Active,Administration,FL
EE0004137,EMP1002,Jordan,Hernandez,2003-10-07,2015-06-20,,Active,Operations,MD
EE0004138,EMP1005,Jordan,Williams,1973-07-07,2014-03-07,,Active,Customer Operations,FL
EE0004139,EMP1004,Priya,Walker,1974-03-29,2014-12-13,,Active,Finance,FL
EE0004140,EMP1005,Malik,Walker,1985-11-24,2022-12-31,2026-01-02,Terminated,Supply Chain,NY
EE0004141,EMP1002,Nia,Ibrahim,1963-02-27,2022-01-07,,Active,Supply Chain,MD
EE0004142,EMP1003,Victor,Bennett,1966-07-05,2025-11-24,,Active,Human Resources,NC
EE0004143,EMP1001,Isaiah,Kim,1990-06-08,2020-09-05,,Active,Finance,VA
EE0004144,EMP1005,Victor,Johnson,1976-05-26,2020-03-02,,Active,Operations,NY
EE0004145,EMP1003,Angela,Bennett,1990-01-21,2022-11-02,2026-02-05,Terminated,Information Technology,DC
EE0004146,EMP1001,Malik,Kim,1999-09-09,2017-10-07,,Active,Administration,MD
EE0004147,EMP1005,Malik,Campbell,2006-08-13,2019-02-10,,Active,Administration,NY
EE0004148,EMP1005,Jasmine,Johnson,1968-04-23,2015-04-29,2024-07-11,Terminated,Sales,NY
EE0004149,EMP1002,Carlos,Chen,1999-03-27,2020-11-15,,Active,Legal and Compliance,MD
EE0004150,EMP1005,Kevin,Bennett,1966-08-11,2014-04-28,,Active,Administration,VA
EE0004151,EMP1002,Grace,Adeyemi,1964-05-29,2026-01-15,,Active,Human Resources,OH
EE0004152,EMP1004,Carlos,Patel,1987-11-09,2015-06-01,,Active,Information Technology,FL
EE0004153,EMP1003,Leah,Hernandez,1978-11-29,2015-09-29,,Active,Operations,NC
EE0004154,EMP1005,Daniel,Garcia,1974-12-17,2019-10-31,,Active,Supply Chain,NY
EE0004155,EMP1001,Michael,Johnson,1967-03-01,2014-02-21,,Active,Finance,OH
EE0004156,EMP1004,Isaiah,Walker,1980-05-18,2018-12-12,,Active,Customer Operations,FL
EE0004157,EMP1005,Malik,Bennett,1984-07-26,2018-10-09,,Active,Human Resources,NC
EE0004158,EMP1004,Michael,Martinez,2005-11-30,2016-08-25,,Active,Finance,DC
EE0004159,EMP1003,Andre,Ibrahim,1970-02-26,2024-01-31,,Active,Information Technology,OH
EE0004160,EMP1002,Amara,Wilson,1973-11-08,2015-10-27,,Active,Supply Chain,OH
EE0004161,EMP1005,Carlos,Chen,1965-06-25,2026-04-10,,Active,Administration,NY
EE0004162,EMP1003,Michael,Patel,1977-06-24,2018-12-08,,Active,Legal and Compliance,FL
EE0004163,EMP1002,David,Walker,1972-03-27,2016-06-25,,Active,Human Resources,TX
EE0004164,EMP1005,Jordan,Adeyemi,1997-08-09,2018-05-08,2025-04-17,Terminated,Operations,NY
EE0004165,EMP1004,Elena,Smith,1991-07-28,2024-09-20,,Active,Administration,FL
EE0004166,EMP1002,Nia,Thomas,1979-05-22,2020-02-08,,Active,Information Technology,TX
EE0004167,EMP1005,Luis,Mensah,2003-01-19,2014-08-23,,Active,Sales,NY
EE0004168,EMP1001,Olivia,Lewis,2003-01-19,2016-11-14,,Active,Information Technology,OH
EE0004169,EMP1001,Zoe,Adeyemi,1994-07-20,2019-12-03,,Active,Information Technology,TX
EE0004170,EMP1005,Angela,Johnson,2005-10-30,2022-01-22,,Active,Administration,NY
EE0004171,EMP1001,Priya,Ibrahim,1984-02-29,2025-04-16,,Active,Supply Chain,VA
EE0004172,EMP1004,Leah,Ibrahim,1963-03-25,2019-07-06,,Active,Operations,FL
EE0004173,EMP1001,Noah,Ibrahim,2007-02-24,2019-04-28,2024-04-27,Terminated,Operations,FL
EE0004174,EMP1001,Amara,Ibrahim,2001-02-11,2026-02-11,,Active,Administration,OH
EE0004175,EMP1004,Angela,Bennett,1994-11-05,2022-01-01,2026-01-04,Terminated,Legal and Compliance,MD
EE0004176,EMP1002,Noah,Robinson,1982-11-26,2023-11-07,,Active,Human Resources,TX
EE0004177,EMP1005,Luis,Hernandez,1961-03-20,2025-08-08,,Active,Customer Operations,NY
EE0004178,EMP1001,Priya,Moore,1967-09-27,2023-07-02,,Active,Human Resources,NY
EE0004179,EMP1001,David,Robinson,1992-06-06,2026-03-31,,Active,Customer Operations,OH
EE0004180,EMP1002,Maya,Hernandez,1973-05-26,2018-10-21,2025-10-18,Terminated,Sales,TX
EE0004181,EMP1004,Naomi,Kim,2004-03-07,2015-04-04,,Active,Operations,NC
EE0004182,EMP1001,Daniel,Okafor,1988-04-09,2017-11-04,,Active,Sales,MD
EE0004183,EMP1004,Leah,Campbell,1961-01-07,2022-12-27,,Active,Customer Operations,OH
EE0004184,EMP1005,Elena,Moore,1980-10-26,2014-11-02,,Active,Sales,MD
EE0004185,EMP1003,Priya,Robinson,1971-11-29,2018-02-09,,Active,Supply Chain,NY
EE0004186,EMP1002,Omar,Lewis,1969-07-29,2014-03-13,,Active,Operations,VA
EE0004187,EMP1002,Andre,Walker,1985-04-21,2023-02-03,,Active,Operations,TX
EE0004188,EMP1004,David,Ibrahim,1989-12-24,2015-01-12,,Active,Legal and Compliance,FL
EE0004189,EMP1005,Jordan,Kim,2004-01-09,2019-09-22,2025-09-02,Terminated,Finance,NY
EE0004190,EMP1003,Daniel,Patel,1989-02-09,2025-08-24,2026-04-10,Terminated,Administration,NC
EE0004191,EMP1001,Sophia,Smith,1978-02-23,2017-12-28,,Active,Sales,OH
EE0004192,EMP1005,Jasmine,Davis,1988-01-04,2015-07-28,,Active,Operations,VA
EE0004193,EMP1004,Kevin,Brown,2005-10-26,2019-03-09,,Active,Supply Chain,VA
EE0004194,EMP1005,Andre,Lewis,1995-01-17,2024-08-25,,Active,Customer Operations,NY
EE0004195,EMP1004,Noah,Wilson,1972-07-23,2017-10-23,2026-01-24,Terminated,Sales,FL
EE0004196,EMP1002,Omar,Garcia,1978-10-27,2017-04-10,,Active,Operations,TX
EE0004197,EMP1005,Grace,Patel,1991-09-10,2017-09-25,,Active,Supply Chain,NY
EE0004198,EMP1004,Omar,Martinez,2000-03-07,2020-04-02,2025-07-01,Terminated,Administration,FL
EE0004199,EMP1003,Maya,Brown,1962-09-19,2019-02-28,,Active,Finance,FL
EE0004200,EMP1003,Elena,Moore,1999-03-06,2016-05-16,,Active,Supply Chain,NC
EE0004201,EMP1005,Chiamaka,Walker,1976-01-13,2024-01-05,,Active,Legal and Compliance,NY
EE0004202,EMP1005,Jasmine,Chen,1961-03-05,2021-12-12,,Active,Human Resources,NY
EE0004203,EMP1001,Omar,Kim,1982-08-27,2020-08-25,,Active,Customer Operations,VA
EE0004204,EMP1001,Andre,Mensah,1962-04-08,2016-01-28,,Active,Customer Operations,OH
EE0004205,EMP1005,Grace,Adeyemi,1976-10-23,2025-03-26,,Active,Sales,NY
EE0004206,EMP1003,Leah,Bennett,2001-05-15,2019-05-06,,Active,Administration,NC
EE0004207,EMP1005,Andre,Garcia,2007-04-02,2024-04-29,,Active,Operations,NY
EE0004208,EMP1002,Michael,Miller,1961-04-01,2020-03-20,,Active,Information Technology,NC
EE0004209,EMP1003,David,Robinson,1976-02-02,2016-01-17,2025-08-29,Terminated,Human Resources,DC
EE0004210,EMP1005,Jordan,Williams,1998-03-07,2024-09-20,2025-09-20,Terminated,Information Technology,NY
EE0004211,EMP1005,Jordan,Mensah,2003-12-11,2026-02-20,2026-04-12,Terminated,Supply Chain,NY
EE0004212,EMP1004,Elena,Johnson,1993-09-17,2022-10-28,2026-02-28,Terminated,Human Resources,NY
EE0004213,EMP1003,Zoe,Kim,1968-09-30,2025-11-19,,Active,Information Technology,NC
EE0004214,EMP1005,Naomi,Nguyen,1987-06-13,2025-07-18,,Active,Sales,NY
EE0004215,EMP1004,Fatima,Patel,1972-03-22,2015-04-15,,Active,Legal and Compliance,FL
EE0004216,EMP1002,Grace,Smith,1962-01-10,2016-05-18,,Active,Sales,TX
EE0004217,EMP1003,Ethan,Lewis,1981-03-01,2021-04-26,,Active,Customer Operations,MD
EE0004218,EMP1005,Naomi,Patel,1996-06-03,2018-11-10,2024-02-14,Terminated,Finance,NY
EE0004219,EMP1004,Jasmine,Wilson,1979-08-08,2025-07-12,,Active,Supply Chain,MD
EE0004220,EMP1001,Sophia,Hernandez,1988-12-19,2017-07-06,,Active,Operations,OH
EE0004221,EMP1001,Isaiah,Robinson,1979-01-01,2023-06-05,,Active,Human Resources,OH
EE0004222,EMP1001,Elena,Miller,1965-06-17,2022-05-20,,Active,Information Technology,DC
EE0004223,EMP1004,Naomi,Nguyen,1964-03-18,2019-01-23,,Active,Human Resources,FL
EE0004224,EMP1002,Elena,Johnson,1973-10-11,2014-11-23,,Active,Operations,TX
EE0004225,EMP1004,David,Robinson,1971-04-08,2021-10-05,,Active,Information Technology,NY
EE0004226,EMP1005,David,Wilson,1986-03-04,2015-08-28,2024-07-06,Terminated,Customer Operations,NY
EE0004227,EMP1005,Daniel,Mensah,1998-09-11,2024-09-04,2025-11-25,Terminated,Administration,NY
EE0004228,EMP1005,Elena,Thomas,2001-03-10,2018-08-31,,Active,Human Resources,NY
EE0004229,EMP1004,Grace,Patel,1996-07-07,2014-09-25,,Active,Information Technology,MD
EE0004230,EMP1004,Angela,Nguyen,1995-01-11,2025-11-27,,Active,Finance,NY
EE0004231,EMP1005,Malik,Brown,1963-08-04,2015-06-04,,Active,Operations,MD
EE0004232,EMP1002,Luis,Smith,1992-12-02,2016-03-05,2025-06-20,Terminated,Legal and Compliance,TX
EE0004233,EMP1002,Sophia,Lewis,1987-09-04,2017-09-11,2024-06-28,Terminated,Sales,TX
EE0004234,EMP1005,Nia,Garcia,1999-09-10,2025-09-26,,Active,Sales,NY
EE0004235,EMP1002,Jasmine,Martinez,1970-05-17,2019-08-24,,Active,Customer Operations,MD
EE0004236,EMP1003,Samuel,Nguyen,1990-07-24,2023-11-17,,Active,Administration,NC
EE0004237,EMP1005,Daniel,Nguyen,1969-07-01,2022-10-25,2024-05-14,Terminated,Administration,VA
EE0004238,EMP1003,Samuel,Lewis,2002-02-17,2023-05-12,,Active,Finance,VA
EE0004239,EMP1004,Maya,Bennett,1963-12-28,2021-10-31,,Active,Finance,TX
EE0004240,EMP1002,Daniel,Smith,1992-11-29,2020-12-21,,Active,Customer Operations,TX
EE0004241,EMP1002,Jasmine,Miller,1988-10-08,2015-06-05,,Active,Supply Chain,DC
EE0004242,EMP1005,Angela,Moore,1996-07-24,2015-07-17,2025-09-05,Terminated,Information Technology,TX
EE0004243,EMP1002,Noah,Ibrahim,1985-02-16,2024-04-19,,Active,Administration,TX
EE0004244,EMP1002,Amara,Wilson,1992-01-21,2026-01-01,,Active,Finance,TX
EE0004245,EMP1004,Olivia,Mensah,1984-09-02,2018-04-24,,Active,Administration,OH
EE0004246,EMP1002,Angela,Robinson,1967-01-07,2019-11-20,2025-06-15,Terminated,Customer Operations,TX
EE0004247,EMP1003,Malik,Martinez,1969-01-19,2016-03-18,,Active,Administration,NC
EE0004248,EMP1003,David,Campbell,1976-01-05,2023-03-31,,Active,Finance,NC
EE0004249,EMP1003,Naomi,Smith,1982-06-05,2014-04-23,,Active,Administration,NC
EE0004250,EMP1002,Luis,Smith,1976-07-15,2022-10-11,,Active,Human Resources,TX
EE0004251,EMP1005,Victor,Adeyemi,1971-02-03,2020-11-02,,Active,Sales,NY
EE0004252,EMP1003,Amara,Campbell,1976-08-30,2021-06-01,,Active,Customer Operations,NC
EE0004253,EMP1001,Malik,Garcia,2001-03-19,2020-02-04,,Active,Finance,OH
EE0004254,EMP1003,Elena,Johnson,2004-06-19,2023-06-10,,Active,Human Resources,NC
EE0004255,EMP1002,Isaiah,Bennett,1985-02-23,2022-12-07,2025-06-10,Terminated,Sales,TX
EE0004256,EMP1005,Sophia,Taylor,1975-01-17,2021-08-21,,Active,Customer Operations,NY
EE0004257,EMP1001,Andre,Campbell,1993-10-10,2016-11-30,,Active,Customer Operations,OH
EE0004258,EMP1002,Fatima,Brown,1978-12-30,2018-06-18,,Active,Sales,NC
EE0004259,EMP1003,Amara,Garcia,1998-10-22,2014-10-18,,Active,Information Technology,NC
EE0004260,EMP1001,Noah,Campbell,2005-06-11,2017-03-31,2025-07-01,Terminated,Administration,MD
EE0004261,EMP1004,Angela,Walker,1996-02-17,2014-12-26,,Active,Supply Chain,FL
EE0004262,EMP1004,Ethan,Davis,2007-06-04,2020-06-27,,Active,Sales,FL
EE0004263,EMP1003,Jordan,Patel,1973-07-04,2015-12-01,,Active,Supply Chain,NC
EE0004264,EMP1005,Grace,Miller,1974-02-18,2023-07-24,,Active,Supply Chain,NY
EE0004265,EMP1003,Nia,Chen,1970-06-09,2017-02-24,,Active,Supply Chain,VA
EE0004266,EMP1001,Leah,Patel,1962-02-25,2014-10-26,2025-10-30,Terminated,Sales,FL
EE0004267,EMP1004,Luis,Johnson,1984-11-30,2017-02-03,,Active,Legal and Compliance,TX
EE0004268,EMP1002,Noah,Miller,1971-04-12,2023-08-01,,Active,Customer Operations,TX
EE0004269,EMP1005,Maya,Mensah,1963-06-20,2015-01-29,,Active,Sales,VA
EE0004270,EMP1003,Leah,Lewis,1971-06-17,2015-11-14,,Active,Finance,FL
EE0004271,EMP1004,Olivia,Hernandez,1975-06-05,2025-08-21,2025-12-20,Terminated,Supply Chain,OH
EE0004272,EMP1005,Omar,Williams,1977-02-24,2019-08-12,2024-01-02,Terminated,Information Technology,NC
EE0004273,EMP1004,Zoe,Adeyemi,1969-04-12,2017-02-27,2026-01-09,Terminated,Operations,FL
EE0004274,EMP1003,Priya,Adeyemi,1976-03-18,2025-12-30,,Active,Human Resources,NC
EE0004275,EMP1004,Leah,Martinez,1970-11-13,2021-09-10,,Active,Legal and Compliance,FL
EE0004276,EMP1004,Maya,Johnson,2005-02-05,2023-10-28,2025-07-31,Terminated,Legal and Compliance,FL
EE0004277,EMP1004,Samuel,Adams,2003-11-27,2016-01-23,,Active,Information Technology,NY
EE0004278,EMP1004,Malik,Patel,1997-09-09,2025-04-19,,Active,Legal and Compliance,FL
EE0004279,EMP1002,Daniel,Chen,1978-01-01,2026-02-27,,Active,Customer Operations,TX
EE0004280,EMP1004,Grace,Ibrahim,2001-07-09,2026-01-14,,Active,Supply Chain,OH
EE0004281,EMP1002,Aaliyah,Williams,1967-11-04,2020-09-08,,Active,Administration,NY
EE0004282,EMP1004,Kevin,Walker,1981-06-14,2025-08-29,,Active,Supply Chain,FL
EE0004283,EMP1005,Jordan,Campbell,1970-07-23,2016-08-10,,Active,Human Resources,NY
EE0004284,EMP1005,Daniel,Garcia,1962-05-31,2024-08-12,,Active,Legal and Compliance,NY
EE0004285,EMP1001,Andre,Miller,1980-10-04,2021-03-05,2026-03-27,Terminated,Sales,OH
EE0004286,EMP1004,Grace,Smith,1961-10-08,2023-09-18,,Active,Human Resources,DC
EE0004287,EMP1002,Naomi,Miller,1967-09-16,2014-11-25,,Active,Finance,NY
EE0004288,EMP1003,Samuel,Thomas,1993-01-07,2023-09-29,2024-04-09,Terminated,Information Technology,NC
EE0004289,EMP1005,Andre,Okafor,1962-02-24,2024-10-20,,Active,Information Technology,NY
EE0004290,EMP1001,Aaliyah,Kim,1962-12-22,2020-12-18,,Active,Administration,TX
EE0004291,EMP1005,Noah,Robinson,1964-09-27,2014-10-10,,Active,Supply Chain,NY
EE0004292,EMP1003,Elena,Thomas,1975-03-05,2017-12-09,,Active,Information Technology,FL
EE0004293,EMP1004,Ethan,Patel,1986-06-17,2016-12-11,,Active,Customer Operations,FL
EE0004294,EMP1003,Omar,Bennett,2004-01-02,2018-02-25,,Active,Supply Chain,NC
EE0004295,EMP1002,Olivia,Adeyemi,1984-02-21,2017-10-12,2024-01-27,Terminated,Legal and Compliance,NC
EE0004296,EMP1001,David,Chen,2000-02-28,2025-03-06,,Active,Human Resources,OH
EE0004297,EMP1003,Victor,Adeyemi,1963-11-12,2017-05-21,,Active,Sales,NC
EE0004298,EMP1005,Sophia,Davis,1997-02-03,2016-05-22,,Active,Administration,DC
EE0004299,EMP1004,Daniel,Okafor,1995-02-22,2018-09-24,2026-03-06,Terminated,Legal and Compliance,NY
EE0004300,EMP1005,Chiamaka,Ibrahim,1966-02-22,2026-05-17,,Active,Finance,NY
EE0004301,EMP1005,Samuel,Patel,2000-01-03,2025-03-02,2026-05-23,Terminated,Supply Chain,TX
EE0004302,EMP1004,Grace,Kim,1972-04-19,2018-03-24,,Active,Customer Operations,TX
EE0004303,EMP1002,Luis,Lewis,1979-09-28,2014-01-05,,Active,Information Technology,TX
EE0004304,EMP1005,Daniel,Martinez,1961-02-15,2016-06-30,,Active,Information Technology,NY
EE0004305,EMP1004,Maya,Smith,1970-10-17,2017-03-19,2024-07-20,Terminated,Human Resources,FL
EE0004306,EMP1005,Carlos,Chen,1977-08-21,2020-04-08,,Active,Customer Operations,NY
EE0004307,EMP1003,Noah,Campbell,1997-07-08,2017-10-06,2025-08-04,Terminated,Sales,FL
EE0004308,EMP1001,Grace,Kim,1977-04-20,2017-11-17,2026-03-05,Terminated,Sales,NC
EE0004309,EMP1005,Nia,Kim,1968-11-27,2017-12-21,,Active,Human Resources,NY
EE0004310,EMP1003,Zoe,Taylor,1996-07-20,2021-08-18,,Active,Finance,TX
EE0004311,EMP1003,Naomi,Williams,1995-09-21,2015-08-21,,Active,Information Technology,MD
EE0004312,EMP1001,Malik,Kim,1976-07-18,2021-05-23,,Active,Administration,OH
EE0004313,EMP1003,Michael,Williams,1993-02-11,2014-12-17,,Active,Human Resources,NC
EE0004314,EMP1004,Noah,Martinez,1972-08-16,2015-09-04,,Active,Operations,FL
EE0004315,EMP1005,Omar,Walker,1977-01-22,2022-06-01,,Active,Supply Chain,NY
EE0004316,EMP1001,Amara,Wilson,2005-09-08,2021-09-17,,Active,Customer Operations,VA
EE0004317,EMP1005,Aaliyah,Mensah,1986-02-16,2020-01-24,,Active,Finance,VA
EE0004318,EMP1005,Chiamaka,Bennett,1999-05-20,2022-11-12,,Active,Customer Operations,NY
EE0004319,EMP1003,Carlos,Garcia,1978-09-01,2026-01-05,2026-04-02,Terminated,Legal and Compliance,NC
EE0004320,EMP1001,Samuel,Hernandez,1975-06-12,2020-10-06,,Active,Information Technology,FL
EE0004321,EMP1002,Chiamaka,Ibrahim,1963-05-30,2015-06-25,,Active,Operations,NY
EE0004322,EMP1002,Angela,Wilson,1966-08-29,2023-03-03,,Active,Human Resources,TX
EE0004323,EMP1003,Maya,Kim,1979-11-19,2024-08-05,,Active,Supply Chain,VA
EE0004324,EMP1003,David,Chen,1992-10-07,2022-08-12,,Active,Sales,NC
EE0004325,EMP1005,Amara,Patel,1985-04-23,2019-04-29,,Active,Supply Chain,MD
EE0004326,EMP1003,David,Hernandez,1987-11-10,2020-03-19,,Active,Customer Operations,NC
EE0004327,EMP1005,Fatima,Johnson,1972-03-15,2017-12-11,2025-02-12,Terminated,Human Resources,NY
EE0004328,EMP1002,Amara,Davis,1992-05-13,2024-05-12,,Active,Operations,NY
EE0004329,EMP1001,Angela,Hernandez,2005-05-04,2019-01-29,,Active,Finance,OH
EE0004330,EMP1004,Nia,Thomas,2003-10-24,2017-12-13,,Active,Human Resources,FL
EE0004331,EMP1001,Ethan,Adams,1983-12-04,2017-08-03,,Active,Sales,NY
EE0004332,EMP1004,Zoe,Davis,1965-02-25,2022-02-28,,Active,Sales,FL
EE0004333,EMP1002,Amara,Taylor,2006-09-28,2021-06-06,,Active,Finance,FL
EE0004334,EMP1005,Victor,Bennett,1967-01-09,2014-04-30,,Active,Sales,NY
EE0004335,EMP1004,Grace,Okafor,1966-06-10,2021-01-29,,Active,Administration,TX
EE0004336,EMP1001,Amara,Hernandez,1972-07-25,2015-09-19,,Active,Sales,OH
EE0004337,EMP1004,Luis,Adeyemi,1981-01-11,2021-08-17,,Active,Sales,NC
EE0004338,EMP1001,Sophia,Hernandez,2004-01-06,2021-09-13,2026-06-22,Terminated,Legal and Compliance,MD
EE0004339,EMP1005,Zoe,Robinson,1970-07-07,2025-10-23,,Active,Finance,OH
EE0004340,EMP1004,Carlos,Smith,1963-09-20,2023-12-12,,Active,Sales,FL
EE0004341,EMP1002,Samuel,Walker,1996-10-24,2023-02-20,,Active,Finance,TX
EE0004342,EMP1001,Andre,Hernandez,1983-09-06,2025-05-11,,Active,Human Resources,NY
EE0004343,EMP1003,Victor,Williams,1973-04-24,2016-07-03,,Active,Supply Chain,NC
EE0004344,EMP1001,Sophia,Davis,1977-12-19,2021-09-16,,Active,Legal and Compliance,OH
EE0004345,EMP1002,Amara,Moore,1968-12-06,2019-08-09,,Active,Information Technology,OH
EE0004346,EMP1002,Sophia,Smith,2005-02-25,2020-11-20,2024-11-23,Terminated,Supply Chain,OH
EE0004347,EMP1004,Maya,Wilson,1967-01-05,2017-02-07,2025-03-14,Terminated,Customer Operations,NY
EE0004348,EMP1004,Aaliyah,Garcia,1991-12-12,2014-04-17,,Active,Finance,FL
EE0004349,EMP1001,Luis,Robinson,1966-01-08,2025-02-03,2025-07-24,Terminated,Finance,OH
EE0004350,EMP1004,Grace,Lewis,1982-01-31,2025-11-04,,Active,Supply Chain,FL
EE0004351,EMP1003,Noah,Patel,1980-06-15,2020-09-06,,Active,Sales,NC
EE0004352,EMP1002,Sophia,Nguyen,1999-12-14,2014-04-17,,Active,Human Resources,TX
EE0004353,EMP1001,Grace,Ibrahim,1962-08-08,2021-07-28,2025-09-10,Terminated,Legal and Compliance,DC
EE0004354,EMP1005,Jordan,Campbell,1991-01-28,2019-11-27,,Active,Operations,NY
EE0004355,EMP1005,Samuel,Chen,1994-08-16,2017-08-13,,Active,Finance,MD
EE0004356,EMP1002,Grace,Smith,1981-09-07,2020-01-09,,Active,Information Technology,NC
EE0004357,EMP1001,Kevin,Williams,1962-02-14,2019-03-12,,Active,Supply Chain,OH
EE0004358,EMP1005,Isaiah,Williams,1965-02-03,2018-04-30,,Active,Legal and Compliance,OH
EE0004359,EMP1003,Victor,Walker,1964-05-29,2026-02-17,,Active,Legal and Compliance,NC
EE0004360,EMP1004,Luis,Chen,1973-05-19,2014-10-24,,Active,Human Resources,NY
EE0004361,EMP1001,Sophia,Moore,2001-09-09,2023-06-14,,Active,Human Resources,NC
EE0004362,EMP1002,Leah,Chen,1964-10-30,2019-03-27,,Active,Operations,TX
EE0004363,EMP1004,Ethan,Mensah,1971-03-08,2020-05-21,2025-02-25,Terminated,Supply Chain,FL
EE0004364,EMP1002,Maya,Wilson,1986-11-11,2024-11-28,2025-03-25,Terminated,Sales,OH
EE0004365,EMP1003,Chiamaka,Walker,2004-02-06,2018-08-27,,Active,Sales,VA
EE0004366,EMP1004,Samuel,Robinson,1968-06-17,2025-07-25,,Active,Customer Operations,MD
EE0004367,EMP1004,Samuel,Moore,1973-09-10,2024-06-13,,Active,Sales,FL
EE0004368,EMP1005,Kevin,Smith,1997-12-27,2022-07-31,2025-10-27,Terminated,Operations,NY
EE0004369,EMP1005,Aaliyah,Brown,1981-10-20,2019-01-09,,Active,Operations,VA
EE0004370,EMP1002,David,Walker,1972-05-27,2018-05-27,,Active,Customer Operations,TX
EE0004371,EMP1002,Samuel,Lewis,1998-07-02,2018-03-18,,Active,Supply Chain,TX
EE0004372,EMP1001,Michael,Mensah,2004-05-26,2018-04-22,,Active,Supply Chain,OH
EE0004373,EMP1001,Isaiah,Moore,1975-06-08,2024-06-11,,Active,Sales,OH
EE0004374,EMP1005,Leah,Hernandez,1992-04-06,2019-01-10,,Active,Operations,NC
EE0004375,EMP1001,Michael,Kim,1990-03-25,2025-08-11,,Active,Customer Operations,OH
EE0004376,EMP1003,Olivia,Brown,1992-03-03,2015-10-24,,Active,Customer Operations,MD
EE0004377,EMP1002,Amara,Adeyemi,1993-05-31,2016-05-10,,Active,Legal and Compliance,NC
EE0004378,EMP1002,Omar,Okafor,1988-02-20,2024-08-21,,Active,Supply Chain,NY
EE0004379,EMP1004,Fatima,Miller,1971-01-05,2024-10-12,,Active,Customer Operations,TX
EE0004380,EMP1004,Ethan,Garcia,1974-04-24,2021-12-21,,Active,Operations,FL
EE0004381,EMP1005,Angela,Hernandez,1998-06-29,2016-01-04,,Active,Finance,FL
EE0004382,EMP1004,Ethan,Johnson,2003-08-28,2018-11-02,2025-01-28,Terminated,Finance,DC
EE0004383,EMP1002,Kevin,Nguyen,1984-05-14,2024-12-30,2025-02-18,Terminated,Sales,TX
EE0004384,EMP1004,Maya,Campbell,1976-01-12,2017-11-22,,Active,Customer Operations,FL
EE0004385,EMP1005,Chiamaka,Ibrahim,1993-09-17,2025-01-06,,Active,Supply Chain,NY
EE0004386,EMP1005,Victor,Patel,1962-12-29,2020-02-20,,Active,Supply Chain,NY
EE0004387,EMP1002,Chiamaka,Chen,1979-02-01,2021-11-07,,Active,Information Technology,TX
EE0004388,EMP1001,Sophia,Chen,1971-10-30,2016-11-05,,Active,Supply Chain,NY
EE0004389,EMP1001,Nia,Hernandez,1970-05-23,2021-03-28,2024-09-23,Terminated,Finance,OH
EE0004390,EMP1005,Omar,Campbell,1973-03-07,2015-08-26,2025-01-03,Terminated,Supply Chain,FL
EE0004391,EMP1004,Ethan,Johnson,2001-03-04,2014-10-08,,Active,Finance,FL
EE0004392,EMP1005,Luis,Brown,1965-07-02,2014-01-18,,Active,Sales,NY
EE0004393,EMP1004,Michael,Moore,1980-02-27,2020-10-28,2024-02-11,Terminated,Information Technology,FL
EE0004394,EMP1005,Jasmine,Campbell,1997-10-11,2018-05-30,2024-02-08,Terminated,Sales,NY
EE0004395,EMP1004,Daniel,Martinez,1988-02-12,2017-09-04,2025-09-11,Terminated,Administration,TX
EE0004396,EMP1004,Zoe,Hernandez,1982-05-22,2019-02-12,,Active,Customer Operations,NY
EE0004397,EMP1001,Ethan,Hernandez,1965-05-04,2020-10-05,2024-06-18,Terminated,Supply Chain,OH
EE0004398,EMP1001,Omar,Williams,1969-06-19,2015-03-22,,Active,Operations,OH
EE0004399,EMP1002,Olivia,Chen,2006-12-10,2018-05-12,,Active,Customer Operations,NC
EE0004400,EMP1002,Daniel,Campbell,1983-06-02,2020-03-07,,Active,Finance,TX
EE0004401,EMP1003,Luis,Taylor,1998-07-31,2020-03-13,,Active,Administration,MD
EE0004402,EMP1004,Samuel,Taylor,2007-04-27,2021-10-17,,Active,Supply Chain,FL
EE0004403,EMP1003,Michael,Wilson,1965-10-20,2015-08-07,,Active,Legal and Compliance,NC
EE0004404,EMP1003,Noah,Adeyemi,1993-01-15,2021-02-11,,Active,Administration,NC
EE0004405,EMP1002,Samuel,Robinson,1994-12-25,2021-02-12,,Active,Sales,TX
EE0004406,EMP1001,Victor,Adams,1971-03-13,2022-03-04,2025-05-27,Terminated,Human Resources,DC
EE0004407,EMP1004,Angela,Taylor,1963-02-16,2018-03-05,,Active,Operations,NC
EE0004408,EMP1003,Maya,Smith,2000-02-29,2024-12-15,,Active,Administration,VA
EE0004409,EMP1005,Aaliyah,Thomas,1994-09-26,2016-12-02,,Active,Operations,DC
EE0004410,EMP1001,Luis,Adams,1983-09-20,2014-05-22,2024-09-21,Terminated,Human Resources,OH
EE0004411,EMP1002,Amara,Johnson,1990-06-26,2016-06-20,,Active,Finance,TX
EE0004412,EMP1001,Kevin,Davis,2003-05-27,2019-06-12,,Active,Supply Chain,MD
EE0004413,EMP1005,Priya,Kim,1988-03-09,2026-01-08,,Active,Supply Chain,NY
EE0004414,EMP1005,Samuel,Bennett,1996-11-17,2020-05-21,2025-03-19,Terminated,Administration,MD
EE0004415,EMP1004,Priya,Thomas,1981-12-17,2016-06-05,,Active,Operations,FL
EE0004416,EMP1003,Andre,Thomas,1977-07-04,2024-02-04,,Active,Human Resources,MD
EE0004417,EMP1001,Andre,Lewis,1979-01-04,2025-01-06,,Active,Legal and Compliance,MD
EE0004418,EMP1001,Priya,Mensah,1965-12-11,2015-02-22,,Active,Sales,OH
EE0004419,EMP1005,Jordan,Kim,1978-03-06,2020-06-21,,Active,Legal and Compliance,NY
EE0004420,EMP1001,Samuel,Kim,1965-04-02,2025-02-25,2025-08-27,Terminated,Legal and Compliance,OH
EE0004421,EMP1004,Andre,Williams,1989-08-20,2015-09-14,,Active,Information Technology,OH
EE0004422,EMP1005,Sophia,Thomas,1975-06-18,2020-09-01,,Active,Supply Chain,MD
EE0004423,EMP1002,Kevin,Johnson,1983-07-30,2025-02-02,,Active,Operations,TX
EE0004424,EMP1004,David,Ibrahim,2006-03-22,2020-05-28,2025-07-28,Terminated,Customer Operations,NC
EE0004425,EMP1005,Naomi,Patel,1991-01-30,2018-09-22,,Active,Supply Chain,NY
EE0004426,EMP1001,Ethan,Martinez,1964-08-25,2024-09-11,,Active,Customer Operations,OH
EE0004427,EMP1002,Malik,Bennett,1966-12-26,2019-10-21,,Active,Operations,TX
EE0004428,EMP1004,Zoe,Davis,1968-12-19,2018-06-25,,Active,Human Resources,FL
EE0004429,EMP1003,Grace,Davis,1971-01-31,2021-03-19,,Active,Supply Chain,NC
EE0004430,EMP1003,Nia,Adams,1989-12-12,2023-07-23,,Active,Human Resources,NC
EE0004431,EMP1004,Grace,Okafor,1969-07-10,2017-12-11,2025-10-17,Terminated,Customer Operations,FL
EE0004432,EMP1005,Amara,Smith,1992-12-22,2022-03-30,,Active,Supply Chain,NY
EE0004433,EMP1003,Luis,Chen,1971-11-07,2024-01-12,,Active,Supply Chain,NC
EE0004434,EMP1003,Leah,Hernandez,2007-05-13,2018-07-15,,Active,Customer Operations,NC
EE0004435,EMP1005,Amara,Moore,2004-11-29,2021-03-02,,Active,Supply Chain,MD
EE0004436,EMP1004,Luis,Okafor,2005-07-23,2021-08-30,,Active,Supply Chain,NC
EE0004437,EMP1005,Ethan,Lewis,1972-12-07,2026-04-15,,Active,Finance,NY
EE0004438,EMP1005,Victor,Walker,1989-04-07,2018-09-05,2025-07-10,Terminated,Finance,OH
EE0004439,EMP1002,David,Williams,1976-08-26,2017-03-10,,Active,Administration,MD
EE0004440,EMP1004,Michael,Kim,1986-02-01,2019-03-06,,Active,Legal and Compliance,FL
EE0004441,EMP1002,Priya,Adeyemi,1961-07-11,2016-02-25,,Active,Supply Chain,NY
EE0004442,EMP1004,Jasmine,Wilson,1975-06-19,2020-09-05,,Active,Information Technology,VA
EE0004443,EMP1001,Aaliyah,Robinson,1962-12-07,2017-09-05,,Active,Finance,OH
EE0004444,EMP1005,Michael,Martinez,2001-06-01,2018-12-30,,Active,Sales,VA
EE0004445,EMP1005,Maya,Bennett,1985-07-30,2018-06-11,,Active,Customer Operations,NY
EE0004446,EMP1005,Elena,Taylor,1982-06-30,2019-09-23,,Active,Information Technology,NY
EE0004447,EMP1004,Omar,Smith,1977-02-27,2022-06-20,2025-05-30,Terminated,Operations,OH
EE0004448,EMP1003,Grace,Brown,1967-11-07,2014-02-21,,Active,Customer Operations,MD
EE0004449,EMP1002,Leah,Kim,1985-04-11,2015-11-05,,Active,Customer Operations,TX
EE0004450,EMP1005,Carlos,Wilson,1999-02-03,2019-10-07,,Active,Sales,NY
EE0004451,EMP1002,Samuel,Adeyemi,1984-06-22,2020-11-25,,Active,Supply Chain,MD
EE0004452,EMP1004,David,Adeyemi,1991-10-27,2019-09-04,,Active,Administration,VA
EE0004453,EMP1004,Amara,Chen,1989-05-07,2021-12-12,2025-11-09,Terminated,Sales,NY
EE0004454,EMP1002,Carlos,Johnson,1998-01-22,2015-12-24,,Active,Customer Operations,TX
EE0004455,EMP1004,Andre,Campbell,1961-03-23,2022-05-08,,Active,Sales,DC
EE0004456,EMP1001,Leah,Ibrahim,2007-05-10,2021-02-26,2026-04-13,Terminated,Sales,VA
EE0004457,EMP1004,Olivia,Johnson,1993-09-23,2025-01-13,,Active,Information Technology,FL
EE0004458,EMP1005,Malik,Nguyen,1996-12-31,2024-12-20,,Active,Finance,NY
EE0004459,EMP1001,Omar,Moore,2005-09-26,2021-10-23,2024-11-21,Terminated,Legal and Compliance,OH
EE0004460,EMP1003,Daniel,Ibrahim,1983-07-30,2017-05-22,2025-05-15,Terminated,Operations,NC
EE0004461,EMP1003,Ethan,Campbell,1966-12-30,2019-03-21,,Active,Sales,VA
EE0004462,EMP1002,Elena,Thomas,1994-03-12,2023-12-23,,Active,Finance,VA
EE0004463,EMP1001,Ethan,Nguyen,1986-10-21,2021-03-17,,Active,Sales,VA
EE0004464,EMP1004,Nia,Chen,1985-05-28,2024-08-05,2025-12-22,Terminated,Administration,FL
EE0004465,EMP1005,Andre,Nguyen,1970-12-18,2020-12-15,,Active,Information Technology,NY
EE0004466,EMP1001,David,Adeyemi,2005-06-02,2019-02-09,,Active,Administration,OH
EE0004467,EMP1003,Isaiah,Bennett,1982-09-01,2019-06-14,,Active,Finance,NY
EE0004468,EMP1002,Jasmine,Kim,1991-07-13,2020-07-25,,Active,Finance,FL
EE0004469,EMP1002,Omar,Brown,2000-07-17,2017-12-17,,Active,Legal and Compliance,VA
EE0004470,EMP1001,Isaiah,Davis,1987-06-02,2024-03-09,,Active,Operations,NC
EE0004471,EMP1002,Olivia,Moore,1974-09-19,2026-05-18,,Active,Supply Chain,VA
EE0004472,EMP1004,Daniel,Chen,1972-02-15,2025-12-31,,Active,Administration,FL
EE0004473,EMP1005,Daniel,Walker,1981-08-29,2014-05-16,,Active,Customer Operations,NY
EE0004474,EMP1004,Aaliyah,Okafor,1962-01-19,2019-04-26,,Active,Legal and Compliance,FL
EE0004475,EMP1005,Maya,Smith,1970-03-31,2021-09-09,,Active,Legal and Compliance,NY
EE0004476,EMP1002,Grace,Lewis,2000-04-21,2024-11-03,,Active,Information Technology,TX
EE0004477,EMP1002,Amara,Garcia,1992-12-14,2014-02-28,2026-05-20,Terminated,Legal and Compliance,NC
EE0004478,EMP1003,David,Robinson,1974-04-20,2022-05-02,,Active,Finance,NC
EE0004479,EMP1005,Luis,Brown,2002-03-18,2015-06-17,,Active,Human Resources,NY
EE0004480,EMP1004,Samuel,Williams,1997-02-27,2019-01-21,,Active,Legal and Compliance,FL
EE0004481,EMP1004,Elena,Nguyen,1968-11-13,2024-12-18,,Active,Human Resources,NC
EE0004482,EMP1003,Carlos,Brown,1963-04-12,2015-09-02,,Active,Legal and Compliance,NC
EE0004483,EMP1001,Ethan,Thomas,1992-06-04,2024-01-31,,Active,Information Technology,OH
EE0004484,EMP1003,Ethan,Okafor,1966-02-05,2017-12-25,,Active,Operations,DC
EE0004485,EMP1004,Luis,Bennett,1986-10-10,2024-07-02,,Active,Human Resources,MD
EE0004486,EMP1004,Elena,Davis,1997-06-12,2017-03-11,,Active,Sales,NY
EE0004487,EMP1004,Nia,Campbell,1974-02-11,2020-07-16,,Active,Legal and Compliance,NY
EE0004488,EMP1005,Grace,Moore,1968-02-10,2014-02-08,,Active,Human Resources,NY
EE0004489,EMP1001,Aaliyah,Walker,2005-09-25,2019-03-25,,Active,Sales,OH
EE0004490,EMP1002,Victor,Okafor,1984-10-31,2020-10-24,2024-03-12,Terminated,Customer Operations,TX
EE0004491,EMP1004,Fatima,Adeyemi,2006-05-12,2020-10-05,,Active,Legal and Compliance,FL
EE0004492,EMP1004,David,Thomas,1981-01-22,2020-01-06,,Active,Sales,FL
EE0004493,EMP1003,Sophia,Patel,1982-03-15,2015-10-12,,Active,Human Resources,NC
EE0004494,EMP1001,Omar,Martinez,1979-09-15,2023-11-18,,Active,Customer Operations,OH
EE0004495,EMP1001,Naomi,Hernandez,1974-06-11,2026-04-13,2026-06-06,Terminated,Legal and Compliance,OH
EE0004496,EMP1003,Carlos,Wilson,1975-12-23,2023-05-02,,Active,Finance,OH
EE0004497,EMP1003,Sophia,Kim,1974-12-01,2018-05-25,,Active,Information Technology,DC
EE0004498,EMP1002,Maya,Walker,1966-11-12,2023-08-02,,Active,Customer Operations,NY
EE0004499,EMP1004,David,Robinson,1983-07-24,2023-03-03,,Active,Customer Operations,FL
EE0004500,EMP1004,Victor,Hernandez,1997-04-04,2025-02-07,,Active,Legal and Compliance,VA
EE0004501,EMP1001,Amara,Adams,1977-12-13,2025-04-11,2026-04-09,Terminated,Legal and Compliance,TX
EE0004502,EMP1001,Amara,Moore,1969-01-12,2025-08-31,,Active,Information Technology,FL
EE0004503,EMP1005,Nia,Davis,1981-10-28,2022-10-26,,Active,Operations,OH
EE0004504,EMP1005,Angela,Hernandez,1982-12-12,2015-10-31,,Active,Legal and Compliance,NY
EE0004505,EMP1001,Aaliyah,Garcia,1964-08-16,2022-03-10,,Active,Supply Chain,FL
EE0004506,EMP1002,Leah,Bennett,1994-12-06,2021-07-19,,Active,Operations,VA
EE0004507,EMP1003,Chiamaka,Moore,1987-08-05,2024-08-20,,Active,Customer Operations,NC
EE0004508,EMP1002,Jordan,Okafor,1984-04-28,2019-04-01,,Active,Supply Chain,MD
EE0004509,EMP1004,Elena,Nguyen,1966-07-16,2020-10-03,,Active,Customer Operations,DC
EE0004510,EMP1001,Omar,Martinez,1978-08-27,2022-12-24,,Active,Operations,TX
EE0004511,EMP1003,Zoe,Hernandez,1966-04-13,2018-07-14,,Active,Human Resources,NC
EE0004512,EMP1004,Daniel,Chen,2001-07-10,2023-01-05,,Active,Customer Operations,FL
EE0004513,EMP1002,Carlos,Adeyemi,1976-09-26,2016-01-09,,Active,Information Technology,TX
EE0004514,EMP1003,Nia,Williams,1988-06-06,2026-02-07,,Active,Legal and Compliance,NC
EE0004515,EMP1005,Elena,Garcia,2000-05-22,2017-03-17,2025-03-30,Terminated,Information Technology,NC
EE0004516,EMP1003,Fatima,Williams,1963-04-08,2018-12-18,2025-11-05,Terminated,Finance,NC
EE0004517,EMP1004,Andre,Bennett,2006-03-05,2018-03-31,,Active,Finance,VA
EE0004518,EMP1003,Chiamaka,Walker,1961-08-15,2025-10-25,,Active,Information Technology,NC
EE0004519,EMP1003,Victor,Miller,1976-03-10,2019-03-17,,Active,Supply Chain,NC
EE0004520,EMP1004,Andre,Robinson,1989-03-31,2024-05-18,,Active,Finance,OH
EE0004521,EMP1001,Samuel,Campbell,1976-06-07,2018-06-19,,Active,Customer Operations,TX
EE0004522,EMP1004,Andre,Thomas,1981-01-28,2023-10-23,,Active,Legal and Compliance,NC
EE0004523,EMP1003,Carlos,Johnson,1987-06-07,2025-02-27,,Active,Customer Operations,TX
EE0004524,EMP1003,Angela,Johnson,1975-03-18,2024-04-07,,Active,Human Resources,NC
EE0004525,EMP1001,Isaiah,Davis,1978-09-04,2019-02-19,,Active,Human Resources,NC
EE0004526,EMP1003,Omar,Smith,1982-03-05,2014-02-26,,Active,Human Resources,NC
EE0004527,EMP1001,Ethan,Adeyemi,1990-10-14,2018-03-08,2025-04-27,Terminated,Legal and Compliance,OH
EE0004528,EMP1004,Grace,Adams,1978-03-30,2020-04-26,,Active,Human Resources,FL
EE0004529,EMP1002,Elena,Robinson,1979-08-02,2019-12-06,,Active,Supply Chain,TX
EE0004530,EMP1004,Maya,Walker,2006-01-20,2017-05-07,2024-07-09,Terminated,Operations,VA
EE0004531,EMP1005,Angela,Chen,2004-11-18,2019-02-16,2026-04-28,Terminated,Legal and Compliance,VA
EE0004532,EMP1002,Noah,Hernandez,1999-04-14,2020-11-23,,Active,Operations,TX
EE0004533,EMP1001,Angela,Brown,1999-02-12,2016-04-07,,Active,Customer Operations,MD
EE0004534,EMP1001,Elena,Walker,1979-12-15,2014-11-21,,Active,Operations,FL
EE0004535,EMP1002,David,Okafor,2006-07-21,2018-09-26,,Active,Operations,FL
EE0004536,EMP1005,Samuel,Patel,1998-02-24,2019-05-13,,Active,Operations,NC
EE0004537,EMP1001,Amara,Hernandez,2007-01-19,2018-08-18,,Active,Operations,OH
EE0004538,EMP1003,Angela,Walker,1985-04-03,2017-10-01,,Active,Information Technology,DC
EE0004539,EMP1005,Elena,Davis,1989-01-23,2022-05-31,,Active,Human Resources,NY
EE0004540,EMP1004,Ethan,Garcia,1983-02-14,2019-02-15,,Active,Customer Operations,TX
EE0004541,EMP1003,Grace,Smith,2006-02-04,2025-05-19,,Active,Finance,NC
EE0004542,EMP1002,Grace,Adams,1999-06-13,2014-06-20,,Active,Sales,TX
EE0004543,EMP1005,Andre,Bennett,2002-07-26,2018-10-26,,Active,Finance,NY
EE0004544,EMP1005,Isaiah,Bennett,1984-04-08,2018-09-04,,Active,Sales,NY
EE0004545,EMP1003,Victor,Patel,1997-08-10,2017-08-04,,Active,Operations,VA
EE0004546,EMP1005,Ethan,Okafor,1964-09-02,2022-10-07,,Active,Finance,NY
EE0004547,EMP1003,Sophia,Johnson,1990-12-15,2024-11-13,2025-02-12,Terminated,Supply Chain,FL
EE0004548,EMP1005,Victor,Wilson,1964-10-28,2023-03-01,,Active,Sales,NY
EE0004549,EMP1003,Angela,Robinson,2003-03-12,2014-02-19,,Active,Administration,TX
EE0004550,EMP1001,Aaliyah,Chen,1999-09-17,2022-02-09,,Active,Finance,OH
EE0004551,EMP1002,Noah,Lewis,2002-08-19,2014-10-30,,Active,Customer Operations,NC
EE0004552,EMP1003,Carlos,Brown,1966-04-30,2017-12-10,,Active,Human Resources,NC
EE0004553,EMP1003,Victor,Adams,1986-08-26,2015-01-17,,Active,Customer Operations,NC
EE0004554,EMP1002,Maya,Bennett,1967-03-09,2020-09-10,,Active,Administration,FL
EE0004555,EMP1004,Andre,Chen,1961-02-06,2021-11-22,,Active,Administration,DC
EE0004556,EMP1004,Isaiah,Lewis,1989-05-09,2021-05-02,,Active,Supply Chain,FL
EE0004557,EMP1002,Priya,Smith,1961-01-16,2014-10-01,,Active,Customer Operations,DC
EE0004558,EMP1002,Carlos,Wilson,2005-07-10,2022-12-06,,Active,Supply Chain,TX
EE0004559,EMP1001,Samuel,Smith,1984-10-10,2015-05-28,,Active,Sales,OH
EE0004560,EMP1004,Kevin,Moore,1999-05-17,2018-07-07,2024-07-23,Terminated,Sales,TX
EE0004561,EMP1002,Malik,Martinez,1973-09-29,2024-10-15,,Active,Operations,TX
EE0004562,EMP1001,Victor,Thomas,1965-02-12,2016-04-20,2024-09-30,Terminated,Finance,OH
EE0004563,EMP1001,Fatima,Chen,2005-01-11,2015-01-04,,Active,Information Technology,OH
EE0004564,EMP1003,Andre,Smith,2007-03-16,2025-09-24,,Active,Legal and Compliance,VA
EE0004565,EMP1004,Maya,Williams,2002-10-02,2014-07-31,,Active,Administration,FL
EE0004566,EMP1001,Victor,Wilson,2004-02-01,2014-12-18,2026-06-19,Terminated,Customer Operations,OH
EE0004567,EMP1002,Daniel,Davis,2002-05-08,2021-05-18,,Active,Sales,NC
EE0004568,EMP1005,Naomi,Taylor,1992-09-28,2016-06-20,,Active,Information Technology,NY
EE0004569,EMP1002,Victor,Campbell,2005-12-12,2014-06-17,,Active,Information Technology,TX
EE0004570,EMP1002,Andre,Wilson,1990-09-27,2018-11-17,2024-12-06,Terminated,Information Technology,NY
EE0004571,EMP1001,Aaliyah,Adeyemi,1998-11-22,2022-12-26,,Active,Customer Operations,NY
EE0004572,EMP1004,Zoe,Garcia,1974-11-18,2016-12-30,,Active,Sales,VA
EE0004573,EMP1004,Leah,Moore,1963-10-10,2016-12-16,,Active,Information Technology,NY
EE0004574,EMP1005,Sophia,Williams,1988-08-07,2016-05-10,,Active,Administration,NY
EE0004575,EMP1003,Fatima,Thomas,1973-02-24,2018-09-07,2024-03-24,Terminated,Information Technology,NC
EE0004576,EMP1002,Isaiah,Wilson,2003-09-11,2023-03-17,,Active,Human Resources,NY
EE0004577,EMP1004,Omar,Campbell,1990-09-20,2015-03-21,,Active,Information Technology,FL
EE0004578,EMP1002,Zoe,Moore,1997-08-06,2017-08-10,,Active,Supply Chain,FL
EE0004579,EMP1001,David,Campbell,1968-07-11,2019-11-13,,Active,Sales,OH
EE0004580,EMP1004,Samuel,Wilson,1966-09-26,2015-07-28,,Active,Supply Chain,FL
EE0004581,EMP1002,Daniel,Garcia,1993-11-18,2025-02-16,,Active,Legal and Compliance,TX
EE0004582,EMP1001,Leah,Thomas,2005-11-05,2025-03-15,,Active,Customer Operations,OH
EE0004583,EMP1004,Aaliyah,Hernandez,2004-11-06,2019-07-10,,Active,Operations,VA
EE0004584,EMP1002,Ethan,Thomas,1970-03-05,2014-08-10,,Active,Customer Operations,NC
EE0004585,EMP1001,Priya,Miller,2000-03-05,2014-09-04,,Active,Finance,OH
EE0004586,EMP1004,Michael,Kim,1962-10-21,2025-06-16,,Active,Operations,TX
EE0004587,EMP1003,Michael,Walker,1963-03-15,2014-03-07,,Active,Customer Operations,NC
EE0004588,EMP1002,Olivia,Taylor,1970-07-30,2018-08-15,,Active,Information Technology,TX
EE0004589,EMP1005,Grace,Mensah,1964-05-07,2015-03-11,,Active,Information Technology,NY
EE0004590,EMP1003,Samuel,Davis,1985-02-05,2016-01-25,,Active,Customer Operations,NC
EE0004591,EMP1003,Sophia,Brown,1996-03-08,2019-09-30,,Active,Customer Operations,DC
EE0004592,EMP1005,Olivia,Garcia,1978-03-17,2014-02-08,,Active,Information Technology,MD
EE0004593,EMP1004,Carlos,Taylor,1963-12-18,2022-05-16,2025-08-28,Terminated,Operations,FL
EE0004594,EMP1003,Luis,Williams,1978-10-04,2019-09-29,,Active,Supply Chain,OH
EE0004595,EMP1004,Angela,Johnson,1986-11-24,2022-07-01,,Active,Sales,FL
EE0004596,EMP1002,Luis,Miller,2006-01-28,2023-03-06,,Active,Administration,NC
EE0004597,EMP1004,Luis,Smith,1974-05-17,2025-08-28,,Active,Customer Operations,MD
EE0004598,EMP1005,Elena,Thomas,2003-02-22,2026-03-17,,Active,Sales,NY
EE0004599,EMP1001,Maya,Wilson,2007-03-13,2016-11-18,,Active,Human Resources,FL
EE0004600,EMP1003,Andre,Lewis,1990-03-26,2022-03-27,,Active,Customer Operations,NC
EE0004601,EMP1005,Andre,Garcia,1974-08-31,2024-03-27,,Active,Finance,DC
EE0004602,EMP1001,Leah,Chen,1977-07-24,2023-06-12,,Active,Legal and Compliance,NC
EE0004603,EMP1003,Priya,Moore,1972-08-12,2024-09-25,,Active,Supply Chain,NC
EE0004604,EMP1005,Samuel,Adams,1971-03-21,2025-03-19,,Active,Information Technology,NY
EE0004605,EMP1001,Jasmine,Brown,1971-04-05,2024-06-05,2025-10-07,Terminated,Administration,FL
EE0004606,EMP1004,Isaiah,Kim,2003-02-12,2016-06-30,,Active,Finance,FL
EE0004607,EMP1003,Luis,Chen,1983-06-28,2016-04-15,,Active,Sales,NC
EE0004608,EMP1005,Grace,Taylor,1979-12-14,2019-06-04,,Active,Information Technology,FL
EE0004609,EMP1004,Grace,Taylor,2003-05-21,2020-02-16,,Active,Customer Operations,MD
EE0004610,EMP1002,Leah,Hernandez,1973-01-27,2015-02-17,2024-02-01,Terminated,Customer Operations,TX
EE0004611,EMP1004,Fatima,Brown,1975-01-30,2022-06-14,2024-09-30,Terminated,Administration,VA
EE0004612,EMP1004,Maya,Moore,1982-11-30,2019-08-19,,Active,Legal and Compliance,FL
EE0004613,EMP1004,Sophia,Williams,1969-09-24,2024-06-08,,Active,Legal and Compliance,FL
EE0004614,EMP1004,Omar,Ibrahim,1991-12-08,2015-04-15,,Active,Finance,VA
EE0004615,EMP1001,Samuel,Adams,2004-10-15,2026-02-27,,Active,Operations,OH
EE0004616,EMP1002,Carlos,Thomas,1993-06-10,2018-08-04,,Active,Sales,TX
EE0004617,EMP1001,Noah,Lewis,1988-12-15,2022-02-02,,Active,Human Resources,NY
EE0004618,EMP1001,Sophia,Miller,1978-09-05,2017-11-05,,Active,Customer Operations,DC
EE0004619,EMP1001,Grace,Smith,1990-11-01,2020-02-18,,Active,Supply Chain,OH
EE0004620,EMP1001,Michael,Okafor,1983-12-31,2022-08-13,,Active,Operations,TX
EE0004621,EMP1003,Kevin,Robinson,1971-12-25,2014-10-06,2025-08-08,Terminated,Supply Chain,NC
EE0004622,EMP1003,David,Kim,1996-04-04,2018-05-05,,Active,Operations,NC
EE0004623,EMP1004,Malik,Moore,1963-11-21,2015-07-12,,Active,Supply Chain,FL
EE0004624,EMP1002,Omar,Okafor,1983-12-08,2014-05-18,,Active,Legal and Compliance,VA
EE0004625,EMP1001,Michael,Adeyemi,1992-06-07,2015-08-30,,Active,Legal and Compliance,OH
EE0004626,EMP1004,Leah,Smith,1971-01-23,2021-07-22,,Active,Information Technology,MD
EE0004627,EMP1005,Maya,Williams,1970-10-31,2023-02-25,,Active,Administration,NY
EE0004628,EMP1003,Michael,Adeyemi,1963-12-01,2015-12-08,,Active,Finance,DC
EE0004629,EMP1004,Victor,Davis,1965-08-11,2019-09-16,,Active,Sales,FL
EE0004630,EMP1002,Naomi,Adeyemi,2000-03-31,2022-04-28,,Active,Operations,TX
EE0004631,EMP1003,Jordan,Thomas,1962-09-29,2017-02-19,,Active,Sales,NC
EE0004632,EMP1003,Jordan,Walker,2005-07-22,2023-02-17,,Active,Human Resources,NC
EE0004633,EMP1004,Fatima,Garcia,1979-05-12,2025-03-02,,Active,Sales,OH
EE0004634,EMP1001,Michael,Nguyen,1973-06-29,2023-07-10,,Active,Information Technology,NC
EE0004635,EMP1005,Jordan,Bennett,1961-10-21,2021-04-10,,Active,Operations,OH
EE0004636,EMP1002,Jasmine,Adams,1970-11-21,2022-06-13,,Active,Customer Operations,TX
EE0004637,EMP1004,Zoe,Mensah,2004-06-12,2023-10-23,,Active,Customer Operations,FL
EE0004638,EMP1003,Noah,Patel,1966-02-22,2015-03-01,,Active,Finance,NC
EE0004639,EMP1004,Angela,Williams,1994-08-15,2016-09-09,,Active,Administration,FL
EE0004640,EMP1003,Naomi,Smith,1989-10-25,2022-02-06,,Active,Operations,NC
EE0004641,EMP1003,Ethan,Patel,1980-03-09,2023-12-17,,Active,Operations,NC
EE0004642,EMP1003,Samuel,Smith,1984-07-01,2023-02-27,2025-10-28,Terminated,Operations,NC
EE0004643,EMP1005,Luis,Johnson,1970-02-15,2014-02-11,,Active,Administration,NY
EE0004644,EMP1001,Omar,Williams,1967-09-21,2017-01-24,,Active,Human Resources,OH
EE0004645,EMP1005,Omar,Kim,1999-03-28,2015-02-22,2024-03-11,Terminated,Finance,NY
EE0004646,EMP1001,Chiamaka,Mensah,1993-05-27,2018-09-11,,Active,Customer Operations,FL
EE0004647,EMP1002,Daniel,Adams,1965-09-20,2016-11-25,,Active,Human Resources,TX
EE0004648,EMP1004,Chiamaka,Kim,1997-06-02,2019-03-21,,Active,Human Resources,NY
EE0004649,EMP1005,Victor,Wilson,2003-10-23,2024-09-09,,Active,Administration,NY
EE0004650,EMP1004,Nia,Ibrahim,1965-04-04,2024-05-09,,Active,Sales,FL
EE0004651,EMP1003,Olivia,Johnson,1991-02-21,2018-04-24,,Active,Human Resources,TX
EE0004652,EMP1001,Samuel,Thomas,1965-02-09,2014-10-24,,Active,Operations,OH
EE0004653,EMP1002,Samuel,Hernandez,1998-01-19,2017-09-02,,Active,Administration,VA
EE0004654,EMP1002,Priya,Brown,2004-10-04,2019-05-19,,Active,Finance,TX
EE0004655,EMP1005,Michael,Hernandez,1990-08-04,2016-05-14,2025-06-09,Terminated,Information Technology,NC
EE0004656,EMP1002,Omar,Adeyemi,1998-11-27,2020-03-07,,Active,Operations,TX
EE0004657,EMP1001,Zoe,Moore,1964-02-09,2024-07-23,,Active,Information Technology,OH
EE0004658,EMP1001,Luis,Lewis,1968-09-28,2026-02-01,,Active,Information Technology,OH
EE0004659,EMP1002,Luis,Garcia,1998-11-11,2017-10-10,2025-10-20,Terminated,Human Resources,VA
EE0004660,EMP1004,Elena,Martinez,1962-03-17,2024-08-25,,Active,Administration,FL
EE0004661,EMP1002,Maya,Adams,1965-09-10,2018-10-16,,Active,Human Resources,OH
EE0004662,EMP1001,Priya,Walker,1989-08-14,2019-09-09,,Active,Human Resources,NY
EE0004663,EMP1003,Daniel,Johnson,1974-05-17,2017-06-13,,Active,Operations,NC
EE0004664,EMP1002,Kevin,Bennett,1982-12-19,2023-12-20,,Active,Sales,NC
EE0004665,EMP1003,Jasmine,Robinson,1962-02-28,2021-03-26,,Active,Supply Chain,NC
EE0004666,EMP1004,Daniel,Hernandez,1993-09-02,2018-04-16,2025-01-22,Terminated,Supply Chain,FL
EE0004667,EMP1002,Naomi,Adeyemi,1986-05-13,2019-10-13,,Active,Finance,TX
EE0004668,EMP1003,Leah,Bennett,1978-12-06,2022-07-29,,Active,Operations,NC
EE0004669,EMP1002,Sophia,Lewis,1992-05-07,2017-05-21,2024-12-24,Terminated,Customer Operations,OH
EE0004670,EMP1005,Daniel,Adeyemi,1963-04-13,2015-02-02,2024-03-23,Terminated,Human Resources,NC
EE0004671,EMP1005,Carlos,Adeyemi,1996-06-23,2020-12-22,,Active,Supply Chain,FL
EE0004672,EMP1005,Michael,Nguyen,1982-08-21,2016-01-30,,Active,Legal and Compliance,DC
EE0004673,EMP1004,Chiamaka,Kim,1991-10-20,2024-11-27,,Active,Sales,FL
EE0004674,EMP1002,Zoe,Campbell,2006-07-30,2019-11-24,,Active,Supply Chain,TX
EE0004675,EMP1004,Amara,Taylor,1979-05-31,2023-12-24,,Active,Sales,NC
EE0004676,EMP1003,Victor,Ibrahim,1990-03-24,2021-03-25,,Active,Sales,NC
EE0004677,EMP1004,Andre,Thomas,1998-12-20,2019-02-28,,Active,Operations,FL
EE0004678,EMP1003,Chiamaka,Adams,1969-05-16,2020-07-07,,Active,Sales,DC
EE0004679,EMP1004,Chiamaka,Kim,1962-10-29,2014-03-19,,Active,Finance,FL
EE0004680,EMP1002,Luis,Johnson,1989-11-07,2024-05-27,,Active,Sales,TX
EE0004681,EMP1004,Carlos,Johnson,1993-02-24,2023-04-17,2024-10-05,Terminated,Customer Operations,FL
EE0004682,EMP1003,David,Chen,1992-11-12,2017-09-12,,Active,Information Technology,NC
EE0004683,EMP1003,Luis,Walker,2006-02-13,2025-05-28,2025-07-30,Terminated,Customer Operations,NC
EE0004684,EMP1003,Noah,Okafor,1988-06-04,2018-11-25,,Active,Supply Chain,NC
EE0004685,EMP1002,Priya,Patel,2007-04-24,2024-01-11,,Active,Operations,TX
EE0004686,EMP1005,Samuel,Lewis,1973-05-04,2019-03-01,,Active,Customer Operations,OH
EE0004687,EMP1003,Grace,Taylor,1962-07-25,2018-10-27,2025-03-02,Terminated,Customer Operations,NY
EE0004688,EMP1002,Carlos,Adams,1991-11-08,2021-01-17,,Active,Information Technology,DC
EE0004689,EMP1005,Chiamaka,Campbell,1973-02-04,2022-05-04,,Active,Administration,DC
EE0004690,EMP1002,Jordan,Miller,1974-09-14,2015-07-01,,Active,Administration,TX
EE0004691,EMP1002,Michael,Thomas,1993-12-06,2017-12-20,,Active,Legal and Compliance,DC
EE0004692,EMP1002,Amara,Martinez,1996-03-30,2022-08-20,,Active,Finance,TX
EE0004693,EMP1003,Victor,Walker,1997-03-18,2022-05-14,,Active,Supply Chain,NC
EE0004694,EMP1002,Andre,Walker,1966-06-03,2023-03-08,2025-07-10,Terminated,Information Technology,TX
EE0004695,EMP1005,Chiamaka,Nguyen,1968-11-14,2015-08-05,,Active,Operations,NY
EE0004696,EMP1004,Grace,Johnson,1966-12-28,2022-10-03,,Active,Finance,OH
EE0004697,EMP1005,Luis,Adeyemi,1968-06-03,2024-08-31,,Active,Administration,MD
EE0004698,EMP1001,Angela,Bennett,1994-04-02,2019-09-14,,Active,Sales,OH
EE0004699,EMP1003,Isaiah,Patel,1980-04-10,2023-03-07,,Active,Operations,MD
EE0004700,EMP1001,Chiamaka,Davis,1973-12-14,2021-09-04,,Active,Operations,FL
EE0004701,EMP1005,Aaliyah,Campbell,1972-07-31,2015-09-13,,Active,Sales,NY
EE0004702,EMP1001,Amara,Davis,1989-11-17,2025-04-28,,Active,Legal and Compliance,OH
EE0004703,EMP1001,Chiamaka,Garcia,1988-10-25,2018-11-11,,Active,Human Resources,OH
EE0004704,EMP1005,Leah,Robinson,1966-06-09,2020-01-25,,Active,Information Technology,DC
EE0004705,EMP1003,Priya,Davis,1995-10-21,2024-04-15,,Active,Human Resources,TX
EE0004706,EMP1004,Noah,Brown,1983-11-24,2024-12-14,,Active,Customer Operations,FL
EE0004707,EMP1003,Jordan,Martinez,1998-01-29,2022-04-02,,Active,Information Technology,NY
EE0004708,EMP1002,Elena,Brown,1995-03-13,2018-10-09,,Active,Legal and Compliance,TX
EE0004709,EMP1004,Maya,Taylor,2003-05-05,2020-09-18,2024-01-09,Terminated,Human Resources,FL
EE0004710,EMP1002,Michael,Brown,1997-07-18,2017-02-23,,Active,Operations,FL
EE0004711,EMP1004,Olivia,Patel,2004-08-10,2014-06-20,,Active,Human Resources,FL
EE0004712,EMP1004,Maya,Davis,2001-11-13,2016-01-29,,Active,Administration,FL
EE0004713,EMP1005,Samuel,Okafor,1968-05-11,2024-10-24,,Active,Legal and Compliance,NY
EE0004714,EMP1004,Nia,Wilson,1993-04-14,2023-12-04,2025-10-31,Terminated,Operations,VA
EE0004715,EMP1001,Leah,Garcia,1987-02-26,2020-02-01,,Active,Customer Operations,DC
EE0004716,EMP1003,Grace,Campbell,1998-10-12,2021-08-25,2026-05-23,Terminated,Customer Operations,NC
EE0004717,EMP1005,Maya,Johnson,1962-01-30,2024-08-06,2025-02-16,Terminated,Sales,NY
EE0004718,EMP1001,Isaiah,Adams,1961-08-06,2017-01-18,,Active,Sales,OH
EE0004719,EMP1003,Noah,Nguyen,2006-07-12,2025-09-11,,Active,Information Technology,NC
EE0004720,EMP1003,Kevin,Johnson,1989-06-21,2024-01-04,,Active,Human Resources,OH
EE0004721,EMP1002,David,Ibrahim,1983-06-28,2019-04-17,2025-10-04,Terminated,Administration,NC
EE0004722,EMP1005,Noah,Thomas,1969-09-07,2015-01-07,,Active,Supply Chain,NY
EE0004723,EMP1005,David,Okafor,1986-10-06,2017-07-16,,Active,Supply Chain,MD
EE0004724,EMP1001,Kevin,Okafor,1989-12-06,2014-02-21,2024-02-03,Terminated,Administration,OH
EE0004725,EMP1004,Jasmine,Davis,1989-12-15,2024-09-29,,Active,Human Resources,FL
EE0004726,EMP1003,Leah,Ibrahim,1994-11-24,2016-07-09,,Active,Customer Operations,DC
EE0004727,EMP1002,Omar,Smith,1979-09-02,2022-05-09,2024-04-22,Terminated,Supply Chain,NY
EE0004728,EMP1001,Ethan,Chen,1996-09-24,2024-08-14,,Active,Sales,OH
EE0004729,EMP1004,Nia,Williams,1989-01-05,2014-12-09,,Active,Information Technology,MD
EE0004730,EMP1001,Nia,Chen,1968-02-26,2016-07-20,,Active,Operations,OH
EE0004731,EMP1003,David,Thomas,1968-04-05,2020-05-14,,Active,Legal and Compliance,TX
EE0004732,EMP1001,Isaiah,Robinson,1978-09-15,2018-05-01,,Active,Customer Operations,NY
EE0004733,EMP1003,Aaliyah,Miller,1972-09-14,2023-02-01,,Active,Finance,NC
EE0004734,EMP1004,Ethan,Thomas,1999-10-03,2017-06-07,,Active,Customer Operations,FL
EE0004735,EMP1001,Malik,Bennett,1980-10-08,2015-01-18,2024-01-02,Terminated,Supply Chain,OH
EE0004736,EMP1004,Angela,Okafor,1981-03-14,2014-06-15,,Active,Customer Operations,FL
EE0004737,EMP1004,Jasmine,Adams,1985-11-05,2025-11-03,,Active,Supply Chain,VA
EE0004738,EMP1001,Naomi,Bennett,1997-01-25,2020-03-01,,Active,Finance,OH
EE0004739,EMP1002,Aaliyah,Okafor,1976-10-18,2019-02-04,,Active,Finance,TX
EE0004740,EMP1001,Naomi,Miller,1968-06-30,2023-04-06,,Active,Human Resources,OH
EE0004741,EMP1001,Isaiah,Williams,1975-11-01,2019-10-30,,Active,Human Resources,FL
EE0004742,EMP1001,Ethan,Garcia,1991-05-24,2021-01-23,,Active,Customer Operations,OH
EE0004743,EMP1004,David,Okafor,2002-06-22,2021-05-08,,Active,Customer Operations,FL
EE0004744,EMP1004,Noah,Miller,1969-02-03,2018-12-13,,Active,Human Resources,VA
EE0004745,EMP1004,Malik,Okafor,1999-02-17,2020-04-14,,Active,Administration,VA
EE0004746,EMP1002,Malik,Martinez,1965-02-28,2016-08-14,2024-03-26,Terminated,Legal and Compliance,MD
EE0004747,EMP1002,Carlos,Ibrahim,1986-09-11,2025-01-12,,Active,Human Resources,TX
EE0004748,EMP1004,Noah,Williams,1969-10-03,2023-05-22,,Active,Operations,FL
EE0004749,EMP1004,Ethan,Kim,1997-05-15,2019-09-22,2024-02-25,Terminated,Finance,VA
EE0004750,EMP1002,Zoe,Thomas,1962-01-31,2020-04-07,,Active,Administration,TX
EE0004751,EMP1004,Amara,Campbell,1983-10-21,2021-08-14,,Active,Finance,MD
EE0004752,EMP1005,Naomi,Garcia,1976-04-21,2022-10-16,,Active,Information Technology,OH
EE0004753,EMP1005,Olivia,Robinson,1981-01-14,2025-04-09,,Active,Operations,DC
EE0004754,EMP1005,Daniel,Garcia,2002-06-05,2021-08-06,,Active,Finance,OH
EE0004755,EMP1001,Elena,Garcia,2001-10-05,2023-07-10,,Active,Human Resources,OH
EE0004756,EMP1002,Zoe,Mensah,1977-03-14,2017-08-29,,Active,Customer Operations,TX
EE0004757,EMP1005,Olivia,Mensah,1972-07-22,2024-01-02,2024-11-20,Terminated,Information Technology,FL
EE0004758,EMP1003,Aaliyah,Walker,1992-06-14,2024-03-08,,Active,Legal and Compliance,FL
EE0004759,EMP1005,Malik,Kim,1976-06-20,2021-04-22,,Active,Customer Operations,NY
EE0004760,EMP1003,Daniel,Martinez,1979-06-08,2018-05-26,,Active,Administration,NC
EE0004761,EMP1004,Elena,Miller,1993-09-12,2014-11-25,,Active,Operations,FL
EE0004762,EMP1005,Naomi,Johnson,2006-09-10,2020-08-06,2024-06-16,Terminated,Human Resources,OH
EE0004763,EMP1004,Fatima,Campbell,1969-05-29,2014-02-08,,Active,Sales,OH
EE0004764,EMP1001,Nia,Kim,1974-10-13,2019-10-06,,Active,Human Resources,OH
EE0004765,EMP1001,Noah,Lewis,2003-12-25,2017-05-22,,Active,Customer Operations,NC
EE0004766,EMP1004,Elena,Martinez,1980-01-14,2023-08-11,,Active,Legal and Compliance,FL
EE0004767,EMP1002,Naomi,Thomas,1998-05-18,2019-04-27,,Active,Supply Chain,TX
EE0004768,EMP1002,Olivia,Okafor,1964-07-09,2025-06-04,,Active,Operations,TX
EE0004769,EMP1004,Chiamaka,Ibrahim,1989-11-06,2016-10-26,2025-05-09,Terminated,Finance,FL
EE0004770,EMP1001,Grace,Nguyen,1999-07-15,2025-01-18,,Active,Legal and Compliance,OH
EE0004771,EMP1001,Isaiah,Adams,1967-11-13,2020-02-18,,Active,Human Resources,OH
EE0004772,EMP1002,Andre,Okafor,1990-12-03,2014-04-03,2025-12-04,Terminated,Human Resources,OH
EE0004773,EMP1002,Amara,Kim,1962-01-10,2021-03-22,,Active,Administration,TX
EE0004774,EMP1004,Isaiah,Hernandez,1985-03-13,2026-02-08,,Active,Customer Operations,VA
EE0004775,EMP1001,Malik,Nguyen,1988-06-23,2018-07-30,,Active,Supply Chain,OH
EE0004776,EMP1005,Omar,Robinson,1999-02-27,2021-10-18,,Active,Operations,NY
EE0004777,EMP1005,Angela,Patel,1981-06-05,2014-08-01,,Active,Customer Operations,NY
EE0004778,EMP1003,Malik,Hernandez,1994-02-20,2020-04-15,,Active,Legal and Compliance,NY
EE0004779,EMP1005,Leah,Thomas,1965-08-25,2020-01-02,,Active,Information Technology,NY
EE0004780,EMP1004,Kevin,Wilson,2004-06-10,2021-06-03,,Active,Legal and Compliance,FL
EE0004781,EMP1001,Sophia,Adams,1998-01-24,2018-05-26,,Active,Human Resources,NC
EE0004782,EMP1002,Jasmine,Johnson,1995-09-20,2015-08-02,,Active,Operations,TX
EE0004783,EMP1002,Sophia,Adeyemi,1980-11-24,2021-04-27,,Active,Information Technology,NY
EE0004784,EMP1001,Samuel,Walker,1973-07-12,2016-07-18,,Active,Customer Operations,OH
EE0004785,EMP1002,Victor,Moore,2003-10-13,2023-08-13,,Active,Supply Chain,MD
EE0004786,EMP1003,Andre,Thomas,1978-03-23,2014-08-02,,Active,Customer Operations,NC
EE0004787,EMP1002,Maya,Garcia,1987-04-02,2015-02-12,,Active,Information Technology,TX
EE0004788,EMP1003,Malik,Walker,1985-04-18,2017-01-13,2026-02-21,Terminated,Administration,NC
EE0004789,EMP1004,Angela,Kim,2006-10-17,2021-10-31,,Active,Finance,FL
EE0004790,EMP1005,Jasmine,Garcia,1996-11-01,2023-04-12,,Active,Customer Operations,NY
EE0004791,EMP1001,David,Bennett,1992-07-07,2023-07-01,2025-12-21,Terminated,Sales,OH
EE0004792,EMP1001,Omar,Bennett,1967-01-08,2025-10-22,2026-03-25,Terminated,Operations,NC
EE0004793,EMP1004,Victor,Nguyen,1974-11-18,2014-07-03,2026-06-16,Terminated,Sales,TX
EE0004794,EMP1005,Zoe,Hernandez,1997-09-19,2020-05-27,2024-02-25,Terminated,Customer Operations,NY
EE0004795,EMP1002,Omar,Chen,1989-07-14,2022-09-05,,Active,Human Resources,TX
EE0004796,EMP1004,Victor,Williams,2006-04-30,2020-10-26,,Active,Administration,FL
EE0004797,EMP1004,Andre,Garcia,2000-05-27,2023-11-04,,Active,Information Technology,FL
EE0004798,EMP1005,Malik,Adeyemi,1997-12-19,2019-04-24,,Active,Human Resources,NY
EE0004799,EMP1002,Elena,Okafor,1963-05-18,2020-03-08,,Active,Legal and Compliance,TX
EE0004800,EMP1005,Naomi,Robinson,1965-08-05,2018-08-10,,Active,Legal and Compliance,MD
EE0004801,EMP1002,Priya,Hernandez,1996-01-27,2015-01-04,,Active,Operations,FL
EE0004802,EMP1002,Jordan,Martinez,2003-12-21,2018-12-03,,Active,Administration,FL
EE0004803,EMP1004,Nia,Martinez,1964-11-22,2023-04-08,,Active,Information Technology,FL
EE0004804,EMP1001,Nia,Moore,1981-12-15,2022-11-18,,Active,Information Technology,OH
EE0004805,EMP1005,Olivia,Adeyemi,1975-11-02,2014-07-11,2025-12-15,Terminated,Finance,MD
EE0004806,EMP1002,Fatima,Taylor,1999-07-05,2014-09-26,,Active,Customer Operations,DC
EE0004807,EMP1002,Fatima,Thomas,1965-06-21,2016-12-30,,Active,Finance,TX
EE0004808,EMP1003,Chiamaka,Williams,1976-04-01,2018-09-02,,Active,Supply Chain,VA
EE0004809,EMP1005,Omar,Taylor,1983-03-13,2024-07-29,2024-10-03,Terminated,Operations,NY
EE0004810,EMP1004,Jordan,Thomas,1969-11-09,2017-07-13,,Active,Legal and Compliance,NC
EE0004811,EMP1001,Sophia,Thomas,2006-12-03,2024-05-08,,Active,Human Resources,OH
EE0004812,EMP1003,Nia,Okafor,1974-09-12,2022-04-17,,Active,Customer Operations,NC
EE0004813,EMP1001,Andre,Adams,1998-01-04,2016-08-31,2026-02-19,Terminated,Finance,VA
EE0004814,EMP1005,Ethan,Davis,1966-10-26,2016-06-05,,Active,Sales,NC
EE0004815,EMP1002,Fatima,Adams,2005-09-02,2016-10-31,,Active,Legal and Compliance,TX
EE0004816,EMP1003,Chiamaka,Williams,2001-09-27,2019-11-26,,Active,Supply Chain,NY
EE0004817,EMP1005,Naomi,Smith,1991-11-09,2019-06-13,,Active,Operations,NY
EE0004818,EMP1003,Leah,Martinez,2002-02-04,2024-03-13,,Active,Human Resources,OH
EE0004819,EMP1002,Aaliyah,Brown,1997-08-23,2024-11-19,,Active,Information Technology,TX
EE0004820,EMP1005,Angela,Taylor,1979-10-04,2022-10-09,2025-07-21,Terminated,Customer Operations,MD
EE0004821,EMP1003,Kevin,Ibrahim,1991-02-08,2024-10-25,,Active,Finance,TX
EE0004822,EMP1002,Victor,Ibrahim,1963-01-07,2016-11-26,,Active,Human Resources,VA
EE0004823,EMP1005,Priya,Garcia,1995-11-21,2025-02-06,2026-02-14,Terminated,Supply Chain,NY
EE0004824,EMP1004,Naomi,Hernandez,1982-08-18,2018-04-18,,Active,Information Technology,FL
EE0004825,EMP1001,Amara,Adeyemi,2001-06-18,2021-02-20,,Active,Supply Chain,OH
EE0004826,EMP1005,Ethan,Kim,1998-09-14,2014-09-02,2024-10-31,Terminated,Operations,NC
EE0004827,EMP1005,Grace,Thomas,1969-02-15,2025-05-05,,Active,Legal and Compliance,NY
EE0004828,EMP1004,Grace,Moore,1973-10-27,2015-11-16,,Active,Customer Operations,FL
EE0004829,EMP1001,Grace,Johnson,1963-06-23,2024-12-08,,Active,Operations,OH
EE0004830,EMP1004,Luis,Ibrahim,1977-07-11,2018-03-28,,Active,Human Resources,FL
EE0004831,EMP1002,David,Bennett,1998-05-14,2015-02-01,,Active,Operations,OH
EE0004832,EMP1001,Daniel,Brown,1972-04-26,2024-12-26,,Active,Human Resources,OH
EE0004833,EMP1001,Andre,Ibrahim,1990-02-04,2018-08-25,,Active,Information Technology,OH
EE0004834,EMP1004,Elena,Williams,1997-07-18,2022-02-04,2025-06-14,Terminated,Customer Operations,DC
EE0004835,EMP1005,Nia,Brown,1965-10-29,2019-11-20,2025-10-21,Terminated,Customer Operations,NC
EE0004836,EMP1003,Fatima,Campbell,1991-05-30,2014-08-31,,Active,Operations,NY
EE0004837,EMP1004,Elena,Garcia,1982-08-26,2021-03-07,,Active,Information Technology,FL
EE0004838,EMP1005,Malik,Adams,1965-05-31,2014-09-28,,Active,Sales,DC
EE0004839,EMP1003,Jordan,Smith,1997-02-04,2022-08-05,,Active,Operations,NC
EE0004840,EMP1002,Kevin,Johnson,2004-04-26,2018-09-24,,Active,Human Resources,OH
EE0004841,EMP1002,Jasmine,Kim,1970-03-21,2023-06-13,,Active,Administration,NY
EE0004842,EMP1005,Maya,Johnson,1990-01-14,2016-09-22,,Active,Human Resources,TX
EE0004843,EMP1001,Aaliyah,Ibrahim,1991-07-14,2015-07-01,2026-03-12,Terminated,Customer Operations,OH
EE0004844,EMP1002,Zoe,Hernandez,1976-07-27,2017-04-01,,Active,Supply Chain,TX
EE0004845,EMP1004,Aaliyah,Wilson,1991-04-07,2022-03-19,,Active,Finance,NC
EE0004846,EMP1004,Ethan,Wilson,1975-01-23,2015-04-07,,Active,Administration,FL
EE0004847,EMP1004,Naomi,Martinez,2000-03-24,2014-06-29,2025-08-05,Terminated,Supply Chain,FL
EE0004848,EMP1005,Aaliyah,Brown,1974-08-17,2020-08-07,,Active,Information Technology,FL
EE0004849,EMP1004,Kevin,Patel,1996-12-31,2021-02-02,,Active,Customer Operations,FL
EE0004850,EMP1005,Leah,Walker,1970-07-07,2017-04-12,2025-04-24,Terminated,Sales,TX
EE0004851,EMP1001,Jordan,Nguyen,1982-10-23,2018-11-14,2025-08-10,Terminated,Finance,OH
EE0004852,EMP1002,Sophia,Williams,1990-10-19,2024-06-06,,Active,Sales,DC
EE0004853,EMP1001,Andre,Chen,1971-09-17,2014-09-26,,Active,Finance,OH
EE0004854,EMP1003,Aaliyah,Moore,1995-05-24,2019-10-31,,Active,Legal and Compliance,NY
EE0004855,EMP1005,Luis,Ibrahim,2007-02-03,2018-07-28,,Active,Legal and Compliance,DC
EE0004856,EMP1004,Carlos,Thomas,2005-12-12,2023-02-21,,Active,Human Resources,TX
EE0004857,EMP1002,Naomi,Lewis,1990-12-22,2019-01-31,,Active,Human Resources,OH
EE0004858,EMP1002,Angela,Davis,2004-04-26,2020-12-25,,Active,Finance,OH
EE0004859,EMP1002,David,Martinez,1993-04-24,2017-12-01,2024-05-26,Terminated,Customer Operations,TX
EE0004860,EMP1002,Grace,Bennett,1977-06-18,2014-01-16,2024-04-18,Terminated,Human Resources,TX
EE0004861,EMP1003,Ethan,Wilson,1966-05-10,2025-07-12,,Active,Operations,NC
EE0004862,EMP1003,Angela,Thomas,1999-08-09,2025-05-07,,Active,Human Resources,NC
EE0004863,EMP1005,Carlos,Thomas,1970-09-04,2017-07-05,,Active,Operations,VA
EE0004864,EMP1004,Luis,Davis,1984-12-03,2018-12-01,,Active,Administration,FL
EE0004865,EMP1002,Michael,Lewis,1966-08-08,2021-05-08,2025-09-08,Terminated,Information Technology,TX
EE0004866,EMP1002,Victor,Williams,1999-08-03,2020-09-20,,Active,Information Technology,TX
EE0004867,EMP1003,Jordan,Hernandez,1992-09-09,2014-02-24,,Active,Supply Chain,NC
EE0004868,EMP1005,Chiamaka,Ibrahim,1998-11-19,2022-09-04,,Active,Sales,TX
EE0004869,EMP1004,Amara,Adams,1990-02-18,2022-12-17,,Active,Human Resources,FL
EE0004870,EMP1005,Elena,Ibrahim,2002-12-11,2018-07-16,2026-03-28,Terminated,Administration,MD
EE0004871,EMP1003,Leah,Lewis,1981-08-08,2014-02-27,,Active,Finance,NC
EE0004872,EMP1001,Fatima,Hernandez,1993-05-08,2021-02-28,,Active,Information Technology,OH
EE0004873,EMP1005,Chiamaka,Chen,1993-06-10,2022-03-29,2025-04-13,Terminated,Operations,NY
EE0004874,EMP1005,Andre,Ibrahim,1961-09-06,2021-02-06,,Active,Administration,NY
EE0004875,EMP1004,Samuel,Garcia,1989-02-25,2016-07-02,2024-07-25,Terminated,Operations,FL
EE0004876,EMP1005,Leah,Thomas,1995-09-20,2018-05-10,2024-12-06,Terminated,Operations,NY
EE0004877,EMP1003,Victor,Lewis,1969-06-19,2014-11-28,,Active,Customer Operations,NC
EE0004878,EMP1005,Grace,Kim,1974-07-16,2025-08-24,,Active,Supply Chain,NY
EE0004879,EMP1005,Nia,Davis,1988-11-08,2020-01-29,2025-01-23,Terminated,Supply Chain,FL
EE0004880,EMP1004,Isaiah,Chen,1975-06-03,2023-04-13,,Active,Legal and Compliance,NC
EE0004881,EMP1002,Andre,Taylor,1989-12-06,2021-11-14,,Active,Supply Chain,TX
EE0004882,EMP1005,Priya,Hernandez,1981-07-11,2015-01-14,,Active,Finance,FL
EE0004883,EMP1003,Omar,Chen,2000-09-23,2016-01-11,,Active,Information Technology,NC
EE0004884,EMP1005,Nia,Patel,1973-10-08,2017-12-09,2025-03-04,Terminated,Finance,DC
EE0004885,EMP1003,Jordan,Brown,1995-02-15,2018-11-23,2025-04-28,Terminated,Customer Operations,NC
EE0004886,EMP1002,Omar,Taylor,1985-01-10,2023-02-22,2024-08-25,Terminated,Finance,OH
EE0004887,EMP1002,Carlos,Brown,1975-02-21,2015-11-23,,Active,Sales,TX
EE0004888,EMP1003,Amara,Williams,1970-06-16,2021-07-07,2026-02-03,Terminated,Customer Operations,MD
EE0004889,EMP1005,Sophia,Nguyen,2007-04-27,2018-09-29,,Active,Customer Operations,NY
EE0004890,EMP1005,Fatima,Okafor,1972-05-12,2022-12-29,2024-05-22,Terminated,Administration,NY
EE0004891,EMP1004,Samuel,Garcia,2002-08-21,2020-03-29,,Active,Supply Chain,FL
EE0004892,EMP1005,Noah,Okafor,1989-03-12,2025-10-31,2026-06-07,Terminated,Operations,NC
EE0004893,EMP1003,Andre,Adams,1983-09-27,2015-05-14,,Active,Customer Operations,NC
EE0004894,EMP1005,Malik,Miller,1974-06-29,2018-06-19,,Active,Sales,NY
EE0004895,EMP1001,Isaiah,Bennett,1971-01-16,2014-12-07,,Active,Legal and Compliance,NC
EE0004896,EMP1002,Olivia,Miller,1969-03-05,2017-03-08,2026-06-01,Terminated,Operations,FL
EE0004897,EMP1005,Maya,Brown,1994-05-01,2017-02-05,,Active,Customer Operations,NY
EE0004898,EMP1005,Fatima,Okafor,1990-02-14,2022-11-26,2024-02-20,Terminated,Human Resources,VA
EE0004899,EMP1004,Maya,Miller,1965-04-28,2024-01-24,,Active,Information Technology,FL
EE0004900,EMP1002,Carlos,Davis,1975-03-30,2024-11-02,,Active,Supply Chain,TX
EE0004901,EMP1002,Daniel,Patel,1961-09-23,2019-05-28,,Active,Supply Chain,TX
EE0004902,EMP1004,Zoe,Chen,1963-11-15,2025-08-26,,Active,Administration,FL
EE0004903,EMP1002,Olivia,Johnson,1962-11-18,2015-10-29,,Active,Supply Chain,TX
EE0004904,EMP1005,Nia,Davis,2003-09-13,2022-08-02,2024-10-05,Terminated,Operations,TX
EE0004905,EMP1002,Grace,Patel,1981-05-30,2024-07-25,,Active,Human Resources,TX
EE0004906,EMP1002,Grace,Mensah,1995-09-30,2014-05-25,2026-04-21,Terminated,Legal and Compliance,NY
EE0004907,EMP1001,Priya,Williams,2003-05-15,2019-08-17,2025-03-10,Terminated,Customer Operations,OH
EE0004908,EMP1001,Sophia,Martinez,1969-12-13,2014-04-20,,Active,Supply Chain,OH
EE0004909,EMP1005,Zoe,Wilson,2004-04-29,2016-10-15,,Active,Finance,NY
EE0004910,EMP1004,Leah,Ibrahim,1962-03-10,2016-05-16,,Active,Human Resources,FL
EE0004911,EMP1002,Malik,Chen,1977-11-20,2025-03-09,,Active,Legal and Compliance,TX
EE0004912,EMP1001,Jasmine,Robinson,2003-10-22,2020-10-01,,Active,Sales,OH
EE0004913,EMP1002,Carlos,Smith,1984-10-29,2026-02-14,2026-05-21,Terminated,Legal and Compliance,TX
EE0004914,EMP1003,Angela,Kim,1983-07-11,2014-12-31,,Active,Operations,NC
EE0004915,EMP1003,Omar,Williams,1985-12-07,2017-02-26,,Active,Sales,NY
EE0004916,EMP1004,Michael,Garcia,1986-02-25,2025-05-17,,Active,Supply Chain,FL
EE0004917,EMP1005,Olivia,Williams,1982-09-21,2019-09-27,,Active,Administration,NY
EE0004918,EMP1001,Amara,Johnson,1978-01-17,2025-12-09,,Active,Human Resources,NY
EE0004919,EMP1002,Maya,Martinez,1992-11-08,2014-12-22,,Active,Operations,TX
EE0004920,EMP1003,David,Hernandez,2004-07-20,2021-09-11,,Active,Operations,TX
EE0004921,EMP1002,Samuel,Miller,1991-05-18,2017-04-24,,Active,Information Technology,TX
EE0004922,EMP1004,Jordan,Robinson,1967-02-17,2014-06-07,,Active,Administration,OH
EE0004923,EMP1004,Fatima,Walker,1979-11-15,2022-01-23,,Active,Legal and Compliance,NC
EE0004924,EMP1001,Nia,Wilson,2001-05-02,2019-12-19,,Active,Administration,OH
EE0004925,EMP1001,Noah,Campbell,2000-05-05,2016-06-08,,Active,Administration,OH
EE0004926,EMP1005,Luis,Mensah,1963-09-12,2018-07-13,,Active,Finance,NY
EE0004927,EMP1002,Maya,Campbell,1974-03-31,2015-02-16,,Active,Human Resources,TX
EE0004928,EMP1003,Naomi,Adeyemi,1992-03-22,2023-08-06,2025-12-31,Terminated,Human Resources,NC
EE0004929,EMP1001,Andre,Adeyemi,1963-04-08,2023-09-29,,Active,Administration,TX
EE0004930,EMP1004,Michael,Patel,1974-09-13,2018-04-20,2025-04-06,Terminated,Information Technology,FL
EE0004931,EMP1004,Luis,Miller,2006-04-08,2026-03-03,,Active,Human Resources,FL
EE0004932,EMP1001,Noah,Smith,1987-04-10,2014-11-11,2024-09-07,Terminated,Human Resources,OH
EE0004933,EMP1005,David,Nguyen,1966-05-08,2018-01-01,,Active,Customer Operations,NC
EE0004934,EMP1005,Maya,Okafor,1981-12-05,2020-06-02,,Active,Administration,NY
EE0004935,EMP1004,Carlos,Ibrahim,1984-04-18,2014-08-31,,Active,Legal and Compliance,FL
EE0004936,EMP1005,Leah,Adams,1967-08-04,2020-01-02,,Active,Finance,TX
EE0004937,EMP1002,Luis,Smith,1999-03-24,2022-09-20,,Active,Administration,MD
EE0004938,EMP1001,Kevin,Williams,2007-05-02,2020-11-28,2025-05-01,Terminated,Human Resources,OH
EE0004939,EMP1005,Ethan,Okafor,1974-03-04,2018-09-19,,Active,Sales,VA
EE0004940,EMP1003,Angela,Moore,1990-06-07,2023-12-25,,Active,Human Resources,NC
EE0004941,EMP1001,Grace,Nguyen,1981-08-17,2022-11-08,,Active,Sales,OH
EE0004942,EMP1005,Victor,Kim,1998-05-05,2024-08-30,,Active,Information Technology,OH
EE0004943,EMP1001,Carlos,Campbell,1994-09-07,2020-09-20,,Active,Administration,DC
EE0004944,EMP1002,Grace,Moore,1990-03-25,2021-01-01,,Active,Customer Operations,FL
EE0004945,EMP1002,Jasmine,Williams,1969-02-07,2023-11-25,,Active,Legal and Compliance,TX
EE0004946,EMP1003,Kevin,Robinson,1971-02-25,2014-05-30,,Active,Operations,OH
EE0004947,EMP1002,Malik,Johnson,1970-12-14,2018-09-01,2026-05-03,Terminated,Finance,TX
EE0004948,EMP1005,Daniel,Mensah,1970-07-16,2014-09-07,,Active,Information Technology,NY
EE0004949,EMP1005,Jordan,Moore,1979-01-18,2014-08-18,,Active,Administration,NY
EE0004950,EMP1004,Chiamaka,Martinez,1982-09-22,2023-03-10,,Active,Information Technology,NC
EE0004951,EMP1005,Angela,Lewis,2004-12-25,2020-09-21,,Active,Supply Chain,NY
EE0004952,EMP1004,Grace,Okafor,1972-08-18,2021-07-11,2024-06-18,Terminated,Legal and Compliance,FL
EE0004953,EMP1001,Ethan,Kim,2001-02-03,2023-07-11,,Active,Legal and Compliance,NY
EE0004954,EMP1003,Nia,Kim,1994-04-13,2016-02-22,,Active,Customer Operations,OH
EE0004955,EMP1004,Angela,Ibrahim,1995-06-21,2023-04-14,,Active,Administration,MD
EE0004956,EMP1003,Ethan,Miller,1990-07-12,2017-11-05,,Active,Operations,NC
EE0004957,EMP1004,Kevin,Kim,1990-09-15,2017-11-07,,Active,Supply Chain,FL
EE0004958,EMP1001,David,Adams,1986-08-23,2017-08-16,,Active,Information Technology,OH
EE0004959,EMP1002,Jasmine,Ibrahim,2001-08-31,2019-07-09,,Active,Information Technology,MD
EE0004960,EMP1001,Maya,Adeyemi,1992-09-27,2022-02-03,,Active,Finance,OH
EE0004961,EMP1001,Aaliyah,Nguyen,1969-09-15,2014-05-03,,Active,Administration,OH
EE0004962,EMP1004,Luis,Moore,1996-11-03,2025-07-06,,Active,Information Technology,FL
EE0004963,EMP1001,Zoe,Mensah,1968-10-22,2022-01-05,2024-05-16,Terminated,Operations,DC
EE0004964,EMP1005,Naomi,Hernandez,1977-08-12,2026-06-15,,Active,Legal and Compliance,NY
EE0004965,EMP1001,Michael,Williams,1967-06-12,2017-11-25,2024-01-08,Terminated,Operations,OH
EE0004966,EMP1004,Omar,Brown,1973-02-27,2025-08-29,,Active,Finance,FL
EE0004967,EMP1001,Noah,Hernandez,1970-09-04,2024-07-19,,Active,Legal and Compliance,OH
EE0004968,EMP1005,Isaiah,Ibrahim,1998-03-09,2019-01-27,,Active,Human Resources,OH
EE0004969,EMP1003,Amara,Thomas,1985-11-21,2018-07-09,,Active,Finance,NC
EE0004970,EMP1001,Maya,Okafor,1999-12-18,2018-07-31,,Active,Operations,OH
EE0004971,EMP1003,Noah,Taylor,1965-11-22,2021-08-19,,Active,Operations,NC
EE0004972,EMP1004,Victor,Martinez,2002-03-23,2025-05-27,2025-09-23,Terminated,Customer Operations,FL
EE0004973,EMP1004,Andre,Moore,1962-09-18,2022-05-06,,Active,Legal and Compliance,FL
EE0004974,EMP1005,Jordan,Taylor,1963-11-09,2015-05-19,,Active,Human Resources,OH
EE0004975,EMP1005,Jordan,Miller,1992-07-09,2014-05-15,,Active,Finance,NY
EE0004976,EMP1005,Nia,Mensah,1988-03-30,2021-05-28,2026-01-04,Terminated,Human Resources,NY
EE0004977,EMP1003,Grace,Garcia,1968-08-04,2018-03-18,,Active,Information Technology,VA
EE0004978,EMP1002,Zoe,Garcia,1989-12-23,2018-03-02,,Active,Legal and Compliance,TX
EE0004979,EMP1004,Victor,Kim,1993-10-20,2019-07-20,,Active,Customer Operations,FL
EE0004980,EMP1004,Andre,Smith,2003-12-22,2020-07-07,,Active,Finance,FL
EE0004981,EMP1005,Victor,Thomas,1989-02-15,2023-07-17,,Active,Operations,FL
EE0004982,EMP1004,Malik,Campbell,2001-11-04,2014-04-23,,Active,Finance,NC
EE0004983,EMP1002,Amara,Williams,1979-08-07,2016-01-19,2026-02-20,Terminated,Human Resources,MD
EE0004984,EMP1003,Jordan,Walker,2003-11-30,2024-05-18,,Active,Sales,DC
EE0004985,EMP1001,Kevin,Patel,1964-08-17,2014-10-23,,Active,Legal and Compliance,NY
EE0004986,EMP1004,Nia,Brown,1998-05-07,2022-11-04,,Active,Human Resources,FL
EE0004987,EMP1005,Noah,Lewis,1981-04-30,2023-11-17,,Active,Information Technology,NY
EE0004988,EMP1002,Isaiah,Campbell,1991-03-16,2025-10-14,,Active,Supply Chain,OH
EE0004989,EMP1003,Isaiah,Walker,1994-01-02,2018-01-12,,Active,Sales,NC
EE0004990,EMP1002,Andre,Robinson,1986-08-10,2022-06-21,,Active,Finance,FL
EE0004991,EMP1004,Naomi,Hernandez,1964-05-10,2021-11-05,,Active,Customer Operations,FL
EE0004992,EMP1003,Olivia,Lewis,1998-09-25,2023-12-02,,Active,Supply Chain,NC
EE0004993,EMP1001,Aaliyah,Taylor,1964-08-12,2020-04-25,,Active,Customer Operations,NC
EE0004994,EMP1005,Fatima,Ibrahim,1973-08-25,2021-04-13,,Active,Information Technology,MD
EE0004995,EMP1001,Chiamaka,Mensah,2001-07-07,2021-05-11,2024-07-08,Terminated,Supply Chain,DC
EE0004996,EMP1005,Naomi,Ibrahim,1963-03-20,2019-06-18,2025-03-24,Terminated,Legal and Compliance,TX
EE0004997,EMP1004,Olivia,Garcia,1988-08-20,2015-11-22,,Active,Supply Chain,FL
EE0004998,EMP1001,Ethan,Williams,2002-06-25,2020-01-03,,Active,Operations,OH
EE0004999,EMP1001,Nia,Campbell,1999-07-09,2018-08-02,,Active,Finance,OH
EE0005000,EMP1002,David,Martinez,1989-06-02,2017-10-21,,Active,Sales,TX
EE0005001,EMP1005,Jordan,Williams,1985-11-26,2025-12-17,,Active,Legal and Compliance,NY
EE0005002,EMP1001,Grace,Patel,1962-09-17,2024-09-22,,Active,Operations,OH
EE0005003,EMP1004,Chiamaka,Mensah,1988-08-04,2018-04-24,,Active,Finance,NC
EE0005004,EMP1003,Grace,Lewis,1961-01-01,2017-01-27,,Active,Customer Operations,OH
EE0005005,EMP1003,Daniel,Walker,1968-05-12,2025-06-27,,Active,Sales,NC
EE0005006,EMP1002,Kevin,Williams,1964-08-28,2022-08-25,,Active,Administration,TX
EE0005007,EMP1004,Samuel,Garcia,2002-11-21,2018-11-18,,Active,Sales,FL
EE0005008,EMP1005,Grace,Campbell,1966-06-18,2014-07-09,,Active,Administration,MD
EE0005009,EMP1004,Nia,Moore,1996-12-22,2025-04-17,,Active,Customer Operations,FL
EE0005010,EMP1005,Amara,Okafor,1976-11-27,2020-03-26,,Active,Administration,NY
EE0005011,EMP1005,Naomi,Wilson,1971-03-25,2024-12-26,,Active,Finance,NY
EE0005012,EMP1002,Sophia,Mensah,1995-09-26,2024-08-19,,Active,Customer Operations,VA
EE0005013,EMP1001,Samuel,Johnson,1975-08-30,2018-03-03,,Active,Information Technology,MD
EE0005014,EMP1004,Jasmine,Brown,1968-10-24,2017-06-12,,Active,Finance,OH
EE0005015,EMP1004,Leah,Johnson,1987-10-19,2022-02-17,,Active,Sales,FL
EE0005016,EMP1001,Elena,Kim,1963-03-04,2014-12-11,,Active,Finance,OH
EE0005017,EMP1002,Ethan,Brown,1996-09-11,2014-05-07,,Active,Human Resources,TX
EE0005018,EMP1003,Isaiah,Brown,1968-10-04,2021-01-05,,Active,Supply Chain,NY
EE0005019,EMP1003,Sophia,Thomas,1997-12-26,2017-07-23,2025-03-05,Terminated,Operations,NC
EE0005020,EMP1005,Isaiah,Moore,1991-08-13,2024-06-28,2024-10-15,Terminated,Supply Chain,FL
EE0005021,EMP1005,Michael,Ibrahim,1994-11-18,2014-12-07,,Active,Human Resources,MD
EE0005022,EMP1004,Noah,Hernandez,1994-09-24,2021-09-23,,Active,Information Technology,FL
EE0005023,EMP1005,Luis,Campbell,1990-01-12,2015-07-05,,Active,Legal and Compliance,TX
EE0005024,EMP1004,Nia,Williams,2000-11-04,2024-01-14,,Active,Sales,DC
EE0005025,EMP1001,Isaiah,Patel,1990-04-16,2016-08-11,,Active,Finance,VA
EE0005026,EMP1005,Samuel,Davis,1995-12-18,2016-03-01,,Active,Information Technology,NY
EE0005027,EMP1003,Elena,Wilson,1980-04-13,2025-05-17,,Active,Supply Chain,NC
EE0005028,EMP1003,Luis,Moore,1981-11-21,2018-05-04,,Active,Operations,NC
EE0005029,EMP1005,David,Walker,1967-10-30,2024-02-03,,Active,Administration,VA
EE0005030,EMP1002,Naomi,Brown,1974-11-12,2020-09-17,2025-07-19,Terminated,Supply Chain,NY
EE0005031,EMP1005,Olivia,Ibrahim,1970-08-26,2020-01-26,,Active,Customer Operations,FL
EE0005032,EMP1004,Angela,Thomas,1979-07-04,2015-12-11,,Active,Sales,FL
EE0005033,EMP1001,Chiamaka,Johnson,1980-08-29,2022-12-15,,Active,Finance,OH
EE0005034,EMP1004,Carlos,Nguyen,1977-10-19,2024-11-26,,Active,Sales,FL
EE0005035,EMP1003,Fatima,Thomas,1982-08-12,2023-09-15,,Active,Supply Chain,DC
EE0005036,EMP1002,Aaliyah,Williams,1982-12-06,2021-05-12,,Active,Information Technology,FL
EE0005037,EMP1001,Luis,Smith,1999-03-03,2021-03-10,,Active,Sales,VA
EE0005038,EMP1004,Amara,Taylor,1985-03-26,2020-04-07,,Active,Operations,FL
EE0005039,EMP1003,Amara,Ibrahim,1980-12-02,2018-10-29,,Active,Sales,NC
EE0005040,EMP1001,Sophia,Wilson,1970-09-22,2016-01-23,,Active,Sales,DC
EE0005041,EMP1003,Nia,Ibrahim,2002-03-13,2017-07-16,,Active,Administration,FL
EE0005042,EMP1002,Omar,Campbell,2007-04-01,2014-02-27,2025-02-24,Terminated,Sales,NC
EE0005043,EMP1003,Grace,Bennett,1968-07-01,2014-12-16,,Active,Supply Chain,FL
EE0005044,EMP1002,Grace,Moore,1961-11-21,2016-08-12,,Active,Human Resources,TX
EE0005045,EMP1002,Fatima,Patel,2002-06-01,2024-07-06,,Active,Finance,TX
EE0005046,EMP1002,Elena,Patel,1969-04-01,2020-02-02,,Active,Administration,TX
EE0005047,EMP1001,Maya,Moore,1969-01-09,2018-10-07,,Active,Information Technology,OH
EE0005048,EMP1001,Omar,Chen,1981-07-29,2019-06-06,,Active,Administration,OH
EE0005049,EMP1005,Kevin,Davis,1971-07-23,2018-09-05,2024-02-08,Terminated,Customer Operations,VA
EE0005050,EMP1004,Jasmine,Wilson,1963-12-05,2023-11-26,2025-09-14,Terminated,Finance,OH
EE0005051,EMP1005,Luis,Walker,1973-07-01,2026-04-08,,Active,Finance,VA
EE0005052,EMP1004,Leah,Thomas,1993-11-29,2020-06-26,,Active,Customer Operations,FL
EE0005053,EMP1001,Kevin,Martinez,1994-04-28,2022-05-21,,Active,Human Resources,VA
EE0005054,EMP1005,Zoe,Walker,2003-04-22,2020-10-05,2024-09-09,Terminated,Human Resources,OH
EE0005055,EMP1001,Priya,Robinson,1963-11-18,2018-01-02,,Active,Operations,OH
EE0005056,EMP1004,Maya,Adeyemi,1963-02-18,2025-04-23,,Active,Human Resources,NY
EE0005057,EMP1003,Naomi,Thomas,1987-04-25,2025-09-29,,Active,Legal and Compliance,NC
EE0005058,EMP1001,Kevin,Hernandez,1990-07-08,2015-09-21,,Active,Sales,OH
EE0005059,EMP1003,Amara,Brown,2005-08-22,2024-11-30,,Active,Sales,DC
EE0005060,EMP1001,Sophia,Hernandez,1975-08-25,2026-03-03,2026-06-18,Terminated,Sales,OH
EE0005061,EMP1004,Jasmine,Davis,1990-11-14,2021-10-16,,Active,Human Resources,NC
EE0005062,EMP1002,Grace,Nguyen,1996-12-05,2014-09-20,,Active,Legal and Compliance,TX
EE0005063,EMP1004,Noah,Lewis,1962-05-03,2022-09-11,,Active,Legal and Compliance,DC
EE0005064,EMP1004,Grace,Adeyemi,1969-02-03,2016-03-22,,Active,Operations,FL
EE0005065,EMP1005,Leah,Martinez,1997-03-09,2024-06-24,,Active,Information Technology,MD
EE0005066,EMP1005,Victor,Hernandez,1972-10-29,2017-03-21,,Active,Human Resources,NY
EE0005067,EMP1003,Andre,Hernandez,1982-08-31,2017-10-11,,Active,Customer Operations,NY
EE0005068,EMP1003,Leah,Nguyen,2004-11-02,2016-03-14,,Active,Supply Chain,NC
EE0005069,EMP1002,Andre,Moore,1987-07-15,2025-04-14,,Active,Legal and Compliance,TX
EE0005070,EMP1001,Grace,Adeyemi,1968-04-03,2018-08-17,,Active,Legal and Compliance,OH
EE0005071,EMP1004,Grace,Walker,1993-05-28,2021-11-10,,Active,Sales,FL
EE0005072,EMP1001,Luis,Bennett,1962-12-22,2024-10-20,,Active,Legal and Compliance,VA
EE0005073,EMP1004,Leah,Taylor,1999-04-18,2024-12-14,,Active,Sales,DC
EE0005074,EMP1005,Malik,Johnson,1975-09-22,2025-06-15,,Active,Legal and Compliance,FL
EE0005075,EMP1002,Maya,Martinez,1968-08-20,2016-02-07,,Active,Operations,TX
EE0005076,EMP1001,Samuel,Davis,1974-02-22,2020-10-05,2025-09-19,Terminated,Finance,NY
EE0005077,EMP1005,Omar,Bennett,1974-09-05,2020-10-25,,Active,Customer Operations,NY
EE0005078,EMP1002,Zoe,Moore,1974-09-06,2024-09-15,,Active,Operations,TX
EE0005079,EMP1003,Kevin,Mensah,1974-11-03,2024-08-08,2025-06-22,Terminated,Sales,OH
EE0005080,EMP1005,Kevin,Walker,1998-04-19,2022-02-17,,Active,Information Technology,NY
EE0005081,EMP1001,Malik,Okafor,2004-08-09,2019-09-17,,Active,Customer Operations,OH
EE0005082,EMP1005,Zoe,Smith,1967-07-17,2017-04-27,2024-12-14,Terminated,Operations,NY
EE0005083,EMP1004,Olivia,Johnson,1994-12-03,2017-06-20,,Active,Information Technology,NY
EE0005084,EMP1002,Aaliyah,Chen,1987-02-28,2022-08-12,2024-02-02,Terminated,Human Resources,TX
EE0005085,EMP1003,Ethan,Patel,1994-06-13,2025-09-04,,Active,Supply Chain,NC
EE0005086,EMP1004,Michael,Adeyemi,2003-12-22,2018-02-11,,Active,Information Technology,MD
EE0005087,EMP1002,Omar,Martinez,1980-03-26,2020-02-21,,Active,Human Resources,VA
EE0005088,EMP1004,Ethan,Hernandez,1962-08-26,2023-08-01,,Active,Legal and Compliance,OH
EE0005089,EMP1004,Angela,Adams,1980-06-10,2015-02-04,,Active,Sales,DC
EE0005090,EMP1005,Luis,Martinez,1994-09-27,2018-08-27,,Active,Customer Operations,DC
EE0005091,EMP1001,Kevin,Adeyemi,1962-04-13,2015-02-28,,Active,Information Technology,NC
EE0005092,EMP1003,Chiamaka,Garcia,1976-04-16,2020-06-17,,Active,Operations,NC
EE0005093,EMP1004,Michael,Nguyen,1963-05-26,2020-04-16,,Active,Human Resources,FL
EE0005094,EMP1003,Grace,Davis,1999-08-04,2021-11-01,,Active,Administration,FL
EE0005095,EMP1005,Luis,Lewis,2005-12-29,2015-10-02,,Active,Finance,MD
EE0005096,EMP1004,Angela,Bennett,2001-09-24,2015-10-10,,Active,Operations,FL
EE0005097,EMP1001,Michael,Adeyemi,1973-02-14,2015-06-20,2025-11-10,Terminated,Finance,OH
EE0005098,EMP1005,Leah,Wilson,1980-10-14,2024-11-04,,Active,Finance,NY
EE0005099,EMP1005,Andre,Nguyen,1977-02-08,2023-03-23,2024-09-09,Terminated,Legal and Compliance,DC
EE0005100,EMP1001,Michael,Chen,1996-10-02,2020-10-09,,Active,Customer Operations,NC
EE0005101,EMP1001,David,Johnson,1986-01-15,2020-06-25,,Active,Customer Operations,OH
EE0005102,EMP1001,Chiamaka,Mensah,1982-04-10,2021-07-25,,Active,Supply Chain,NC
EE0005103,EMP1001,Andre,Robinson,1963-08-17,2017-08-31,,Active,Human Resources,OH
EE0005104,EMP1005,Maya,Adams,1979-12-28,2015-03-12,2025-06-16,Terminated,Supply Chain,NY
EE0005105,EMP1002,Isaiah,Chen,2006-12-02,2023-11-17,,Active,Legal and Compliance,TX
EE0005106,EMP1002,Isaiah,Patel,2003-04-11,2018-03-14,2024-06-25,Terminated,Finance,MD
EE0005107,EMP1005,Isaiah,Moore,1964-03-11,2016-12-01,,Active,Supply Chain,NY
EE0005108,EMP1003,Ethan,Adeyemi,1990-07-29,2014-10-04,2025-01-14,Terminated,Customer Operations,NC
EE0005109,EMP1001,Ethan,Hernandez,1981-01-07,2021-11-22,,Active,Human Resources,OH
EE0005110,EMP1003,Andre,Okafor,1975-01-17,2023-07-20,,Active,Administration,NC
EE0005111,EMP1001,Kevin,Walker,1992-04-05,2019-06-06,,Active,Sales,MD
EE0005112,EMP1001,Carlos,Brown,1979-04-04,2021-10-14,,Active,Supply Chain,NY
EE0005113,EMP1002,Omar,Kim,1996-06-24,2024-06-21,,Active,Human Resources,TX
EE0005114,EMP1002,Kevin,Lewis,1979-12-31,2016-10-12,,Active,Human Resources,FL
EE0005115,EMP1003,Nia,Ibrahim,1991-10-16,2025-08-04,,Active,Legal and Compliance,VA
EE0005116,EMP1004,Chiamaka,Smith,1992-05-22,2015-07-20,2025-05-15,Terminated,Information Technology,VA
EE0005117,EMP1005,Samuel,Brown,1976-09-07,2016-08-28,,Active,Information Technology,FL
EE0005118,EMP1004,Chiamaka,Miller,1972-10-21,2015-10-12,,Active,Sales,NY
EE0005119,EMP1001,Kevin,Lewis,1972-09-13,2017-10-09,,Active,Human Resources,NC
EE0005120,EMP1003,Elena,Patel,1975-12-23,2017-01-10,,Active,Human Resources,TX
EE0005121,EMP1002,Chiamaka,Miller,1990-10-16,2024-09-25,,Active,Legal and Compliance,TX
EE0005122,EMP1002,Kevin,Chen,1962-12-18,2019-10-30,,Active,Sales,TX
EE0005123,EMP1004,Isaiah,Davis,1968-08-17,2024-09-30,,Active,Supply Chain,FL
EE0005124,EMP1001,Jasmine,Smith,2006-07-11,2019-12-05,,Active,Customer Operations,DC
EE0005125,EMP1004,Daniel,Campbell,2006-12-13,2018-11-25,,Active,Customer Operations,FL
EE0005126,EMP1003,Omar,Nguyen,2001-06-30,2016-09-12,,Active,Supply Chain,MD
EE0005127,EMP1003,Elena,Nguyen,1997-08-14,2021-08-06,,Active,Information Technology,OH
EE0005128,EMP1001,Carlos,Miller,1966-07-24,2018-06-09,,Active,Information Technology,OH
EE0005129,EMP1003,Olivia,Mensah,1992-06-04,2014-06-01,,Active,Customer Operations,OH
EE0005130,EMP1002,Fatima,Garcia,2005-04-27,2022-04-12,2026-05-14,Terminated,Finance,TX
EE0005131,EMP1003,Priya,Okafor,2007-03-25,2014-07-11,2026-04-01,Terminated,Customer Operations,OH
EE0005132,EMP1003,Omar,Thomas,1987-10-31,2023-08-28,,Active,Finance,NC
EE0005133,EMP1005,Aaliyah,Patel,1990-06-23,2024-10-30,,Active,Sales,OH
EE0005134,EMP1004,Jordan,Brown,1961-03-11,2021-10-08,,Active,Supply Chain,FL
EE0005135,EMP1005,Maya,Taylor,2004-01-16,2022-08-02,,Active,Sales,NY
EE0005136,EMP1001,Andre,Adams,1974-03-29,2016-10-02,,Active,Sales,OH
EE0005137,EMP1003,Ethan,Lewis,1975-07-19,2016-08-12,,Active,Information Technology,NC
EE0005138,EMP1003,Sophia,Patel,1983-07-27,2021-04-15,,Active,Administration,NC
EE0005139,EMP1001,Amara,Moore,1987-11-13,2016-05-29,,Active,Administration,MD
EE0005140,EMP1005,Angela,Adeyemi,1983-06-12,2018-04-10,,Active,Information Technology,TX
EE0005141,EMP1002,Ethan,Thomas,2006-07-08,2018-09-18,,Active,Operations,TX
EE0005142,EMP1001,Jasmine,Bennett,1961-02-12,2015-09-11,,Active,Finance,OH
EE0005143,EMP1004,Amara,Adams,1990-01-22,2018-06-14,,Active,Finance,TX
EE0005144,EMP1004,Sophia,Taylor,1990-09-23,2018-10-20,,Active,Finance,DC
EE0005145,EMP1001,Nia,Martinez,1974-10-12,2014-12-02,,Active,Administration,TX
EE0005146,EMP1004,Olivia,Bennett,1987-04-25,2019-06-22,,Active,Finance,OH
EE0005147,EMP1003,Kevin,Johnson,1997-11-23,2021-11-26,,Active,Finance,MD
EE0005148,EMP1003,Amara,Chen,2000-07-08,2019-07-24,,Active,Administration,NC
EE0005149,EMP1005,Carlos,Lewis,1966-03-23,2021-02-26,,Active,Administration,NY
EE0005150,EMP1004,Andre,Martinez,2007-03-27,2021-12-13,,Active,Legal and Compliance,FL
EE0005151,EMP1001,Malik,Brown,1991-11-26,2014-08-19,2024-03-09,Terminated,Information Technology,OH
EE0005152,EMP1001,Malik,Williams,1971-09-26,2018-04-23,,Active,Operations,OH
EE0005153,EMP1005,Omar,Robinson,1986-03-21,2023-01-03,,Active,Finance,NY
EE0005154,EMP1001,David,Nguyen,1999-02-22,2026-01-30,,Active,Finance,OH
EE0005155,EMP1001,Zoe,Bennett,1977-01-25,2018-05-20,,Active,Sales,NY
EE0005156,EMP1001,Nia,Garcia,1999-01-28,2018-08-11,,Active,Sales,OH
EE0005157,EMP1004,Maya,Lewis,1970-10-23,2017-05-08,,Active,Finance,FL
EE0005158,EMP1002,Andre,Miller,2003-08-27,2016-10-23,2025-10-09,Terminated,Sales,MD
EE0005159,EMP1001,Elena,Garcia,1972-06-20,2019-09-19,,Active,Human Resources,NC
EE0005160,EMP1001,Jordan,Miller,1992-05-25,2015-12-06,2024-01-24,Terminated,Finance,TX
EE0005161,EMP1003,Naomi,Brown,1990-09-25,2017-05-07,,Active,Human Resources,DC
EE0005162,EMP1005,Isaiah,Robinson,1991-07-07,2018-12-26,,Active,Legal and Compliance,NY
EE0005163,EMP1002,Nia,Walker,1965-08-13,2015-06-03,,Active,Operations,MD
EE0005164,EMP1003,Olivia,Johnson,1966-07-21,2019-02-01,,Active,Supply Chain,NC
EE0005165,EMP1005,Maya,Lewis,1970-11-15,2021-09-14,,Active,Customer Operations,NY
EE0005166,EMP1004,Michael,Garcia,1974-10-10,2019-07-15,,Active,Information Technology,MD
EE0005167,EMP1001,Amara,Okafor,1972-09-03,2018-09-02,,Active,Human Resources,OH
EE0005168,EMP1005,Chiamaka,Williams,1961-03-27,2018-09-29,,Active,Sales,FL
EE0005169,EMP1001,Noah,Hernandez,2004-07-18,2024-02-18,2025-06-02,Terminated,Sales,VA
EE0005170,EMP1002,Leah,Campbell,1991-02-19,2021-10-13,,Active,Legal and Compliance,TX
EE0005171,EMP1005,Omar,Walker,1975-02-08,2018-04-04,,Active,Legal and Compliance,NY
EE0005172,EMP1003,Omar,Nguyen,1984-12-24,2020-08-01,,Active,Finance,NC
EE0005173,EMP1004,Omar,Kim,1994-02-21,2020-11-12,2025-07-01,Terminated,Administration,FL
EE0005174,EMP1003,Maya,Adams,1963-10-11,2019-03-03,,Active,Legal and Compliance,NY
EE0005175,EMP1003,Andre,Smith,1978-09-20,2021-06-24,,Active,Administration,OH
EE0005176,EMP1005,Luis,Williams,1973-04-23,2026-04-03,,Active,Information Technology,DC
EE0005177,EMP1002,Noah,Hernandez,2007-05-21,2021-01-23,,Active,Finance,TX
EE0005178,EMP1003,Noah,Lewis,1982-09-24,2017-04-06,,Active,Finance,MD
EE0005179,EMP1003,Elena,Williams,1979-01-19,2024-01-08,,Active,Finance,FL
EE0005180,EMP1005,Nia,Garcia,1985-12-23,2016-04-11,,Active,Information Technology,DC
EE0005181,EMP1003,Aaliyah,Taylor,1995-08-26,2025-08-12,,Active,Information Technology,NC
EE0005182,EMP1003,Jasmine,Ibrahim,1985-05-01,2018-10-24,,Active,Operations,MD
EE0005183,EMP1004,Victor,Adams,1966-08-30,2017-05-31,,Active,Sales,NC
EE0005184,EMP1005,Michael,Thomas,1980-05-15,2023-04-11,,Active,Finance,NY
EE0005185,EMP1001,Andre,Thomas,1976-09-17,2023-12-14,2026-01-22,Terminated,Administration,MD
EE0005186,EMP1001,Kevin,Adams,1997-04-09,2025-12-22,,Active,Customer Operations,DC
EE0005187,EMP1004,Aaliyah,Martinez,1986-05-25,2016-02-10,,Active,Finance,FL
EE0005188,EMP1005,Chiamaka,Moore,1973-08-03,2015-01-21,,Active,Human Resources,NY
EE0005189,EMP1003,Zoe,Thomas,1975-06-28,2024-01-27,2026-05-01,Terminated,Finance,NC
EE0005190,EMP1004,Leah,Kim,1984-09-06,2018-02-18,,Active,Sales,FL
EE0005191,EMP1001,Maya,Nguyen,1995-07-13,2022-12-19,,Active,Administration,OH
EE0005192,EMP1004,Jasmine,Bennett,1980-06-04,2014-03-11,,Active,Operations,TX
EE0005193,EMP1002,Jordan,Campbell,2004-03-14,2018-04-29,,Active,Finance,TX
EE0005194,EMP1002,Elena,Adams,1973-05-11,2016-08-25,,Active,Administration,DC
EE0005195,EMP1004,Olivia,Smith,1970-11-12,2015-01-07,,Active,Finance,FL
EE0005196,EMP1002,Fatima,Wilson,1971-07-08,2018-11-23,,Active,Information Technology,VA
EE0005197,EMP1001,Maya,Davis,1966-11-11,2024-07-08,,Active,Legal and Compliance,OH
EE0005198,EMP1003,Victor,Thomas,1966-05-20,2014-03-21,,Active,Legal and Compliance,NC
EE0005199,EMP1004,Malik,Okafor,1990-12-25,2025-04-19,2025-10-09,Terminated,Human Resources,FL
EE0005200,EMP1003,Chiamaka,Adeyemi,1972-03-20,2021-05-01,,Active,Finance,NC
EE0005201,EMP1002,Naomi,Nguyen,2002-08-05,2015-12-29,,Active,Human Resources,TX
EE0005202,EMP1001,Andre,Kim,1996-05-04,2025-06-11,,Active,Operations,OH
EE0005203,EMP1003,Malik,Miller,1997-08-16,2025-01-14,,Active,Operations,TX
EE0005204,EMP1004,Chiamaka,Bennett,2003-07-25,2024-10-27,,Active,Operations,TX
EE0005205,EMP1001,Maya,Martinez,1961-11-30,2015-06-20,,Active,Finance,OH
EE0005206,EMP1002,Grace,Johnson,1973-05-20,2025-04-13,,Active,Customer Operations,TX
EE0005207,EMP1002,Elena,Brown,1979-08-02,2018-11-07,,Active,Supply Chain,NC
EE0005208,EMP1001,Naomi,Mensah,1968-06-16,2015-04-08,,Active,Information Technology,FL
EE0005209,EMP1004,Nia,Nguyen,1979-06-06,2015-03-08,,Active,Customer Operations,FL
EE0005210,EMP1002,Michael,Garcia,1966-03-26,2022-08-27,2024-01-20,Terminated,Legal and Compliance,TX
EE0005211,EMP1005,Priya,Moore,1962-10-19,2024-09-04,2025-03-18,Terminated,Legal and Compliance,NY
EE0005212,EMP1001,Omar,Bennett,1974-03-31,2019-06-11,,Active,Operations,MD
EE0005213,EMP1001,Andre,Miller,1998-09-24,2024-03-19,,Active,Finance,TX
EE0005214,EMP1004,Angela,Garcia,1962-05-09,2016-03-31,,Active,Supply Chain,FL
EE0005215,EMP1005,Kevin,Thomas,2006-10-25,2026-01-11,,Active,Customer Operations,NY
EE0005216,EMP1003,Carlos,Davis,1963-02-04,2017-02-23,,Active,Supply Chain,NC
EE0005217,EMP1002,Chiamaka,Adeyemi,1988-08-17,2021-12-09,,Active,Human Resources,TX
EE0005218,EMP1002,Noah,Taylor,2005-05-04,2019-10-13,,Active,Sales,TX
EE0005219,EMP1004,Olivia,Bennett,1982-11-11,2014-03-25,,Active,Finance,FL
EE0005220,EMP1003,Maya,Kim,1977-03-07,2021-04-12,2024-07-28,Terminated,Human Resources,VA
EE0005221,EMP1005,Chiamaka,Lewis,1990-10-10,2019-10-10,,Active,Information Technology,NY
EE0005222,EMP1004,David,Thomas,2003-11-04,2015-07-29,,Active,Information Technology,FL
EE0005223,EMP1004,Olivia,Garcia,1993-12-13,2014-02-19,,Active,Supply Chain,VA
EE0005224,EMP1002,Amara,Adams,1975-05-27,2024-03-29,,Active,Finance,TX
EE0005225,EMP1003,Malik,Adams,1987-04-10,2024-07-22,2025-02-01,Terminated,Operations,NC
EE0005226,EMP1001,Omar,Bennett,1964-12-04,2025-02-16,2025-10-27,Terminated,Human Resources,NY
EE0005227,EMP1002,Fatima,Lewis,1962-08-02,2020-11-21,,Active,Administration,TX
EE0005228,EMP1003,Priya,Lewis,2000-04-27,2022-10-27,,Active,Finance,NC
EE0005229,EMP1005,Maya,Nguyen,1982-10-27,2020-06-25,,Active,Administration,FL
EE0005230,EMP1002,Noah,Brown,1961-03-14,2015-08-19,,Active,Operations,NC
EE0005231,EMP1001,Aaliyah,Patel,1983-07-20,2017-08-24,,Active,Information Technology,OH
EE0005232,EMP1002,Fatima,Moore,2001-03-20,2018-09-10,,Active,Human Resources,NY
EE0005233,EMP1003,Ethan,Garcia,1992-08-03,2025-05-21,,Active,Sales,NC
EE0005234,EMP1001,Carlos,Williams,1977-08-05,2019-04-02,2024-08-05,Terminated,Operations,OH
EE0005235,EMP1005,Malik,Williams,1985-06-11,2019-12-18,,Active,Legal and Compliance,NY
EE0005236,EMP1001,Amara,Thomas,1978-10-19,2019-02-08,,Active,Sales,OH
EE0005237,EMP1001,Zoe,Chen,1988-01-09,2016-07-21,,Active,Human Resources,NY
EE0005238,EMP1005,Chiamaka,Moore,2002-04-28,2024-06-17,,Active,Human Resources,VA
EE0005239,EMP1003,Michael,Adeyemi,1985-11-26,2015-08-22,2025-04-20,Terminated,Sales,NC
EE0005240,EMP1002,Luis,Williams,1962-04-07,2020-08-29,,Active,Operations,NY
EE0005241,EMP1005,Victor,Miller,1975-12-06,2017-01-29,,Active,Sales,DC
EE0005242,EMP1005,Leah,Davis,1989-11-02,2022-08-16,,Active,Finance,NY
EE0005243,EMP1002,Elena,Adeyemi,1973-08-09,2025-10-06,,Active,Information Technology,DC
EE0005244,EMP1004,Malik,Brown,1984-01-06,2021-06-04,,Active,Customer Operations,FL
EE0005245,EMP1005,Nia,Hernandez,2004-05-12,2026-01-15,,Active,Supply Chain,MD
EE0005246,EMP1005,Omar,Bennett,1966-08-11,2017-05-25,2025-05-18,Terminated,Finance,NY
EE0005247,EMP1005,Nia,Moore,1987-01-21,2015-02-23,,Active,Legal and Compliance,NY
EE0005248,EMP1005,Luis,Garcia,1998-04-14,2016-07-03,,Active,Legal and Compliance,TX
EE0005249,EMP1004,Samuel,Adams,1961-10-27,2024-09-03,,Active,Legal and Compliance,NC
EE0005250,EMP1004,Nia,Adams,1996-09-24,2022-12-17,2024-01-25,Terminated,Supply Chain,DC
EE0005251,EMP1001,Victor,Moore,1986-10-27,2019-11-22,,Active,Sales,OH
EE0005252,EMP1002,Aaliyah,Adeyemi,1980-02-10,2014-03-17,,Active,Administration,TX
EE0005253,EMP1004,Grace,Johnson,1985-10-14,2017-09-04,,Active,Operations,NC
EE0005254,EMP1001,Amara,Davis,1971-06-12,2015-06-04,,Active,Operations,NY
EE0005255,EMP1005,Daniel,Thomas,1992-02-12,2023-11-22,,Active,Legal and Compliance,NY
EE0005256,EMP1001,Samuel,Robinson,1987-07-26,2019-09-17,,Active,Information Technology,OH
EE0005257,EMP1001,Carlos,Johnson,1975-10-16,2015-02-01,,Active,Sales,OH
EE0005258,EMP1003,Amara,Taylor,1976-03-09,2025-02-01,,Active,Sales,NC
EE0005259,EMP1001,Chiamaka,Brown,1984-09-18,2019-10-31,,Active,Finance,NC
EE0005260,EMP1003,Priya,Moore,1972-11-20,2024-01-18,,Active,Administration,NC
EE0005261,EMP1005,Michael,Williams,1962-04-12,2022-06-21,2025-01-15,Terminated,Supply Chain,MD
EE0005262,EMP1003,Grace,Moore,1997-07-08,2020-05-23,,Active,Operations,TX
EE0005263,EMP1004,Nia,Patel,1984-07-22,2017-03-08,,Active,Operations,VA
EE0005264,EMP1001,Ethan,Patel,1962-12-04,2017-10-28,,Active,Information Technology,TX
EE0005265,EMP1002,Ethan,Adams,1998-12-09,2021-12-27,,Active,Information Technology,NC
EE0005266,EMP1005,Chiamaka,Adeyemi,1965-05-26,2026-03-03,,Active,Human Resources,MD
EE0005267,EMP1005,Olivia,Robinson,1981-03-20,2023-06-09,,Active,Supply Chain,TX
EE0005268,EMP1002,Maya,Chen,1969-05-22,2015-12-24,,Active,Sales,OH
EE0005269,EMP1005,Leah,Williams,1969-08-24,2017-03-01,,Active,Legal and Compliance,MD
EE0005270,EMP1001,Victor,Brown,2005-04-06,2023-10-09,,Active,Supply Chain,TX
EE0005271,EMP1003,Carlos,Ibrahim,2001-11-20,2018-10-25,,Active,Human Resources,NC
EE0005272,EMP1003,Fatima,Lewis,1996-01-04,2026-02-25,,Active,Human Resources,NC
EE0005273,EMP1001,Sophia,Hernandez,1978-07-02,2021-12-07,,Active,Customer Operations,OH
EE0005274,EMP1003,Amara,Martinez,1985-08-10,2019-05-24,,Active,Customer Operations,NC
EE0005275,EMP1002,Nia,Martinez,1968-09-21,2024-01-03,,Active,Operations,TX
EE0005276,EMP1005,Samuel,Taylor,1984-05-08,2026-04-09,,Active,Supply Chain,NC
EE0005277,EMP1005,Samuel,Patel,1966-09-16,2016-06-27,,Active,Operations,NY
EE0005278,EMP1001,Grace,Walker,1975-08-02,2023-08-07,2024-01-15,Terminated,Administration,TX
EE0005279,EMP1002,Andre,Okafor,1990-08-18,2025-07-29,2026-03-09,Terminated,Supply Chain,TX
EE0005280,EMP1002,Daniel,Moore,1968-10-09,2015-04-25,,Active,Sales,TX
EE0005281,EMP1003,Grace,Wilson,1971-12-03,2023-10-07,,Active,Legal and Compliance,NC
EE0005282,EMP1002,Andre,Williams,1974-04-21,2022-12-19,,Active,Information Technology,TX
EE0005283,EMP1004,Aaliyah,Lewis,1966-09-10,2014-08-01,,Active,Legal and Compliance,VA
EE0005284,EMP1001,David,Campbell,1975-06-02,2025-05-18,2025-10-10,Terminated,Information Technology,DC
EE0005285,EMP1004,Victor,Nguyen,2003-08-18,2018-09-13,,Active,Operations,MD
EE0005286,EMP1003,Angela,Lewis,1999-05-27,2022-10-10,,Active,Legal and Compliance,MD
EE0005287,EMP1004,Jasmine,Okafor,2000-01-10,2014-11-15,,Active,Supply Chain,FL
EE0005288,EMP1001,David,Ibrahim,2002-09-30,2016-07-26,,Active,Supply Chain,OH
EE0005289,EMP1005,David,Smith,2005-02-21,2022-10-06,,Active,Human Resources,NY
EE0005290,EMP1002,Daniel,Johnson,1966-01-27,2019-08-15,,Active,Sales,TX
EE0005291,EMP1001,Kevin,Bennett,2006-01-21,2024-10-19,,Active,Administration,OH
EE0005292,EMP1001,Kevin,Miller,1977-02-01,2020-03-25,,Active,Administration,OH
EE0005293,EMP1005,Maya,Brown,1975-05-16,2024-10-21,,Active,Administration,TX
EE0005294,EMP1002,Olivia,Garcia,1980-09-26,2015-10-14,2026-05-14,Terminated,Finance,NC
EE0005295,EMP1004,Michael,Campbell,1970-09-12,2014-12-23,,Active,Administration,FL
EE0005296,EMP1001,Isaiah,Bennett,1992-06-08,2023-07-18,,Active,Sales,OH
EE0005297,EMP1002,Grace,Walker,1962-02-08,2017-01-22,,Active,Supply Chain,TX
EE0005298,EMP1004,Luis,Robinson,1966-10-14,2020-01-23,,Active,Finance,FL
EE0005299,EMP1003,David,Johnson,1976-03-28,2015-10-24,,Active,Sales,NC
EE0005300,EMP1005,Naomi,Chen,1988-05-15,2015-01-19,,Active,Operations,MD
EE0005301,EMP1001,Kevin,Hernandez,1975-02-06,2018-07-26,,Active,Customer Operations,OH
EE0005302,EMP1002,Malik,Taylor,1978-07-12,2021-03-20,2026-01-21,Terminated,Finance,NC
EE0005303,EMP1001,Maya,Patel,1982-05-08,2020-07-25,,Active,Supply Chain,OH
EE0005304,EMP1004,Priya,Robinson,1998-10-06,2018-12-22,,Active,Supply Chain,FL
EE0005305,EMP1004,Kevin,Okafor,1983-10-26,2026-04-02,2026-06-09,Terminated,Finance,OH
EE0005306,EMP1005,Malik,Wilson,1984-08-01,2021-04-27,,Active,Human Resources,NY
EE0005307,EMP1003,Fatima,Bennett,1995-07-28,2024-04-07,,Active,Sales,NC
EE0005308,EMP1002,Jasmine,Garcia,1971-12-11,2024-03-23,,Active,Supply Chain,VA
EE0005309,EMP1004,David,Patel,1984-11-21,2019-07-23,,Active,Sales,VA
EE0005310,EMP1005,Aaliyah,Smith,1994-12-09,2020-08-14,2024-08-04,Terminated,Legal and Compliance,NC
EE0005311,EMP1002,Sophia,Nguyen,1970-10-22,2019-01-25,,Active,Sales,TX
EE0005312,EMP1001,Fatima,Walker,1985-03-26,2015-04-15,2024-06-04,Terminated,Customer Operations,OH
EE0005313,EMP1001,David,Martinez,1972-10-14,2015-04-01,,Active,Administration,VA
EE0005314,EMP1003,Noah,Patel,1966-03-12,2024-11-07,,Active,Sales,DC
EE0005315,EMP1001,Leah,Garcia,1969-07-08,2022-07-24,,Active,Sales,NC
EE0005316,EMP1001,Noah,Thomas,1991-11-27,2019-02-08,,Active,Information Technology,OH
EE0005317,EMP1002,Carlos,Nguyen,1985-04-06,2019-12-08,2026-02-21,Terminated,Human Resources,TX
EE0005318,EMP1003,Elena,Okafor,1962-01-16,2023-12-27,,Active,Information Technology,NC
EE0005319,EMP1003,Michael,Lewis,1977-03-27,2023-06-10,2024-05-18,Terminated,Human Resources,NY
EE0005320,EMP1002,Amara,Kim,1995-05-14,2022-01-26,,Active,Customer Operations,TX
EE0005321,EMP1002,Samuel,Miller,1986-01-30,2014-02-15,,Active,Supply Chain,TX
EE0005322,EMP1003,Maya,Smith,2002-10-10,2025-11-02,,Active,Supply Chain,NY
EE0005323,EMP1001,Ethan,Martinez,2000-07-17,2018-12-05,,Active,Operations,OH
EE0005324,EMP1004,Leah,Bennett,1969-12-17,2020-10-30,,Active,Information Technology,NY
EE0005325,EMP1003,Kevin,Nguyen,1975-12-17,2020-06-04,,Active,Supply Chain,NC
EE0005326,EMP1004,Naomi,Kim,1972-05-22,2023-11-07,2025-01-26,Terminated,Administration,FL
EE0005327,EMP1004,Isaiah,Thomas,2003-04-10,2016-05-22,,Active,Legal and Compliance,FL
EE0005328,EMP1004,Fatima,Adams,2002-05-26,2017-02-21,,Active,Operations,DC
EE0005329,EMP1002,Carlos,Campbell,1963-06-14,2019-02-04,,Active,Sales,TX
EE0005330,EMP1005,Jasmine,Patel,1992-11-12,2015-06-17,,Active,Supply Chain,NY
EE0005331,EMP1002,Isaiah,Chen,2000-11-05,2022-04-18,,Active,Operations,TX
EE0005332,EMP1002,Noah,Kim,2003-10-09,2025-05-26,,Active,Human Resources,TX
EE0005333,EMP1005,Jasmine,Campbell,2002-08-21,2025-07-21,,Active,Finance,NY
EE0005334,EMP1002,Samuel,Martinez,1965-10-15,2020-06-24,,Active,Human Resources,TX
EE0005335,EMP1002,Malik,Moore,1980-10-14,2019-08-22,,Active,Operations,MD
EE0005336,EMP1004,Nia,Davis,1974-11-11,2018-05-29,,Active,Customer Operations,DC
EE0005337,EMP1003,Leah,Martinez,1970-04-06,2025-03-12,,Active,Customer Operations,NY
EE0005338,EMP1002,Malik,Bennett,2001-02-24,2017-11-20,,Active,Human Resources,NY
EE0005339,EMP1002,Grace,Hernandez,1962-11-17,2019-09-10,,Active,Sales,OH
EE0005340,EMP1003,Daniel,Chen,2005-04-26,2014-03-29,,Active,Customer Operations,NC
EE0005341,EMP1004,Chiamaka,Kim,1996-10-07,2016-09-06,,Active,Operations,OH
EE0005342,EMP1001,Jasmine,Miller,1997-12-27,2014-06-19,,Active,Customer Operations,OH
EE0005343,EMP1005,Angela,Lewis,1983-07-28,2020-10-30,,Active,Sales,DC
EE0005344,EMP1003,Kevin,Williams,2000-04-08,2020-09-24,,Active,Administration,FL
EE0005345,EMP1005,Olivia,Smith,1983-09-10,2014-07-13,,Active,Supply Chain,NY
EE0005346,EMP1001,Carlos,Adeyemi,2002-07-04,2023-07-31,2026-06-10,Terminated,Operations,OH
EE0005347,EMP1005,Grace,Taylor,1984-01-14,2016-05-28,,Active,Operations,NY
EE0005348,EMP1004,Jordan,Chen,1999-12-16,2022-01-16,,Active,Administration,FL
EE0005349,EMP1003,Naomi,Patel,1978-03-15,2022-03-09,2025-07-15,Terminated,Sales,NC
EE0005350,EMP1004,Carlos,Walker,1971-08-01,2015-09-10,2026-01-05,Terminated,Operations,MD
EE0005351,EMP1002,Luis,Robinson,1993-07-28,2014-11-04,2025-12-29,Terminated,Human Resources,MD
EE0005352,EMP1003,Noah,Davis,1983-02-12,2018-02-11,,Active,Administration,NC
EE0005353,EMP1003,Victor,Hernandez,1971-01-08,2017-12-16,,Active,Information Technology,NC
EE0005354,EMP1002,Carlos,Wilson,1984-11-28,2019-10-23,,Active,Legal and Compliance,TX
EE0005355,EMP1004,Victor,Wilson,1987-11-12,2025-02-16,,Active,Information Technology,FL
EE0005356,EMP1005,Amara,Thomas,1980-03-04,2015-09-25,,Active,Administration,NY
EE0005357,EMP1004,Fatima,Davis,1963-02-15,2018-05-02,,Active,Finance,VA
EE0005358,EMP1001,Angela,Bennett,1967-07-24,2017-01-01,,Active,Legal and Compliance,OH
EE0005359,EMP1003,Angela,Wilson,2002-10-07,2016-04-21,2026-02-03,Terminated,Sales,NC
EE0005360,EMP1002,Elena,Okafor,1981-08-01,2024-01-20,,Active,Administration,OH
EE0005361,EMP1001,Noah,Okafor,1991-01-09,2014-12-09,2025-09-22,Terminated,Sales,MD
EE0005362,EMP1005,Malik,Mensah,1999-10-07,2025-09-16,,Active,Information Technology,NY
EE0005363,EMP1002,Daniel,Smith,1995-03-02,2024-10-11,,Active,Information Technology,FL
EE0005364,EMP1001,Aaliyah,Smith,1967-11-25,2024-07-21,,Active,Administration,OH
EE0005365,EMP1004,Zoe,Smith,1989-04-23,2023-08-24,,Active,Sales,FL
EE0005366,EMP1004,Priya,Campbell,1991-07-11,2024-08-02,,Active,Information Technology,MD
EE0005367,EMP1004,Malik,Moore,1975-04-14,2024-06-07,,Active,Information Technology,NC
EE0005368,EMP1003,Jasmine,Adams,1987-03-11,2020-09-05,2024-02-29,Terminated,Supply Chain,NC
EE0005369,EMP1005,Carlos,Bennett,1993-02-06,2018-06-18,,Active,Operations,NC
EE0005370,EMP1003,Samuel,Martinez,1997-09-25,2018-07-02,2026-04-05,Terminated,Supply Chain,FL
EE0005371,EMP1005,Omar,Robinson,1998-11-23,2016-03-23,,Active,Information Technology,MD
EE0005372,EMP1005,Daniel,Mensah,1988-11-09,2015-11-30,,Active,Legal and Compliance,VA
EE0005373,EMP1004,Olivia,Garcia,1971-07-10,2020-06-06,2026-05-24,Terminated,Finance,DC
EE0005374,EMP1005,Andre,Thomas,1965-05-20,2019-06-02,,Active,Supply Chain,OH
EE0005375,EMP1005,Aaliyah,Nguyen,2001-09-12,2019-01-25,,Active,Sales,NY
EE0005376,EMP1001,Fatima,Adams,1980-01-25,2016-11-15,,Active,Human Resources,DC
EE0005377,EMP1002,Jordan,Bennett,2005-12-25,2017-03-18,,Active,Human Resources,FL
EE0005378,EMP1005,David,Martinez,1989-02-25,2015-04-25,,Active,Administration,MD
EE0005379,EMP1004,Luis,Williams,2000-06-03,2026-01-02,,Active,Information Technology,FL
EE0005380,EMP1005,Olivia,Okafor,1990-03-27,2018-07-15,,Active,Sales,DC
EE0005381,EMP1005,Isaiah,Wilson,1989-10-06,2020-09-08,,Active,Administration,NY
EE0005382,EMP1001,Olivia,Nguyen,2001-03-11,2024-11-19,,Active,Supply Chain,OH
EE0005383,EMP1004,Noah,Okafor,1996-09-03,2018-03-10,,Active,Operations,NY
EE0005384,EMP1004,Aaliyah,Johnson,1974-08-30,2016-09-10,,Active,Information Technology,FL
EE0005385,EMP1004,Noah,Davis,2004-07-25,2021-01-15,,Active,Operations,FL
EE0005386,EMP1001,Grace,Mensah,2005-06-17,2019-02-20,,Active,Administration,FL
EE0005387,EMP1005,Luis,Martinez,2007-02-27,2025-12-31,,Active,Administration,NY
EE0005388,EMP1002,Nia,Walker,1999-04-04,2019-04-27,,Active,Sales,TX
EE0005389,EMP1004,Omar,Okafor,1980-01-25,2014-08-06,,Active,Legal and Compliance,FL
EE0005390,EMP1005,Fatima,Smith,1999-05-25,2017-10-10,,Active,Human Resources,NY
EE0005391,EMP1003,Samuel,Martinez,2000-03-08,2014-12-07,,Active,Operations,TX
EE0005392,EMP1002,Aaliyah,Walker,1976-12-24,2016-05-12,2024-03-28,Terminated,Sales,TX
EE0005393,EMP1005,Daniel,Walker,1985-07-27,2021-02-05,,Active,Legal and Compliance,NC
EE0005394,EMP1005,Andre,Johnson,1995-06-29,2021-01-13,,Active,Operations,FL
EE0005395,EMP1004,Kevin,Adams,1962-11-26,2024-06-05,2026-05-19,Terminated,Supply Chain,NC
EE0005396,EMP1004,Fatima,Martinez,1983-10-12,2014-10-12,,Active,Operations,FL
EE0005397,EMP1004,Angela,Mensah,1984-06-18,2023-12-02,,Active,Information Technology,VA
EE0005398,EMP1003,Victor,Kim,1999-11-12,2022-11-07,2026-03-25,Terminated,Administration,TX
EE0005399,EMP1003,Naomi,Davis,1979-04-08,2017-03-06,,Active,Administration,OH
EE0005400,EMP1003,Kevin,Chen,1980-10-05,2015-02-24,2024-01-08,Terminated,Human Resources,NY
EE0005401,EMP1001,Jasmine,Campbell,1992-08-05,2022-12-29,2026-02-16,Terminated,Operations,OH
EE0005402,EMP1004,Ethan,Ibrahim,1982-08-29,2017-06-24,,Active,Customer Operations,FL
EE0005403,EMP1002,Fatima,Robinson,1979-03-07,2018-10-27,,Active,Information Technology,TX
EE0005404,EMP1005,David,Adeyemi,1983-05-27,2023-12-21,,Active,Finance,OH
EE0005405,EMP1001,Jasmine,Garcia,1974-09-15,2016-01-31,,Active,Customer Operations,OH
EE0005406,EMP1001,Noah,Hernandez,2002-11-13,2017-10-28,2025-07-09,Terminated,Operations,NY
EE0005407,EMP1005,Priya,Campbell,1973-04-07,2014-05-22,,Active,Human Resources,NC
EE0005408,EMP1001,Isaiah,Miller,2006-04-18,2023-03-04,,Active,Legal and Compliance,OH
EE0005409,EMP1001,Noah,Chen,1979-02-13,2015-07-18,,Active,Customer Operations,NC
EE0005410,EMP1003,Noah,Robinson,1975-12-16,2024-12-10,,Active,Customer Operations,NC
EE0005411,EMP1002,Ethan,Nguyen,1983-02-06,2023-06-12,2024-01-29,Terminated,Operations,TX
EE0005412,EMP1001,Carlos,Okafor,2005-11-05,2021-04-02,,Active,Customer Operations,OH
EE0005413,EMP1002,Angela,Miller,1965-08-16,2016-07-14,,Active,Administration,DC
EE0005414,EMP1003,Maya,Miller,1993-03-16,2017-11-08,,Active,Information Technology,NY
EE0005415,EMP1005,Nia,Hernandez,1961-05-29,2017-04-18,,Active,Customer Operations,NY
EE0005416,EMP1001,Olivia,Miller,2000-05-23,2025-06-02,,Active,Sales,OH
EE0005417,EMP1001,Naomi,Lewis,2005-09-22,2024-06-02,,Active,Information Technology,OH
EE0005418,EMP1002,Malik,Ibrahim,1963-09-09,2022-04-05,,Active,Supply Chain,MD
EE0005419,EMP1003,Zoe,Robinson,1998-07-27,2024-03-15,,Active,Customer Operations,NC
EE0005420,EMP1001,Priya,Chen,1985-11-09,2018-06-01,,Active,Human Resources,OH
EE0005421,EMP1003,Zoe,Nguyen,1969-06-11,2021-02-09,,Active,Human Resources,NC
EE0005422,EMP1001,Victor,Nguyen,1993-12-11,2014-01-24,,Active,Operations,FL
EE0005423,EMP1001,Elena,Lewis,1976-07-28,2025-06-15,,Active,Information Technology,OH
EE0005424,EMP1005,Nia,Patel,1978-03-07,2021-08-24,,Active,Legal and Compliance,NC
EE0005425,EMP1001,Andre,Nguyen,1966-07-26,2024-04-19,2026-03-13,Terminated,Information Technology,NC
EE0005426,EMP1001,Noah,Garcia,2005-08-24,2014-04-02,,Active,Legal and Compliance,NC
EE0005427,EMP1001,Leah,Brown,1991-06-01,2015-08-04,,Active,Operations,DC
EE0005428,EMP1004,Chiamaka,Kim,1984-11-14,2019-03-14,,Active,Information Technology,FL
EE0005429,EMP1004,Maya,Walker,1963-08-07,2024-05-03,,Active,Human Resources,FL
EE0005430,EMP1001,David,Robinson,1987-06-01,2016-08-16,,Active,Administration,OH
EE0005431,EMP1003,Angela,Johnson,1986-06-23,2020-12-19,,Active,Legal and Compliance,FL
EE0005432,EMP1003,Jordan,Adeyemi,1963-05-30,2024-06-09,2025-09-30,Terminated,Information Technology,FL
EE0005433,EMP1002,Angela,Adams,1986-05-09,2022-11-10,,Active,Sales,NC
EE0005434,EMP1002,Chiamaka,Chen,1967-01-12,2018-08-27,,Active,Customer Operations,FL
EE0005435,EMP1001,Fatima,Thomas,1998-04-09,2019-06-09,2024-03-25,Terminated,Operations,OH
EE0005436,EMP1003,Samuel,Thomas,1983-05-09,2025-08-15,,Active,Administration,NC
EE0005437,EMP1003,Angela,Okafor,1994-09-23,2022-12-28,,Active,Supply Chain,NC
EE0005438,EMP1003,Angela,Walker,1997-05-31,2019-01-20,,Active,Operations,MD
EE0005439,EMP1004,Daniel,Garcia,1964-01-31,2026-01-14,,Active,Legal and Compliance,TX
EE0005440,EMP1003,Noah,Taylor,1981-02-08,2025-03-31,,Active,Customer Operations,NC
EE0005441,EMP1001,Grace,Martinez,1966-12-14,2025-08-14,,Active,Information Technology,NC
EE0005442,EMP1001,Priya,Williams,1993-03-24,2023-08-19,,Active,Sales,OH
EE0005443,EMP1004,Zoe,Ibrahim,1998-01-26,2022-09-20,,Active,Human Resources,NY
EE0005444,EMP1001,Jasmine,Williams,1963-07-04,2015-05-24,,Active,Operations,OH
EE0005445,EMP1004,Jasmine,Davis,1963-10-17,2017-04-05,,Active,Information Technology,OH
EE0005446,EMP1004,Nia,Williams,1985-10-04,2023-06-26,,Active,Administration,FL
EE0005447,EMP1001,Sophia,Campbell,1996-08-15,2019-11-08,,Active,Sales,OH
EE0005448,EMP1002,Kevin,Nguyen,1989-11-02,2026-02-10,,Active,Finance,MD
EE0005449,EMP1005,Andre,Kim,1968-08-17,2023-01-04,,Active,Customer Operations,NY
EE0005450,EMP1005,Jasmine,Miller,2002-06-04,2022-03-13,,Active,Customer Operations,MD
EE0005451,EMP1003,Elena,Walker,1966-12-03,2017-08-11,,Active,Finance,NC
EE0005452,EMP1001,Aaliyah,Patel,1972-03-20,2014-03-02,,Active,Administration,OH
EE0005453,EMP1004,Grace,Martinez,1992-03-04,2023-08-15,,Active,Information Technology,FL
EE0005454,EMP1005,Daniel,Robinson,1997-03-13,2020-09-19,,Active,Information Technology,NY
EE0005455,EMP1004,Ethan,Bennett,1981-08-26,2024-11-28,2025-02-10,Terminated,Information Technology,NY
EE0005456,EMP1004,Luis,Adeyemi,1982-04-06,2021-03-17,2026-05-23,Terminated,Finance,VA
EE0005457,EMP1002,Omar,Hernandez,1978-06-13,2018-08-05,,Active,Customer Operations,NC
EE0005458,EMP1004,Fatima,Nguyen,1992-08-23,2023-08-20,,Active,Information Technology,FL
EE0005459,EMP1002,Angela,Taylor,1994-03-18,2014-05-24,2026-03-13,Terminated,Supply Chain,TX
EE0005460,EMP1003,Andre,Williams,1995-07-19,2024-07-23,2024-12-09,Terminated,Information Technology,NC
EE0005461,EMP1003,Naomi,Taylor,1993-10-24,2023-10-29,,Active,Human Resources,NC
EE0005462,EMP1004,Olivia,Okafor,1966-06-21,2023-07-24,,Active,Legal and Compliance,FL
EE0005463,EMP1001,Priya,Walker,1978-04-03,2023-09-16,,Active,Sales,OH
EE0005464,EMP1005,Fatima,Davis,1989-09-22,2021-11-04,,Active,Administration,NY
EE0005465,EMP1003,Victor,Taylor,1981-02-17,2025-07-31,,Active,Human Resources,NC
EE0005466,EMP1001,Jordan,Robinson,1986-05-28,2014-09-29,,Active,Operations,OH
EE0005467,EMP1002,Zoe,Kim,2006-10-04,2018-02-23,2024-07-17,Terminated,Administration,NC
EE0005468,EMP1004,Victor,Patel,1998-06-24,2014-05-20,,Active,Finance,FL
EE0005469,EMP1002,Chiamaka,Adeyemi,1984-08-30,2015-04-14,,Active,Legal and Compliance,TX
EE0005470,EMP1002,Olivia,Adeyemi,1990-05-30,2018-01-10,,Active,Information Technology,DC
EE0005471,EMP1005,Malik,Thomas,1985-04-19,2017-02-19,,Active,Operations,FL
EE0005472,EMP1005,Sophia,Smith,1974-03-25,2021-11-28,,Active,Sales,NY
EE0005473,EMP1004,Priya,Taylor,1974-04-02,2017-10-16,,Active,Operations,NC
EE0005474,EMP1003,Carlos,Johnson,1961-10-14,2025-11-17,,Active,Administration,NC
EE0005475,EMP1005,Grace,Wilson,1961-07-27,2015-04-06,2026-03-28,Terminated,Administration,TX
EE0005476,EMP1004,Chiamaka,Kim,1972-09-15,2015-09-03,2025-12-15,Terminated,Customer Operations,FL
EE0005477,EMP1005,Michael,Nguyen,1972-04-11,2022-02-02,,Active,Administration,NC
EE0005478,EMP1004,Jordan,Patel,1963-06-13,2014-05-06,,Active,Information Technology,FL
EE0005479,EMP1003,Carlos,Wilson,1990-10-13,2024-04-30,,Active,Supply Chain,NC
EE0005480,EMP1001,Naomi,Patel,1965-11-17,2021-04-27,,Active,Sales,TX
EE0005481,EMP1005,Isaiah,Lewis,1996-04-10,2025-04-25,,Active,Finance,NY
EE0005482,EMP1001,Aaliyah,Kim,1967-03-30,2015-02-27,2025-02-17,Terminated,Operations,OH
EE0005483,EMP1004,Sophia,Okafor,1982-07-21,2022-08-07,,Active,Human Resources,VA
EE0005484,EMP1001,Sophia,Mensah,1984-12-19,2017-12-10,,Active,Sales,OH
EE0005485,EMP1002,Zoe,Johnson,1964-04-13,2017-12-05,,Active,Legal and Compliance,TX
EE0005486,EMP1001,Noah,Smith,1993-08-15,2016-02-20,,Active,Administration,OH
EE0005487,EMP1005,Ethan,Davis,1983-12-02,2024-04-30,2024-06-14,Terminated,Operations,NY
EE0005488,EMP1003,Michael,Adeyemi,1993-04-13,2021-10-19,,Active,Information Technology,NC
EE0005489,EMP1001,Aaliyah,Ibrahim,1977-08-10,2022-03-16,,Active,Information Technology,OH
EE0005490,EMP1002,Omar,Lewis,1964-12-09,2025-11-17,,Active,Finance,TX
EE0005491,EMP1004,Elena,Garcia,1980-07-03,2018-04-08,,Active,Operations,FL
EE0005492,EMP1003,Victor,Martinez,1969-02-18,2014-11-07,,Active,Supply Chain,NY
EE0005493,EMP1005,Chiamaka,Mensah,1961-04-15,2023-06-11,,Active,Legal and Compliance,NC
EE0005494,EMP1004,Malik,Hernandez,1997-01-23,2016-05-29,,Active,Information Technology,FL
EE0005495,EMP1004,Grace,Mensah,1984-06-24,2022-02-01,,Active,Supply Chain,VA
EE0005496,EMP1002,Carlos,Johnson,1997-09-26,2023-08-29,,Active,Information Technology,TX
EE0005497,EMP1001,Noah,Bennett,2001-09-15,2022-04-21,,Active,Finance,TX
EE0005498,EMP1005,Omar,Thomas,1966-06-14,2023-01-21,,Active,Customer Operations,VA
EE0005499,EMP1005,Jordan,Smith,1964-05-15,2020-02-18,,Active,Supply Chain,NY
EE0005500,EMP1001,Victor,Robinson,1963-01-24,2024-06-28,2025-11-15,Terminated,Customer Operations,OH
EE0005501,EMP1001,Jordan,Thomas,1984-01-03,2025-07-19,2026-05-09,Terminated,Supply Chain,OH
EE0005502,EMP1002,Chiamaka,Hernandez,1995-08-22,2019-04-19,,Active,Finance,MD
EE0005503,EMP1004,Kevin,Johnson,2007-01-05,2023-06-11,,Active,Supply Chain,FL
EE0005504,EMP1003,Omar,Williams,1975-04-18,2015-08-12,,Active,Sales,NC
EE0005505,EMP1003,Isaiah,Johnson,1990-04-22,2018-11-19,,Active,Operations,NC
EE0005506,EMP1005,Luis,Campbell,1978-08-04,2016-03-26,,Active,Legal and Compliance,NY
EE0005507,EMP1001,Noah,Robinson,1966-02-16,2025-07-10,,Active,Customer Operations,OH
EE0005508,EMP1003,Jordan,Chen,1975-05-25,2024-06-07,,Active,Operations,NC
EE0005509,EMP1005,Isaiah,Bennett,1962-03-03,2024-01-31,,Active,Sales,DC
EE0005510,EMP1001,Carlos,Chen,1981-06-17,2015-02-04,2025-02-05,Terminated,Customer Operations,OH
EE0005511,EMP1002,Amara,Lewis,2006-07-07,2018-05-26,,Active,Operations,TX
EE0005512,EMP1004,Luis,Mensah,1973-02-02,2016-09-26,,Active,Operations,FL
EE0005513,EMP1003,Aaliyah,Smith,1987-02-03,2024-12-04,2025-07-28,Terminated,Customer Operations,NC
EE0005514,EMP1004,David,Campbell,1995-05-26,2016-12-19,,Active,Human Resources,VA
EE0005515,EMP1002,Noah,Thomas,1966-06-30,2018-02-08,,Active,Information Technology,FL
EE0005516,EMP1003,Fatima,Adeyemi,2000-11-26,2023-07-11,,Active,Administration,NC
EE0005517,EMP1001,Zoe,Chen,2007-02-18,2022-05-17,,Active,Supply Chain,OH
EE0005518,EMP1002,Priya,Kim,1985-03-16,2021-02-10,,Active,Customer Operations,FL
EE0005519,EMP1002,Sophia,Campbell,1992-07-16,2025-09-12,,Active,Human Resources,MD
EE0005520,EMP1005,Carlos,Brown,1964-05-27,2023-08-02,,Active,Customer Operations,FL
EE0005521,EMP1001,Aaliyah,Adams,1998-05-19,2023-04-04,,Active,Finance,OH
EE0005522,EMP1004,Michael,Martinez,1988-06-20,2026-04-28,2026-06-01,Terminated,Information Technology,VA
EE0005523,EMP1001,Jordan,Bennett,1987-04-26,2016-07-02,,Active,Finance,OH
EE0005524,EMP1003,Elena,Adams,1989-06-15,2017-02-09,,Active,Operations,NC
EE0005525,EMP1001,David,Smith,1970-10-02,2024-10-03,,Active,Finance,DC
EE0005526,EMP1005,Carlos,Kim,1983-12-11,2018-10-05,2025-03-15,Terminated,Operations,OH
EE0005527,EMP1004,Amara,Thomas,1967-11-05,2018-04-27,,Active,Finance,FL
EE0005528,EMP1004,Naomi,Thomas,2002-02-23,2022-08-03,,Active,Sales,FL
EE0005529,EMP1004,Maya,Bennett,1984-08-20,2020-04-27,,Active,Customer Operations,DC
EE0005530,EMP1003,Michael,Williams,1977-05-05,2021-01-18,,Active,Supply Chain,NC
EE0005531,EMP1005,Ethan,Adeyemi,1981-08-28,2024-02-23,,Active,Customer Operations,VA
EE0005532,EMP1003,Aaliyah,Miller,1985-03-26,2021-12-25,,Active,Supply Chain,OH
EE0005533,EMP1003,Fatima,Walker,1984-06-04,2022-03-28,,Active,Human Resources,NC
EE0005534,EMP1005,Angela,Adeyemi,2003-02-15,2018-01-25,,Active,Legal and Compliance,OH
EE0005535,EMP1005,Amara,Adeyemi,2007-01-07,2020-04-18,,Active,Sales,FL
EE0005536,EMP1003,Amara,Hernandez,1998-04-25,2014-08-09,,Active,Information Technology,NC
EE0005537,EMP1004,Leah,Moore,1963-09-16,2018-11-05,,Active,Finance,FL
EE0005538,EMP1005,Olivia,Robinson,1997-07-02,2017-05-04,,Active,Legal and Compliance,NY
EE0005539,EMP1002,Olivia,Wilson,1965-11-24,2020-07-17,,Active,Finance,NY
EE0005540,EMP1002,Noah,Davis,2002-03-03,2019-12-03,,Active,Sales,TX
EE0005541,EMP1002,Nia,Garcia,1996-12-20,2015-03-03,,Active,Legal and Compliance,NY
EE0005542,EMP1002,Omar,Patel,1997-04-20,2021-11-02,2026-02-04,Terminated,Operations,NY
EE0005543,EMP1004,Naomi,Adams,2001-04-11,2015-03-14,,Active,Sales,FL
EE0005544,EMP1005,Grace,Johnson,1968-08-07,2023-12-10,,Active,Customer Operations,DC
EE0005545,EMP1005,Olivia,Robinson,1997-08-17,2020-05-28,,Active,Legal and Compliance,NY
EE0005546,EMP1001,Isaiah,Adams,1963-09-13,2015-07-12,,Active,Human Resources,OH
EE0005547,EMP1003,Ethan,Hernandez,1966-08-08,2025-06-28,,Active,Information Technology,NY
EE0005548,EMP1004,Leah,Okafor,1962-02-16,2024-11-10,,Active,Administration,NC
EE0005549,EMP1001,Victor,Moore,2003-03-13,2014-10-02,,Active,Human Resources,TX
EE0005550,EMP1002,Elena,Ibrahim,2007-03-31,2025-10-17,,Active,Administration,NY
EE0005551,EMP1002,Noah,Chen,1979-10-15,2014-08-29,,Active,Operations,TX
EE0005552,EMP1002,Victor,Smith,1965-09-25,2021-06-13,,Active,Legal and Compliance,VA
EE0005553,EMP1004,Jasmine,Adeyemi,1982-12-21,2024-07-08,,Active,Human Resources,FL
EE0005554,EMP1001,Nia,Smith,1993-05-23,2023-09-09,,Active,Customer Operations,OH
EE0005555,EMP1003,Ethan,Miller,1997-01-06,2019-03-21,2026-05-12,Terminated,Supply Chain,NC
EE0005556,EMP1002,Chiamaka,Wilson,1964-06-04,2020-04-25,,Active,Supply Chain,TX
EE0005557,EMP1005,Zoe,Smith,1980-05-27,2025-07-25,,Active,Legal and Compliance,NY
EE0005558,EMP1005,Elena,Miller,1983-08-15,2019-04-21,,Active,Legal and Compliance,NY
EE0005559,EMP1005,Luis,Martinez,1966-09-14,2024-08-27,2025-11-30,Terminated,Finance,DC
EE0005560,EMP1004,Chiamaka,Walker,1989-03-26,2022-07-04,,Active,Operations,FL
EE0005561,EMP1001,Luis,Taylor,1974-03-12,2026-01-18,,Active,Customer Operations,OH
EE0005562,EMP1002,Omar,Taylor,1964-02-12,2023-12-29,,Active,Operations,TX
EE0005563,EMP1001,Jordan,Moore,1972-11-05,2021-08-26,2024-04-02,Terminated,Information Technology,OH
EE0005564,EMP1005,Grace,Campbell,1964-08-07,2026-01-29,,Active,Information Technology,TX
EE0005565,EMP1003,Andre,Wilson,2000-12-28,2017-05-22,2024-01-25,Terminated,Legal and Compliance,NC
EE0005566,EMP1003,Michael,Okafor,1982-11-26,2020-08-07,2024-08-11,Terminated,Information Technology,DC
EE0005567,EMP1003,Amara,Ibrahim,1991-12-18,2022-12-02,,Active,Administration,NC
EE0005568,EMP1005,Elena,Brown,1994-10-14,2018-03-14,2025-02-05,Terminated,Finance,NY
EE0005569,EMP1001,Nia,Taylor,1968-09-26,2016-10-20,,Active,Sales,OH
EE0005570,EMP1003,Jordan,Campbell,1994-04-19,2025-11-05,,Active,Supply Chain,NC
EE0005571,EMP1005,Jordan,Miller,1976-09-13,2026-05-08,,Active,Operations,NY
EE0005572,EMP1004,Isaiah,Miller,1975-01-11,2022-01-14,,Active,Finance,FL
EE0005573,EMP1003,Isaiah,Adams,1984-04-03,2018-06-18,,Active,Information Technology,NC
EE0005574,EMP1001,Isaiah,Moore,2000-07-15,2018-11-08,,Active,Information Technology,OH
EE0005575,EMP1004,Victor,Bennett,1968-08-15,2025-01-22,,Active,Information Technology,OH
EE0005576,EMP1003,Malik,Davis,1965-02-18,2022-11-24,,Active,Legal and Compliance,NC
EE0005577,EMP1004,Zoe,Taylor,1986-06-03,2025-10-16,,Active,Supply Chain,FL
EE0005578,EMP1005,Jordan,Bennett,1995-11-25,2015-07-29,,Active,Sales,NY
EE0005579,EMP1003,Andre,Ibrahim,1963-06-22,2016-09-21,,Active,Operations,NC
EE0005580,EMP1005,Samuel,Robinson,1974-12-19,2022-12-20,,Active,Supply Chain,NY
EE0005581,EMP1003,Sophia,Brown,1974-04-22,2026-02-22,2026-06-13,Terminated,Customer Operations,OH
EE0005582,EMP1003,Zoe,Taylor,1993-04-12,2019-09-27,,Active,Human Resources,NC
EE0005583,EMP1003,Noah,Williams,1975-12-14,2016-05-06,,Active,Legal and Compliance,NC
EE0005584,EMP1001,David,Hernandez,1967-08-18,2015-12-25,,Active,Supply Chain,OH
EE0005585,EMP1002,Daniel,Lewis,2006-03-29,2015-06-05,2025-01-26,Terminated,Finance,TX
EE0005586,EMP1001,Amara,Adeyemi,1974-12-16,2018-10-10,,Active,Sales,TX
EE0005587,EMP1004,Malik,Wilson,1964-04-26,2024-01-23,,Active,Human Resources,MD
EE0005588,EMP1002,Luis,Chen,1992-06-10,2021-11-11,,Active,Legal and Compliance,DC
EE0005589,EMP1005,Isaiah,Mensah,1962-01-09,2017-12-27,,Active,Supply Chain,NY
EE0005590,EMP1002,Zoe,Moore,2007-06-11,2018-03-08,,Active,Customer Operations,DC
EE0005591,EMP1003,Michael,Johnson,1967-05-28,2014-01-15,,Active,Customer Operations,MD
EE0005592,EMP1003,Andre,Robinson,1972-05-16,2025-08-01,,Active,Information Technology,NC
EE0005593,EMP1005,Carlos,Adeyemi,2001-10-23,2023-05-06,,Active,Information Technology,NC
EE0005594,EMP1004,Chiamaka,Ibrahim,1961-05-31,2017-06-21,,Active,Administration,FL
EE0005595,EMP1005,Olivia,Smith,1992-05-12,2014-06-30,,Active,Operations,NY
EE0005596,EMP1004,Jordan,Moore,1986-08-06,2017-11-05,,Active,Human Resources,FL
EE0005597,EMP1001,Jasmine,Thomas,1993-03-14,2017-11-20,,Active,Finance,OH
EE0005598,EMP1005,Luis,Taylor,1988-08-31,2021-10-08,,Active,Administration,NY
EE0005599,EMP1004,Sophia,Mensah,1978-12-06,2022-02-05,,Active,Sales,MD
EE0005600,EMP1005,Omar,Adeyemi,1976-05-25,2017-11-21,,Active,Information Technology,NC
EE0005601,EMP1003,Omar,Robinson,1978-02-25,2017-12-27,,Active,Operations,DC
EE0005602,EMP1002,Amara,Brown,1997-10-01,2014-12-16,,Active,Legal and Compliance,TX
EE0005603,EMP1001,Leah,Adams,1965-07-14,2017-05-03,,Active,Supply Chain,DC
EE0005604,EMP1003,Grace,Brown,1980-09-01,2019-07-22,,Active,Sales,NC
EE0005605,EMP1004,Zoe,Ibrahim,1984-03-18,2024-10-01,,Active,Operations,FL
EE0005606,EMP1003,Samuel,Walker,1986-06-25,2014-12-30,2025-02-06,Terminated,Finance,DC
EE0005607,EMP1003,Aaliyah,Mensah,1997-05-17,2014-11-09,,Active,Finance,MD
EE0005608,EMP1005,Samuel,Wilson,1999-04-30,2024-05-20,,Active,Administration,NY
EE0005609,EMP1003,Maya,Walker,1966-12-20,2018-08-01,,Active,Operations,NC
EE0005610,EMP1005,Leah,Kim,2006-10-22,2014-10-20,,Active,Administration,DC
EE0005611,EMP1002,Zoe,Brown,2004-09-10,2019-01-20,2025-06-10,Terminated,Human Resources,TX
EE0005612,EMP1004,Jasmine,Thomas,1992-11-12,2021-12-31,,Active,Sales,FL
EE0005613,EMP1005,Carlos,Taylor,1990-03-26,2026-01-15,,Active,Legal and Compliance,NY
EE0005614,EMP1005,Nia,Martinez,1966-12-08,2017-08-09,,Active,Human Resources,NY
EE0005615,EMP1004,Angela,Robinson,1992-09-10,2020-04-01,2025-01-25,Terminated,Administration,MD
EE0005616,EMP1004,Sophia,Wilson,1986-07-10,2024-09-10,2024-10-14,Terminated,Customer Operations,OH
EE0005617,EMP1003,Fatima,Walker,1969-01-07,2016-09-24,,Active,Administration,NY
EE0005618,EMP1003,Daniel,Thomas,1999-12-28,2023-04-08,2025-09-17,Terminated,Supply Chain,FL
EE0005619,EMP1005,Leah,Chen,1981-04-05,2021-03-22,,Active,Administration,NY
EE0005620,EMP1004,Carlos,Williams,1981-01-18,2020-04-11,,Active,Human Resources,VA
EE0005621,EMP1003,Grace,Taylor,1963-03-11,2026-06-07,,Active,Human Resources,MD
EE0005622,EMP1004,Maya,Adams,2005-11-01,2021-03-24,,Active,Finance,FL
EE0005623,EMP1002,Kevin,Mensah,1969-04-20,2024-07-04,2025-05-24,Terminated,Information Technology,FL
EE0005624,EMP1005,Victor,Walker,1974-02-18,2025-09-30,,Active,Administration,NY
EE0005625,EMP1005,Nia,Walker,1996-02-05,2020-07-06,,Active,Operations,NY
EE0005626,EMP1002,Omar,Davis,1991-11-29,2016-12-21,2025-06-02,Terminated,Information Technology,MD
EE0005627,EMP1005,Elena,Hernandez,1975-03-09,2026-02-18,2026-04-06,Terminated,Supply Chain,NY
EE0005628,EMP1004,Kevin,Hernandez,1999-11-24,2017-08-24,,Active,Finance,OH
EE0005629,EMP1003,Jordan,Johnson,1965-05-24,2022-05-14,,Active,Sales,OH
EE0005630,EMP1003,Amara,Okafor,1991-07-04,2022-09-14,,Active,Operations,NC
EE0005631,EMP1004,Noah,Adeyemi,1993-02-10,2023-06-25,,Active,Supply Chain,NY
EE0005632,EMP1004,Jasmine,Walker,1962-01-24,2020-10-24,,Active,Supply Chain,NC
EE0005633,EMP1001,Aaliyah,Patel,1987-07-14,2016-12-21,,Active,Human Resources,TX
EE0005634,EMP1003,Andre,Johnson,1986-07-26,2017-08-01,,Active,Operations,NC
EE0005635,EMP1004,Nia,Garcia,2001-08-18,2026-06-13,,Active,Finance,FL
EE0005636,EMP1004,Leah,Bennett,1964-07-18,2016-10-22,,Active,Legal and Compliance,MD
EE0005637,EMP1002,Carlos,Davis,1993-11-13,2022-09-12,2025-07-01,Terminated,Supply Chain,NC
EE0005638,EMP1003,Olivia,Okafor,1998-02-17,2024-06-04,,Active,Administration,MD
EE0005639,EMP1005,Omar,Johnson,1993-01-27,2015-12-24,,Active,Finance,NY
EE0005640,EMP1005,Carlos,Davis,1991-05-24,2024-05-25,,Active,Operations,NY
EE0005641,EMP1001,Olivia,Johnson,2004-02-12,2020-05-26,,Active,Human Resources,OH
EE0005642,EMP1004,Malik,Kim,1973-05-03,2020-08-24,,Active,Customer Operations,NC
EE0005643,EMP1003,Sophia,Davis,1963-08-30,2022-07-12,2024-01-06,Terminated,Finance,NC
EE0005644,EMP1004,Zoe,Okafor,1991-03-21,2024-05-03,2025-06-09,Terminated,Legal and Compliance,FL
EE0005645,EMP1002,Maya,Johnson,1999-08-08,2024-12-23,,Active,Sales,VA
EE0005646,EMP1005,Noah,Okafor,2003-05-21,2015-02-20,,Active,Human Resources,NY
EE0005647,EMP1004,Isaiah,Smith,2006-10-07,2016-06-10,,Active,Human Resources,OH
EE0005648,EMP1003,Angela,Davis,1998-11-14,2018-06-26,,Active,Administration,NC
EE0005649,EMP1004,Daniel,Patel,1962-07-21,2022-02-20,,Active,Sales,FL
EE0005650,EMP1001,Malik,Thomas,1978-09-18,2023-05-27,,Active,Sales,OH
EE0005651,EMP1004,Jordan,Moore,1962-06-27,2019-05-22,2024-11-14,Terminated,Sales,FL
EE0005652,EMP1003,Amara,Mensah,1993-06-22,2024-10-28,,Active,Human Resources,NC
EE0005653,EMP1005,Angela,Walker,1975-11-16,2022-09-28,,Active,Customer Operations,OH
EE0005654,EMP1003,Elena,Adeyemi,1962-05-24,2017-11-04,,Active,Supply Chain,MD
EE0005655,EMP1004,Noah,Hernandez,1962-10-07,2025-04-18,,Active,Human Resources,FL
EE0005656,EMP1001,Victor,Moore,1965-09-21,2017-08-16,2026-05-29,Terminated,Finance,MD
EE0005657,EMP1004,Amara,Kim,1961-12-11,2020-08-21,,Active,Human Resources,FL
EE0005658,EMP1003,Naomi,Kim,2001-06-16,2024-07-22,,Active,Customer Operations,MD
EE0005659,EMP1005,Isaiah,Patel,2000-06-14,2020-02-11,,Active,Customer Operations,NC
EE0005660,EMP1002,Noah,Thomas,1977-03-12,2022-05-27,,Active,Operations,TX
EE0005661,EMP1004,Naomi,Walker,1983-08-07,2016-01-05,2025-10-06,Terminated,Sales,FL
EE0005662,EMP1002,Nia,Lewis,2002-11-05,2020-02-25,,Active,Operations,TX
EE0005663,EMP1003,Noah,Ibrahim,1985-02-20,2014-10-04,2024-06-13,Terminated,Supply Chain,NY
EE0005664,EMP1001,Elena,Thomas,1980-08-29,2021-08-09,,Active,Information Technology,OH
EE0005665,EMP1004,Carlos,Patel,1995-06-01,2021-12-25,,Active,Customer Operations,FL
EE0005666,EMP1002,Luis,Smith,1978-02-01,2024-07-12,2026-05-11,Terminated,Human Resources,TX
EE0005667,EMP1002,Malik,Smith,1979-10-14,2014-08-06,,Active,Human Resources,TX
EE0005668,EMP1005,Samuel,Bennett,2003-12-25,2016-01-19,2025-10-16,Terminated,Customer Operations,MD
EE0005669,EMP1003,Noah,Kim,1977-05-29,2024-05-24,,Active,Information Technology,NC
EE0005670,EMP1004,Olivia,Adams,1993-07-16,2023-04-08,,Active,Sales,FL
EE0005671,EMP1001,Jordan,Mensah,1968-05-30,2017-04-05,,Active,Supply Chain,OH
EE0005672,EMP1002,Nia,Bennett,1990-02-05,2022-05-17,,Active,Information Technology,TX
EE0005673,EMP1005,Leah,Ibrahim,1968-12-27,2015-04-08,,Active,Information Technology,NY
EE0005674,EMP1001,Elena,Lewis,1993-09-03,2015-09-07,2024-07-05,Terminated,Legal and Compliance,OH
EE0005675,EMP1002,Aaliyah,Johnson,1986-10-17,2014-06-02,,Active,Information Technology,TX
EE0005676,EMP1004,Chiamaka,Taylor,1981-04-05,2026-01-01,,Active,Finance,VA
EE0005677,EMP1003,Zoe,Chen,2004-12-17,2014-12-20,2026-06-03,Terminated,Administration,NC
EE0005678,EMP1002,Malik,Robinson,1993-05-12,2015-06-02,,Active,Information Technology,FL
EE0005679,EMP1001,Zoe,Williams,1971-07-10,2021-06-15,,Active,Information Technology,VA
EE0005680,EMP1001,Nia,Taylor,1963-09-19,2014-09-06,,Active,Supply Chain,OH
EE0005681,EMP1002,Victor,Brown,1990-12-27,2019-08-05,,Active,Administration,TX
EE0005682,EMP1004,Samuel,Wilson,1967-05-19,2023-03-17,,Active,Customer Operations,FL
EE0005683,EMP1005,Victor,Wilson,1978-07-30,2025-10-10,,Active,Sales,FL
EE0005684,EMP1004,Andre,Okafor,1995-01-20,2016-01-23,2026-03-23,Terminated,Finance,FL
EE0005685,EMP1003,Leah,Ibrahim,1980-06-11,2017-04-25,2025-10-03,Terminated,Administration,NC
EE0005686,EMP1004,Ethan,Adams,1989-11-18,2026-02-16,,Active,Legal and Compliance,MD
EE0005687,EMP1003,Sophia,Ibrahim,1978-09-21,2021-08-14,,Active,Operations,TX
EE0005688,EMP1002,Kevin,Davis,1991-08-20,2026-01-16,,Active,Legal and Compliance,VA
EE0005689,EMP1002,Noah,Miller,1965-08-25,2018-12-28,,Active,Legal and Compliance,FL
EE0005690,EMP1003,Leah,Thomas,1992-07-27,2026-01-25,,Active,Operations,NC
EE0005691,EMP1001,Jasmine,Campbell,1996-12-08,2021-06-09,2024-04-11,Terminated,Supply Chain,OH
EE0005692,EMP1001,Elena,Lewis,1981-12-07,2022-06-07,,Active,Sales,OH
EE0005693,EMP1004,Sophia,Wilson,1970-07-30,2021-05-27,2024-09-29,Terminated,Human Resources,FL
EE0005694,EMP1001,Maya,Williams,1992-08-10,2016-05-18,,Active,Operations,OH
EE0005695,EMP1001,Angela,Miller,1972-09-06,2021-09-07,,Active,Administration,DC
EE0005696,EMP1003,Isaiah,Moore,1974-10-16,2021-11-12,,Active,Finance,NC
EE0005697,EMP1005,Luis,Chen,1974-10-08,2023-03-05,,Active,Information Technology,NY
EE0005698,EMP1005,Ethan,Miller,1966-09-28,2015-04-20,,Active,Information Technology,NY
EE0005699,EMP1001,Noah,Robinson,2000-02-14,2016-08-06,2025-12-23,Terminated,Information Technology,OH
EE0005700,EMP1001,Omar,Okafor,1968-12-20,2016-02-26,,Active,Human Resources,OH
EE0005701,EMP1005,Grace,Lewis,1987-12-01,2020-08-28,,Active,Finance,NY
EE0005702,EMP1001,Victor,Ibrahim,1964-03-14,2023-09-21,,Active,Administration,NY
EE0005703,EMP1002,Malik,Kim,1979-06-04,2019-03-15,,Active,Operations,TX
EE0005704,EMP1001,Chiamaka,Martinez,1997-06-08,2025-03-03,,Active,Administration,OH
EE0005705,EMP1003,Aaliyah,Walker,1965-07-28,2022-12-28,,Active,Finance,NC
EE0005706,EMP1002,Zoe,Ibrahim,1992-07-04,2023-02-20,,Active,Supply Chain,NC
EE0005707,EMP1004,Samuel,Williams,2003-10-17,2024-02-15,,Active,Information Technology,FL
EE0005708,EMP1004,Angela,Williams,1975-11-03,2017-06-02,,Active,Legal and Compliance,FL
EE0005709,EMP1002,Jordan,Okafor,1964-01-07,2019-11-09,2024-10-13,Terminated,Operations,TX
EE0005710,EMP1005,Naomi,Mensah,2004-12-07,2015-10-10,,Active,Human Resources,NY
EE0005711,EMP1003,David,Ibrahim,2000-07-05,2026-05-06,,Active,Legal and Compliance,MD
EE0005712,EMP1001,Fatima,Lewis,1972-10-16,2024-07-21,,Active,Customer Operations,OH
EE0005713,EMP1005,Isaiah,Johnson,1964-11-05,2018-03-26,,Active,Legal and Compliance,VA
EE0005714,EMP1004,Leah,Okafor,1981-12-29,2017-06-15,,Active,Customer Operations,FL
EE0005715,EMP1002,Grace,Ibrahim,1997-12-15,2020-06-09,,Active,Administration,TX
EE0005716,EMP1005,Maya,Campbell,2003-11-21,2014-09-12,,Active,Human Resources,FL
EE0005717,EMP1004,Daniel,Robinson,2004-12-21,2015-04-04,2024-07-10,Terminated,Supply Chain,VA
EE0005718,EMP1005,Angela,Walker,1998-05-21,2017-06-30,,Active,Supply Chain,NY
EE0005719,EMP1002,Olivia,Kim,1966-01-13,2024-07-05,,Active,Human Resources,OH
EE0005720,EMP1005,Naomi,Wilson,1976-01-19,2022-04-05,,Active,Administration,NY
EE0005721,EMP1001,David,Garcia,1999-06-04,2022-10-03,,Active,Sales,OH
EE0005722,EMP1001,Aaliyah,Campbell,1993-07-02,2020-11-06,,Active,Information Technology,NY
EE0005723,EMP1003,Angela,Miller,1992-07-05,2014-08-04,,Active,Information Technology,OH
EE0005724,EMP1003,Samuel,Nguyen,1970-10-09,2014-05-18,,Active,Information Technology,NC
EE0005725,EMP1001,Samuel,Garcia,1999-04-09,2024-12-10,,Active,Operations,TX
EE0005726,EMP1002,Jasmine,Thomas,1998-01-17,2014-10-22,2024-03-22,Terminated,Operations,NY
EE0005727,EMP1005,Nia,Lewis,2006-11-11,2025-10-18,,Active,Legal and Compliance,FL
EE0005728,EMP1002,Jordan,Campbell,1987-02-18,2026-01-27,,Active,Customer Operations,TX
EE0005729,EMP1004,Samuel,Okafor,1961-04-26,2022-02-04,,Active,Administration,FL
EE0005730,EMP1004,Nia,Adams,1984-06-18,2022-10-02,2025-03-12,Terminated,Sales,FL
EE0005731,EMP1001,Fatima,Patel,1967-11-19,2014-07-07,2025-09-27,Terminated,Operations,FL
EE0005732,EMP1005,Michael,Nguyen,2003-08-01,2021-11-25,2025-06-20,Terminated,Supply Chain,NY
EE0005733,EMP1003,Kevin,Adeyemi,1969-01-17,2019-01-02,2024-08-01,Terminated,Sales,NC
EE0005734,EMP1005,Priya,Mensah,1986-05-27,2025-08-06,,Active,Supply Chain,NY
EE0005735,EMP1004,Leah,Davis,1989-09-01,2022-03-06,,Active,Supply Chain,TX
EE0005736,EMP1001,Nia,Walker,1984-08-23,2026-01-01,2026-04-04,Terminated,Human Resources,TX
EE0005737,EMP1003,Zoe,Martinez,1975-12-27,2014-06-26,,Active,Finance,TX
EE0005738,EMP1004,Omar,Johnson,1984-07-28,2019-10-12,,Active,Finance,FL
EE0005739,EMP1004,Elena,Okafor,1987-06-01,2014-09-01,,Active,Finance,NC
EE0005740,EMP1005,Kevin,Robinson,1981-07-27,2016-10-24,,Active,Administration,NY
EE0005741,EMP1004,Chiamaka,Hernandez,2001-03-23,2024-06-20,,Active,Operations,FL
EE0005742,EMP1002,Victor,Walker,1962-10-02,2022-04-03,,Active,Human Resources,DC
EE0005743,EMP1002,Grace,Patel,1967-10-19,2016-11-13,,Active,Operations,NY
EE0005744,EMP1001,Michael,Martinez,1981-04-23,2026-02-13,,Active,Administration,OH
EE0005745,EMP1001,Zoe,Ibrahim,1962-07-03,2021-04-19,2024-04-29,Terminated,Operations,OH
EE0005746,EMP1002,Ethan,Okafor,1983-12-19,2019-12-24,2024-10-10,Terminated,Human Resources,TX
EE0005747,EMP1005,Ethan,Garcia,1977-08-25,2014-11-21,,Active,Sales,FL
EE0005748,EMP1002,Carlos,Williams,2005-11-08,2018-11-12,,Active,Operations,OH
EE0005749,EMP1005,Noah,Hernandez,1986-08-20,2019-12-05,,Active,Customer Operations,TX
EE0005750,EMP1003,Jasmine,Brown,2000-07-21,2023-02-18,,Active,Administration,NC
EE0005751,EMP1003,Andre,Miller,1999-01-26,2015-12-25,,Active,Finance,NC
EE0005752,EMP1003,Sophia,Wilson,1964-03-30,2017-02-25,,Active,Finance,OH
EE0005753,EMP1003,Leah,Hernandez,1963-09-24,2017-07-23,2024-04-29,Terminated,Human Resources,NC
EE0005754,EMP1003,Jasmine,Martinez,1965-10-21,2018-05-09,,Active,Supply Chain,MD
EE0005755,EMP1002,Elena,Moore,1990-03-11,2017-07-25,,Active,Administration,TX
EE0005756,EMP1005,Leah,Moore,1990-02-16,2019-12-23,,Active,Supply Chain,VA
EE0005757,EMP1004,Angela,Martinez,2002-07-31,2023-03-13,,Active,Supply Chain,TX
EE0005758,EMP1003,Leah,Mensah,1987-06-24,2017-10-09,,Active,Supply Chain,NC
EE0005759,EMP1005,Naomi,Kim,1990-05-03,2022-06-27,,Active,Information Technology,NY
EE0005760,EMP1003,Elena,Chen,1976-01-30,2025-05-26,,Active,Finance,NC
EE0005761,EMP1002,Amara,Lewis,2002-08-09,2023-09-16,,Active,Administration,DC
EE0005762,EMP1001,Priya,Garcia,1967-11-02,2014-12-26,2025-08-04,Terminated,Administration,OH
EE0005763,EMP1005,Samuel,Thomas,1988-11-29,2021-12-15,,Active,Sales,TX
EE0005764,EMP1002,Jordan,Williams,1969-12-15,2015-07-11,,Active,Legal and Compliance,VA
EE0005765,EMP1002,Nia,Robinson,1971-02-27,2017-10-26,2025-12-08,Terminated,Supply Chain,TX
EE0005766,EMP1002,Victor,Adeyemi,1974-01-30,2025-08-08,,Active,Legal and Compliance,DC
EE0005767,EMP1004,Victor,Adeyemi,1977-06-23,2023-03-09,,Active,Sales,NY
EE0005768,EMP1004,Elena,Taylor,1988-07-23,2014-12-02,2024-08-09,Terminated,Sales,FL
EE0005769,EMP1004,Nia,Chen,1966-09-01,2026-06-09,,Active,Sales,FL
EE0005770,EMP1005,Zoe,Davis,1979-09-22,2026-03-21,,Active,Finance,NY
EE0005771,EMP1003,Daniel,Lewis,1992-09-03,2017-11-02,,Active,Human Resources,NC
EE0005772,EMP1005,Aaliyah,Davis,1984-06-26,2015-02-02,,Active,Customer Operations,DC
EE0005773,EMP1001,Noah,Davis,1977-06-29,2014-09-06,,Active,Operations,FL
EE0005774,EMP1001,Omar,Lewis,1980-09-10,2025-11-30,,Active,Information Technology,TX
EE0005775,EMP1005,Noah,Davis,1961-12-12,2023-10-30,,Active,Human Resources,NC
EE0005776,EMP1001,Chiamaka,Taylor,1968-07-09,2025-01-29,,Active,Human Resources,OH
EE0005777,EMP1001,Victor,Chen,1982-06-04,2018-05-26,,Active,Administration,DC
EE0005778,EMP1002,Aaliyah,Miller,1969-09-20,2026-01-16,2026-06-09,Terminated,Operations,OH
EE0005779,EMP1005,Michael,Miller,1976-04-30,2019-09-16,,Active,Sales,MD
EE0005780,EMP1001,Andre,Thomas,1996-12-21,2025-08-25,2026-05-31,Terminated,Finance,NC
EE0005781,EMP1005,Carlos,Taylor,1970-04-26,2019-09-11,,Active,Operations,NY
EE0005782,EMP1001,Nia,Robinson,1981-10-12,2017-08-15,,Active,Operations,OH
EE0005783,EMP1005,Angela,Miller,1964-07-03,2021-03-02,,Active,Finance,MD
EE0005784,EMP1003,Sophia,Kim,1994-05-29,2025-10-31,2026-06-24,Terminated,Human Resources,NC
EE0005785,EMP1003,Ethan,Okafor,2000-01-16,2014-11-21,,Active,Information Technology,NC
EE0005786,EMP1001,Nia,Nguyen,1979-01-06,2022-03-05,2026-01-17,Terminated,Sales,MD
EE0005787,EMP1002,Sophia,Robinson,1980-02-12,2021-01-21,,Active,Supply Chain,TX
EE0005788,EMP1003,Angela,Wilson,1961-01-31,2019-04-30,,Active,Human Resources,OH
EE0005789,EMP1005,Sophia,Davis,1962-09-19,2020-03-28,,Active,Customer Operations,NY
EE0005790,EMP1001,Kevin,Taylor,1969-10-04,2019-05-17,,Active,Finance,MD
EE0005791,EMP1001,Luis,Campbell,1999-03-02,2019-09-23,,Active,Customer Operations,OH
EE0005792,EMP1003,Naomi,Adams,1979-11-16,2017-05-26,,Active,Operations,NC
EE0005793,EMP1003,Naomi,Nguyen,1987-06-03,2018-02-26,2025-10-14,Terminated,Supply Chain,DC
EE0005794,EMP1001,Malik,Johnson,1981-10-10,2023-04-20,,Active,Finance,OH
EE0005795,EMP1005,Jordan,Garcia,1975-10-12,2019-05-15,,Active,Human Resources,NY
EE0005796,EMP1004,Nia,Okafor,1994-07-31,2014-12-05,2025-01-06,Terminated,Finance,NY
EE0005797,EMP1001,Angela,Martinez,1981-07-28,2019-06-18,,Active,Sales,DC
EE0005798,EMP1003,Zoe,Brown,1975-09-04,2018-12-15,,Active,Administration,MD
EE0005799,EMP1005,Chiamaka,Chen,1982-11-12,2019-12-18,,Active,Administration,OH
EE0005800,EMP1001,Maya,Thomas,1994-01-14,2019-05-07,,Active,Finance,TX
EE0005801,EMP1004,Isaiah,Williams,1999-06-09,2018-11-06,,Active,Customer Operations,FL
EE0005802,EMP1005,Malik,Brown,2005-02-25,2020-01-14,,Active,Customer Operations,TX
EE0005803,EMP1005,Luis,Garcia,1964-04-24,2017-01-14,2025-12-30,Terminated,Legal and Compliance,NY
EE0005804,EMP1003,Jasmine,Taylor,1991-11-13,2024-09-14,,Active,Administration,NC
EE0005805,EMP1005,Jordan,Walker,2004-03-06,2015-09-22,2024-09-04,Terminated,Legal and Compliance,NY
EE0005806,EMP1005,Ethan,Patel,2002-05-30,2024-09-10,2024-11-11,Terminated,Supply Chain,NY
EE0005807,EMP1003,David,Adeyemi,1963-08-09,2024-06-26,,Active,Supply Chain,OH
EE0005808,EMP1005,Luis,Smith,1979-05-09,2016-09-04,,Active,Supply Chain,NC
EE0005809,EMP1002,Elena,Smith,1972-03-24,2021-07-14,,Active,Human Resources,FL
EE0005810,EMP1003,Carlos,Miller,1997-03-18,2026-04-21,,Active,Finance,NC
EE0005811,EMP1001,Carlos,Nguyen,1968-09-26,2024-12-12,,Active,Operations,MD
EE0005812,EMP1003,Samuel,Ibrahim,1964-03-07,2015-09-15,,Active,Legal and Compliance,NC
EE0005813,EMP1005,Samuel,Adeyemi,1965-01-07,2018-09-13,,Active,Legal and Compliance,VA
EE0005814,EMP1003,Grace,Taylor,1985-12-21,2014-02-14,,Active,Finance,NC
EE0005815,EMP1004,Michael,Martinez,1983-02-09,2025-11-10,,Active,Finance,MD
EE0005816,EMP1004,Chiamaka,Williams,1982-02-23,2016-10-08,,Active,Legal and Compliance,NC
EE0005817,EMP1001,Jasmine,Campbell,1977-03-26,2020-07-29,2026-01-07,Terminated,Customer Operations,OH
EE0005818,EMP1001,Angela,Johnson,1963-06-05,2014-07-11,,Active,Information Technology,OH
EE0005819,EMP1004,Luis,Thomas,1986-11-18,2016-04-30,,Active,Information Technology,FL
EE0005820,EMP1004,Priya,Campbell,1972-02-06,2015-05-02,2025-06-04,Terminated,Administration,FL
EE0005821,EMP1004,Sophia,Kim,1978-08-23,2018-06-22,2024-11-14,Terminated,Customer Operations,FL
EE0005822,EMP1004,David,Nguyen,1981-12-22,2017-11-08,,Active,Operations,TX
EE0005823,EMP1002,Noah,Taylor,1962-05-15,2018-10-26,2025-06-23,Terminated,Information Technology,TX
EE0005824,EMP1004,Maya,Davis,1961-09-27,2025-09-26,,Active,Legal and Compliance,DC
EE0005825,EMP1002,Naomi,Patel,1976-06-11,2015-05-13,2026-06-23,Terminated,Customer Operations,TX
EE0005826,EMP1001,Zoe,Hernandez,1989-04-28,2019-09-25,,Active,Finance,OH
EE0005827,EMP1002,Jasmine,Smith,1968-09-06,2023-12-09,,Active,Finance,TX
EE0005828,EMP1005,Elena,Martinez,1966-08-14,2020-04-23,,Active,Sales,NY
EE0005829,EMP1005,Amara,Okafor,1992-10-01,2020-07-30,,Active,Legal and Compliance,NY
EE0005830,EMP1003,Malik,Ibrahim,1972-03-01,2016-02-15,,Active,Sales,TX
EE0005831,EMP1005,Omar,Campbell,2004-11-14,2017-03-25,,Active,Finance,NY
EE0005832,EMP1004,Angela,Wilson,1995-05-27,2018-02-19,2025-06-12,Terminated,Operations,FL
EE0005833,EMP1002,Amara,Campbell,1976-07-10,2026-04-03,,Active,Finance,OH
EE0005834,EMP1003,Chiamaka,Walker,1982-05-18,2022-12-15,,Active,Information Technology,DC
EE0005835,EMP1003,Fatima,Hernandez,2001-07-18,2022-04-19,2024-12-09,Terminated,Finance,NC
EE0005836,EMP1003,Noah,Adams,2001-03-04,2024-07-10,,Active,Administration,NC
EE0005837,EMP1003,David,Robinson,1974-06-25,2017-04-30,,Active,Legal and Compliance,NC
EE0005838,EMP1001,Daniel,Patel,1989-04-26,2016-01-23,,Active,Human Resources,OH
EE0005839,EMP1002,Fatima,Lewis,1989-05-26,2022-10-31,,Active,Operations,TX
EE0005840,EMP1002,Samuel,Patel,1985-12-05,2025-12-01,,Active,Sales,TX
EE0005841,EMP1004,Luis,Wilson,2004-03-01,2014-10-04,,Active,Operations,FL
EE0005842,EMP1003,Kevin,Martinez,1979-01-16,2016-07-22,,Active,Sales,NC
EE0005843,EMP1002,Isaiah,Mensah,1965-04-13,2019-09-07,,Active,Finance,TX
EE0005844,EMP1001,Priya,Chen,1976-09-11,2024-10-03,,Active,Operations,OH
EE0005845,EMP1003,Nia,Bennett,1998-07-18,2016-05-28,,Active,Administration,FL
EE0005846,EMP1005,Andre,Hernandez,2002-12-21,2015-01-04,2026-03-24,Terminated,Information Technology,NY
EE0005847,EMP1005,Nia,Hernandez,1997-07-23,2025-02-03,,Active,Operations,NY
EE0005848,EMP1003,Isaiah,Campbell,1997-01-22,2016-11-09,,Active,Information Technology,NC
EE0005849,EMP1001,David,Brown,1998-09-29,2021-05-21,,Active,Supply Chain,OH
EE0005850,EMP1003,Carlos,Johnson,1966-04-17,2018-02-23,,Active,Human Resources,NY
EE0005851,EMP1005,Leah,Mensah,1964-07-31,2018-04-28,,Active,Legal and Compliance,NY
EE0005852,EMP1003,Victor,Robinson,1982-03-07,2020-01-26,,Active,Administration,DC
EE0005853,EMP1004,Isaiah,Wilson,2006-11-07,2019-12-29,,Active,Information Technology,FL
EE0005854,EMP1004,Luis,Williams,1988-03-04,2018-05-29,2024-06-27,Terminated,Human Resources,NY
EE0005855,EMP1005,Malik,Thomas,1994-05-28,2020-08-24,,Active,Administration,NY
EE0005856,EMP1004,Carlos,Ibrahim,1980-05-10,2018-03-21,,Active,Supply Chain,TX
EE0005857,EMP1002,Noah,Wilson,2005-05-10,2022-04-11,,Active,Sales,TX
EE0005858,EMP1001,Luis,Adams,1973-08-25,2016-04-14,,Active,Administration,DC
EE0005859,EMP1005,Noah,Robinson,1989-03-19,2026-01-25,,Active,Sales,FL
EE0005860,EMP1002,Ethan,Kim,1982-07-30,2019-12-31,,Active,Supply Chain,MD
EE0005861,EMP1005,Luis,Johnson,1963-10-02,2023-07-30,,Active,Administration,NY
EE0005862,EMP1004,Angela,Miller,2002-09-17,2018-03-13,,Active,Operations,NY
EE0005863,EMP1001,Luis,Lewis,2001-07-05,2026-02-11,,Active,Administration,MD
EE0005864,EMP1002,Samuel,Taylor,1973-03-27,2018-06-11,,Active,Legal and Compliance,TX
EE0005865,EMP1002,Naomi,Robinson,1966-07-22,2015-07-11,,Active,Human Resources,VA
EE0005866,EMP1001,Naomi,Garcia,1991-09-05,2020-08-13,,Active,Human Resources,OH
EE0005867,EMP1005,Samuel,Garcia,1992-05-26,2023-05-29,,Active,Operations,OH
EE0005868,EMP1004,Grace,Ibrahim,2006-04-20,2023-04-20,2024-09-29,Terminated,Human Resources,FL
EE0005869,EMP1005,Sophia,Garcia,1980-01-25,2020-04-30,2026-05-01,Terminated,Supply Chain,TX
EE0005870,EMP1001,Sophia,Okafor,1993-03-30,2017-03-29,,Active,Finance,MD
EE0005871,EMP1005,Elena,Hernandez,1998-03-10,2024-06-03,,Active,Supply Chain,MD
EE0005872,EMP1004,Isaiah,Williams,1977-11-30,2016-01-19,,Active,Operations,FL
EE0005873,EMP1004,Daniel,Williams,1973-10-11,2014-10-20,,Active,Administration,NY
EE0005874,EMP1005,Jasmine,Brown,1982-08-16,2024-02-10,,Active,Customer Operations,FL
EE0005875,EMP1004,Zoe,Kim,2000-10-23,2014-09-02,,Active,Supply Chain,OH
EE0005876,EMP1001,Elena,Chen,1999-05-08,2014-08-08,,Active,Administration,OH
EE0005877,EMP1002,Chiamaka,Okafor,1965-11-23,2026-03-11,,Active,Human Resources,OH
EE0005878,EMP1005,Kevin,Adeyemi,2002-02-19,2025-04-10,,Active,Supply Chain,NC
EE0005879,EMP1004,Priya,Mensah,1966-05-04,2016-03-25,,Active,Customer Operations,FL
EE0005880,EMP1002,Luis,Campbell,2006-05-01,2018-11-24,,Active,Information Technology,NC
EE0005881,EMP1001,Leah,Campbell,2000-08-19,2018-06-24,,Active,Information Technology,NC
EE0005882,EMP1003,Chiamaka,Robinson,2006-01-12,2014-01-02,2024-04-22,Terminated,Legal and Compliance,NC
EE0005883,EMP1001,Samuel,Patel,1977-11-16,2023-04-17,2024-10-09,Terminated,Information Technology,NC
EE0005884,EMP1003,Chiamaka,Bennett,1998-01-10,2021-02-18,,Active,Sales,DC
EE0005885,EMP1001,Kevin,Johnson,1974-03-31,2023-09-27,,Active,Finance,OH
EE0005886,EMP1005,Malik,Mensah,1972-05-18,2025-02-19,,Active,Finance,TX
EE0005887,EMP1002,Aaliyah,Garcia,2006-09-28,2017-05-10,,Active,Information Technology,TX
EE0005888,EMP1003,Chiamaka,Smith,2005-04-12,2025-09-23,,Active,Operations,NC
EE0005889,EMP1004,Daniel,Ibrahim,1968-10-06,2014-02-12,,Active,Sales,FL
EE0005890,EMP1004,Aaliyah,Moore,2001-07-23,2015-08-06,,Active,Human Resources,FL
EE0005891,EMP1005,Ethan,Davis,2005-07-17,2022-10-11,2024-04-30,Terminated,Customer Operations,DC
EE0005892,EMP1004,Omar,Martinez,1971-04-23,2014-06-12,,Active,Legal and Compliance,FL
EE0005893,EMP1004,Fatima,Johnson,1961-10-03,2023-06-24,2026-06-18,Terminated,Legal and Compliance,MD
EE0005894,EMP1003,Isaiah,Miller,1979-08-04,2021-11-16,2024-11-16,Terminated,Operations,NC
EE0005895,EMP1002,Olivia,Lewis,1977-04-05,2015-10-02,,Active,Operations,TX
EE0005896,EMP1004,Zoe,Okafor,1973-06-15,2018-06-05,,Active,Customer Operations,VA
EE0005897,EMP1001,Ethan,Williams,1969-06-12,2026-03-10,,Active,Legal and Compliance,OH
EE0005898,EMP1002,Michael,Johnson,2004-08-08,2023-01-10,2024-11-15,Terminated,Supply Chain,TX
EE0005899,EMP1003,Luis,Garcia,2006-07-06,2025-01-24,,Active,Operations,TX
EE0005900,EMP1002,Victor,Williams,1996-09-24,2014-10-04,,Active,Sales,TX
EE0005901,EMP1001,Luis,Ibrahim,1964-11-23,2018-10-16,,Active,Operations,TX
EE0005902,EMP1002,Omar,Ibrahim,1971-09-03,2018-05-23,,Active,Human Resources,MD
EE0005903,EMP1003,Victor,Lewis,2003-09-03,2024-03-01,,Active,Operations,NC
EE0005904,EMP1004,Omar,Garcia,1986-05-03,2018-09-28,2025-01-05,Terminated,Customer Operations,FL
EE0005905,EMP1005,David,Hernandez,1994-11-23,2021-08-22,,Active,Operations,NY
EE0005906,EMP1001,Carlos,Adams,1968-08-30,2017-06-03,,Active,Supply Chain,DC
EE0005907,EMP1001,Grace,Robinson,1978-01-02,2014-10-22,,Active,Sales,DC
EE0005908,EMP1002,Jasmine,Robinson,1980-04-23,2023-03-19,,Active,Sales,TX
EE0005909,EMP1004,Zoe,Bennett,1999-01-29,2014-09-22,,Active,Operations,MD
EE0005910,EMP1004,Carlos,Okafor,1996-01-09,2019-10-06,,Active,Legal and Compliance,MD
EE0005911,EMP1002,Andre,Williams,1997-05-25,2021-09-27,,Active,Finance,OH
EE0005912,EMP1005,Kevin,Walker,1974-05-23,2016-02-11,,Active,Sales,NY
EE0005913,EMP1004,Priya,Ibrahim,1966-01-20,2021-02-10,,Active,Sales,NY
EE0005914,EMP1002,Kevin,Moore,1976-08-09,2025-02-14,,Active,Legal and Compliance,TX
EE0005915,EMP1001,Chiamaka,Miller,1989-07-23,2024-11-27,,Active,Supply Chain,TX
EE0005916,EMP1001,Olivia,Adeyemi,1991-06-12,2014-01-14,,Active,Administration,DC
EE0005917,EMP1004,Michael,Davis,1976-03-30,2023-05-04,,Active,Supply Chain,FL
EE0005918,EMP1004,David,Smith,1971-06-22,2014-01-28,2024-01-02,Terminated,Information Technology,FL
EE0005919,EMP1005,Daniel,Patel,1961-08-23,2016-04-10,,Active,Customer Operations,NY
EE0005920,EMP1005,Sophia,Campbell,1983-04-11,2020-07-15,,Active,Customer Operations,NY
EE0005921,EMP1001,Omar,Okafor,1997-09-28,2021-08-10,2026-04-07,Terminated,Customer Operations,OH
EE0005922,EMP1001,Michael,Williams,1971-08-19,2019-12-30,,Active,Human Resources,NY
EE0005923,EMP1002,Luis,Nguyen,1974-03-01,2024-06-29,,Active,Administration,OH
EE0005924,EMP1002,Chiamaka,Adeyemi,2000-04-05,2022-12-11,,Active,Customer Operations,TX
EE0005925,EMP1001,Olivia,Bennett,1972-10-25,2025-05-24,2026-02-17,Terminated,Information Technology,OH
EE0005926,EMP1001,Maya,Ibrahim,1978-03-25,2017-03-31,2024-12-02,Terminated,Finance,NC
EE0005927,EMP1003,Kevin,Mensah,1963-02-25,2023-06-26,2026-01-08,Terminated,Human Resources,NC
EE0005928,EMP1002,Sophia,Kim,2002-03-19,2018-01-20,2025-01-07,Terminated,Human Resources,DC
EE0005929,EMP1001,Fatima,Hernandez,1972-03-21,2019-10-08,,Active,Information Technology,NC
EE0005930,EMP1005,Amara,Martinez,1972-11-07,2020-04-05,2025-06-16,Terminated,Sales,OH
EE0005931,EMP1002,Samuel,Adeyemi,1967-11-26,2016-12-21,,Active,Customer Operations,TX
EE0005932,EMP1005,Omar,Ibrahim,1997-08-07,2023-01-20,,Active,Operations,NY
EE0005933,EMP1003,Luis,Kim,1997-04-28,2018-01-17,,Active,Operations,NC
EE0005934,EMP1004,Andre,Ibrahim,1997-11-25,2020-07-02,,Active,Administration,FL
EE0005935,EMP1001,Zoe,Adams,2002-07-26,2020-01-26,,Active,Operations,OH
EE0005936,EMP1001,Naomi,Kim,1990-10-15,2014-07-11,2024-10-10,Terminated,Customer Operations,OH
EE0005937,EMP1002,Leah,Chen,2002-05-09,2020-12-06,,Active,Supply Chain,TX
EE0005938,EMP1001,Leah,Patel,1976-10-18,2019-10-02,,Active,Finance,NC
EE0005939,EMP1001,Isaiah,Davis,1990-09-20,2018-05-07,,Active,Customer Operations,DC
EE0005940,EMP1002,Grace,Davis,2002-03-18,2014-04-19,,Active,Customer Operations,TX
EE0005941,EMP1001,Jasmine,Patel,2001-02-18,2024-10-24,,Active,Finance,OH
EE0005942,EMP1005,Leah,Campbell,1998-06-23,2016-02-18,,Active,Customer Operations,NY
EE0005943,EMP1004,Andre,Patel,1999-09-28,2024-03-31,,Active,Customer Operations,OH
EE0005944,EMP1003,Amara,Nguyen,1964-07-28,2020-12-09,,Active,Operations,VA
EE0005945,EMP1003,Maya,Garcia,1981-11-25,2019-02-18,,Active,Operations,FL
EE0005946,EMP1005,Chiamaka,Hernandez,1966-05-30,2025-07-10,,Active,Customer Operations,NY
EE0005947,EMP1003,Victor,Williams,1985-10-21,2015-07-26,,Active,Information Technology,MD
EE0005948,EMP1004,Angela,Brown,1987-03-28,2018-03-11,,Active,Administration,MD
EE0005949,EMP1001,Isaiah,Miller,2004-06-21,2016-06-03,,Active,Legal and Compliance,DC
EE0005950,EMP1002,Jasmine,Walker,1979-06-06,2024-07-29,,Active,Operations,MD
EE0005951,EMP1005,Victor,Kim,1971-06-21,2015-11-06,,Active,Operations,MD
EE0005952,EMP1004,Chiamaka,Nguyen,1986-08-23,2018-04-13,,Active,Finance,FL
EE0005953,EMP1001,Fatima,Nguyen,1982-05-06,2016-05-16,,Active,Supply Chain,DC
EE0005954,EMP1001,Isaiah,Campbell,1995-10-10,2021-08-09,,Active,Sales,OH
EE0005955,EMP1003,Jordan,Brown,1983-10-31,2019-03-06,,Active,Customer Operations,NC
EE0005956,EMP1002,Jordan,Patel,1982-07-02,2017-05-17,,Active,Human Resources,FL
EE0005957,EMP1005,Sophia,Adeyemi,1999-01-15,2023-12-13,,Active,Customer Operations,OH
EE0005958,EMP1002,Nia,Kim,1994-06-04,2024-10-14,,Active,Sales,TX
EE0005959,EMP1001,Chiamaka,Ibrahim,1962-06-03,2022-09-18,,Active,Information Technology,DC
EE0005960,EMP1001,Daniel,Bennett,1972-07-10,2021-01-05,,Active,Finance,OH
EE0005961,EMP1005,Noah,Williams,2006-06-18,2020-09-09,,Active,Operations,NY
EE0005962,EMP1005,Chiamaka,Walker,1963-10-12,2026-02-09,2026-06-30,Terminated,Information Technology,NY
EE0005963,EMP1002,Carlos,Moore,1972-05-12,2021-10-14,2026-02-21,Terminated,Operations,TX
EE0005964,EMP1002,Grace,Mensah,1963-08-12,2018-02-21,,Active,Sales,NY
EE0005965,EMP1003,Nia,Taylor,1978-10-09,2022-08-13,2024-03-21,Terminated,Human Resources,DC
EE0005966,EMP1004,Isaiah,Taylor,1978-01-02,2017-09-23,,Active,Operations,VA
EE0005967,EMP1004,Luis,Wilson,2001-05-10,2016-05-11,,Active,Administration,VA
EE0005968,EMP1001,Naomi,Chen,1968-08-21,2022-09-18,,Active,Human Resources,VA
EE0005969,EMP1005,Kevin,Thomas,1984-12-06,2019-09-26,,Active,Human Resources,NY
EE0005970,EMP1002,Jasmine,Davis,1999-03-29,2024-01-12,2025-04-01,Terminated,Supply Chain,TX
EE0005971,EMP1003,Jasmine,Okafor,1974-11-11,2014-01-23,,Active,Sales,FL
EE0005972,EMP1005,Andre,Patel,1971-12-06,2014-10-26,,Active,Supply Chain,DC
EE0005973,EMP1002,Zoe,Ibrahim,1974-08-20,2014-07-14,,Active,Customer Operations,TX
EE0005974,EMP1005,Amara,Robinson,1973-06-26,2019-06-12,,Active,Customer Operations,NY
EE0005975,EMP1001,Chiamaka,Mensah,1972-03-15,2018-08-23,,Active,Legal and Compliance,OH
EE0005976,EMP1001,Daniel,Patel,2003-07-05,2022-12-29,,Active,Administration,OH
EE0005977,EMP1004,Jordan,Chen,1999-10-03,2021-03-17,,Active,Operations,FL
EE0005978,EMP1004,Priya,Adeyemi,1993-10-27,2022-03-13,,Active,Administration,VA
EE0005979,EMP1004,Luis,Miller,1980-10-27,2025-08-09,,Active,Customer Operations,FL
EE0005980,EMP1005,Carlos,Lewis,1972-05-30,2015-10-06,,Active,Human Resources,VA
EE0005981,EMP1003,Victor,Lewis,1988-02-19,2014-12-22,2025-08-30,Terminated,Human Resources,NC
EE0005982,EMP1003,Andre,Nguyen,1982-01-26,2022-11-30,,Active,Customer Operations,TX
EE0005983,EMP1005,Kevin,Johnson,1966-04-14,2025-05-07,2025-07-14,Terminated,Information Technology,NY
EE0005984,EMP1004,Isaiah,Kim,1983-05-29,2025-10-26,,Active,Supply Chain,FL
EE0005985,EMP1001,Elena,Bennett,1964-12-07,2022-11-09,,Active,Supply Chain,OH
EE0005986,EMP1004,Elena,Mensah,1968-07-26,2023-11-29,,Active,Supply Chain,TX
EE0005987,EMP1001,Omar,Mensah,1973-09-08,2021-04-25,,Active,Sales,NC
EE0005988,EMP1004,Elena,Walker,1985-11-09,2021-07-21,2024-02-23,Terminated,Legal and Compliance,FL
EE0005989,EMP1004,Jasmine,Campbell,1968-05-09,2022-10-29,,Active,Legal and Compliance,FL
EE0005990,EMP1002,Michael,Bennett,2006-03-01,2020-05-27,,Active,Human Resources,TX
EE0005991,EMP1004,Fatima,Hernandez,1978-12-20,2023-09-22,,Active,Customer Operations,NY
EE0005992,EMP1004,Maya,Johnson,2004-10-25,2018-08-16,,Active,Customer Operations,OH
EE0005993,EMP1002,Fatima,Robinson,2005-01-11,2020-09-20,,Active,Supply Chain,TX
EE0005994,EMP1003,Omar,Bennett,2002-07-15,2023-12-20,2025-10-12,Terminated,Finance,NC
EE0005995,EMP1004,Jasmine,Nguyen,1970-05-13,2017-09-11,,Active,Sales,VA
EE0005996,EMP1002,Isaiah,Adams,1999-02-21,2019-09-09,2025-10-08,Terminated,Supply Chain,TX
EE0005997,EMP1002,David,Williams,1995-02-08,2018-11-07,2024-12-05,Terminated,Human Resources,NC
EE0005998,EMP1005,Luis,Chen,1983-07-04,2020-03-24,,Active,Finance,NY
EE0005999,EMP1005,Sophia,Smith,1987-10-04,2015-02-05,,Active,Finance,NY
EE0006000,EMP1001,Omar,Walker,2002-07-20,2024-08-18,,Active,Information Technology,NC
EE0006001,EMP1002,Omar,Wilson,1973-02-05,2014-07-12,,Active,Customer Operations,TX
EE0006002,EMP1004,Michael,Wilson,1982-08-14,2017-11-18,2025-12-09,Terminated,Customer Operations,NY
EE0006003,EMP1003,Sophia,Miller,1982-01-07,2021-07-12,,Active,Customer Operations,NY
EE0006004,EMP1002,Luis,Adeyemi,1975-05-08,2021-08-17,,Active,Supply Chain,TX
EE0006005,EMP1002,David,Adeyemi,1996-07-07,2019-07-25,,Active,Information Technology,TX
EE0006006,EMP1002,Elena,Martinez,1967-07-30,2019-06-30,,Active,Legal and Compliance,NY
EE0006007,EMP1003,Isaiah,Lewis,1992-03-14,2015-01-24,,Active,Finance,NC
EE0006008,EMP1002,Aaliyah,Mensah,1970-06-26,2020-06-07,,Active,Operations,NC
EE0006009,EMP1001,Andre,Davis,2004-07-28,2016-04-19,2025-11-19,Terminated,Operations,OH
EE0006010,EMP1003,Daniel,Patel,1991-08-17,2015-02-02,,Active,Administration,NC
EE0006011,EMP1005,Jasmine,Davis,1962-02-07,2016-01-10,,Active,Operations,VA
EE0006012,EMP1004,Grace,Kim,1977-05-19,2015-01-03,2025-03-17,Terminated,Finance,FL
EE0006013,EMP1004,Nia,Ibrahim,1987-01-08,2018-08-29,2024-08-12,Terminated,Supply Chain,FL
EE0006014,EMP1003,Elena,Adams,1962-03-26,2024-02-06,2025-06-04,Terminated,Legal and Compliance,NC
EE0006015,EMP1003,Zoe,Chen,1984-10-19,2020-12-12,,Active,Finance,OH
EE0006016,EMP1003,Fatima,Okafor,1962-05-27,2014-03-17,,Active,Supply Chain,MD
EE0006017,EMP1002,Naomi,Davis,1982-06-23,2021-09-12,2024-06-26,Terminated,Operations,TX
EE0006018,EMP1004,Amara,Hernandez,1978-10-20,2015-10-19,,Active,Customer Operations,NC
EE0006019,EMP1001,Isaiah,Nguyen,1974-04-01,2020-08-09,,Active,Customer Operations,OH
EE0006020,EMP1003,Luis,Hernandez,1973-02-13,2021-05-15,,Active,Operations,NC
EE0006021,EMP1004,Naomi,Bennett,1981-01-27,2017-04-20,,Active,Administration,OH
EE0006022,EMP1005,Malik,Martinez,1986-11-29,2024-12-24,2025-12-28,Terminated,Information Technology,NY
EE0006023,EMP1005,Grace,Mensah,1984-09-01,2015-05-20,,Active,Sales,NY
EE0006024,EMP1001,David,Martinez,1972-03-19,2021-09-24,2026-05-19,Terminated,Human Resources,OH
EE0006025,EMP1003,Naomi,Thomas,1973-09-21,2025-01-06,,Active,Human Resources,TX
EE0006026,EMP1001,Maya,Chen,1971-02-01,2023-04-19,,Active,Customer Operations,TX
EE0006027,EMP1002,Luis,Hernandez,1972-03-10,2019-06-22,2025-08-05,Terminated,Customer Operations,TX
EE0006028,EMP1005,Olivia,Bennett,1982-05-27,2014-12-01,,Active,Sales,NY
EE0006029,EMP1004,Victor,Moore,1982-02-02,2014-08-07,,Active,Legal and Compliance,NC
EE0006030,EMP1003,Angela,Brown,2007-04-16,2016-10-09,,Active,Human Resources,VA
EE0006031,EMP1002,Kevin,Mensah,2006-04-04,2018-05-10,2026-02-04,Terminated,Sales,TX
EE0006032,EMP1002,Andre,Walker,2000-02-04,2017-03-10,2024-09-06,Terminated,Sales,TX
EE0006033,EMP1002,Andre,Adeyemi,1987-05-20,2026-05-27,,Active,Legal and Compliance,FL
EE0006034,EMP1001,Kevin,Chen,1974-02-18,2024-01-20,2025-01-08,Terminated,Human Resources,NC
EE0006035,EMP1003,Ethan,Wilson,1997-04-23,2024-12-20,2026-05-07,Terminated,Legal and Compliance,DC
EE0006036,EMP1001,Aaliyah,Martinez,1981-01-16,2021-10-19,,Active,Operations,OH
EE0006037,EMP1004,Omar,Bennett,1991-02-15,2015-10-01,,Active,Sales,FL
EE0006038,EMP1002,Isaiah,Adeyemi,1962-05-01,2015-12-21,,Active,Operations,TX
EE0006039,EMP1005,Chiamaka,Ibrahim,1998-08-20,2024-03-31,,Active,Human Resources,TX
EE0006040,EMP1001,Priya,Ibrahim,1973-03-03,2023-02-27,,Active,Administration,OH
EE0006041,EMP1003,Ethan,Williams,1974-11-09,2023-04-16,,Active,Operations,DC
EE0006042,EMP1001,David,Campbell,1963-03-31,2024-12-27,2025-10-17,Terminated,Supply Chain,OH
EE0006043,EMP1005,Naomi,Lewis,2004-09-16,2016-12-01,,Active,Operations,NY
EE0006044,EMP1002,Fatima,Moore,2005-10-25,2016-03-31,,Active,Customer Operations,OH
EE0006045,EMP1004,Isaiah,Chen,1988-03-26,2014-02-15,,Active,Supply Chain,FL
EE0006046,EMP1003,Fatima,Hernandez,1989-09-21,2018-03-12,2025-05-13,Terminated,Customer Operations,NC
EE0006047,EMP1001,Amara,Wilson,1999-03-24,2022-05-10,,Active,Human Resources,DC
EE0006048,EMP1002,Victor,Martinez,1967-04-29,2026-04-17,,Active,Finance,TX
EE0006049,EMP1005,Elena,Patel,1963-12-11,2021-07-17,2024-10-23,Terminated,Information Technology,FL
EE0006050,EMP1003,Victor,Miller,1979-02-27,2017-04-05,,Active,Sales,VA
EE0006051,EMP1001,Samuel,Kim,1969-03-20,2023-06-23,2024-03-29,Terminated,Human Resources,OH
EE0006052,EMP1002,Leah,Chen,1981-11-02,2014-07-19,,Active,Sales,OH
EE0006053,EMP1004,Omar,Davis,1974-09-28,2018-02-09,,Active,Operations,VA
EE0006054,EMP1002,Malik,Davis,1978-06-14,2023-06-21,2024-04-24,Terminated,Administration,TX
EE0006055,EMP1001,Samuel,Wilson,1983-11-16,2014-11-15,,Active,Information Technology,OH
EE0006056,EMP1004,Olivia,Bennett,1965-03-12,2019-11-15,,Active,Sales,FL
EE0006057,EMP1003,Jasmine,Adeyemi,1961-09-08,2015-05-19,,Active,Sales,NC
EE0006058,EMP1005,Carlos,Campbell,1973-01-06,2019-09-06,2025-11-22,Terminated,Information Technology,NY
EE0006059,EMP1004,David,Kim,1989-01-23,2015-07-14,,Active,Operations,FL
EE0006060,EMP1005,Nia,Nguyen,1977-09-21,2014-10-29,,Active,Finance,MD
EE0006061,EMP1002,David,Miller,1989-08-29,2022-08-02,2025-01-03,Terminated,Customer Operations,FL
EE0006062,EMP1002,Luis,Hernandez,1976-09-25,2017-11-11,2024-06-17,Terminated,Supply Chain,TX
EE0006063,EMP1003,Isaiah,Okafor,1985-03-05,2016-07-30,,Active,Customer Operations,NC
EE0006064,EMP1003,Jordan,Adams,1965-08-09,2022-09-13,,Active,Sales,NC
EE0006065,EMP1005,Jasmine,Martinez,2004-11-10,2017-04-19,,Active,Sales,NY
EE0006066,EMP1002,Grace,Adams,1986-06-30,2019-05-15,,Active,Legal and Compliance,TX
EE0006067,EMP1004,Samuel,Thomas,1976-03-19,2014-01-08,,Active,Administration,MD
EE0006068,EMP1004,Andre,Lewis,1979-09-24,2018-07-26,,Active,Human Resources,FL
EE0006069,EMP1003,Nia,Lewis,1988-12-12,2020-05-21,,Active,Human Resources,NC
EE0006070,EMP1005,Ethan,Bennett,1987-11-07,2016-03-28,,Active,Supply Chain,NY
EE0006071,EMP1002,Naomi,Miller,1994-08-29,2025-06-27,2025-07-29,Terminated,Human Resources,TX
EE0006072,EMP1004,Malik,Walker,2006-08-16,2015-09-26,,Active,Sales,FL
EE0006073,EMP1002,Amara,Patel,1985-04-22,2017-05-19,,Active,Operations,VA
EE0006074,EMP1003,Jasmine,Chen,1998-06-15,2018-06-04,,Active,Administration,MD
EE0006075,EMP1003,Ethan,Ibrahim,2006-07-26,2021-09-08,2025-01-23,Terminated,Supply Chain,OH
EE0006076,EMP1001,Chiamaka,Mensah,1989-11-24,2025-09-10,,Active,Legal and Compliance,OH
EE0006077,EMP1002,Isaiah,Chen,1978-10-31,2023-03-11,,Active,Operations,TX
EE0006078,EMP1004,Victor,Adams,1988-02-17,2020-10-29,,Active,Information Technology,NC
EE0006079,EMP1005,Kevin,Hernandez,1998-10-01,2025-06-04,,Active,Administration,NY
EE0006080,EMP1004,Samuel,Taylor,1985-09-19,2025-04-05,,Active,Information Technology,FL
EE0006081,EMP1005,Ethan,Bennett,1992-04-11,2017-04-10,2024-05-27,Terminated,Sales,NY
EE0006082,EMP1004,Samuel,Brown,1962-08-08,2021-03-26,,Active,Operations,FL
EE0006083,EMP1004,Nia,Wilson,1998-05-06,2014-12-20,,Active,Human Resources,DC
EE0006084,EMP1005,Grace,Chen,2000-06-19,2020-11-16,,Active,Sales,NY
EE0006085,EMP1003,Amara,Nguyen,1998-07-28,2016-06-25,,Active,Operations,NC
EE0006086,EMP1003,Jasmine,Smith,1989-12-22,2019-06-01,,Active,Information Technology,NC
EE0006087,EMP1002,Ethan,Hernandez,1986-04-11,2020-07-10,,Active,Finance,TX
EE0006088,EMP1002,Omar,Johnson,1971-12-29,2019-03-19,2025-03-25,Terminated,Administration,TX
EE0006089,EMP1001,Noah,Lewis,1983-06-27,2022-06-17,2026-03-14,Terminated,Finance,VA
EE0006090,EMP1002,Noah,Lewis,1971-03-26,2019-02-18,,Active,Legal and Compliance,NC
EE0006091,EMP1001,Malik,Mensah,2007-02-05,2025-02-04,2025-11-18,Terminated,Administration,MD
EE0006092,EMP1005,Ethan,Garcia,1967-02-18,2021-12-13,2025-12-15,Terminated,Human Resources,NC
EE0006093,EMP1003,Fatima,Miller,1992-08-05,2019-02-19,,Active,Supply Chain,OH
EE0006094,EMP1002,Priya,Adeyemi,2001-06-23,2016-09-05,,Active,Sales,TX
EE0006095,EMP1004,Sophia,Adams,2004-06-24,2018-06-24,,Active,Legal and Compliance,VA
EE0006096,EMP1004,Luis,Miller,1994-08-05,2017-10-14,2024-02-01,Terminated,Supply Chain,OH
EE0006097,EMP1002,Nia,Chen,1997-09-09,2020-11-29,,Active,Finance,TX
EE0006098,EMP1002,Fatima,Smith,1989-07-16,2019-06-17,,Active,Customer Operations,DC
EE0006099,EMP1001,Kevin,Martinez,1978-06-11,2022-06-21,,Active,Administration,OH
EE0006100,EMP1005,Amara,Ibrahim,1989-09-30,2019-02-22,,Active,Customer Operations,NY
EE0006101,EMP1005,Jasmine,Walker,1991-01-19,2016-06-24,2024-07-13,Terminated,Finance,NY
EE0006102,EMP1003,Malik,Hernandez,1968-12-28,2022-09-08,,Active,Sales,FL
EE0006103,EMP1003,Malik,Moore,1970-01-03,2023-09-26,,Active,Sales,NC
EE0006104,EMP1001,Luis,Miller,1990-05-23,2025-05-13,,Active,Operations,OH
EE0006105,EMP1001,Noah,Adeyemi,1993-09-24,2025-06-02,,Active,Information Technology,OH
EE0006106,EMP1004,Fatima,Smith,1970-04-20,2022-12-26,,Active,Customer Operations,FL
EE0006107,EMP1004,Sophia,Walker,1987-12-14,2024-01-25,2025-01-29,Terminated,Operations,NY
EE0006108,EMP1004,Angela,Miller,1970-05-25,2022-05-09,,Active,Human Resources,FL
EE0006109,EMP1005,Amara,Thomas,2003-08-29,2023-01-10,,Active,Supply Chain,MD
EE0006110,EMP1002,Malik,Thomas,1998-09-24,2024-03-23,,Active,Operations,TX
EE0006111,EMP1004,Samuel,Walker,1996-04-25,2020-09-01,,Active,Customer Operations,FL
EE0006112,EMP1003,Elena,Adeyemi,1977-06-11,2023-09-27,,Active,Operations,FL
EE0006113,EMP1004,Amara,Moore,1996-05-18,2018-08-29,,Active,Sales,FL
EE0006114,EMP1005,Jasmine,Kim,1975-05-08,2023-04-06,,Active,Information Technology,NY
EE0006115,EMP1005,Olivia,Robinson,2001-07-29,2020-07-28,2025-10-07,Terminated,Customer Operations,NC
EE0006116,EMP1002,Jasmine,Bennett,2003-04-23,2025-05-15,,Active,Finance,TX
EE0006117,EMP1005,Samuel,Thomas,1996-01-31,2024-08-17,,Active,Customer Operations,NY
EE0006118,EMP1005,Omar,Nguyen,1964-11-06,2024-05-19,,Active,Finance,NC
EE0006119,EMP1005,Daniel,Adeyemi,1962-11-04,2021-04-26,,Active,Information Technology,DC
EE0006120,EMP1002,David,Thomas,1977-12-27,2022-02-12,,Active,Sales,TX
EE0006121,EMP1004,Olivia,Moore,1974-04-02,2014-10-16,2024-06-09,Terminated,Administration,TX
EE0006122,EMP1003,Leah,Ibrahim,1975-11-16,2018-05-20,,Active,Supply Chain,NC
EE0006123,EMP1003,Naomi,Wilson,1996-11-20,2016-01-30,,Active,Operations,OH
EE0006124,EMP1005,Jasmine,Chen,1975-08-01,2018-02-02,,Active,Information Technology,FL
EE0006125,EMP1001,Noah,Chen,1973-09-28,2022-06-07,,Active,Human Resources,OH
EE0006126,EMP1003,Luis,Patel,1981-12-14,2021-09-27,,Active,Sales,NC
EE0006127,EMP1002,Carlos,Patel,1971-12-27,2016-03-19,2024-04-06,Terminated,Human Resources,TX
EE0006128,EMP1003,Olivia,Ibrahim,1970-05-19,2026-03-18,,Active,Sales,NC
EE0006129,EMP1005,Daniel,Mensah,1993-05-02,2026-02-01,2026-05-17,Terminated,Administration,NC
EE0006130,EMP1004,Amara,Martinez,1995-10-30,2021-06-30,,Active,Customer Operations,DC
EE0006131,EMP1002,Leah,Adeyemi,1993-12-22,2018-05-30,,Active,Sales,TX
EE0006132,EMP1001,Jasmine,Adams,1991-11-24,2016-04-02,2025-12-05,Terminated,Operations,OH
EE0006133,EMP1002,Daniel,Adeyemi,2004-06-18,2017-02-03,2025-02-23,Terminated,Customer Operations,TX
EE0006134,EMP1001,Kevin,Nguyen,1989-08-14,2025-06-23,,Active,Administration,NY
EE0006135,EMP1004,Chiamaka,Bennett,1990-12-05,2020-12-08,,Active,Supply Chain,MD
EE0006136,EMP1003,Daniel,Lewis,1966-05-22,2024-02-13,,Active,Administration,NC
EE0006137,EMP1001,Omar,Davis,1985-12-17,2023-07-02,2026-05-26,Terminated,Human Resources,OH
EE0006138,EMP1002,Maya,Lewis,1993-06-06,2019-03-30,,Active,Finance,DC
EE0006139,EMP1003,Noah,Davis,1990-04-05,2022-08-08,,Active,Information Technology,NC
EE0006140,EMP1004,Noah,Campbell,1969-11-24,2020-04-24,,Active,Operations,FL
EE0006141,EMP1005,Aaliyah,Davis,1976-03-17,2018-08-23,,Active,Information Technology,DC
EE0006142,EMP1003,Amara,Ibrahim,1985-06-03,2025-03-05,,Active,Human Resources,NC
EE0006143,EMP1002,Sophia,Taylor,1997-01-29,2024-11-12,,Active,Operations,TX
EE0006144,EMP1005,David,Garcia,1975-01-20,2019-11-05,,Active,Finance,NY
EE0006145,EMP1002,Fatima,Bennett,1968-12-26,2024-05-31,,Active,Information Technology,TX
EE0006146,EMP1004,Michael,Martinez,1987-08-29,2024-09-07,2025-01-03,Terminated,Human Resources,FL
EE0006147,EMP1004,Daniel,Bennett,1973-04-12,2014-06-26,2024-01-14,Terminated,Administration,DC
EE0006148,EMP1005,Amara,Mensah,1961-09-03,2015-01-27,,Active,Sales,NC
EE0006149,EMP1004,Samuel,Ibrahim,1976-06-05,2018-08-24,,Active,Finance,DC
EE0006150,EMP1001,Kevin,Moore,1986-02-13,2014-03-14,2024-06-03,Terminated,Administration,DC
EE0006151,EMP1002,Angela,Adeyemi,1987-10-16,2014-03-28,,Active,Operations,TX
EE0006152,EMP1005,Priya,Walker,1979-05-07,2016-09-22,,Active,Legal and Compliance,NY
EE0006153,EMP1001,Grace,Bennett,1974-11-10,2024-01-07,2025-10-01,Terminated,Information Technology,TX
EE0006154,EMP1004,Jasmine,Adeyemi,1996-06-06,2019-04-04,,Active,Administration,OH
EE0006155,EMP1003,Victor,Moore,1968-04-11,2016-03-15,,Active,Sales,NC
EE0006156,EMP1004,Leah,Nguyen,1989-07-06,2016-05-12,,Active,Human Resources,TX
EE0006157,EMP1004,Naomi,Garcia,1963-05-16,2021-01-31,,Active,Administration,FL
EE0006158,EMP1005,Malik,Walker,2003-07-22,2017-10-05,,Active,Sales,OH
EE0006159,EMP1004,Leah,Bennett,1984-01-12,2016-10-07,,Active,Human Resources,FL
EE0006160,EMP1001,Zoe,Taylor,1980-02-20,2020-11-03,,Active,Sales,VA
EE0006161,EMP1005,Carlos,Taylor,2006-04-07,2025-08-21,2025-10-30,Terminated,Legal and Compliance,NC
EE0006162,EMP1002,Fatima,Thomas,1970-06-08,2019-02-07,,Active,Sales,TX
EE0006163,EMP1002,Jordan,Campbell,1962-08-31,2016-01-02,,Active,Information Technology,TX
EE0006164,EMP1001,Fatima,Patel,1964-08-19,2023-01-20,2025-10-16,Terminated,Information Technology,TX
EE0006165,EMP1002,Elena,Lewis,2000-08-22,2020-11-14,2024-02-05,Terminated,Finance,TX
EE0006166,EMP1005,Kevin,Miller,2003-08-16,2024-01-01,,Active,Administration,NY
EE0006167,EMP1002,Olivia,Taylor,2000-04-19,2021-03-29,,Active,Legal and Compliance,TX
EE0006168,EMP1004,Michael,Adams,1972-11-10,2022-04-01,,Active,Administration,FL
EE0006169,EMP1001,Luis,Walker,1999-07-03,2017-08-12,,Active,Operations,OH
EE0006170,EMP1003,Ethan,Robinson,1998-02-16,2015-11-30,,Active,Administration,NC
EE0006171,EMP1005,Aaliyah,Thomas,1976-03-15,2026-05-04,,Active,Supply Chain,DC
EE0006172,EMP1003,Luis,Robinson,1994-06-14,2023-05-20,2026-02-28,Terminated,Finance,NC
EE0006173,EMP1004,Victor,Smith,1996-12-19,2014-07-10,,Active,Administration,VA
EE0006174,EMP1004,Fatima,Taylor,1965-05-20,2015-08-08,,Active,Legal and Compliance,FL
EE0006175,EMP1001,Zoe,Mensah,1998-02-12,2023-01-16,,Active,Legal and Compliance,OH
EE0006176,EMP1004,Luis,Ibrahim,1981-01-14,2022-05-20,,Active,Sales,NC
EE0006177,EMP1001,Elena,Adams,1976-05-29,2024-03-27,,Active,Information Technology,OH
EE0006178,EMP1005,Ethan,Okafor,1972-05-14,2016-10-22,,Active,Legal and Compliance,NY
EE0006179,EMP1005,Andre,Miller,1997-10-28,2017-12-31,,Active,Operations,MD
EE0006180,EMP1002,Grace,Wilson,1976-03-26,2015-06-03,,Active,Human Resources,TX
EE0006181,EMP1001,Sophia,Miller,1986-09-25,2023-08-21,,Active,Operations,OH
EE0006182,EMP1004,Michael,Moore,1978-06-12,2022-08-27,2025-04-10,Terminated,Information Technology,TX
EE0006183,EMP1005,Olivia,Moore,1985-09-13,2022-09-13,,Active,Human Resources,NY
EE0006184,EMP1004,Sophia,Ibrahim,1969-04-23,2022-09-18,,Active,Operations,NC
EE0006185,EMP1005,Michael,Hernandez,1989-06-30,2024-05-28,,Active,Finance,NY
EE0006186,EMP1002,Malik,Mensah,1976-10-13,2016-12-22,,Active,Information Technology,FL
EE0006187,EMP1003,Omar,Campbell,1993-07-02,2015-11-27,,Active,Legal and Compliance,NC
EE0006188,EMP1002,Priya,Campbell,2004-07-11,2017-12-04,2025-10-26,Terminated,Human Resources,MD
EE0006189,EMP1003,Priya,Williams,1998-01-30,2015-06-04,,Active,Information Technology,NC
EE0006190,EMP1004,Grace,Johnson,1963-05-21,2016-08-09,,Active,Human Resources,VA
EE0006191,EMP1004,Malik,Garcia,2002-10-12,2023-09-03,,Active,Sales,FL
EE0006192,EMP1004,David,Kim,1993-01-16,2016-03-27,2025-09-18,Terminated,Legal and Compliance,DC
EE0006193,EMP1002,Elena,Wilson,1991-07-28,2022-02-22,,Active,Finance,TX
EE0006194,EMP1005,Noah,Kim,1998-07-16,2015-06-27,2025-09-11,Terminated,Administration,NY
EE0006195,EMP1003,Omar,Campbell,1963-09-21,2022-09-10,,Active,Customer Operations,VA
EE0006196,EMP1003,Fatima,Moore,2002-08-03,2017-01-21,,Active,Administration,NC
EE0006197,EMP1005,Naomi,Nguyen,2004-11-21,2022-05-24,,Active,Sales,OH
EE0006198,EMP1004,Victor,Hernandez,1971-02-26,2015-09-22,,Active,Operations,DC
EE0006199,EMP1003,Amara,Robinson,1982-04-18,2016-01-14,,Active,Supply Chain,NC
EE0006200,EMP1005,Angela,Davis,1987-12-12,2017-04-20,,Active,Customer Operations,NY
EE0006201,EMP1002,Olivia,Chen,1961-08-29,2025-08-11,,Active,Operations,VA
EE0006202,EMP1003,Michael,Lewis,2002-07-30,2019-12-31,,Active,Administration,NC
EE0006203,EMP1003,Elena,Adeyemi,1992-12-15,2015-02-05,2025-08-29,Terminated,Administration,NC
EE0006204,EMP1003,Nia,Davis,1992-05-02,2015-11-26,,Active,Supply Chain,OH
EE0006205,EMP1001,Zoe,Mensah,1974-12-25,2025-07-03,,Active,Finance,FL
EE0006206,EMP1001,Jasmine,Johnson,2000-10-18,2014-05-04,,Active,Operations,OH
EE0006207,EMP1004,Elena,Campbell,1986-11-04,2021-04-23,,Active,Supply Chain,MD
EE0006208,EMP1005,Chiamaka,Martinez,1973-09-27,2021-04-26,,Active,Operations,NY
EE0006209,EMP1002,Nia,Wilson,1979-01-08,2025-03-03,,Active,Supply Chain,NC
EE0006210,EMP1001,Luis,Bennett,1973-05-22,2020-03-13,,Active,Sales,OH
EE0006211,EMP1001,Fatima,Smith,2001-02-02,2018-11-03,,Active,Sales,OH
EE0006212,EMP1001,Malik,Williams,1993-10-07,2024-10-01,,Active,Human Resources,FL
EE0006213,EMP1001,Sophia,Garcia,1992-01-30,2017-05-18,2025-03-13,Terminated,Sales,OH
EE0006214,EMP1004,Chiamaka,Johnson,1987-02-06,2017-12-18,,Active,Supply Chain,FL
EE0006215,EMP1002,Aaliyah,Bennett,1965-06-04,2020-06-06,2024-04-16,Terminated,Supply Chain,TX
EE0006216,EMP1001,Ethan,Patel,1988-02-06,2015-09-26,,Active,Operations,MD
EE0006217,EMP1005,Samuel,Davis,1985-07-18,2024-05-26,,Active,Human Resources,NY
EE0006218,EMP1001,Priya,Nguyen,2004-04-21,2017-06-02,,Active,Sales,OH
EE0006219,EMP1001,Olivia,Lewis,1979-04-16,2022-05-13,,Active,Sales,OH
EE0006220,EMP1005,Michael,Adams,2003-12-25,2023-08-29,,Active,Customer Operations,NY
EE0006221,EMP1005,Elena,Bennett,1961-12-02,2019-02-09,,Active,Human Resources,NY
EE0006222,EMP1005,Luis,Campbell,2001-12-29,2025-12-31,2026-05-19,Terminated,Legal and Compliance,NY
EE0006223,EMP1001,Grace,Brown,1983-05-08,2021-02-09,2024-11-03,Terminated,Supply Chain,VA
EE0006224,EMP1004,Ethan,Patel,1964-12-02,2024-07-30,,Active,Human Resources,FL
EE0006225,EMP1001,Naomi,Martinez,1981-12-10,2024-09-20,2026-03-07,Terminated,Information Technology,NY
EE0006226,EMP1005,Jordan,Chen,1985-04-18,2019-02-07,,Active,Legal and Compliance,NY
EE0006227,EMP1004,Daniel,Walker,1970-10-16,2022-06-01,,Active,Legal and Compliance,FL
EE0006228,EMP1002,Leah,Mensah,1967-12-30,2014-05-17,2025-04-29,Terminated,Legal and Compliance,TX
EE0006229,EMP1001,Leah,Davis,1995-08-09,2016-01-07,,Active,Administration,FL
EE0006230,EMP1004,Olivia,Garcia,1971-10-21,2016-07-23,,Active,Customer Operations,FL
EE0006231,EMP1001,Sophia,Kim,1978-02-16,2014-07-27,,Active,Legal and Compliance,MD
EE0006232,EMP1001,Luis,Nguyen,1999-09-10,2020-02-20,,Active,Supply Chain,FL
EE0006233,EMP1002,Leah,Brown,2004-05-25,2016-04-13,,Active,Human Resources,DC
EE0006234,EMP1005,Omar,Nguyen,1999-06-04,2024-06-16,2025-11-24,Terminated,Sales,NY
EE0006235,EMP1001,Nia,Robinson,1976-04-27,2019-06-29,,Active,Supply Chain,FL
EE0006236,EMP1004,Aaliyah,Miller,1995-03-28,2019-09-16,2024-11-25,Terminated,Customer Operations,FL
EE0006237,EMP1002,Daniel,Okafor,1987-09-30,2025-06-06,,Active,Operations,VA
EE0006238,EMP1001,Sophia,Nguyen,1999-04-08,2023-12-06,,Active,Administration,FL
EE0006239,EMP1001,Victor,Miller,1968-09-09,2024-06-06,2024-12-10,Terminated,Operations,OH
EE0006240,EMP1004,Jasmine,Adams,1963-06-08,2025-11-05,,Active,Human Resources,DC
EE0006241,EMP1001,Victor,Johnson,1987-05-22,2026-01-22,2026-06-28,Terminated,Legal and Compliance,OH
EE0006242,EMP1004,Malik,Okafor,1982-05-11,2019-12-23,,Active,Human Resources,FL
EE0006243,EMP1003,Noah,Adeyemi,1983-09-04,2020-06-18,2025-02-18,Terminated,Supply Chain,MD
EE0006244,EMP1003,Carlos,Mensah,1996-09-27,2016-08-13,,Active,Legal and Compliance,NC
EE0006245,EMP1004,Elena,Mensah,1990-01-03,2024-05-19,,Active,Supply Chain,MD
EE0006246,EMP1001,Amara,Adeyemi,1990-09-08,2018-06-09,2024-07-07,Terminated,Sales,NC
EE0006247,EMP1003,Noah,Adams,1982-09-22,2023-07-20,,Active,Finance,NC
EE0006248,EMP1002,Nia,Patel,1978-12-11,2017-11-23,,Active,Supply Chain,TX
EE0006249,EMP1003,Grace,Bennett,1979-10-24,2015-08-17,2025-01-01,Terminated,Finance,NC
EE0006250,EMP1004,Naomi,Smith,1985-08-06,2014-06-07,,Active,Legal and Compliance,TX
EE0006251,EMP1005,Naomi,Nguyen,1971-07-14,2018-07-11,2024-09-28,Terminated,Customer Operations,NC
EE0006252,EMP1005,Sophia,Williams,1989-04-12,2025-12-03,,Active,Supply Chain,NY
EE0006253,EMP1004,Naomi,Davis,1996-01-13,2023-11-19,,Active,Finance,FL
EE0006254,EMP1005,Victor,Thomas,1972-12-09,2023-06-04,2026-03-19,Terminated,Information Technology,NY
EE0006255,EMP1003,Sophia,Adeyemi,1991-09-04,2023-02-03,2026-04-30,Terminated,Operations,NC
EE0006256,EMP1001,Isaiah,Martinez,1969-04-02,2026-03-11,,Active,Finance,OH
EE0006257,EMP1005,Kevin,Thomas,1980-10-19,2014-05-05,,Active,Legal and Compliance,DC
EE0006258,EMP1002,Isaiah,Brown,1999-10-21,2016-05-25,2024-07-12,Terminated,Administration,TX
EE0006259,EMP1002,Zoe,Hernandez,1962-06-29,2019-05-15,,Active,Information Technology,TX
EE0006260,EMP1005,Amara,Hernandez,1964-03-31,2017-03-17,,Active,Sales,NY
EE0006261,EMP1005,Ethan,Taylor,1980-07-03,2022-08-18,,Active,Customer Operations,NC
EE0006262,EMP1001,Jasmine,Brown,1976-10-09,2026-01-11,,Active,Administration,OH
EE0006263,EMP1002,Leah,Taylor,1997-02-05,2018-03-03,,Active,Customer Operations,TX
EE0006264,EMP1001,Victor,Moore,1984-06-30,2022-09-02,,Active,Operations,VA
EE0006265,EMP1005,Isaiah,Kim,1974-04-04,2022-03-14,,Active,Supply Chain,FL
EE0006266,EMP1004,Aaliyah,Lewis,1971-10-07,2017-11-29,,Active,Information Technology,FL
EE0006267,EMP1003,Carlos,Mensah,1965-10-12,2025-04-13,,Active,Operations,DC
EE0006268,EMP1001,Olivia,Mensah,1991-09-08,2018-04-05,,Active,Legal and Compliance,OH
EE0006269,EMP1005,Carlos,Miller,1981-09-29,2024-06-20,,Active,Administration,NY
EE0006270,EMP1001,Priya,Lewis,1979-09-06,2015-06-29,,Active,Operations,NC
EE0006271,EMP1004,Naomi,Johnson,1997-09-21,2018-06-03,,Active,Operations,FL
EE0006272,EMP1002,Isaiah,Williams,1986-09-19,2019-09-02,,Active,Operations,TX
EE0006273,EMP1001,David,Adams,1994-12-07,2019-08-18,,Active,Operations,MD
EE0006274,EMP1004,Victor,Adeyemi,1983-10-06,2021-01-14,,Active,Administration,TX
EE0006275,EMP1003,Carlos,Kim,1994-01-16,2022-02-04,,Active,Administration,NC
EE0006276,EMP1003,Chiamaka,Kim,1985-02-10,2020-11-24,2026-04-24,Terminated,Legal and Compliance,NC
EE0006277,EMP1004,Aaliyah,Robinson,1998-06-01,2025-01-20,,Active,Information Technology,FL
EE0006278,EMP1002,Jordan,Chen,2002-07-04,2025-10-30,,Active,Finance,TX
EE0006279,EMP1001,Michael,Hernandez,1965-02-08,2024-09-11,,Active,Operations,OH
EE0006280,EMP1003,Luis,Campbell,1979-01-08,2018-03-26,,Active,Operations,FL
EE0006281,EMP1002,Isaiah,Chen,1991-08-19,2023-04-29,,Active,Administration,FL
EE0006282,EMP1002,Zoe,Taylor,1999-07-22,2025-11-25,,Active,Human Resources,TX
EE0006283,EMP1004,Jasmine,Mensah,1985-07-14,2025-07-25,,Active,Customer Operations,FL
EE0006284,EMP1003,Zoe,Robinson,2003-08-31,2022-05-13,,Active,Sales,NC
EE0006285,EMP1003,Maya,Brown,2006-11-25,2016-02-04,,Active,Operations,NC
EE0006286,EMP1001,Samuel,Martinez,1964-10-12,2024-01-30,,Active,Information Technology,MD
EE0006287,EMP1003,Aaliyah,Patel,1980-06-04,2019-05-05,,Active,Customer Operations,NC
EE0006288,EMP1004,Sophia,Taylor,1968-06-21,2014-03-04,2024-02-13,Terminated,Human Resources,FL
EE0006289,EMP1002,Grace,Martinez,1991-06-09,2018-06-05,,Active,Operations,NY
EE0006290,EMP1005,Jordan,Lewis,1990-10-20,2023-01-14,,Active,Information Technology,NC
EE0006291,EMP1003,Fatima,Adeyemi,1970-03-25,2025-09-30,2026-04-13,Terminated,Customer Operations,NC
EE0006292,EMP1002,Priya,Garcia,1962-07-28,2020-11-04,,Active,Human Resources,TX
EE0006293,EMP1005,Elena,Davis,1978-12-26,2017-11-30,,Active,Operations,NY
EE0006294,EMP1001,Michael,Patel,1970-11-29,2024-03-01,,Active,Operations,OH
EE0006295,EMP1004,Chiamaka,Campbell,2003-07-17,2022-02-02,2024-02-29,Terminated,Legal and Compliance,NY
EE0006296,EMP1005,Michael,Robinson,1996-12-11,2025-07-10,,Active,Operations,NY
EE0006297,EMP1005,Fatima,Lewis,2000-12-21,2020-12-21,,Active,Legal and Compliance,NY
EE0006298,EMP1002,Samuel,Lewis,1995-10-03,2022-01-15,2025-02-06,Terminated,Administration,DC
EE0006299,EMP1001,Chiamaka,Patel,1977-11-10,2022-08-07,2025-10-07,Terminated,Legal and Compliance,OH
EE0006300,EMP1001,Malik,Moore,1977-03-16,2020-08-10,2025-04-02,Terminated,Finance,OH
EE0006301,EMP1003,Olivia,Williams,1973-06-12,2023-02-03,,Active,Information Technology,FL
EE0006302,EMP1004,Naomi,Adeyemi,1981-11-26,2018-03-10,,Active,Finance,FL
EE0006303,EMP1003,Daniel,Adeyemi,1992-04-05,2026-03-11,,Active,Sales,NC
EE0006304,EMP1001,Grace,Adeyemi,1965-01-23,2022-11-25,2024-01-27,Terminated,Sales,OH
EE0006305,EMP1003,Malik,Taylor,1998-09-26,2020-04-24,,Active,Legal and Compliance,MD
EE0006306,EMP1001,Malik,Martinez,1962-02-14,2021-09-13,,Active,Operations,DC
EE0006307,EMP1004,Ethan,Ibrahim,1981-02-04,2021-05-18,,Active,Operations,NC
EE0006308,EMP1003,Michael,Lewis,1987-01-15,2024-06-08,,Active,Human Resources,NC
EE0006309,EMP1001,Chiamaka,Lewis,1970-01-11,2014-03-20,,Active,Customer Operations,OH
EE0006310,EMP1003,Luis,Walker,2004-01-31,2026-03-20,,Active,Customer Operations,NC
EE0006311,EMP1003,Jordan,Williams,2002-10-27,2025-12-27,,Active,Human Resources,NC
EE0006312,EMP1002,Olivia,Okafor,1983-08-25,2022-08-07,,Active,Information Technology,TX
EE0006313,EMP1004,Malik,Moore,1975-02-28,2023-07-01,,Active,Administration,FL
EE0006314,EMP1004,Maya,Mensah,1992-06-23,2014-03-12,,Active,Customer Operations,TX
EE0006315,EMP1005,Naomi,Williams,2006-04-05,2025-01-28,,Active,Customer Operations,NY
EE0006316,EMP1004,Michael,Okafor,2005-11-15,2024-10-15,,Active,Customer Operations,FL
EE0006317,EMP1004,Grace,Miller,2004-12-31,2019-05-17,,Active,Sales,DC
EE0006318,EMP1004,Nia,Nguyen,1977-11-05,2019-08-17,2025-05-31,Terminated,Customer Operations,OH
EE0006319,EMP1005,Isaiah,Lewis,1990-03-29,2021-09-09,,Active,Supply Chain,VA
EE0006320,EMP1001,Carlos,Williams,1997-07-12,2021-10-21,2026-03-08,Terminated,Administration,OH
EE0006321,EMP1004,Maya,Patel,1978-03-06,2018-08-31,,Active,Information Technology,TX
EE0006322,EMP1004,Kevin,Campbell,1984-05-20,2024-12-08,,Active,Customer Operations,FL
EE0006323,EMP1003,Nia,Wilson,1985-04-16,2015-08-17,,Active,Sales,NC
EE0006324,EMP1001,Maya,Adams,1978-04-04,2015-04-19,,Active,Administration,OH
EE0006325,EMP1004,Victor,Brown,1970-11-13,2021-05-14,2025-02-27,Terminated,Finance,FL
EE0006326,EMP1003,Priya,Moore,1967-02-01,2015-12-01,,Active,Human Resources,NC
EE0006327,EMP1004,Naomi,Hernandez,1968-12-09,2016-12-01,2024-01-30,Terminated,Supply Chain,FL
EE0006328,EMP1003,Olivia,Ibrahim,2006-04-18,2016-07-30,2025-12-23,Terminated,Information Technology,NC
EE0006329,EMP1001,Grace,Brown,1992-05-09,2016-01-03,,Active,Operations,OH
EE0006330,EMP1001,Victor,Lewis,1980-09-28,2015-07-13,2024-12-15,Terminated,Finance,OH
EE0006331,EMP1001,Naomi,Ibrahim,1977-01-26,2025-10-15,,Active,Supply Chain,OH
EE0006332,EMP1001,Olivia,Adams,1964-01-28,2019-02-16,,Active,Information Technology,OH
EE0006333,EMP1001,Priya,Walker,2002-03-05,2019-11-20,,Active,Legal and Compliance,OH
EE0006334,EMP1005,Victor,Okafor,1991-10-04,2023-08-05,,Active,Customer Operations,NY
EE0006335,EMP1001,Noah,Campbell,1978-05-01,2025-09-10,,Active,Customer Operations,VA
EE0006336,EMP1004,Aaliyah,Kim,1982-08-23,2015-02-04,,Active,Sales,FL
EE0006337,EMP1003,Michael,Mensah,1970-12-17,2024-10-16,,Active,Supply Chain,NY
EE0006338,EMP1004,Zoe,Davis,1992-08-11,2023-11-10,2024-11-23,Terminated,Customer Operations,FL
EE0006339,EMP1003,Isaiah,Ibrahim,1983-11-27,2023-02-14,,Active,Legal and Compliance,NC
EE0006340,EMP1005,Ethan,Patel,1995-06-29,2020-04-23,,Active,Operations,NY
EE0006341,EMP1003,Michael,Ibrahim,1964-10-04,2022-04-16,,Active,Information Technology,NC
EE0006342,EMP1004,Luis,Brown,1966-09-03,2018-06-08,,Active,Operations,VA
EE0006343,EMP1001,Isaiah,Ibrahim,1963-11-29,2020-11-30,,Active,Operations,VA
EE0006344,EMP1001,Fatima,Adams,1982-11-28,2023-12-05,,Active,Finance,OH
EE0006345,EMP1005,Nia,Okafor,1996-05-07,2015-05-17,2026-05-12,Terminated,Information Technology,FL
EE0006346,EMP1002,Nia,Mensah,1963-06-13,2015-01-21,,Active,Administration,FL
EE0006347,EMP1001,Grace,Okafor,1970-10-16,2020-10-27,,Active,Administration,MD
EE0006348,EMP1001,Michael,Ibrahim,2000-10-03,2016-11-27,,Active,Legal and Compliance,OH
EE0006349,EMP1004,Leah,Davis,2004-04-22,2018-08-19,,Active,Administration,FL
EE0006350,EMP1003,Fatima,Moore,1974-03-22,2017-08-23,2025-12-27,Terminated,Supply Chain,NY
EE0006351,EMP1001,Maya,Chen,1985-10-27,2015-08-11,,Active,Administration,NY
EE0006352,EMP1003,Grace,Smith,1973-11-01,2020-05-12,,Active,Administration,DC
EE0006353,EMP1005,Ethan,Brown,1995-01-25,2024-07-16,,Active,Finance,NY
EE0006354,EMP1003,Fatima,Lewis,1972-06-28,2020-10-11,,Active,Supply Chain,OH
EE0006355,EMP1002,Angela,Brown,1967-10-24,2024-05-25,,Active,Sales,MD
EE0006356,EMP1005,Elena,Robinson,1980-02-11,2022-11-24,,Active,Human Resources,NY
EE0006357,EMP1005,Daniel,Bennett,1967-09-02,2020-01-05,,Active,Information Technology,FL
EE0006358,EMP1003,Ethan,Patel,2005-04-25,2014-12-14,,Active,Legal and Compliance,TX
EE0006359,EMP1003,David,Robinson,2005-05-20,2017-10-18,,Active,Sales,TX
EE0006360,EMP1002,Noah,Smith,1967-07-15,2019-11-03,,Active,Supply Chain,NY
EE0006361,EMP1004,Aaliyah,Nguyen,1982-11-20,2016-05-17,,Active,Information Technology,OH
EE0006362,EMP1005,Andre,Adams,1975-01-26,2020-01-22,,Active,Information Technology,NY
EE0006363,EMP1001,Kevin,Garcia,1969-04-01,2024-10-27,,Active,Operations,OH
EE0006364,EMP1001,Fatima,Taylor,1966-09-23,2015-03-20,,Active,Supply Chain,TX
EE0006365,EMP1005,Angela,Adams,2002-04-28,2019-12-04,,Active,Finance,DC
EE0006366,EMP1001,Amara,Okafor,1997-01-29,2014-07-16,,Active,Supply Chain,OH
EE0006367,EMP1005,Ethan,Taylor,1981-04-04,2025-03-16,,Active,Sales,NY
EE0006368,EMP1004,Victor,Hernandez,1999-07-20,2015-09-10,,Active,Supply Chain,NY
EE0006369,EMP1004,Olivia,Robinson,1967-11-12,2017-03-08,2025-08-02,Terminated,Supply Chain,FL
EE0006370,EMP1004,Omar,Brown,1996-03-01,2016-03-06,,Active,Legal and Compliance,FL
EE0006371,EMP1005,Ethan,Johnson,1999-12-25,2016-01-06,2025-04-04,Terminated,Finance,TX
EE0006372,EMP1001,Priya,Taylor,2002-10-17,2024-01-18,,Active,Finance,OH
EE0006373,EMP1004,Sophia,Hernandez,1982-10-06,2017-10-20,,Active,Finance,DC
EE0006374,EMP1002,Carlos,Nguyen,2000-08-02,2016-05-13,,Active,Customer Operations,TX
EE0006375,EMP1002,Michael,Ibrahim,1994-02-09,2024-10-04,2025-04-20,Terminated,Operations,TX
EE0006376,EMP1003,Isaiah,Kim,1984-11-30,2015-11-27,2024-01-19,Terminated,Legal and Compliance,NC
EE0006377,EMP1001,Ethan,Davis,1988-06-29,2014-08-23,,Active,Sales,TX
EE0006378,EMP1003,Ethan,Lewis,1971-05-30,2015-02-08,,Active,Customer Operations,OH
EE0006379,EMP1004,Leah,Moore,1998-04-07,2022-08-31,,Active,Customer Operations,NY
EE0006380,EMP1001,Nia,Adams,1996-08-05,2023-02-08,,Active,Finance,NY
EE0006381,EMP1001,Nia,Kim,1984-09-03,2019-02-22,,Active,Administration,OH
EE0006382,EMP1002,Kevin,Thomas,1999-07-06,2015-08-19,,Active,Administration,TX
EE0006383,EMP1005,Fatima,Williams,1999-07-29,2017-10-21,,Active,Finance,NY
EE0006384,EMP1004,Chiamaka,Thomas,1983-03-14,2026-01-02,,Active,Sales,VA
EE0006385,EMP1002,David,Miller,1964-05-15,2024-10-22,,Active,Legal and Compliance,OH
EE0006386,EMP1002,Kevin,Okafor,1994-05-18,2022-07-20,2024-07-26,Terminated,Operations,TX
EE0006387,EMP1005,Jasmine,Thomas,2000-11-16,2023-03-21,,Active,Sales,NC
EE0006388,EMP1001,Carlos,Davis,1971-10-26,2018-04-25,,Active,Operations,OH
EE0006389,EMP1005,Leah,Adams,2005-11-03,2024-10-23,2025-06-22,Terminated,Supply Chain,MD
EE0006390,EMP1004,Victor,Hernandez,2007-05-11,2016-09-26,,Active,Administration,FL
EE0006391,EMP1004,Andre,Wilson,1974-12-29,2019-09-11,,Active,Finance,TX
EE0006392,EMP1004,Andre,Thomas,1992-09-16,2019-08-24,,Active,Supply Chain,NC
EE0006393,EMP1003,Chiamaka,Garcia,1965-10-06,2025-03-10,2025-09-27,Terminated,Sales,FL
EE0006394,EMP1004,Nia,Campbell,1978-09-06,2016-02-29,,Active,Customer Operations,VA
EE0006395,EMP1001,Elena,Johnson,1989-04-25,2019-10-02,,Active,Customer Operations,NC
EE0006396,EMP1003,Leah,Mensah,1973-08-20,2020-06-08,,Active,Information Technology,OH
EE0006397,EMP1002,Luis,Johnson,1985-12-27,2018-03-04,2026-03-24,Terminated,Supply Chain,TX
EE0006398,EMP1003,Chiamaka,Lewis,1989-05-28,2015-06-08,,Active,Sales,DC
EE0006399,EMP1005,Kevin,Johnson,1962-07-09,2025-12-30,,Active,Supply Chain,NC
EE0006400,EMP1002,Zoe,Hernandez,1990-04-23,2025-06-13,,Active,Administration,TX
EE0006401,EMP1002,Jordan,Robinson,1968-11-08,2019-01-08,,Active,Supply Chain,TX
EE0006402,EMP1002,Amara,Ibrahim,2005-12-16,2015-08-03,,Active,Legal and Compliance,NC
EE0006403,EMP1005,Carlos,Campbell,1984-04-29,2022-01-20,2025-10-20,Terminated,Legal and Compliance,DC
EE0006404,EMP1002,Chiamaka,Thomas,2004-08-01,2016-09-19,,Active,Supply Chain,TX
EE0006405,EMP1005,Jordan,Miller,2006-04-28,2019-05-08,,Active,Operations,NY
EE0006406,EMP1005,Nia,Okafor,1968-11-21,2016-08-11,,Active,Sales,VA
EE0006407,EMP1002,Fatima,Adeyemi,1962-05-27,2016-06-17,,Active,Sales,TX
EE0006408,EMP1003,Daniel,Nguyen,1990-02-02,2017-02-19,,Active,Legal and Compliance,VA
EE0006409,EMP1005,David,Smith,1983-06-26,2014-03-28,2025-07-31,Terminated,Human Resources,TX
EE0006410,EMP1001,Maya,Davis,1964-09-21,2018-06-17,,Active,Administration,OH
EE0006411,EMP1002,Malik,Nguyen,1983-11-08,2026-05-06,,Active,Information Technology,OH
EE0006412,EMP1005,Chiamaka,Bennett,1966-11-08,2019-04-01,2026-02-01,Terminated,Sales,NY
EE0006413,EMP1002,Samuel,Martinez,1964-08-27,2018-07-19,2025-07-06,Terminated,Administration,FL
EE0006414,EMP1005,Olivia,Moore,1966-02-10,2020-09-10,,Active,Legal and Compliance,NY
EE0006415,EMP1004,Noah,Thomas,1975-09-22,2021-08-27,,Active,Supply Chain,FL
EE0006416,EMP1004,Amara,Bennett,1965-09-06,2025-11-14,,Active,Customer Operations,DC
EE0006417,EMP1001,Luis,Moore,1975-08-16,2018-01-26,,Active,Supply Chain,NC
EE0006418,EMP1005,Victor,Chen,1963-07-10,2020-04-20,,Active,Customer Operations,DC
EE0006419,EMP1005,Naomi,Bennett,1997-06-10,2022-08-16,,Active,Sales,NY
EE0006420,EMP1005,Michael,Smith,1964-11-22,2024-08-28,,Active,Administration,NY
EE0006421,EMP1003,Luis,Williams,2006-02-07,2016-09-29,2024-05-28,Terminated,Information Technology,NC
EE0006422,EMP1005,Fatima,Williams,1982-11-24,2014-07-21,,Active,Operations,NC
EE0006423,EMP1003,Samuel,Lewis,1994-10-16,2019-08-09,,Active,Information Technology,DC
EE0006424,EMP1004,Malik,Mensah,1983-01-07,2015-12-19,,Active,Information Technology,FL
EE0006425,EMP1003,Carlos,Walker,1978-05-02,2019-04-13,,Active,Customer Operations,NC
EE0006426,EMP1005,Omar,Ibrahim,1990-03-23,2015-05-03,,Active,Sales,NY
EE0006427,EMP1002,Maya,Moore,1967-10-20,2026-03-08,,Active,Human Resources,TX
EE0006428,EMP1002,Fatima,Bennett,1968-07-06,2024-10-26,2025-01-16,Terminated,Supply Chain,TX
EE0006429,EMP1004,Angela,Williams,2004-11-05,2020-03-01,2026-06-17,Terminated,Supply Chain,NY
EE0006430,EMP1004,Noah,Campbell,2001-12-18,2018-03-03,,Active,Information Technology,VA
EE0006431,EMP1002,Omar,Thomas,1967-08-05,2019-04-02,,Active,Human Resources,TX
EE0006432,EMP1005,Aaliyah,Smith,1966-01-05,2014-12-21,,Active,Legal and Compliance,NY
EE0006433,EMP1004,Jasmine,Miller,2000-11-18,2017-05-23,,Active,Finance,FL
EE0006434,EMP1004,Luis,Campbell,1990-09-09,2022-03-20,2024-12-27,Terminated,Supply Chain,MD
EE0006435,EMP1003,Olivia,Moore,1971-12-30,2016-01-24,,Active,Information Technology,NC
EE0006436,EMP1003,Maya,Nguyen,2006-01-21,2017-10-07,,Active,Operations,NC
EE0006437,EMP1004,Nia,Robinson,1967-07-23,2020-10-07,,Active,Customer Operations,FL
EE0006438,EMP1003,Jordan,Williams,1973-07-27,2015-08-23,,Active,Sales,NC
EE0006439,EMP1005,Fatima,Smith,1979-07-20,2016-05-13,2026-04-08,Terminated,Information Technology,NY
EE0006440,EMP1002,David,Taylor,1964-02-08,2018-04-20,,Active,Legal and Compliance,TX
EE0006441,EMP1002,Sophia,Campbell,1987-07-20,2016-12-01,,Active,Administration,FL
EE0006442,EMP1005,Angela,Miller,2006-10-17,2020-11-26,,Active,Finance,NY
EE0006443,EMP1004,Daniel,Martinez,2006-08-22,2017-07-27,,Active,Customer Operations,NC
EE0006444,EMP1005,Malik,Martinez,1971-07-23,2014-03-04,2026-03-09,Terminated,Finance,DC
EE0006445,EMP1005,Priya,Bennett,1997-07-04,2020-01-01,,Active,Operations,NC
EE0006446,EMP1001,Noah,Johnson,1977-11-27,2015-04-25,2026-06-18,Terminated,Sales,VA
EE0006447,EMP1001,Malik,Garcia,1965-05-24,2016-05-10,,Active,Legal and Compliance,DC
EE0006448,EMP1003,Noah,Ibrahim,1995-05-04,2019-10-09,,Active,Finance,NC
EE0006449,EMP1002,Jordan,Ibrahim,1969-02-27,2018-06-18,2026-05-17,Terminated,Sales,TX
EE0006450,EMP1003,Chiamaka,Patel,1973-05-02,2015-10-10,,Active,Information Technology,VA
EE0006451,EMP1003,Michael,Miller,1965-07-23,2024-01-16,,Active,Information Technology,NC
EE0006452,EMP1004,Omar,Martinez,1985-08-12,2016-11-20,,Active,Customer Operations,OH
EE0006453,EMP1001,Elena,Thomas,1975-10-12,2019-08-31,,Active,Administration,MD
EE0006454,EMP1005,Victor,Lewis,1965-08-03,2016-11-18,,Active,Finance,NY
EE0006455,EMP1004,Kevin,Nguyen,2007-01-05,2021-08-16,2024-10-11,Terminated,Operations,FL
EE0006456,EMP1004,Zoe,Patel,1982-10-26,2021-03-05,2024-01-30,Terminated,Human Resources,FL
EE0006457,EMP1001,Fatima,Hernandez,1964-09-20,2026-04-12,,Active,Administration,OH
EE0006458,EMP1005,Grace,Patel,2003-11-25,2023-07-26,,Active,Customer Operations,VA
EE0006459,EMP1005,Noah,Brown,2006-07-03,2024-01-02,,Active,Information Technology,NY
EE0006460,EMP1001,Grace,Hernandez,1976-06-08,2021-06-10,2024-01-12,Terminated,Sales,OH
EE0006461,EMP1003,Sophia,Bennett,1983-04-11,2015-03-06,2024-02-14,Terminated,Customer Operations,NC
EE0006462,EMP1004,Angela,Walker,1978-11-27,2018-02-13,,Active,Administration,FL
EE0006463,EMP1003,Malik,Smith,1963-03-10,2021-06-03,,Active,Supply Chain,NC
EE0006464,EMP1004,Michael,Adeyemi,1979-01-10,2014-02-09,2025-08-21,Terminated,Sales,VA
EE0006465,EMP1001,Victor,Ibrahim,1984-02-17,2020-12-02,,Active,Human Resources,DC
EE0006466,EMP1004,Olivia,Kim,1986-10-21,2018-01-23,2024-05-26,Terminated,Supply Chain,FL
EE0006467,EMP1005,Priya,Nguyen,1987-03-16,2018-07-03,2024-04-25,Terminated,Human Resources,VA
EE0006468,EMP1003,Fatima,Nguyen,1973-11-21,2019-06-16,,Active,Supply Chain,OH
EE0006469,EMP1001,Leah,Garcia,1983-11-12,2024-08-27,,Active,Administration,OH
EE0006470,EMP1001,Olivia,Patel,1990-11-07,2018-02-11,2024-11-18,Terminated,Customer Operations,OH
EE0006471,EMP1001,Daniel,Hernandez,1968-10-20,2015-08-26,,Active,Finance,OH
EE0006472,EMP1002,Isaiah,Chen,2001-12-23,2019-06-22,,Active,Customer Operations,VA
EE0006473,EMP1003,Andre,Okafor,1981-05-25,2023-10-07,,Active,Supply Chain,OH
EE0006474,EMP1004,Priya,Taylor,1968-01-15,2020-06-23,,Active,Human Resources,MD
EE0006475,EMP1003,Chiamaka,Robinson,1995-07-17,2023-11-02,,Active,Sales,NC
EE0006476,EMP1005,Naomi,Thomas,1972-07-04,2014-08-30,,Active,Legal and Compliance,NY
EE0006477,EMP1005,Amara,Johnson,1989-03-18,2025-12-20,,Active,Information Technology,NY
EE0006478,EMP1003,Aaliyah,Bennett,1972-02-15,2017-09-19,2025-05-15,Terminated,Legal and Compliance,NC
EE0006479,EMP1002,Daniel,Chen,1986-04-30,2014-05-14,,Active,Customer Operations,TX
EE0006480,EMP1002,Maya,Robinson,2006-12-27,2023-11-25,,Active,Information Technology,TX
EE0006481,EMP1002,Jasmine,Okafor,1998-08-15,2025-04-24,,Active,Administration,DC
EE0006482,EMP1003,Aaliyah,Patel,1977-07-08,2020-09-29,,Active,Customer Operations,DC
EE0006483,EMP1003,Luis,Moore,1988-04-18,2018-06-07,,Active,Human Resources,FL
EE0006484,EMP1004,Elena,Robinson,1980-10-01,2019-07-15,,Active,Supply Chain,FL
EE0006485,EMP1001,Malik,Smith,1976-07-27,2016-01-21,,Active,Legal and Compliance,OH
EE0006486,EMP1003,Zoe,Brown,1977-07-27,2021-01-14,,Active,Supply Chain,NC
EE0006487,EMP1001,Sophia,Adams,1967-05-19,2023-09-10,,Active,Legal and Compliance,OH
EE0006488,EMP1001,Michael,Campbell,2000-05-08,2024-06-30,,Active,Human Resources,TX
EE0006489,EMP1001,Angela,Martinez,1965-01-12,2024-05-15,,Active,Operations,TX
EE0006490,EMP1004,Carlos,Wilson,1977-11-17,2015-10-07,,Active,Finance,VA
EE0006491,EMP1005,Zoe,Thomas,1996-11-09,2022-07-31,2024-02-22,Terminated,Operations,VA
EE0006492,EMP1004,Andre,Adeyemi,1998-06-13,2025-01-04,,Active,Finance,NY
EE0006493,EMP1002,Luis,Moore,1967-03-22,2024-01-16,,Active,Operations,TX
EE0006494,EMP1001,Grace,Nguyen,1968-11-28,2016-11-19,2025-10-20,Terminated,Sales,NY
EE0006495,EMP1004,Priya,Smith,1980-12-24,2016-05-25,,Active,Administration,NY
EE0006496,EMP1005,Michael,Johnson,1979-02-25,2016-06-01,,Active,Finance,NY
EE0006497,EMP1005,Sophia,Taylor,1965-03-02,2015-01-27,,Active,Administration,TX
EE0006498,EMP1001,Jasmine,Williams,1992-09-28,2017-06-29,,Active,Operations,OH
EE0006499,EMP1002,Aaliyah,Bennett,1978-02-26,2018-07-19,,Active,Administration,TX
EE0006500,EMP1001,Jasmine,Thomas,1981-03-02,2014-12-29,,Active,Finance,OH
EE0006501,EMP1001,David,Campbell,1986-01-04,2020-11-17,,Active,Finance,DC
EE0006502,EMP1004,Ethan,Chen,1985-02-24,2026-01-12,,Active,Legal and Compliance,FL
EE0006503,EMP1002,Grace,Chen,1990-02-14,2024-11-27,2026-03-01,Terminated,Customer Operations,TX
EE0006504,EMP1004,Omar,Johnson,1978-10-10,2023-08-04,,Active,Customer Operations,MD
EE0006505,EMP1002,Noah,Bennett,1979-11-15,2014-12-19,,Active,Legal and Compliance,TX
EE0006506,EMP1001,Fatima,Wilson,2007-05-04,2014-09-07,2024-11-07,Terminated,Operations,OH
EE0006507,EMP1002,Isaiah,Mensah,1972-04-12,2018-06-04,,Active,Human Resources,TX
EE0006508,EMP1004,Carlos,Moore,1983-03-02,2014-03-22,,Active,Operations,FL
EE0006509,EMP1004,Malik,Adams,1967-01-08,2023-02-19,,Active,Administration,FL
EE0006510,EMP1003,Omar,Mensah,1986-03-09,2018-03-03,,Active,Information Technology,TX
EE0006511,EMP1001,David,Okafor,1981-08-07,2019-03-21,,Active,Sales,OH
EE0006512,EMP1003,Carlos,Taylor,1970-07-14,2017-01-12,,Active,Supply Chain,FL
EE0006513,EMP1003,Victor,Smith,2002-10-15,2023-05-25,2024-07-16,Terminated,Human Resources,NC
EE0006514,EMP1002,Chiamaka,Patel,1962-08-31,2017-01-25,,Active,Sales,TX
EE0006515,EMP1005,Carlos,Mensah,1973-09-06,2017-08-11,,Active,Finance,NY
EE0006516,EMP1002,Kevin,Mensah,2002-09-03,2019-04-24,,Active,Finance,MD
EE0006517,EMP1004,Sophia,Garcia,1973-07-05,2015-12-22,,Active,Finance,FL
EE0006518,EMP1005,Naomi,Bennett,1965-02-24,2022-06-22,,Active,Administration,NC
EE0006519,EMP1004,David,Martinez,1978-12-05,2026-04-17,,Active,Customer Operations,FL
EE0006520,EMP1004,Victor,Smith,1969-01-24,2017-02-02,,Active,Supply Chain,MD
EE0006521,EMP1004,Leah,Davis,1989-01-18,2019-04-15,,Active,Operations,FL
EE0006522,EMP1004,Nia,Walker,1983-06-26,2020-09-27,,Active,Supply Chain,DC
EE0006523,EMP1002,Amara,Thomas,1981-03-27,2018-05-16,,Active,Legal and Compliance,TX
EE0006524,EMP1001,Sophia,Robinson,1961-11-12,2015-12-20,,Active,Human Resources,VA
EE0006525,EMP1003,Elena,Hernandez,1979-04-19,2016-09-14,,Active,Administration,NC
EE0006526,EMP1005,Naomi,Walker,2006-05-30,2015-11-13,,Active,Information Technology,NC
EE0006527,EMP1002,Grace,Adams,1961-01-12,2014-01-08,2024-01-09,Terminated,Finance,TX
EE0006528,EMP1005,Isaiah,Thomas,1980-05-23,2017-08-06,,Active,Customer Operations,FL
EE0006529,EMP1005,Andre,Nguyen,1969-11-28,2016-08-04,,Active,Finance,NY
EE0006530,EMP1002,Leah,Lewis,1961-05-21,2024-03-08,,Active,Sales,FL
EE0006531,EMP1004,Andre,Robinson,1962-12-21,2015-12-02,,Active,Human Resources,TX
EE0006532,EMP1001,Michael,Walker,1974-01-10,2021-01-15,2024-11-09,Terminated,Information Technology,OH
EE0006533,EMP1003,Michael,Brown,1972-03-26,2014-12-27,,Active,Legal and Compliance,OH
EE0006534,EMP1001,Luis,Walker,1975-10-29,2014-01-28,,Active,Legal and Compliance,FL
EE0006535,EMP1001,Priya,Robinson,1967-12-06,2019-11-23,,Active,Human Resources,TX
EE0006536,EMP1004,Jordan,Miller,1968-06-15,2025-10-09,,Active,Administration,FL
EE0006537,EMP1001,Victor,Mensah,1981-07-22,2022-05-16,,Active,Human Resources,OH
EE0006538,EMP1003,Grace,Okafor,2000-04-21,2019-06-25,,Active,Supply Chain,NC
EE0006539,EMP1001,Fatima,Lewis,1978-12-29,2019-08-30,,Active,Administration,OH
EE0006540,EMP1001,Sophia,Nguyen,1967-08-11,2026-03-19,2026-05-14,Terminated,Customer Operations,VA
EE0006541,EMP1002,Priya,Campbell,1972-02-04,2022-05-12,,Active,Sales,TX
EE0006542,EMP1004,Kevin,Campbell,1995-03-09,2016-04-08,,Active,Legal and Compliance,FL
EE0006543,EMP1001,Daniel,Okafor,1974-02-10,2022-11-11,,Active,Information Technology,OH
EE0006544,EMP1005,Kevin,Adams,1976-06-27,2022-11-22,,Active,Operations,NY
EE0006545,EMP1005,Michael,Williams,1973-11-28,2023-04-27,2024-07-10,Terminated,Finance,NY
EE0006546,EMP1002,Malik,Okafor,1975-10-07,2017-02-18,,Active,Human Resources,TX
EE0006547,EMP1004,Angela,Kim,1990-09-17,2026-04-30,,Active,Legal and Compliance,MD
EE0006548,EMP1004,Olivia,Wilson,1972-10-21,2023-03-16,2025-06-10,Terminated,Information Technology,FL
EE0006549,EMP1004,Olivia,Walker,2000-12-24,2020-01-02,,Active,Supply Chain,FL
EE0006550,EMP1004,Priya,Ibrahim,1989-10-03,2015-09-22,,Active,Legal and Compliance,MD
EE0006551,EMP1004,Luis,Wilson,1983-01-07,2023-01-23,,Active,Operations,OH
EE0006552,EMP1001,Maya,Wilson,2003-10-10,2024-10-28,,Active,Information Technology,OH
EE0006553,EMP1002,Carlos,Garcia,2004-10-19,2014-09-02,,Active,Supply Chain,TX
EE0006554,EMP1001,Amara,Thomas,1983-05-06,2019-05-11,,Active,Administration,OH
EE0006555,EMP1002,Jordan,Lewis,1979-11-14,2022-09-28,,Active,Administration,TX
EE0006556,EMP1002,Zoe,Moore,1976-03-14,2016-09-21,,Active,Customer Operations,MD
EE0006557,EMP1003,Jordan,Bennett,1978-02-07,2017-03-19,,Active,Information Technology,NC
EE0006558,EMP1001,Jasmine,Martinez,1971-05-25,2016-09-16,,Active,Finance,MD
EE0006559,EMP1004,Leah,Adeyemi,1990-11-11,2021-05-28,,Active,Operations,FL
EE0006560,EMP1001,Omar,Wilson,1989-12-23,2022-07-11,,Active,Legal and Compliance,MD
EE0006561,EMP1003,Ethan,Campbell,1987-06-15,2014-12-17,2024-04-30,Terminated,Customer Operations,NY
EE0006562,EMP1005,Sophia,Nguyen,1963-02-18,2016-05-10,,Active,Operations,NY
EE0006563,EMP1004,Ethan,Miller,2001-05-07,2015-05-17,,Active,Operations,NY
EE0006564,EMP1003,Daniel,Kim,2002-09-22,2025-05-15,,Active,Finance,NC
EE0006565,EMP1004,Priya,Chen,1987-06-26,2022-03-25,,Active,Supply Chain,FL
EE0006566,EMP1004,Ethan,Campbell,1998-10-01,2015-11-28,,Active,Legal and Compliance,DC
EE0006567,EMP1004,Fatima,Davis,1971-05-31,2018-08-10,,Active,Human Resources,NY
EE0006568,EMP1004,Ethan,Walker,1966-11-30,2015-03-29,,Active,Legal and Compliance,FL
EE0006569,EMP1003,Andre,Kim,1976-08-23,2026-02-01,,Active,Administration,OH
EE0006570,EMP1004,Amara,Brown,2006-01-11,2019-07-11,,Active,Sales,MD
EE0006571,EMP1005,Grace,Martinez,1996-10-03,2023-09-18,,Active,Information Technology,DC
EE0006572,EMP1002,Maya,Taylor,1993-04-25,2014-08-04,,Active,Legal and Compliance,TX
EE0006573,EMP1001,Olivia,Patel,1995-06-04,2014-02-20,,Active,Customer Operations,VA
EE0006574,EMP1004,Zoe,Brown,1962-10-18,2020-08-21,,Active,Sales,MD
EE0006575,EMP1004,Carlos,Taylor,1969-04-27,2019-05-29,,Active,Supply Chain,MD
EE0006576,EMP1003,Malik,Lewis,1991-09-20,2024-03-13,2025-08-13,Terminated,Human Resources,DC
EE0006577,EMP1002,Andre,Martinez,1976-04-08,2020-12-11,,Active,Supply Chain,TX
EE0006578,EMP1002,Kevin,Williams,1967-09-11,2017-07-26,2024-06-15,Terminated,Customer Operations,TX
EE0006579,EMP1004,Zoe,Smith,1985-03-09,2019-09-23,,Active,Legal and Compliance,FL
EE0006580,EMP1001,Maya,Moore,1993-08-04,2015-02-17,,Active,Customer Operations,OH
EE0006581,EMP1003,Nia,Patel,1987-09-07,2016-11-06,2026-05-25,Terminated,Sales,NC
EE0006582,EMP1003,Angela,Garcia,1996-06-27,2018-05-06,,Active,Legal and Compliance,VA
EE0006583,EMP1002,Victor,Chen,1997-08-13,2018-06-25,,Active,Legal and Compliance,DC
EE0006584,EMP1001,Malik,Nguyen,1991-05-16,2022-05-01,,Active,Human Resources,OH
EE0006585,EMP1003,Andre,Adeyemi,1995-03-21,2014-04-23,,Active,Finance,DC
EE0006586,EMP1002,Chiamaka,Smith,2006-07-28,2025-03-02,,Active,Information Technology,TX
EE0006587,EMP1001,Andre,Adams,1986-11-21,2024-11-09,,Active,Human Resources,OH
EE0006588,EMP1001,Olivia,Johnson,1968-03-22,2017-08-24,,Active,Legal and Compliance,OH
EE0006589,EMP1004,Amara,Garcia,2007-01-19,2022-06-13,2025-04-29,Terminated,Administration,FL
EE0006590,EMP1004,Priya,Bennett,2005-09-24,2017-03-25,2025-10-03,Terminated,Administration,NC
EE0006591,EMP1002,Victor,Kim,1969-10-01,2014-03-05,,Active,Administration,OH
EE0006592,EMP1003,Chiamaka,Brown,1993-04-16,2015-01-10,,Active,Human Resources,VA
EE0006593,EMP1003,Nia,Ibrahim,1981-09-28,2019-10-16,,Active,Operations,FL
EE0006594,EMP1003,Andre,Robinson,1976-03-19,2016-05-09,,Active,Information Technology,NC
EE0006595,EMP1002,Carlos,Williams,1999-12-22,2025-05-13,,Active,Operations,TX
EE0006596,EMP1004,Samuel,Walker,1995-06-23,2019-01-29,,Active,Information Technology,MD
EE0006597,EMP1005,Priya,Bennett,1987-01-14,2016-09-12,,Active,Finance,NC
EE0006598,EMP1003,Nia,Patel,1992-07-12,2025-02-24,2025-09-18,Terminated,Administration,NC
EE0006599,EMP1001,Carlos,Adeyemi,1989-01-25,2024-04-18,2025-07-21,Terminated,Finance,OH
EE0006600,EMP1005,Jasmine,Adeyemi,1976-09-14,2026-04-04,2026-05-19,Terminated,Customer Operations,DC
EE0006601,EMP1002,Malik,Brown,2004-12-13,2014-04-24,,Active,Finance,DC
EE0006602,EMP1004,Malik,Kim,2006-11-25,2018-11-24,2025-10-31,Terminated,Legal and Compliance,FL
EE0006603,EMP1005,Leah,Mensah,1990-03-27,2018-01-23,2024-03-12,Terminated,Legal and Compliance,OH
EE0006604,EMP1004,Fatima,Smith,1964-04-26,2014-05-05,,Active,Finance,NY
EE0006605,EMP1004,Victor,Moore,1966-04-17,2014-05-26,,Active,Information Technology,TX
EE0006606,EMP1004,Luis,Mensah,1999-02-26,2025-10-01,,Active,Operations,VA
EE0006607,EMP1004,Angela,Brown,1984-12-29,2016-08-22,2024-07-03,Terminated,Operations,TX
EE0006608,EMP1001,Sophia,Chen,1996-04-11,2019-07-25,,Active,Administration,OH
EE0006609,EMP1003,David,Thomas,1978-05-31,2017-11-30,,Active,Supply Chain,NC
EE0006610,EMP1005,Isaiah,Wilson,1965-01-15,2023-08-18,2025-08-18,Terminated,Legal and Compliance,NY
EE0006611,EMP1001,Angela,Brown,1993-04-12,2019-07-07,,Active,Information Technology,MD
EE0006612,EMP1005,Omar,Ibrahim,1966-08-15,2018-01-11,,Active,Customer Operations,FL
EE0006613,EMP1003,Samuel,Miller,1994-11-24,2022-11-21,,Active,Operations,MD
EE0006614,EMP1003,Olivia,Garcia,1982-03-31,2025-09-11,,Active,Information Technology,NC
EE0006615,EMP1003,Victor,Chen,1998-06-04,2016-01-17,,Active,Sales,MD
EE0006616,EMP1004,Olivia,Nguyen,2005-12-01,2022-03-19,,Active,Finance,FL
EE0006617,EMP1004,Angela,Robinson,1971-06-01,2025-01-12,,Active,Administration,FL
EE0006618,EMP1003,Jasmine,Robinson,1962-10-27,2017-06-13,,Active,Administration,DC
EE0006619,EMP1003,Amara,Adeyemi,1975-06-09,2023-01-14,,Active,Legal and Compliance,NC
EE0006620,EMP1004,Victor,Ibrahim,1978-01-06,2025-08-30,,Active,Operations,VA
EE0006621,EMP1005,Naomi,Bennett,1971-04-03,2021-01-18,,Active,Customer Operations,NC
EE0006622,EMP1002,Jordan,Walker,1974-12-28,2015-09-21,2024-01-04,Terminated,Sales,TX
EE0006623,EMP1004,Fatima,Garcia,1979-04-25,2016-04-23,,Active,Legal and Compliance,FL
EE0006624,EMP1001,David,Miller,1964-11-23,2025-11-25,,Active,Human Resources,TX
EE0006625,EMP1001,Angela,Kim,1983-04-04,2025-04-24,,Active,Human Resources,DC
EE0006626,EMP1004,Ethan,Adams,1997-11-16,2022-07-27,2024-12-14,Terminated,Legal and Compliance,FL
EE0006627,EMP1001,Andre,Miller,1989-02-18,2016-04-21,,Active,Operations,OH
EE0006628,EMP1002,Zoe,Smith,1996-05-03,2020-02-26,,Active,Customer Operations,VA
EE0006629,EMP1002,Elena,Wilson,1986-01-13,2020-12-04,,Active,Administration,DC
EE0006630,EMP1002,Daniel,Okafor,1996-06-09,2014-05-07,2026-01-15,Terminated,Sales,TX
EE0006631,EMP1003,Amara,Adams,1991-02-19,2018-02-05,,Active,Information Technology,NC
EE0006632,EMP1002,Leah,Miller,2001-01-19,2017-04-07,,Active,Customer Operations,TX
EE0006633,EMP1002,Malik,Bennett,1981-01-15,2021-09-19,2025-12-08,Terminated,Administration,TX
EE0006634,EMP1001,Jasmine,Chen,2001-12-29,2016-04-27,,Active,Administration,OH
EE0006635,EMP1005,Maya,Robinson,1987-09-03,2018-12-07,,Active,Sales,TX
EE0006636,EMP1003,Elena,Nguyen,2002-02-08,2022-04-10,,Active,Administration,NC
EE0006637,EMP1001,Ethan,Mensah,1972-02-14,2014-09-17,,Active,Sales,OH
EE0006638,EMP1005,Malik,Lewis,1988-02-28,2017-09-19,,Active,Legal and Compliance,NY
EE0006639,EMP1003,Malik,Miller,2006-06-16,2019-07-14,,Active,Customer Operations,DC
EE0006640,EMP1004,Zoe,Chen,1977-09-07,2017-04-18,,Active,Finance,FL
EE0006641,EMP1004,Omar,Mensah,1978-11-29,2024-12-04,,Active,Information Technology,FL
EE0006642,EMP1003,Carlos,Moore,2005-02-25,2020-07-07,2024-08-17,Terminated,Operations,NC
EE0006643,EMP1002,Jasmine,Nguyen,1991-01-18,2023-01-21,,Active,Administration,FL
EE0006644,EMP1003,Jordan,Johnson,2000-03-12,2014-09-16,,Active,Information Technology,NC
EE0006645,EMP1003,Luis,Brown,2004-01-21,2023-03-07,,Active,Sales,NC
EE0006646,EMP1004,Jasmine,Davis,1992-07-19,2016-10-10,,Active,Operations,FL
EE0006647,EMP1004,Amara,Bennett,1993-05-18,2021-06-08,,Active,Operations,FL
EE0006648,EMP1004,Daniel,Robinson,1996-12-22,2021-10-30,,Active,Customer Operations,VA
EE0006649,EMP1003,Luis,Brown,2004-04-03,2023-11-19,,Active,Legal and Compliance,NC
EE0006650,EMP1001,Victor,Okafor,1969-08-26,2024-07-11,,Active,Supply Chain,TX
EE0006651,EMP1002,Amara,Adeyemi,1967-12-25,2015-04-27,2026-01-22,Terminated,Finance,VA
EE0006652,EMP1005,Carlos,Moore,1997-04-19,2019-05-22,,Active,Administration,NY
EE0006653,EMP1001,Sophia,Brown,1995-09-23,2018-05-15,2025-06-18,Terminated,Information Technology,MD
EE0006654,EMP1004,Nia,Johnson,1971-09-06,2016-11-18,2024-06-21,Terminated,Finance,FL
EE0006655,EMP1002,Daniel,Nguyen,1973-09-29,2024-05-06,,Active,Administration,TX
EE0006656,EMP1001,Priya,Davis,2001-12-16,2019-07-26,,Active,Human Resources,OH
EE0006657,EMP1003,Ethan,Campbell,1975-07-02,2024-02-04,2026-04-26,Terminated,Sales,TX
EE0006658,EMP1002,Luis,Campbell,1966-05-10,2025-11-01,,Active,Finance,TX
EE0006659,EMP1001,Priya,Nguyen,1963-11-30,2022-04-18,2024-05-25,Terminated,Legal and Compliance,OH
EE0006660,EMP1002,Malik,Moore,1983-07-21,2023-06-24,,Active,Administration,TX
EE0006661,EMP1005,Kevin,Williams,1993-04-04,2025-08-17,,Active,Operations,FL
EE0006662,EMP1005,Leah,Miller,1975-10-04,2019-07-27,,Active,Customer Operations,NY
EE0006663,EMP1001,Jasmine,Martinez,2004-10-26,2014-03-15,,Active,Administration,OH
EE0006664,EMP1002,Sophia,Nguyen,1967-10-08,2015-06-23,,Active,Human Resources,OH
EE0006665,EMP1005,Priya,Smith,1974-01-03,2024-09-16,,Active,Supply Chain,NY
EE0006666,EMP1005,Elena,Okafor,1997-04-13,2014-08-18,,Active,Human Resources,MD
EE0006667,EMP1002,Daniel,Brown,1966-11-16,2021-08-22,,Active,Customer Operations,TX
EE0006668,EMP1003,Elena,Davis,1995-12-08,2014-08-02,2025-06-03,Terminated,Finance,NC
EE0006669,EMP1002,Jasmine,Bennett,1985-05-09,2018-03-06,,Active,Customer Operations,TX
EE0006670,EMP1004,Leah,Okafor,1976-11-27,2020-06-05,,Active,Human Resources,FL
EE0006671,EMP1003,Elena,Lewis,1969-06-19,2019-05-11,,Active,Legal and Compliance,NY
EE0006672,EMP1005,Angela,Garcia,1978-02-12,2018-12-31,,Active,Customer Operations,NY
EE0006673,EMP1001,Aaliyah,Davis,1964-03-13,2016-08-26,,Active,Human Resources,FL
EE0006674,EMP1001,Kevin,Thomas,1984-10-18,2015-03-21,,Active,Legal and Compliance,OH
EE0006675,EMP1001,Jordan,Ibrahim,1973-08-13,2021-09-16,,Active,Sales,TX
EE0006676,EMP1004,Omar,Wilson,1992-04-26,2014-03-01,,Active,Finance,FL
EE0006677,EMP1003,David,Adeyemi,1970-12-15,2017-07-01,,Active,Administration,NC
EE0006678,EMP1002,Victor,Adeyemi,1978-07-07,2026-05-09,,Active,Legal and Compliance,TX
EE0006679,EMP1003,Nia,Moore,2002-04-21,2016-12-25,,Active,Sales,FL
EE0006680,EMP1001,Kevin,Campbell,1987-04-05,2023-06-10,,Active,Human Resources,OH
EE0006681,EMP1001,Zoe,Miller,1983-12-23,2020-04-13,2024-12-17,Terminated,Supply Chain,OH
EE0006682,EMP1001,Omar,Smith,1969-01-26,2024-10-30,,Active,Supply Chain,OH
EE0006683,EMP1002,Samuel,Taylor,1966-02-10,2024-06-27,,Active,Supply Chain,TX
EE0006684,EMP1005,Malik,Chen,2004-10-22,2016-01-16,,Active,Human Resources,NY
EE0006685,EMP1001,Elena,Lewis,1993-01-01,2015-09-29,,Active,Legal and Compliance,VA
EE0006686,EMP1002,Angela,Adams,2001-12-26,2020-03-11,2025-09-08,Terminated,Information Technology,NY
EE0006687,EMP1004,Carlos,Wilson,1971-12-02,2017-09-12,,Active,Supply Chain,NY
EE0006688,EMP1005,David,Walker,1962-02-23,2017-12-11,,Active,Supply Chain,OH
EE0006689,EMP1002,Chiamaka,Kim,1971-07-15,2014-06-08,,Active,Sales,TX
EE0006690,EMP1001,Jordan,Moore,1998-10-23,2022-08-23,,Active,Customer Operations,OH
EE0006691,EMP1004,Maya,Johnson,1981-01-16,2019-01-17,,Active,Legal and Compliance,FL
EE0006692,EMP1003,Michael,Miller,1961-06-23,2022-02-06,,Active,Administration,NC
EE0006693,EMP1001,Omar,Okafor,1993-08-24,2014-07-09,,Active,Operations,TX
EE0006694,EMP1004,Nia,Robinson,1998-09-26,2015-07-20,2025-12-19,Terminated,Finance,FL
EE0006695,EMP1005,Kevin,Kim,1985-04-24,2016-05-05,,Active,Legal and Compliance,OH
EE0006696,EMP1004,Aaliyah,Wilson,1991-08-03,2026-05-30,2026-06-29,Terminated,Customer Operations,FL
EE0006697,EMP1003,Olivia,Walker,1987-08-08,2019-02-01,2024-03-03,Terminated,Human Resources,NC
EE0006698,EMP1004,Isaiah,Nguyen,1969-06-16,2020-12-15,,Active,Human Resources,FL
EE0006699,EMP1005,Nia,Smith,1997-07-11,2023-12-22,,Active,Administration,NY
EE0006700,EMP1001,Grace,Campbell,1985-04-22,2014-11-16,2024-05-27,Terminated,Customer Operations,FL
EE0006701,EMP1001,Zoe,Brown,2001-12-29,2024-02-28,,Active,Customer Operations,OH
EE0006702,EMP1003,Daniel,Moore,1965-06-13,2022-01-22,2024-01-03,Terminated,Customer Operations,NC
EE0006703,EMP1002,Olivia,Mensah,1973-03-20,2018-05-27,,Active,Operations,MD
EE0006704,EMP1001,Victor,Moore,1967-11-01,2014-12-23,,Active,Sales,OH
EE0006705,EMP1005,Kevin,Lewis,1964-05-14,2017-12-27,,Active,Legal and Compliance,MD
EE0006706,EMP1003,Michael,Campbell,2000-11-09,2021-04-13,,Active,Supply Chain,NC
EE0006707,EMP1003,Priya,Martinez,1979-08-18,2014-05-26,,Active,Legal and Compliance,NC
EE0006708,EMP1001,Amara,Johnson,1967-06-12,2019-09-22,,Active,Operations,OH
EE0006709,EMP1004,Luis,Smith,1995-02-08,2014-09-29,,Active,Sales,TX
EE0006710,EMP1001,Maya,Campbell,1973-03-24,2017-03-12,,Active,Information Technology,OH
EE0006711,EMP1002,Noah,Thomas,1993-02-16,2018-05-12,2024-07-09,Terminated,Sales,MD
EE0006712,EMP1001,Naomi,Ibrahim,1985-05-21,2014-02-11,,Active,Supply Chain,MD
EE0006713,EMP1002,Maya,Johnson,1990-11-25,2021-03-25,,Active,Human Resources,TX
EE0006714,EMP1005,Andre,Okafor,1997-08-16,2021-01-20,,Active,Information Technology,NC
EE0006715,EMP1001,Naomi,Adeyemi,1970-11-30,2024-07-20,,Active,Customer Operations,NC
EE0006716,EMP1004,Nia,Bennett,2000-08-17,2016-07-04,,Active,Information Technology,OH
EE0006717,EMP1005,Carlos,Kim,1969-06-20,2018-03-05,,Active,Sales,OH
EE0006718,EMP1001,Maya,Brown,1997-03-24,2023-06-16,,Active,Customer Operations,FL
EE0006719,EMP1005,Ethan,Chen,1971-08-03,2022-10-18,,Active,Supply Chain,OH
EE0006720,EMP1004,Victor,Kim,2003-09-07,2023-11-17,,Active,Operations,OH
EE0006721,EMP1001,Omar,Brown,1998-09-05,2020-10-14,,Active,Information Technology,MD
EE0006722,EMP1003,Omar,Williams,1995-06-18,2018-11-24,2025-10-13,Terminated,Information Technology,NY
EE0006723,EMP1001,Aaliyah,Smith,1975-12-26,2026-01-25,,Active,Finance,OH
EE0006724,EMP1003,Chiamaka,Thomas,1971-11-17,2021-06-17,,Active,Administration,NC
EE0006725,EMP1001,Carlos,Smith,1985-05-01,2020-10-16,,Active,Sales,OH
EE0006726,EMP1005,Jordan,Brown,1964-11-06,2023-07-25,,Active,Legal and Compliance,NY
EE0006727,EMP1001,Samuel,Mensah,1977-03-16,2018-07-26,,Active,Information Technology,OH
EE0006728,EMP1003,Angela,Davis,1998-04-27,2018-10-31,2024-09-12,Terminated,Operations,DC
EE0006729,EMP1005,Elena,Chen,1997-01-13,2016-10-18,2025-08-19,Terminated,Human Resources,DC
EE0006730,EMP1002,Noah,Adeyemi,1985-04-10,2021-11-06,,Active,Customer Operations,FL
EE0006731,EMP1001,Omar,Johnson,1970-09-18,2022-01-01,2024-01-10,Terminated,Customer Operations,OH
EE0006732,EMP1004,Luis,Thomas,1995-10-21,2020-09-24,,Active,Finance,VA
EE0006733,EMP1005,Olivia,Moore,1973-09-01,2020-12-06,,Active,Finance,NC
EE0006734,EMP1005,David,Brown,2007-02-28,2024-11-23,,Active,Finance,NY
EE0006735,EMP1002,Jasmine,Thomas,1976-01-18,2024-02-28,,Active,Information Technology,VA
EE0006736,EMP1002,Malik,Okafor,1967-02-28,2019-06-22,,Active,Sales,TX
EE0006737,EMP1005,Jasmine,Nguyen,1972-04-13,2017-05-20,,Active,Finance,OH
EE0006738,EMP1001,Fatima,Moore,1990-09-27,2016-04-02,,Active,Legal and Compliance,MD
EE0006739,EMP1001,Amara,Davis,2003-02-15,2017-03-23,,Active,Legal and Compliance,OH
EE0006740,EMP1002,Leah,Davis,2004-01-01,2014-07-12,,Active,Legal and Compliance,NY
EE0006741,EMP1002,Maya,Campbell,1983-05-31,2020-07-28,,Active,Administration,TX
EE0006742,EMP1005,Leah,Adams,1990-01-09,2015-12-19,,Active,Customer Operations,TX
EE0006743,EMP1004,Leah,Johnson,1968-02-25,2023-10-24,,Active,Information Technology,TX
EE0006744,EMP1001,Samuel,Robinson,1967-11-14,2018-07-02,,Active,Information Technology,FL
EE0006745,EMP1004,Carlos,Williams,1978-05-24,2015-10-20,,Active,Human Resources,VA
EE0006746,EMP1005,Daniel,Chen,1974-12-25,2020-04-08,,Active,Administration,NY
EE0006747,EMP1002,Angela,Mensah,1998-11-24,2019-11-12,2024-12-24,Terminated,Administration,TX
EE0006748,EMP1004,Isaiah,Smith,1971-04-20,2021-04-12,,Active,Supply Chain,FL
EE0006749,EMP1004,Malik,Lewis,1974-04-12,2022-07-05,2026-02-17,Terminated,Legal and Compliance,NY
EE0006750,EMP1005,Jasmine,Kim,1968-11-04,2019-08-08,,Active,Sales,FL
EE0006751,EMP1005,Naomi,Davis,1967-03-25,2023-08-25,,Active,Finance,NC
EE0006752,EMP1004,Ethan,Nguyen,1963-09-04,2014-01-05,,Active,Legal and Compliance,FL
EE0006753,EMP1003,Naomi,Martinez,1997-03-03,2023-09-12,,Active,Finance,NC
EE0006754,EMP1004,Daniel,Kim,1987-04-19,2022-02-11,,Active,Information Technology,FL
EE0006755,EMP1004,Andre,Adeyemi,2000-11-12,2016-09-21,,Active,Sales,TX
EE0006756,EMP1005,David,Wilson,1968-03-10,2017-02-14,,Active,Supply Chain,NC
EE0006757,EMP1003,Kevin,Bennett,1989-04-06,2018-08-07,,Active,Information Technology,OH
EE0006758,EMP1001,Maya,Moore,1984-11-04,2017-05-29,,Active,Human Resources,TX
EE0006759,EMP1004,Omar,Nguyen,1992-12-25,2019-05-21,,Active,Information Technology,FL
EE0006760,EMP1002,Jasmine,Davis,1970-06-26,2018-05-06,,Active,Sales,TX
EE0006761,EMP1003,Jasmine,Smith,1971-11-21,2018-10-10,2025-07-27,Terminated,Finance,NY
EE0006762,EMP1003,Luis,Patel,1978-09-22,2024-12-02,2025-10-04,Terminated,Information Technology,NC
EE0006763,EMP1003,Victor,Patel,1969-02-26,2024-11-14,,Active,Sales,NC
EE0006764,EMP1001,Chiamaka,Adeyemi,1965-01-09,2019-07-23,,Active,Information Technology,MD
EE0006765,EMP1001,Angela,Okafor,2000-09-02,2021-08-28,2025-08-25,Terminated,Information Technology,OH
EE0006766,EMP1002,Jordan,Garcia,1972-06-27,2021-10-08,2025-01-05,Terminated,Operations,NY
EE0006767,EMP1002,Leah,Nguyen,1997-04-24,2024-04-30,,Active,Sales,OH
EE0006768,EMP1001,Malik,Adeyemi,2000-05-27,2021-06-30,,Active,Supply Chain,FL
EE0006769,EMP1005,Grace,Okafor,1988-01-05,2021-05-01,,Active,Finance,NY
EE0006770,EMP1002,Angela,Williams,2007-05-04,2026-05-30,,Active,Information Technology,MD
EE0006771,EMP1004,Chiamaka,Hernandez,1995-03-21,2016-10-08,,Active,Administration,TX
EE0006772,EMP1004,Samuel,Smith,1981-12-29,2016-03-12,,Active,Administration,FL
EE0006773,EMP1003,Ethan,Bennett,2006-05-19,2020-09-19,,Active,Sales,NC
EE0006774,EMP1005,Kevin,Okafor,1983-02-22,2015-06-10,,Active,Administration,NY
EE0006775,EMP1002,Grace,Martinez,2004-01-08,2017-06-15,,Active,Legal and Compliance,TX
EE0006776,EMP1003,Andre,Thomas,1977-07-07,2015-02-22,2024-07-27,Terminated,Customer Operations,FL
EE0006777,EMP1001,David,Kim,1989-05-31,2018-12-27,2024-11-19,Terminated,Legal and Compliance,FL
EE0006778,EMP1005,Victor,Bennett,1975-01-15,2014-04-21,,Active,Information Technology,NY
EE0006779,EMP1004,Jordan,Davis,1999-08-02,2023-09-07,,Active,Human Resources,VA
EE0006780,EMP1001,Chiamaka,Wilson,1976-01-28,2020-09-28,,Active,Customer Operations,TX
EE0006781,EMP1003,Jasmine,Bennett,1988-11-09,2022-11-08,2024-09-15,Terminated,Operations,NC
EE0006782,EMP1002,Michael,Lewis,1974-01-03,2017-05-20,2025-12-18,Terminated,Supply Chain,NC
EE0006783,EMP1002,Olivia,Taylor,1971-09-05,2019-08-08,,Active,Legal and Compliance,NC
EE0006784,EMP1001,Sophia,Davis,1976-10-03,2016-09-26,2024-01-17,Terminated,Information Technology,OH
EE0006785,EMP1003,Nia,Martinez,1971-05-13,2018-01-30,,Active,Human Resources,NC
EE0006786,EMP1002,Kevin,Okafor,1999-08-20,2014-05-18,,Active,Finance,TX
EE0006787,EMP1005,Michael,Martinez,1978-11-28,2018-09-11,,Active,Supply Chain,NY
EE0006788,EMP1005,Kevin,Brown,1976-01-20,2018-10-04,,Active,Sales,NY
EE0006789,EMP1004,Malik,Kim,2000-03-06,2020-06-03,2024-02-04,Terminated,Administration,FL
EE0006790,EMP1002,Grace,Johnson,2000-01-22,2018-07-01,,Active,Customer Operations,MD
EE0006791,EMP1004,Carlos,Garcia,1988-08-29,2025-07-28,,Active,Operations,NC
EE0006792,EMP1002,Priya,Smith,1972-02-22,2024-09-02,,Active,Information Technology,OH
EE0006793,EMP1003,Priya,Adams,1969-05-30,2023-03-22,,Active,Finance,NC
EE0006794,EMP1003,Sophia,Thomas,1984-03-19,2014-10-16,,Active,Operations,DC
EE0006795,EMP1003,Chiamaka,Ibrahim,1979-02-15,2023-10-26,,Active,Sales,NC
EE0006796,EMP1001,Malik,Nguyen,1984-04-30,2019-11-22,,Active,Operations,OH
EE0006797,EMP1004,Maya,Williams,2006-09-08,2024-12-21,2025-11-20,Terminated,Customer Operations,NY
EE0006798,EMP1005,Noah,Kim,2000-01-19,2016-03-01,,Active,Customer Operations,NY
EE0006799,EMP1001,Samuel,Adeyemi,1996-10-20,2025-11-03,,Active,Customer Operations,TX
EE0006800,EMP1001,David,Wilson,1976-04-15,2017-12-01,2025-08-20,Terminated,Administration,DC
EE0006801,EMP1002,Andre,Davis,1988-08-12,2023-02-22,,Active,Operations,TX
EE0006802,EMP1004,Carlos,Smith,1999-09-24,2020-01-07,,Active,Human Resources,FL
EE0006803,EMP1001,Zoe,Thomas,1982-10-05,2024-10-08,,Active,Finance,TX
EE0006804,EMP1005,Grace,Wilson,1978-08-22,2024-01-11,,Active,Information Technology,NY
EE0006805,EMP1003,Jasmine,Hernandez,2002-08-01,2025-01-31,,Active,Supply Chain,NC
EE0006806,EMP1002,Nia,Miller,2006-12-30,2026-01-14,,Active,Customer Operations,TX
EE0006807,EMP1004,Elena,Nguyen,2003-07-23,2014-07-01,,Active,Human Resources,FL
EE0006808,EMP1001,Sophia,Adams,1999-05-24,2023-02-28,,Active,Human Resources,OH
EE0006809,EMP1003,Luis,Ibrahim,1984-06-25,2017-09-28,2024-08-05,Terminated,Sales,NC
EE0006810,EMP1002,Noah,Smith,1998-05-31,2015-03-21,,Active,Administration,FL
EE0006811,EMP1002,Daniel,Okafor,1978-08-08,2020-12-14,,Active,Operations,TX
EE0006812,EMP1002,Aaliyah,Ibrahim,1991-07-15,2021-04-20,2026-03-05,Terminated,Legal and Compliance,TX
EE0006813,EMP1005,Kevin,Bennett,1984-12-17,2022-05-13,,Active,Information Technology,NY
EE0006814,EMP1004,Nia,Bennett,1970-07-05,2019-09-27,2025-03-17,Terminated,Finance,NC
EE0006815,EMP1004,Angela,Mensah,1975-03-30,2017-12-25,,Active,Administration,FL
EE0006816,EMP1002,Priya,Kim,2000-07-14,2014-02-21,,Active,Supply Chain,TX
EE0006817,EMP1002,Amara,Davis,1966-11-02,2020-05-05,,Active,Administration,MD
EE0006818,EMP1005,Leah,Taylor,1968-04-29,2022-02-11,,Active,Information Technology,NY
EE0006819,EMP1003,Priya,Moore,1994-03-23,2017-01-03,,Active,Supply Chain,FL
EE0006820,EMP1001,Jordan,Hernandez,1988-02-05,2017-07-12,,Active,Finance,DC
EE0006821,EMP1004,Elena,Davis,1961-04-01,2019-06-29,,Active,Information Technology,OH
EE0006822,EMP1003,Daniel,Moore,1973-07-05,2023-06-18,2026-05-26,Terminated,Information Technology,VA
EE0006823,EMP1002,Samuel,Williams,1993-01-09,2023-07-29,2024-02-16,Terminated,Finance,OH
EE0006824,EMP1005,Jordan,Hernandez,1970-05-19,2025-01-23,2025-03-16,Terminated,Information Technology,NY
EE0006825,EMP1001,Malik,Campbell,1980-12-27,2025-07-12,,Active,Legal and Compliance,OH
EE0006826,EMP1003,Leah,Moore,2007-06-15,2020-11-28,,Active,Information Technology,NC
EE0006827,EMP1004,Kevin,Johnson,1980-12-02,2021-06-07,2024-05-18,Terminated,Administration,FL
EE0006828,EMP1002,Samuel,Adams,1983-10-17,2022-08-07,,Active,Supply Chain,TX
EE0006829,EMP1003,Isaiah,Thomas,1984-01-30,2020-06-29,,Active,Operations,NC
EE0006830,EMP1001,Michael,Adams,1998-04-30,2015-01-19,,Active,Operations,VA
EE0006831,EMP1001,Grace,Walker,1974-02-28,2019-07-27,,Active,Administration,OH
EE0006832,EMP1003,Nia,Lewis,1988-04-14,2025-08-25,,Active,Human Resources,MD
EE0006833,EMP1001,Jordan,Garcia,1974-10-26,2014-02-28,,Active,Legal and Compliance,OH
EE0006834,EMP1005,Noah,Davis,1997-04-13,2024-09-29,,Active,Supply Chain,NY
EE0006835,EMP1004,Priya,Williams,1984-01-25,2022-04-26,2024-08-21,Terminated,Information Technology,FL
EE0006836,EMP1005,Maya,Williams,1997-06-05,2019-10-09,,Active,Information Technology,NY
EE0006837,EMP1002,Luis,Martinez,1992-09-24,2019-08-25,2026-05-22,Terminated,Human Resources,OH
EE0006838,EMP1002,Luis,Lewis,1992-12-24,2016-12-01,,Active,Administration,NY
EE0006839,EMP1005,Nia,Chen,1964-02-11,2024-01-03,,Active,Administration,NC
EE0006840,EMP1004,Malik,Mensah,1977-04-01,2024-11-15,,Active,Operations,VA
EE0006841,EMP1002,Chiamaka,Williams,1991-05-28,2016-08-15,,Active,Sales,OH
EE0006842,EMP1001,Nia,Brown,1968-11-29,2019-07-27,,Active,Operations,TX
EE0006843,EMP1003,Maya,Johnson,1997-03-21,2019-06-21,,Active,Sales,NC
EE0006844,EMP1003,Carlos,Wilson,1963-01-31,2017-07-14,,Active,Human Resources,TX
EE0006845,EMP1002,Amara,Hernandez,1976-03-18,2016-04-25,,Active,Operations,NC
EE0006846,EMP1001,Nia,Smith,1985-03-08,2016-11-01,,Active,Supply Chain,OH
EE0006847,EMP1001,Aaliyah,Brown,1963-03-01,2023-01-19,2025-09-01,Terminated,Administration,OH
EE0006848,EMP1002,Priya,Robinson,1973-01-12,2023-02-12,,Active,Customer Operations,TX
EE0006849,EMP1005,Michael,Mensah,1975-04-22,2019-03-24,,Active,Finance,NY
EE0006850,EMP1004,Ethan,Bennett,1971-10-10,2019-04-05,,Active,Legal and Compliance,TX
EE0006851,EMP1002,Nia,Nguyen,1963-01-11,2021-07-10,,Active,Customer Operations,TX
EE0006852,EMP1004,Sophia,Johnson,1980-06-23,2017-05-12,,Active,Administration,FL
EE0006853,EMP1005,Aaliyah,Wilson,1985-03-26,2019-06-01,2025-02-26,Terminated,Supply Chain,NY
EE0006854,EMP1005,Olivia,Bennett,1965-06-07,2018-08-09,2024-07-22,Terminated,Finance,NY
EE0006855,EMP1004,Noah,Hernandez,2003-03-06,2025-01-27,,Active,Sales,FL
EE0006856,EMP1003,Isaiah,Taylor,1971-04-04,2022-12-15,,Active,Information Technology,DC
EE0006857,EMP1001,Chiamaka,Brown,1993-08-30,2016-01-12,,Active,Human Resources,NY
EE0006858,EMP1004,Noah,Brown,1966-06-07,2021-11-08,,Active,Finance,FL
EE0006859,EMP1001,Grace,Bennett,1972-09-22,2021-03-26,,Active,Administration,OH
EE0006860,EMP1004,Michael,Walker,2002-01-31,2014-10-16,,Active,Operations,FL
EE0006861,EMP1002,Maya,Smith,1971-01-16,2020-08-24,,Active,Customer Operations,TX
EE0006862,EMP1005,Angela,Taylor,1995-03-04,2021-05-01,,Active,Administration,NY
EE0006863,EMP1002,Ethan,Miller,1997-12-22,2025-07-01,,Active,Customer Operations,OH
EE0006864,EMP1001,Naomi,Davis,1970-10-01,2023-01-02,2025-05-07,Terminated,Sales,OH
EE0006865,EMP1004,Samuel,Adeyemi,1987-07-08,2021-09-10,,Active,Supply Chain,VA
EE0006866,EMP1001,Chiamaka,Campbell,1985-08-25,2014-12-01,,Active,Information Technology,OH
EE0006867,EMP1004,Ethan,Bennett,1986-10-11,2023-01-28,,Active,Administration,FL
EE0006868,EMP1004,Olivia,Robinson,1976-10-13,2025-03-04,2025-12-22,Terminated,Administration,FL
EE0006869,EMP1004,Luis,Walker,1986-12-04,2025-07-23,,Active,Customer Operations,NY
EE0006870,EMP1004,Victor,Taylor,1962-06-06,2022-07-12,2025-12-07,Terminated,Legal and Compliance,FL
EE0006871,EMP1003,Sophia,Chen,1999-07-18,2024-04-28,,Active,Finance,FL
EE0006872,EMP1002,Elena,Walker,1973-03-23,2021-01-23,,Active,Information Technology,TX
EE0006873,EMP1003,Amara,Garcia,1973-04-28,2015-04-25,,Active,Legal and Compliance,NC
EE0006874,EMP1002,Zoe,Campbell,1980-08-09,2024-10-01,,Active,Supply Chain,VA
EE0006875,EMP1001,Kevin,Campbell,1986-09-19,2016-09-10,,Active,Finance,OH
EE0006876,EMP1004,Fatima,Brown,1985-08-27,2017-10-13,,Active,Finance,FL
EE0006877,EMP1002,Victor,Ibrahim,1986-03-28,2015-02-02,,Active,Legal and Compliance,NC
EE0006878,EMP1002,Elena,Lewis,1972-05-18,2016-08-26,,Active,Legal and Compliance,NY
EE0006879,EMP1002,Ethan,Johnson,1980-06-27,2023-02-10,,Active,Finance,TX
EE0006880,EMP1002,Priya,Bennett,1990-04-15,2020-09-24,,Active,Supply Chain,TX
EE0006881,EMP1001,Fatima,Ibrahim,1994-08-23,2019-06-07,,Active,Information Technology,VA
EE0006882,EMP1004,Kevin,Smith,1994-01-28,2014-11-22,,Active,Legal and Compliance,FL
EE0006883,EMP1004,Priya,Patel,1963-03-14,2023-02-19,,Active,Legal and Compliance,FL
EE0006884,EMP1002,Victor,Davis,1964-10-13,2021-09-02,,Active,Customer Operations,DC
EE0006885,EMP1003,Grace,Patel,2007-03-17,2014-07-08,,Active,Finance,NC
EE0006886,EMP1001,Olivia,Thomas,1989-04-13,2017-08-30,,Active,Operations,NC
EE0006887,EMP1002,Zoe,Bennett,1992-03-11,2016-03-23,,Active,Human Resources,MD
EE0006888,EMP1002,Luis,Johnson,1998-12-09,2019-01-16,,Active,Human Resources,DC
EE0006889,EMP1001,Sophia,Davis,1985-09-26,2023-07-24,,Active,Administration,NC
EE0006890,EMP1002,Luis,Brown,1999-07-23,2019-09-25,,Active,Operations,DC
EE0006891,EMP1004,Samuel,Moore,1976-01-01,2020-02-20,2025-02-05,Terminated,Finance,FL
EE0006892,EMP1003,Leah,Nguyen,1971-09-15,2021-07-19,,Active,Supply Chain,TX
EE0006893,EMP1005,Jasmine,Robinson,1968-09-18,2026-02-21,,Active,Sales,DC
EE0006894,EMP1002,Isaiah,Ibrahim,1985-02-01,2016-04-09,,Active,Sales,TX
EE0006895,EMP1001,Priya,Martinez,1969-01-25,2016-05-15,,Active,Sales,OH
EE0006896,EMP1001,Noah,Martinez,1966-11-10,2025-02-20,,Active,Information Technology,OH
EE0006897,EMP1002,David,Garcia,2001-03-24,2020-08-24,,Active,Legal and Compliance,TX
EE0006898,EMP1004,Leah,Campbell,1981-07-31,2018-04-20,,Active,Sales,FL
EE0006899,EMP1002,Maya,Miller,1964-07-30,2014-04-07,,Active,Finance,TX
EE0006900,EMP1005,Amara,Kim,1970-05-08,2014-02-04,,Active,Legal and Compliance,NY
EE0006901,EMP1003,Angela,Thomas,1966-04-12,2020-02-12,,Active,Administration,NC
EE0006902,EMP1004,Amara,Campbell,1972-11-05,2022-04-08,,Active,Administration,FL
EE0006903,EMP1004,Omar,Thomas,1987-09-23,2026-04-27,,Active,Operations,NY
EE0006904,EMP1003,Samuel,Okafor,1965-11-13,2017-04-06,,Active,Information Technology,NC
EE0006905,EMP1004,Aaliyah,Taylor,1994-04-05,2020-03-28,2024-01-29,Terminated,Finance,FL
EE0006906,EMP1003,Kevin,Moore,1975-01-10,2024-06-17,,Active,Legal and Compliance,MD
EE0006907,EMP1002,Ethan,Chen,1975-10-15,2015-09-21,,Active,Human Resources,VA
EE0006908,EMP1004,Nia,Nguyen,2005-01-28,2016-06-15,,Active,Information Technology,FL
EE0006909,EMP1004,Malik,Johnson,1973-08-14,2024-03-27,,Active,Supply Chain,NC
EE0006910,EMP1001,Amara,Mensah,1992-06-09,2015-07-12,,Active,Operations,OH
EE0006911,EMP1001,Jordan,Campbell,1973-09-14,2014-10-08,2025-12-04,Terminated,Human Resources,OH
EE0006912,EMP1001,Sophia,Kim,2004-09-10,2024-09-05,,Active,Information Technology,OH
EE0006913,EMP1005,Aaliyah,Chen,1969-08-13,2021-03-05,,Active,Finance,VA
EE0006914,EMP1005,Jasmine,Campbell,1981-10-02,2023-04-07,,Active,Information Technology,NY
EE0006915,EMP1004,Omar,Thomas,1968-07-24,2022-04-07,,Active,Customer Operations,FL
EE0006916,EMP1001,Grace,Campbell,1970-12-08,2023-02-10,,Active,Information Technology,OH
EE0006917,EMP1005,Sophia,Bennett,1998-02-18,2022-05-05,,Active,Information Technology,NY
EE0006918,EMP1005,Priya,Mensah,1972-11-09,2023-07-15,,Active,Administration,NY
EE0006919,EMP1003,Daniel,Johnson,1968-01-09,2025-03-26,,Active,Operations,NC
EE0006920,EMP1003,Olivia,Mensah,1965-03-04,2017-10-13,,Active,Customer Operations,NY
EE0006921,EMP1002,Noah,Mensah,1981-05-18,2017-06-02,2026-06-30,Terminated,Human Resources,DC
EE0006922,EMP1002,Nia,Patel,1965-01-23,2015-05-10,,Active,Customer Operations,TX
EE0006923,EMP1002,Michael,Mensah,1997-02-03,2017-05-11,,Active,Human Resources,DC
EE0006924,EMP1003,Omar,Adeyemi,1966-11-01,2021-08-05,,Active,Legal and Compliance,NC
EE0006925,EMP1004,Malik,Walker,1964-04-08,2018-02-05,,Active,Information Technology,MD
EE0006926,EMP1001,Nia,Davis,1979-12-17,2025-10-05,,Active,Human Resources,OH
EE0006927,EMP1002,Isaiah,Smith,1968-04-05,2022-11-01,,Active,Human Resources,TX
EE0006928,EMP1005,Sophia,Brown,2004-11-06,2025-07-07,,Active,Customer Operations,NY
EE0006929,EMP1002,Chiamaka,Moore,1986-08-04,2024-01-09,,Active,Finance,OH
EE0006930,EMP1003,Samuel,Walker,1982-12-22,2023-11-12,2024-11-07,Terminated,Administration,NC
EE0006931,EMP1003,Carlos,Moore,1983-09-06,2024-12-15,,Active,Supply Chain,NC
EE0006932,EMP1004,Angela,Thomas,2002-05-27,2016-12-05,,Active,Information Technology,FL
EE0006933,EMP1005,Michael,Davis,1974-09-14,2014-05-05,,Active,Legal and Compliance,DC
EE0006934,EMP1003,Leah,Nguyen,1977-06-25,2016-07-28,,Active,Finance,NC
EE0006935,EMP1003,Angela,Martinez,1969-06-23,2026-02-10,,Active,Sales,NC
EE0006936,EMP1002,Priya,Campbell,1993-07-28,2024-03-14,2026-06-13,Terminated,Customer Operations,TX
EE0006937,EMP1003,Angela,Wilson,1966-06-06,2015-08-15,,Active,Information Technology,NC
EE0006938,EMP1001,Angela,Taylor,1973-09-30,2016-03-24,,Active,Sales,VA
EE0006939,EMP1005,Leah,Hernandez,1980-05-11,2022-02-08,,Active,Customer Operations,NY
EE0006940,EMP1001,Jasmine,Adeyemi,1964-03-23,2016-05-10,,Active,Operations,NY
EE0006941,EMP1001,Zoe,Miller,2001-04-13,2020-02-07,,Active,Administration,OH
EE0006942,EMP1002,Isaiah,Wilson,1999-05-14,2024-03-13,,Active,Customer Operations,VA
EE0006943,EMP1001,Malik,Adams,1995-10-28,2025-02-13,,Active,Information Technology,VA
EE0006944,EMP1003,Maya,Thomas,1985-07-17,2016-11-04,,Active,Customer Operations,TX
EE0006945,EMP1003,Angela,Johnson,1981-04-20,2024-08-26,,Active,Administration,NC
EE0006946,EMP1004,Carlos,Miller,1973-04-14,2021-04-04,,Active,Legal and Compliance,FL
EE0006947,EMP1005,Olivia,Walker,2007-02-02,2020-01-25,,Active,Human Resources,VA
EE0006948,EMP1005,Ethan,Moore,1993-07-01,2021-04-25,,Active,Legal and Compliance,MD
EE0006949,EMP1005,David,Wilson,2005-01-13,2023-08-13,,Active,Administration,NY
EE0006950,EMP1005,Amara,Robinson,1966-02-03,2019-09-18,2025-08-24,Terminated,Legal and Compliance,TX
EE0006951,EMP1005,Maya,Taylor,2001-10-22,2014-01-21,,Active,Operations,FL
EE0006952,EMP1005,Samuel,Wilson,1998-08-30,2022-03-27,2025-01-13,Terminated,Supply Chain,NY
EE0006953,EMP1004,Maya,Taylor,2002-03-02,2017-12-24,,Active,Human Resources,FL
EE0006954,EMP1001,Daniel,Miller,1995-03-25,2024-06-06,,Active,Human Resources,OH
EE0006955,EMP1001,Luis,Okafor,2003-08-05,2014-08-18,,Active,Sales,MD
EE0006956,EMP1001,Andre,Adams,1970-07-28,2018-12-02,,Active,Sales,OH
EE0006957,EMP1003,Omar,Taylor,1978-03-15,2019-03-21,,Active,Customer Operations,DC
EE0006958,EMP1002,Sophia,Okafor,1962-12-08,2014-06-12,2024-03-22,Terminated,Administration,TX
EE0006959,EMP1001,Michael,Campbell,2006-11-29,2022-07-16,,Active,Finance,NC
EE0006960,EMP1001,Andre,Adeyemi,1996-06-11,2019-08-31,,Active,Sales,OH
EE0006961,EMP1004,Jasmine,Taylor,1992-03-26,2016-06-02,,Active,Finance,TX
EE0006962,EMP1001,Zoe,Mensah,1989-11-18,2014-12-03,2024-07-26,Terminated,Information Technology,NY
EE0006963,EMP1003,Carlos,Williams,2006-10-10,2022-12-21,,Active,Finance,NC
EE0006964,EMP1005,Amara,Robinson,1963-09-24,2020-11-29,,Active,Information Technology,OH
EE0006965,EMP1002,Michael,Okafor,1998-06-28,2020-11-30,,Active,Customer Operations,TX
EE0006966,EMP1002,Fatima,Hernandez,1989-09-12,2025-02-18,,Active,Supply Chain,NC
EE0006967,EMP1003,Malik,Moore,2004-08-03,2023-09-09,,Active,Administration,NC
EE0006968,EMP1004,Isaiah,Davis,1977-04-25,2014-09-12,,Active,Information Technology,FL
EE0006969,EMP1001,Grace,Bennett,2004-09-12,2025-10-29,2025-12-22,Terminated,Operations,OH
EE0006970,EMP1005,Sophia,Ibrahim,2005-04-12,2017-03-28,,Active,Information Technology,NY
EE0006971,EMP1002,Isaiah,Ibrahim,1980-07-20,2014-10-15,2025-01-27,Terminated,Information Technology,TX
EE0006972,EMP1002,Sophia,Adams,1977-08-08,2020-05-29,,Active,Human Resources,TX
EE0006973,EMP1002,Jasmine,Smith,1988-12-03,2017-12-03,,Active,Finance,OH
EE0006974,EMP1003,Chiamaka,Garcia,1996-05-24,2021-04-03,2025-04-05,Terminated,Information Technology,NC
EE0006975,EMP1004,Elena,Johnson,1971-11-23,2019-05-20,,Active,Human Resources,FL
EE0006976,EMP1005,Noah,Williams,1996-12-04,2021-01-10,,Active,Customer Operations,NY
EE0006977,EMP1004,Kevin,Okafor,2000-01-06,2021-02-23,,Active,Administration,FL
EE0006978,EMP1002,Jordan,Wilson,1978-04-01,2017-02-27,,Active,Customer Operations,DC
EE0006979,EMP1004,Malik,Johnson,1974-01-14,2020-11-24,,Active,Operations,FL
EE0006980,EMP1003,David,Campbell,1976-12-22,2022-01-11,,Active,Operations,NC
EE0006981,EMP1005,Chiamaka,Bennett,2004-10-31,2014-10-17,2024-11-12,Terminated,Legal and Compliance,NY
EE0006982,EMP1001,Naomi,Adams,1994-06-14,2026-02-03,,Active,Supply Chain,OH
EE0006983,EMP1002,Andre,Wilson,1968-12-02,2017-03-29,,Active,Legal and Compliance,OH
EE0006984,EMP1001,Maya,Martinez,1995-01-15,2023-05-29,2024-05-15,Terminated,Sales,OH
EE0006985,EMP1001,Priya,Miller,2007-03-17,2014-03-22,2025-12-27,Terminated,Finance,OH
EE0006986,EMP1003,Leah,Moore,1999-04-08,2019-05-22,,Active,Customer Operations,NC
EE0006987,EMP1004,David,Campbell,1964-12-29,2015-09-27,,Active,Human Resources,FL
EE0006988,EMP1005,Noah,Martinez,1961-02-27,2021-06-23,,Active,Finance,NY
EE0006989,EMP1003,Amara,Williams,1964-09-18,2014-09-13,,Active,Administration,NC
EE0006990,EMP1002,Malik,Davis,1995-04-13,2023-10-31,,Active,Legal and Compliance,NC
EE0006991,EMP1005,Victor,Miller,1984-07-17,2023-07-09,,Active,Customer Operations,NY
EE0006992,EMP1003,Omar,Williams,1991-12-31,2025-03-02,,Active,Operations,NC
EE0006993,EMP1005,Jordan,Robinson,1973-02-16,2020-06-10,,Active,Legal and Compliance,DC
EE0006994,EMP1002,Naomi,Martinez,1973-07-10,2025-08-05,,Active,Sales,DC
EE0006995,EMP1004,Angela,Williams,1978-07-19,2017-06-02,,Active,Operations,VA
EE0006996,EMP1002,Michael,Campbell,1994-02-20,2023-06-13,2026-02-21,Terminated,Supply Chain,MD
EE0006997,EMP1003,Leah,Moore,1962-02-16,2025-07-28,,Active,Sales,MD
EE0006998,EMP1001,Luis,Wilson,1971-07-31,2024-06-10,,Active,Legal and Compliance,OH
EE0006999,EMP1005,Nia,Walker,1975-02-25,2020-01-03,,Active,Information Technology,VA
EE0007000,EMP1005,Olivia,Brown,1977-05-31,2024-06-25,,Active,Customer Operations,DC
EE0007001,EMP1002,Elena,Johnson,1963-05-11,2025-09-27,,Active,Sales,NY
EE0007002,EMP1004,Leah,Chen,1968-06-26,2023-11-16,,Active,Human Resources,FL
EE0007003,EMP1005,Victor,Adams,2003-02-26,2021-11-29,,Active,Administration,TX
EE0007004,EMP1004,Ethan,Robinson,1978-11-20,2022-06-08,,Active,Human Resources,FL
EE0007005,EMP1002,Priya,Williams,1978-01-28,2014-02-27,,Active,Customer Operations,TX
EE0007006,EMP1002,Naomi,Walker,1997-07-05,2026-01-29,,Active,Human Resources,TX
EE0007007,EMP1005,Maya,Bennett,1962-11-27,2026-04-11,,Active,Information Technology,TX
EE0007008,EMP1002,Fatima,Davis,2006-04-01,2018-05-26,,Active,Customer Operations,OH
EE0007009,EMP1005,Nia,Moore,1962-11-05,2022-06-25,,Active,Customer Operations,NY
EE0007010,EMP1005,Carlos,Williams,1961-06-16,2017-11-14,,Active,Supply Chain,OH
EE0007011,EMP1003,Angela,Hernandez,1971-11-01,2019-09-12,,Active,Operations,MD
EE0007012,EMP1004,Sophia,Kim,1963-04-03,2019-11-29,,Active,Finance,NC
EE0007013,EMP1001,Aaliyah,Williams,1996-07-30,2017-08-29,,Active,Administration,NY
EE0007014,EMP1003,Jordan,Wilson,1964-01-25,2021-01-25,2026-04-10,Terminated,Customer Operations,NC
EE0007015,EMP1003,Samuel,Campbell,1967-11-22,2024-01-21,2026-06-22,Terminated,Customer Operations,VA
EE0007016,EMP1001,Kevin,Kim,1965-12-11,2014-10-06,,Active,Human Resources,OH
EE0007017,EMP1001,Samuel,Lewis,1993-11-24,2020-08-18,,Active,Finance,OH
EE0007018,EMP1001,Leah,Johnson,1991-01-15,2015-04-28,,Active,Sales,OH
EE0007019,EMP1003,Carlos,Kim,1967-09-23,2016-07-25,,Active,Operations,DC
EE0007020,EMP1001,Jordan,Patel,1965-12-23,2024-01-11,2025-05-25,Terminated,Finance,OH
EE0007021,EMP1005,Zoe,Brown,1991-06-21,2015-06-19,,Active,Supply Chain,MD
EE0007022,EMP1004,Naomi,Kim,1980-06-09,2014-10-15,,Active,Operations,MD
EE0007023,EMP1002,Omar,Hernandez,1967-09-01,2014-03-23,,Active,Customer Operations,MD
EE0007024,EMP1004,Ethan,Wilson,1964-02-15,2018-03-02,,Active,Administration,FL
EE0007025,EMP1004,Angela,Thomas,1982-01-28,2015-02-06,,Active,Finance,FL
EE0007026,EMP1005,Ethan,Johnson,1965-11-18,2017-03-05,,Active,Supply Chain,NY
EE0007027,EMP1002,Andre,Johnson,1976-08-18,2015-10-14,,Active,Operations,VA
EE0007028,EMP1002,Kevin,Nguyen,1986-12-05,2021-10-22,,Active,Supply Chain,TX
EE0007029,EMP1001,Jasmine,Hernandez,1971-05-11,2023-10-05,,Active,Information Technology,NY
EE0007030,EMP1005,Victor,Moore,1993-01-12,2015-06-05,,Active,Customer Operations,NY
EE0007031,EMP1005,David,Campbell,2006-04-06,2023-02-05,,Active,Supply Chain,NY
EE0007032,EMP1001,Samuel,Campbell,1998-08-19,2019-06-06,,Active,Customer Operations,DC
EE0007033,EMP1005,Elena,Adams,1994-12-14,2019-11-23,,Active,Finance,MD
EE0007034,EMP1001,Elena,Davis,1985-08-30,2024-08-12,2025-03-20,Terminated,Supply Chain,VA
EE0007035,EMP1001,Andre,Williams,1995-08-27,2014-03-08,,Active,Administration,NY
EE0007036,EMP1005,Nia,Thomas,2001-01-26,2014-01-17,,Active,Administration,NY
EE0007037,EMP1003,Noah,Hernandez,1974-10-18,2024-02-03,,Active,Legal and Compliance,NY
EE0007038,EMP1004,Isaiah,Mensah,1993-08-17,2015-04-26,2026-03-26,Terminated,Finance,FL
EE0007039,EMP1003,Zoe,Nguyen,1994-07-09,2021-06-10,,Active,Operations,NC
EE0007040,EMP1004,Angela,Campbell,1992-08-07,2024-09-26,,Active,Information Technology,MD
EE0007041,EMP1004,Elena,Mensah,1964-04-27,2022-10-26,2026-01-30,Terminated,Legal and Compliance,FL
EE0007042,EMP1003,Isaiah,Adams,1997-08-04,2021-01-09,,Active,Human Resources,NY
EE0007043,EMP1003,Andre,Adeyemi,1981-12-05,2018-08-25,,Active,Operations,VA
EE0007044,EMP1001,Noah,Miller,1990-11-12,2017-12-21,,Active,Supply Chain,DC
EE0007045,EMP1003,Andre,Robinson,1996-11-11,2016-11-23,,Active,Administration,NC
EE0007046,EMP1004,Grace,Ibrahim,1996-06-10,2017-09-22,,Active,Information Technology,FL
EE0007047,EMP1005,Samuel,Moore,1987-03-22,2014-08-31,,Active,Information Technology,OH
EE0007048,EMP1003,Grace,Wilson,1974-10-24,2024-10-18,,Active,Administration,NC
EE0007049,EMP1004,Samuel,Brown,1999-12-25,2018-10-11,,Active,Legal and Compliance,FL
EE0007050,EMP1005,Priya,Adams,2005-02-12,2023-07-09,,Active,Finance,OH
EE0007051,EMP1005,Ethan,Ibrahim,1986-11-24,2023-02-27,,Active,Sales,MD
EE0007052,EMP1005,Fatima,Ibrahim,2003-11-28,2018-04-13,,Active,Information Technology,DC
EE0007053,EMP1002,Victor,Hernandez,1967-10-27,2018-05-19,2024-08-19,Terminated,Sales,MD
EE0007054,EMP1001,Grace,Adams,1998-06-18,2019-05-07,2026-01-28,Terminated,Administration,MD
EE0007055,EMP1005,Leah,Johnson,1994-04-10,2018-05-23,,Active,Legal and Compliance,TX
EE0007056,EMP1001,Jasmine,Patel,1977-03-29,2016-09-25,2025-12-25,Terminated,Supply Chain,OH
EE0007057,EMP1001,Noah,Robinson,2005-08-29,2021-11-03,,Active,Customer Operations,NC
EE0007058,EMP1003,Kevin,Williams,1992-01-04,2017-09-15,,Active,Administration,OH
EE0007059,EMP1005,Aaliyah,Mensah,1967-02-24,2024-12-18,2026-01-30,Terminated,Legal and Compliance,NC
EE0007060,EMP1002,Elena,Kim,1972-06-20,2016-10-19,,Active,Legal and Compliance,NY
EE0007061,EMP1004,Jordan,Taylor,2003-03-31,2022-02-22,,Active,Customer Operations,TX
EE0007062,EMP1005,Malik,Campbell,1965-06-08,2022-11-10,2026-04-03,Terminated,Sales,MD
EE0007063,EMP1004,Isaiah,Taylor,1970-04-10,2019-05-15,,Active,Supply Chain,OH
EE0007064,EMP1002,Andre,Bennett,1966-01-19,2016-06-25,,Active,Human Resources,TX
EE0007065,EMP1001,Ethan,Okafor,1984-10-29,2025-12-26,,Active,Information Technology,NY
EE0007066,EMP1004,Maya,Patel,1985-02-04,2015-07-17,,Active,Human Resources,FL
EE0007067,EMP1001,Leah,Miller,1985-10-30,2020-09-30,,Active,Human Resources,OH
EE0007068,EMP1001,Angela,Williams,1993-11-25,2018-04-26,,Active,Customer Operations,OH
EE0007069,EMP1005,Luis,Hernandez,1998-12-22,2025-04-15,,Active,Human Resources,NY
EE0007070,EMP1001,Kevin,Nguyen,1983-01-22,2015-12-11,,Active,Supply Chain,DC
EE0007071,EMP1002,Jasmine,Davis,1972-06-18,2017-01-20,,Active,Customer Operations,TX
EE0007072,EMP1003,Olivia,Robinson,1992-12-28,2019-02-15,2024-01-24,Terminated,Sales,NC
EE0007073,EMP1001,Jasmine,Campbell,1963-10-15,2020-03-04,,Active,Human Resources,OH
EE0007074,EMP1005,Aaliyah,Smith,1973-07-11,2022-01-20,,Active,Operations,NY
EE0007075,EMP1005,Angela,Thomas,1987-10-11,2021-02-27,,Active,Supply Chain,NY
EE0007076,EMP1005,Malik,Campbell,2003-10-03,2023-01-25,,Active,Sales,TX
EE0007077,EMP1005,Fatima,Moore,1965-02-12,2021-06-16,,Active,Human Resources,NY
EE0007078,EMP1002,Kevin,Wilson,1983-06-25,2016-06-04,2025-05-24,Terminated,Legal and Compliance,NY
EE0007079,EMP1004,Michael,Moore,1974-01-07,2020-05-23,,Active,Finance,NC
EE0007080,EMP1002,Omar,Garcia,1964-09-02,2019-05-13,,Active,Customer Operations,NY
EE0007081,EMP1003,Daniel,Ibrahim,1975-05-08,2016-01-14,,Active,Information Technology,NY
EE0007082,EMP1005,Michael,Taylor,1968-01-11,2019-04-26,,Active,Information Technology,FL
EE0007083,EMP1004,Samuel,Wilson,2000-02-16,2017-09-06,,Active,Supply Chain,TX
EE0007084,EMP1004,Priya,Wilson,2005-01-18,2020-09-02,,Active,Sales,FL
EE0007085,EMP1002,Ethan,Campbell,1972-01-29,2026-04-29,,Active,Administration,DC
EE0007086,EMP1004,Carlos,Smith,1967-12-04,2023-02-20,2025-05-11,Terminated,Supply Chain,NC
EE0007087,EMP1001,Maya,Kim,1998-08-04,2016-09-27,,Active,Supply Chain,OH
EE0007088,EMP1002,Amara,Kim,1990-09-02,2017-05-13,,Active,Human Resources,NC
EE0007089,EMP1003,Michael,Nguyen,1963-08-06,2018-04-16,,Active,Customer Operations,FL
EE0007090,EMP1004,Luis,Mensah,1989-07-18,2024-07-16,,Active,Finance,FL
EE0007091,EMP1005,Daniel,Chen,1984-03-16,2018-06-12,,Active,Sales,NY
EE0007092,EMP1004,Jasmine,Miller,1992-07-08,2018-05-05,2024-03-22,Terminated,Human Resources,FL
EE0007093,EMP1005,Sophia,Davis,1990-11-19,2018-04-16,,Active,Supply Chain,VA
EE0007094,EMP1001,David,Miller,1999-12-24,2015-08-10,,Active,Human Resources,OH
EE0007095,EMP1002,David,Adams,1961-03-21,2019-08-18,,Active,Sales,OH
EE0007096,EMP1005,Isaiah,Garcia,1995-07-25,2019-10-18,2024-01-19,Terminated,Finance,NY
EE0007097,EMP1001,Aaliyah,Thomas,1976-08-07,2021-04-14,,Active,Administration,OH
EE0007098,EMP1004,Omar,Thomas,1966-06-06,2014-04-14,,Active,Administration,FL
EE0007099,EMP1001,Leah,Moore,1996-10-16,2024-11-19,,Active,Human Resources,NY
EE0007100,EMP1003,Malik,Moore,1977-05-28,2022-02-14,,Active,Supply Chain,OH
EE0007101,EMP1005,David,Miller,1995-02-04,2026-05-06,,Active,Finance,NY
EE0007102,EMP1003,Nia,Campbell,1970-07-02,2024-08-11,,Active,Sales,NY
EE0007103,EMP1002,Grace,Wilson,1990-01-26,2014-01-02,,Active,Supply Chain,OH
EE0007104,EMP1001,Samuel,Moore,1970-02-10,2014-11-30,,Active,Finance,OH
EE0007105,EMP1002,Amara,Robinson,1975-12-15,2014-11-30,,Active,Administration,DC
EE0007106,EMP1001,Chiamaka,Brown,1996-04-25,2025-08-07,,Active,Finance,DC
EE0007107,EMP1003,Nia,Thomas,1972-10-06,2016-09-23,,Active,Sales,NC
EE0007108,EMP1002,Samuel,Thomas,1971-07-13,2025-02-03,,Active,Customer Operations,FL
EE0007109,EMP1005,Isaiah,Kim,1976-10-19,2016-01-27,,Active,Sales,MD
EE0007110,EMP1001,Victor,Moore,1978-01-10,2014-05-27,,Active,Operations,NY
EE0007111,EMP1003,Kevin,Walker,2002-07-09,2020-09-22,,Active,Legal and Compliance,NC
EE0007112,EMP1005,Ethan,Johnson,1978-06-17,2016-10-16,2024-12-09,Terminated,Human Resources,NY
EE0007113,EMP1003,Zoe,Wilson,1968-11-21,2021-05-20,2025-08-04,Terminated,Finance,NC
EE0007114,EMP1002,Andre,Moore,2000-12-20,2024-03-08,,Active,Human Resources,MD
EE0007115,EMP1005,Maya,Hernandez,1999-06-01,2019-09-17,2026-05-23,Terminated,Information Technology,NY
EE0007116,EMP1004,Jordan,Nguyen,2003-05-15,2017-05-31,,Active,Sales,FL
EE0007117,EMP1001,Isaiah,Robinson,1976-08-14,2016-02-23,,Active,Information Technology,OH
EE0007118,EMP1005,Noah,Adams,1981-04-15,2019-03-16,,Active,Administration,NY
EE0007119,EMP1002,Jasmine,Patel,1982-06-30,2025-07-31,2026-02-09,Terminated,Legal and Compliance,MD
EE0007120,EMP1004,Angela,Lewis,1979-12-04,2026-02-25,,Active,Customer Operations,FL
EE0007121,EMP1003,Naomi,Taylor,1984-12-03,2020-05-21,,Active,Sales,OH
EE0007122,EMP1005,Aaliyah,Moore,1989-01-24,2015-07-05,,Active,Legal and Compliance,NY
EE0007123,EMP1005,Jasmine,Thomas,1996-06-23,2019-01-05,,Active,Customer Operations,NY
EE0007124,EMP1001,Chiamaka,Martinez,1979-11-16,2018-12-05,2024-03-26,Terminated,Legal and Compliance,OH
EE0007125,EMP1001,Maya,Ibrahim,1985-11-12,2017-05-01,,Active,Finance,VA
EE0007126,EMP1004,Noah,Johnson,1999-02-03,2020-02-12,,Active,Administration,VA
EE0007127,EMP1001,Maya,Kim,1980-08-10,2023-06-17,,Active,Human Resources,NC
EE0007128,EMP1004,Noah,Patel,1985-02-27,2016-05-04,,Active,Human Resources,DC
EE0007129,EMP1004,Noah,Brown,1976-05-16,2016-03-29,,Active,Legal and Compliance,OH
EE0007130,EMP1001,Grace,Okafor,1974-11-05,2018-06-05,,Active,Information Technology,OH
EE0007131,EMP1005,Sophia,Taylor,1981-10-18,2019-06-12,,Active,Human Resources,NY
EE0007132,EMP1003,Jasmine,Campbell,1978-06-15,2026-03-04,,Active,Information Technology,DC
EE0007133,EMP1001,Victor,Miller,1964-05-10,2018-03-15,2024-02-02,Terminated,Legal and Compliance,OH
EE0007134,EMP1002,Leah,Mensah,1971-01-11,2025-10-09,,Active,Legal and Compliance,OH
EE0007135,EMP1005,Isaiah,Walker,2003-05-08,2015-10-19,,Active,Administration,NY
EE0007136,EMP1003,Zoe,Patel,2005-04-20,2021-05-17,,Active,Information Technology,NC
EE0007137,EMP1002,Omar,Robinson,1995-09-28,2022-12-24,,Active,Information Technology,TX
EE0007138,EMP1002,Noah,Garcia,1964-05-17,2026-01-29,2026-06-29,Terminated,Legal and Compliance,TX
EE0007139,EMP1001,David,Chen,1964-05-10,2025-04-11,,Active,Customer Operations,OH
EE0007140,EMP1001,Naomi,Adeyemi,1987-05-22,2023-03-30,,Active,Sales,MD
EE0007141,EMP1005,Andre,Johnson,1982-12-07,2015-04-21,,Active,Customer Operations,NY
EE0007142,EMP1001,Leah,Adeyemi,1984-03-27,2022-04-07,2024-09-30,Terminated,Information Technology,OH
EE0007143,EMP1004,Carlos,Brown,1977-07-04,2018-05-03,,Active,Administration,FL
EE0007144,EMP1005,Maya,Moore,1976-12-07,2021-07-21,2025-04-20,Terminated,Finance,NY
EE0007145,EMP1005,Grace,Brown,1986-07-17,2015-10-03,,Active,Supply Chain,VA
EE0007146,EMP1004,Grace,Okafor,1968-07-23,2018-08-28,,Active,Sales,OH
EE0007147,EMP1003,Angela,Mensah,1999-01-09,2024-06-15,,Active,Administration,OH
EE0007148,EMP1002,Malik,Garcia,2003-01-17,2025-09-15,,Active,Legal and Compliance,TX
EE0007149,EMP1004,Maya,Lewis,1997-12-31,2019-10-12,,Active,Information Technology,FL
EE0007150,EMP1005,Noah,Okafor,1989-01-17,2016-11-03,,Active,Finance,TX
EE0007151,EMP1004,Jordan,Mensah,1998-05-28,2015-09-27,2025-07-02,Terminated,Finance,FL
EE0007152,EMP1001,Samuel,Kim,1980-01-14,2017-02-25,,Active,Operations,OH
EE0007153,EMP1004,Aaliyah,Martinez,1964-04-08,2019-12-19,,Active,Human Resources,FL
EE0007154,EMP1004,Samuel,Taylor,1981-03-13,2019-02-10,,Active,Administration,DC
EE0007155,EMP1003,Grace,Walker,1996-01-26,2021-11-14,,Active,Sales,VA
EE0007156,EMP1005,Noah,Moore,1966-04-27,2015-11-24,,Active,Operations,NY
EE0007157,EMP1003,Olivia,Martinez,1990-01-09,2014-08-04,,Active,Information Technology,NY
EE0007158,EMP1001,Samuel,Martinez,1961-10-16,2022-04-09,,Active,Administration,DC
EE0007159,EMP1001,Andre,Bennett,2005-12-17,2020-07-25,,Active,Supply Chain,NY
EE0007160,EMP1003,Leah,Williams,1993-12-25,2016-04-20,,Active,Administration,FL
EE0007161,EMP1001,Elena,Miller,1985-10-06,2018-04-25,,Active,Operations,NY
EE0007162,EMP1001,Michael,Garcia,1987-12-25,2014-12-11,,Active,Human Resources,OH
EE0007163,EMP1004,Chiamaka,Campbell,1972-02-28,2018-11-14,,Active,Customer Operations,TX
EE0007164,EMP1004,Amara,Mensah,1982-03-26,2016-02-09,,Active,Operations,DC
EE0007165,EMP1002,Omar,Nguyen,2007-02-17,2014-11-05,,Active,Administration,TX
EE0007166,EMP1005,Daniel,Ibrahim,1965-02-21,2022-08-18,,Active,Supply Chain,NY
EE0007167,EMP1005,Chiamaka,Moore,1970-10-25,2015-05-16,,Active,Customer Operations,NY
EE0007168,EMP1001,David,Kim,1977-07-04,2021-06-18,,Active,Sales,NC
EE0007169,EMP1001,Leah,Davis,1983-04-10,2019-10-23,,Active,Customer Operations,FL
EE0007170,EMP1005,Samuel,Brown,1970-05-12,2024-11-01,,Active,Finance,NY
EE0007171,EMP1003,Michael,Brown,1972-12-15,2023-06-04,,Active,Legal and Compliance,VA
EE0007172,EMP1003,Ethan,Smith,1967-06-26,2021-07-20,,Active,Finance,NC
EE0007173,EMP1001,Isaiah,Garcia,2004-01-03,2017-02-03,,Active,Administration,OH
EE0007174,EMP1002,Samuel,Martinez,2007-02-17,2018-10-08,,Active,Sales,TX
EE0007175,EMP1003,Naomi,Hernandez,2002-03-01,2015-06-29,,Active,Legal and Compliance,NC
EE0007176,EMP1001,Zoe,Taylor,2000-10-26,2023-03-30,2025-09-20,Terminated,Administration,DC
EE0007177,EMP1001,Jordan,Adeyemi,1996-10-21,2021-05-15,,Active,Customer Operations,NY
EE0007178,EMP1005,Elena,Brown,1980-09-12,2016-11-05,,Active,Administration,MD
EE0007179,EMP1001,Leah,Taylor,1991-08-20,2022-12-11,,Active,Sales,OH
EE0007180,EMP1002,Fatima,Adams,1969-12-03,2020-06-13,,Active,Administration,MD
EE0007181,EMP1003,Malik,Hernandez,1962-06-21,2014-06-18,,Active,Legal and Compliance,NC
EE0007182,EMP1003,Naomi,Ibrahim,1972-04-18,2026-03-30,,Active,Customer Operations,NC
EE0007183,EMP1002,Carlos,Davis,1993-11-08,2022-02-08,,Active,Finance,TX
EE0007184,EMP1003,Aaliyah,Nguyen,1979-02-16,2016-10-14,,Active,Finance,NC
EE0007185,EMP1002,Carlos,Campbell,2003-10-28,2025-01-10,,Active,Supply Chain,NY
EE0007186,EMP1004,Samuel,Martinez,1993-04-21,2022-06-27,,Active,Information Technology,FL
EE0007187,EMP1002,Leah,Taylor,1999-11-15,2021-04-27,2026-05-15,Terminated,Legal and Compliance,TX
EE0007188,EMP1001,Nia,Wilson,1997-04-10,2014-01-14,,Active,Administration,MD
EE0007189,EMP1001,Malik,Nguyen,1995-07-20,2022-05-02,,Active,Supply Chain,TX
EE0007190,EMP1004,Noah,Chen,1978-10-29,2015-06-18,,Active,Supply Chain,FL
EE0007191,EMP1004,Olivia,Bennett,1966-06-30,2016-08-01,,Active,Human Resources,FL
EE0007192,EMP1005,Amara,Martinez,1978-05-11,2021-09-05,,Active,Legal and Compliance,FL
EE0007193,EMP1004,Chiamaka,Kim,2006-11-23,2016-05-31,,Active,Legal and Compliance,FL
EE0007194,EMP1005,Priya,Wilson,1962-10-13,2022-08-16,,Active,Operations,NY
EE0007195,EMP1004,Aaliyah,Hernandez,1982-07-04,2015-03-19,,Active,Legal and Compliance,FL
EE0007196,EMP1003,Luis,Davis,1989-12-05,2015-12-14,,Active,Finance,NY
EE0007197,EMP1001,Maya,Campbell,2000-02-14,2025-08-02,,Active,Human Resources,OH
EE0007198,EMP1001,Grace,Davis,1965-11-30,2014-08-13,2025-03-21,Terminated,Operations,OH
EE0007199,EMP1005,Isaiah,Chen,1970-02-01,2024-08-05,,Active,Customer Operations,NY
EE0007200,EMP1003,Malik,Williams,1993-10-18,2019-09-25,,Active,Sales,NC
EE0007201,EMP1003,Kevin,Campbell,1991-01-11,2014-06-30,2025-06-15,Terminated,Administration,NC
EE0007202,EMP1004,Naomi,Campbell,1979-07-29,2020-10-01,,Active,Human Resources,DC
EE0007203,EMP1001,Luis,Ibrahim,1984-10-15,2025-10-31,,Active,Supply Chain,DC
EE0007204,EMP1001,Chiamaka,Moore,1980-01-13,2026-01-10,2026-04-13,Terminated,Sales,OH
EE0007205,EMP1001,Ethan,Bennett,1961-11-08,2014-03-22,,Active,Customer Operations,FL
EE0007206,EMP1001,Carlos,Lewis,1996-02-26,2025-01-14,,Active,Human Resources,FL
EE0007207,EMP1005,Kevin,Martinez,2002-03-17,2016-03-27,,Active,Operations,NY
EE0007208,EMP1002,Daniel,Davis,1970-08-24,2026-06-07,,Active,Finance,TX
EE0007209,EMP1005,Ethan,Wilson,1992-02-28,2014-11-03,,Active,Supply Chain,VA
EE0007210,EMP1002,Omar,Campbell,1996-01-12,2019-01-29,,Active,Supply Chain,TX
EE0007211,EMP1005,Victor,Kim,1995-08-27,2020-11-19,,Active,Supply Chain,NY
EE0007212,EMP1003,Andre,Robinson,1993-05-10,2024-11-24,,Active,Supply Chain,NC
EE0007213,EMP1001,Olivia,Martinez,2004-08-19,2020-05-03,,Active,Customer Operations,OH
EE0007214,EMP1001,Carlos,Ibrahim,1965-07-30,2014-09-22,,Active,Operations,FL
EE0007215,EMP1004,Jasmine,Patel,1993-11-10,2017-12-27,,Active,Supply Chain,FL
EE0007216,EMP1001,Malik,Williams,1976-03-17,2025-06-17,2025-08-25,Terminated,Administration,NY
EE0007217,EMP1002,Priya,Okafor,1974-01-02,2020-04-01,2025-06-30,Terminated,Information Technology,OH
EE0007218,EMP1004,Victor,Taylor,2005-11-26,2017-04-29,,Active,Administration,FL
EE0007219,EMP1003,Chiamaka,Adams,1992-04-21,2022-11-10,,Active,Customer Operations,NC
EE0007220,EMP1005,Ethan,Kim,1976-12-20,2016-09-26,2025-10-31,Terminated,Supply Chain,NY
EE0007221,EMP1002,Luis,Johnson,2006-08-27,2022-05-17,,Active,Administration,TX
EE0007222,EMP1003,Zoe,Davis,2006-03-15,2016-12-23,,Active,Information Technology,NC
EE0007223,EMP1004,Isaiah,Bennett,1977-09-25,2017-02-27,2024-03-21,Terminated,Operations,FL
EE0007224,EMP1004,Kevin,Hernandez,1992-04-22,2022-05-03,2025-02-14,Terminated,Finance,FL
EE0007225,EMP1001,Malik,Adeyemi,2005-02-28,2014-04-04,,Active,Legal and Compliance,NY
EE0007226,EMP1001,Luis,Thomas,1973-03-25,2014-01-09,,Active,Human Resources,DC
EE0007227,EMP1001,Nia,Nguyen,1992-01-09,2025-07-03,,Active,Finance,TX
EE0007228,EMP1003,Fatima,Chen,1980-09-09,2022-04-07,2024-03-01,Terminated,Supply Chain,NC
EE0007229,EMP1004,Malik,Walker,1980-12-18,2021-04-28,2025-07-03,Terminated,Sales,DC
EE0007230,EMP1005,Fatima,Wilson,2007-03-22,2021-11-26,2024-11-01,Terminated,Information Technology,VA
EE0007231,EMP1002,Samuel,Hernandez,1967-08-23,2022-07-03,,Active,Supply Chain,OH
EE0007232,EMP1003,Noah,Chen,2006-03-09,2016-03-29,,Active,Legal and Compliance,NC
EE0007233,EMP1003,Maya,Martinez,1975-07-19,2015-07-07,,Active,Supply Chain,NC
EE0007234,EMP1005,Leah,Adeyemi,1999-04-21,2018-07-11,,Active,Administration,NY
EE0007235,EMP1001,Fatima,Smith,2005-01-05,2025-04-29,,Active,Legal and Compliance,VA
EE0007236,EMP1001,Fatima,Chen,2001-07-10,2025-01-01,,Active,Operations,OH
EE0007237,EMP1005,Nia,Patel,1971-06-22,2018-02-28,,Active,Information Technology,NC
EE0007238,EMP1003,Ethan,Taylor,1972-05-18,2017-09-12,,Active,Operations,NC
EE0007239,EMP1005,Nia,Thomas,1988-10-29,2021-10-11,,Active,Sales,FL
EE0007240,EMP1005,Victor,Miller,1995-08-27,2019-10-27,2025-09-25,Terminated,Sales,FL
EE0007241,EMP1005,Amara,Johnson,1977-09-10,2017-01-10,,Active,Customer Operations,FL
EE0007242,EMP1005,Noah,Campbell,1971-05-30,2017-04-15,,Active,Finance,NY
EE0007243,EMP1001,Leah,Okafor,1972-11-15,2020-11-29,2024-05-14,Terminated,Supply Chain,OH
EE0007244,EMP1005,Isaiah,Okafor,2004-04-06,2024-04-09,,Active,Human Resources,NY
EE0007245,EMP1001,Nia,Robinson,1961-02-18,2015-04-26,,Active,Human Resources,NC
EE0007246,EMP1004,Noah,Robinson,1964-09-26,2022-05-03,,Active,Human Resources,FL
EE0007247,EMP1005,Chiamaka,Kim,1973-11-03,2016-07-25,,Active,Finance,NY
EE0007248,EMP1002,Ethan,Bennett,1996-04-16,2014-06-14,,Active,Sales,TX
EE0007249,EMP1003,Nia,Campbell,1998-09-22,2024-08-25,2026-02-16,Terminated,Administration,NC
EE0007250,EMP1001,Angela,Martinez,1993-07-11,2023-12-29,,Active,Operations,VA
EE0007251,EMP1001,Michael,Walker,1992-04-29,2016-09-27,,Active,Customer Operations,OH
EE0007252,EMP1003,Grace,Wilson,1999-06-11,2021-11-11,2024-03-01,Terminated,Finance,NC
EE0007253,EMP1004,Olivia,Johnson,1968-10-23,2017-11-17,,Active,Sales,TX
EE0007254,EMP1001,Chiamaka,Brown,1963-02-23,2022-08-14,2024-10-02,Terminated,Legal and Compliance,OH
EE0007255,EMP1003,Amara,Lewis,1991-03-08,2015-04-27,,Active,Sales,NC
EE0007256,EMP1002,Carlos,Adeyemi,1971-01-05,2025-07-25,,Active,Administration,DC
EE0007257,EMP1004,Jasmine,Williams,1989-01-06,2022-01-18,,Active,Customer Operations,FL
EE0007258,EMP1004,Leah,Garcia,1967-06-08,2025-12-08,,Active,Sales,VA
EE0007259,EMP1004,Angela,Nguyen,1993-10-05,2015-11-18,,Active,Administration,TX
EE0007260,EMP1004,Malik,Wilson,1971-05-18,2025-03-03,,Active,Operations,FL
EE0007261,EMP1004,Angela,Williams,1979-12-10,2021-06-27,2025-07-19,Terminated,Customer Operations,OH
EE0007262,EMP1004,Fatima,Nguyen,1979-01-24,2024-10-25,2025-08-06,Terminated,Finance,FL
EE0007263,EMP1003,David,Walker,2001-03-19,2019-10-15,,Active,Administration,NC
EE0007264,EMP1004,Zoe,Chen,1970-12-01,2023-03-11,,Active,Finance,OH
EE0007265,EMP1005,Kevin,Smith,1977-03-03,2020-01-11,,Active,Supply Chain,NY
EE0007266,EMP1002,Aaliyah,Bennett,1995-08-09,2025-10-15,2026-02-17,Terminated,Human Resources,MD
EE0007267,EMP1003,Leah,Garcia,1966-11-19,2014-01-26,2026-05-25,Terminated,Finance,MD
EE0007268,EMP1004,Malik,Adams,1970-01-30,2014-11-04,,Active,Sales,TX
EE0007269,EMP1002,Elena,Martinez,1996-03-19,2024-09-17,,Active,Administration,OH
EE0007270,EMP1004,Maya,Patel,1977-02-28,2021-07-26,,Active,Customer Operations,OH
EE0007271,EMP1003,Andre,Mensah,1979-05-18,2016-03-17,2026-06-24,Terminated,Sales,NC
EE0007272,EMP1001,Zoe,Patel,1994-05-02,2018-10-19,,Active,Human Resources,OH
EE0007273,EMP1001,Daniel,Thomas,1990-03-28,2023-10-28,,Active,Finance,OH
EE0007274,EMP1002,Nia,Johnson,1964-05-15,2024-02-13,,Active,Human Resources,NY
EE0007275,EMP1001,Nia,Adams,1996-02-07,2015-08-03,,Active,Customer Operations,OH
EE0007276,EMP1002,Noah,Miller,1966-02-13,2018-05-13,,Active,Supply Chain,TX
EE0007277,EMP1001,Zoe,Campbell,1999-02-26,2025-09-19,,Active,Human Resources,OH
EE0007278,EMP1002,Angela,Okafor,2005-12-26,2026-05-13,,Active,Information Technology,TX
EE0007279,EMP1004,Jasmine,Kim,1989-06-10,2014-04-12,2025-02-09,Terminated,Administration,FL
EE0007280,EMP1003,Fatima,Walker,1998-03-03,2014-02-28,2026-06-05,Terminated,Administration,NC
EE0007281,EMP1005,Zoe,Davis,1987-06-30,2023-04-10,,Active,Administration,MD
EE0007282,EMP1001,Zoe,Ibrahim,1977-11-02,2020-06-10,2025-07-30,Terminated,Information Technology,NY
EE0007283,EMP1001,Priya,Robinson,2005-11-02,2019-12-17,,Active,Finance,OH
EE0007284,EMP1004,Elena,Johnson,2000-09-18,2015-07-15,,Active,Operations,FL
EE0007285,EMP1003,Fatima,Miller,2004-09-17,2025-12-02,,Active,Operations,NC
EE0007286,EMP1001,Omar,Moore,1964-07-08,2024-09-30,,Active,Supply Chain,OH
EE0007287,EMP1003,Amara,Williams,2000-12-16,2024-04-16,,Active,Legal and Compliance,OH
EE0007288,EMP1004,Maya,Moore,2002-01-29,2022-01-16,2026-05-15,Terminated,Supply Chain,FL
EE0007289,EMP1005,Chiamaka,Wilson,1976-05-12,2022-01-28,,Active,Sales,FL
EE0007290,EMP1004,Fatima,Johnson,1995-03-04,2025-09-18,,Active,Legal and Compliance,FL
EE0007291,EMP1004,Samuel,Thomas,1965-03-12,2024-06-08,,Active,Legal and Compliance,OH
EE0007292,EMP1003,Carlos,Johnson,2003-06-01,2018-01-27,,Active,Information Technology,OH
EE0007293,EMP1002,Jasmine,Nguyen,2003-03-12,2017-02-13,,Active,Information Technology,DC
EE0007294,EMP1004,Amara,Kim,1969-03-24,2024-09-04,2025-03-12,Terminated,Human Resources,FL
EE0007295,EMP1004,Olivia,Brown,1989-05-12,2016-11-07,,Active,Finance,FL
EE0007296,EMP1001,Sophia,Okafor,2003-12-19,2020-01-02,,Active,Legal and Compliance,OH
EE0007297,EMP1003,Noah,Garcia,1967-04-07,2023-08-05,,Active,Finance,NC
EE0007298,EMP1004,Jasmine,Robinson,1965-03-08,2017-03-16,,Active,Supply Chain,FL
EE0007299,EMP1002,Michael,Davis,1997-03-12,2015-11-11,2025-03-20,Terminated,Operations,NC
EE0007300,EMP1001,Olivia,Johnson,2000-07-18,2014-02-05,,Active,Legal and Compliance,OH
EE0007301,EMP1005,Samuel,Hernandez,1985-01-17,2018-03-21,2024-10-13,Terminated,Supply Chain,NY
EE0007302,EMP1004,Noah,Walker,1971-11-09,2020-12-30,,Active,Customer Operations,FL
EE0007303,EMP1001,Sophia,Nguyen,1994-07-24,2024-09-24,,Active,Supply Chain,OH
EE0007304,EMP1003,Chiamaka,Walker,1961-03-24,2025-07-09,,Active,Operations,DC
EE0007305,EMP1001,Luis,Nguyen,1978-01-09,2024-12-13,2025-04-22,Terminated,Information Technology,NY
EE0007306,EMP1003,Amara,Ibrahim,1992-04-28,2025-04-21,2025-11-30,Terminated,Sales,VA
EE0007307,EMP1005,Jordan,Patel,2003-03-09,2016-10-03,,Active,Administration,NY
EE0007308,EMP1004,Kevin,Garcia,1967-02-05,2021-03-30,,Active,Supply Chain,NY
EE0007309,EMP1004,Victor,Campbell,1972-04-10,2019-12-19,,Active,Sales,FL
EE0007310,EMP1003,Jasmine,Smith,1982-02-12,2019-12-31,,Active,Sales,TX
EE0007311,EMP1002,Victor,Smith,1966-08-29,2016-05-13,,Active,Human Resources,FL
EE0007312,EMP1003,Daniel,Moore,1990-02-27,2016-10-06,,Active,Legal and Compliance,DC
EE0007313,EMP1004,David,Miller,1969-05-15,2016-11-06,,Active,Sales,VA
EE0007314,EMP1003,Elena,Wilson,1970-08-23,2019-04-12,,Active,Information Technology,DC
EE0007315,EMP1001,Victor,Mensah,1970-10-28,2017-04-13,,Active,Sales,OH
EE0007316,EMP1001,Noah,Williams,1986-04-18,2017-12-01,,Active,Customer Operations,OH
EE0007317,EMP1002,Samuel,Hernandez,1994-08-18,2016-08-11,,Active,Information Technology,FL
EE0007318,EMP1002,Maya,Lewis,1967-11-08,2017-10-22,2025-06-02,Terminated,Sales,MD
EE0007319,EMP1001,Naomi,Chen,1986-12-17,2023-04-09,,Active,Information Technology,VA
EE0007320,EMP1002,Daniel,Martinez,1992-01-20,2016-08-03,,Active,Human Resources,OH
EE0007321,EMP1001,Kevin,Johnson,1976-07-08,2024-09-02,,Active,Legal and Compliance,OH
EE0007322,EMP1003,Sophia,Miller,2007-03-25,2023-07-27,2024-06-09,Terminated,Operations,NC
EE0007323,EMP1003,Malik,Adams,2005-08-06,2024-02-04,,Active,Customer Operations,NC
EE0007324,EMP1003,Carlos,Kim,1992-04-27,2020-02-28,2024-07-31,Terminated,Finance,NC
EE0007325,EMP1001,Sophia,Miller,1967-07-05,2025-03-31,,Active,Customer Operations,MD
EE0007326,EMP1004,Victor,Smith,1962-06-29,2022-10-31,,Active,Human Resources,TX
EE0007327,EMP1004,Luis,Wilson,1975-05-17,2025-03-11,,Active,Customer Operations,FL
EE0007328,EMP1005,Daniel,Adams,1990-11-12,2015-07-01,2025-06-27,Terminated,Sales,NY
EE0007329,EMP1004,Jasmine,Chen,1998-02-08,2026-01-14,,Active,Sales,OH
EE0007330,EMP1003,Andre,Davis,2004-02-01,2017-08-12,2024-01-18,Terminated,Supply Chain,NC
EE0007331,EMP1003,Maya,Mensah,1981-10-04,2024-07-12,,Active,Customer Operations,OH
EE0007332,EMP1005,Chiamaka,Thomas,1997-03-14,2024-01-25,,Active,Human Resources,VA
EE0007333,EMP1001,Nia,Martinez,1980-03-20,2025-10-05,,Active,Supply Chain,OH
EE0007334,EMP1002,Samuel,Martinez,1965-06-11,2022-05-06,,Active,Legal and Compliance,MD
EE0007335,EMP1004,Daniel,Walker,1968-11-27,2026-05-23,,Active,Supply Chain,TX
EE0007336,EMP1003,Malik,Taylor,1980-03-21,2019-07-11,,Active,Customer Operations,DC
EE0007337,EMP1001,Fatima,Kim,2003-06-12,2019-05-09,,Active,Finance,OH
EE0007338,EMP1001,Malik,Garcia,1962-10-23,2024-07-15,2025-12-17,Terminated,Operations,OH
EE0007339,EMP1004,Olivia,Okafor,1961-03-05,2020-10-01,,Active,Supply Chain,DC
EE0007340,EMP1002,Leah,Kim,1972-12-06,2018-09-03,,Active,Administration,TX
EE0007341,EMP1002,Andre,Brown,2002-04-28,2022-08-18,,Active,Supply Chain,TX
EE0007342,EMP1005,Naomi,Adeyemi,1986-11-06,2019-11-16,,Active,Legal and Compliance,NC
EE0007343,EMP1004,Kevin,Williams,1997-11-10,2022-04-13,2024-01-05,Terminated,Customer Operations,FL
EE0007344,EMP1004,Andre,Nguyen,1990-04-29,2020-01-20,,Active,Sales,VA
EE0007345,EMP1001,Priya,Adams,1974-11-06,2021-02-10,,Active,Administration,OH
EE0007346,EMP1001,Olivia,Brown,1992-08-08,2026-05-09,,Active,Information Technology,OH
EE0007347,EMP1001,Olivia,Campbell,1988-11-21,2022-03-14,,Active,Information Technology,NC
EE0007348,EMP1003,Grace,Adeyemi,1998-03-15,2019-12-24,,Active,Finance,NC
EE0007349,EMP1004,Daniel,Thomas,1994-10-16,2014-02-22,,Active,Sales,FL
EE0007350,EMP1003,Michael,Brown,2003-02-03,2021-11-08,,Active,Legal and Compliance,NC
EE0007351,EMP1004,Carlos,Campbell,1985-02-19,2023-12-18,,Active,Operations,TX
EE0007352,EMP1004,David,Chen,1979-01-29,2023-05-06,,Active,Information Technology,TX
EE0007353,EMP1002,Leah,Lewis,1997-05-21,2025-08-21,,Active,Administration,DC
EE0007354,EMP1001,Angela,Bennett,1998-08-15,2018-01-18,2024-04-19,Terminated,Customer Operations,OH
EE0007355,EMP1001,Maya,Garcia,2006-02-13,2018-03-06,,Active,Sales,OH
EE0007356,EMP1002,Daniel,Miller,1995-12-28,2017-06-16,,Active,Operations,TX
EE0007357,EMP1002,Nia,Martinez,1988-01-15,2016-09-25,2024-11-08,Terminated,Customer Operations,DC
EE0007358,EMP1003,Andre,Nguyen,1968-08-30,2026-02-19,2026-04-24,Terminated,Supply Chain,MD
EE0007359,EMP1003,Michael,Miller,1964-07-26,2020-11-17,2025-11-28,Terminated,Customer Operations,VA
EE0007360,EMP1004,Fatima,Taylor,1984-11-01,2014-01-12,,Active,Supply Chain,FL
EE0007361,EMP1005,Kevin,Mensah,2004-04-09,2015-04-26,,Active,Sales,NY
EE0007362,EMP1002,Aaliyah,Walker,1981-12-21,2021-01-29,,Active,Administration,TX
EE0007363,EMP1004,Andre,Patel,1976-12-30,2015-10-15,,Active,Finance,FL
EE0007364,EMP1001,Samuel,Hernandez,1980-02-10,2018-05-27,,Active,Operations,OH
EE0007365,EMP1003,Malik,Walker,1982-04-07,2017-01-22,,Active,Sales,NC
EE0007366,EMP1003,Elena,Walker,1989-01-12,2019-02-28,,Active,Customer Operations,NY
EE0007367,EMP1001,Andre,Taylor,1984-05-12,2026-01-18,,Active,Customer Operations,NY
EE0007368,EMP1005,Daniel,Martinez,2005-12-10,2015-07-19,,Active,Sales,NY
EE0007369,EMP1003,Amara,Miller,2002-07-16,2023-10-30,,Active,Human Resources,OH
EE0007370,EMP1001,Elena,Mensah,1995-07-28,2026-04-30,2026-06-01,Terminated,Human Resources,MD
EE0007371,EMP1003,Carlos,Taylor,1991-11-03,2020-03-27,,Active,Legal and Compliance,OH
EE0007372,EMP1005,Carlos,Campbell,2002-02-13,2025-11-26,,Active,Supply Chain,FL
EE0007373,EMP1002,Jordan,Bennett,1962-10-16,2014-12-13,,Active,Human Resources,TX
EE0007374,EMP1001,Aaliyah,Williams,1996-03-21,2022-09-05,,Active,Legal and Compliance,OH
EE0007375,EMP1003,David,Moore,1996-03-26,2016-03-08,,Active,Supply Chain,NC
EE0007376,EMP1002,Elena,Moore,1965-08-17,2018-10-17,,Active,Legal and Compliance,TX
EE0007377,EMP1004,Fatima,Walker,2007-03-24,2021-12-02,,Active,Operations,FL
EE0007378,EMP1002,Ethan,Martinez,1967-09-01,2016-03-29,,Active,Information Technology,OH
EE0007379,EMP1001,Omar,Walker,1996-07-11,2019-11-18,,Active,Operations,OH
EE0007380,EMP1004,Angela,Nguyen,1995-11-18,2025-08-23,,Active,Sales,FL
EE0007381,EMP1003,Samuel,Wilson,1964-11-28,2024-11-08,,Active,Information Technology,NC
EE0007382,EMP1001,Angela,Nguyen,1966-10-21,2017-06-14,,Active,Finance,OH
EE0007383,EMP1004,Ethan,Chen,1969-12-03,2016-01-06,,Active,Administration,FL
EE0007384,EMP1003,Zoe,Lewis,1967-10-29,2020-04-16,,Active,Human Resources,DC
EE0007385,EMP1001,Olivia,Ibrahim,1973-12-19,2017-10-01,2024-10-27,Terminated,Operations,TX
EE0007386,EMP1002,David,Taylor,1974-12-24,2023-02-24,,Active,Human Resources,TX
EE0007387,EMP1005,Kevin,Wilson,1986-09-24,2019-03-07,,Active,Supply Chain,NY
EE0007388,EMP1001,Malik,Martinez,2007-05-10,2018-04-01,,Active,Sales,OH
EE0007389,EMP1003,Chiamaka,Martinez,1967-05-27,2014-06-15,,Active,Finance,FL
EE0007390,EMP1002,David,Hernandez,1970-01-03,2020-04-17,,Active,Finance,TX
EE0007391,EMP1001,Chiamaka,Adeyemi,1976-01-22,2018-04-27,,Active,Human Resources,OH
EE0007392,EMP1001,Grace,Kim,2006-04-14,2017-03-04,,Active,Operations,VA
EE0007393,EMP1003,Ethan,Chen,2000-07-10,2016-09-14,,Active,Customer Operations,TX
EE0007394,EMP1004,Leah,Smith,1993-06-26,2024-12-06,,Active,Human Resources,TX
EE0007395,EMP1005,Leah,Walker,2004-12-13,2019-08-09,,Active,Customer Operations,OH
EE0007396,EMP1001,Zoe,Wilson,1985-11-20,2023-10-05,,Active,Customer Operations,FL
EE0007397,EMP1003,Leah,Okafor,1970-06-01,2022-12-19,,Active,Administration,TX
EE0007398,EMP1002,David,Martinez,1982-07-20,2022-12-14,,Active,Legal and Compliance,TX
EE0007399,EMP1003,Jordan,Thomas,1997-12-15,2014-02-04,,Active,Human Resources,NC
EE0007400,EMP1005,Noah,Taylor,1970-10-21,2014-06-09,2026-05-02,Terminated,Legal and Compliance,NY
EE0007401,EMP1005,Ethan,Martinez,1994-12-05,2014-03-30,,Active,Supply Chain,FL
EE0007402,EMP1004,Olivia,Miller,2002-04-28,2025-02-22,,Active,Supply Chain,MD
EE0007403,EMP1001,Angela,Lewis,1969-04-25,2018-10-23,,Active,Administration,TX
EE0007404,EMP1003,Grace,Johnson,1992-06-19,2023-09-28,,Active,Information Technology,NC
EE0007405,EMP1005,Samuel,Lewis,1992-02-19,2024-09-14,,Active,Sales,NY
EE0007406,EMP1005,Omar,Mensah,2001-03-05,2014-07-19,2025-02-26,Terminated,Administration,NY
EE0007407,EMP1004,Aaliyah,Thomas,1969-06-04,2018-02-11,,Active,Legal and Compliance,FL
EE0007408,EMP1004,Ethan,Taylor,1990-01-13,2020-07-19,,Active,Supply Chain,NC
EE0007409,EMP1002,Fatima,Moore,2003-07-09,2024-11-06,,Active,Supply Chain,NY
EE0007410,EMP1002,Victor,Moore,2001-07-13,2026-03-10,2026-06-19,Terminated,Customer Operations,TX
EE0007411,EMP1003,Noah,Nguyen,1982-05-15,2021-12-04,2024-12-26,Terminated,Customer Operations,VA
EE0007412,EMP1003,Michael,Campbell,1979-07-06,2025-07-31,,Active,Finance,NC
EE0007413,EMP1002,Aaliyah,Nguyen,1967-04-29,2024-06-04,,Active,Finance,TX
EE0007414,EMP1002,Nia,Wilson,1972-02-03,2024-02-27,,Active,Information Technology,MD
EE0007415,EMP1002,Angela,Robinson,1994-05-07,2021-12-05,,Active,Operations,TX
EE0007416,EMP1001,Nia,Smith,1965-01-12,2015-08-15,2024-05-11,Terminated,Sales,VA
EE0007417,EMP1001,Elena,Campbell,1979-11-11,2015-07-18,2025-02-22,Terminated,Sales,TX
EE0007418,EMP1004,Grace,Williams,1984-10-06,2019-10-27,,Active,Human Resources,MD
EE0007419,EMP1001,Isaiah,Mensah,2002-02-13,2015-06-05,,Active,Legal and Compliance,OH
EE0007420,EMP1003,Naomi,Smith,1965-09-27,2021-03-29,,Active,Legal and Compliance,NY
EE0007421,EMP1004,Victor,Lewis,1990-08-23,2020-10-03,,Active,Legal and Compliance,VA
EE0007422,EMP1002,Daniel,Adeyemi,1992-12-14,2025-07-25,,Active,Supply Chain,FL
EE0007423,EMP1005,Ethan,Robinson,1969-06-30,2022-09-22,,Active,Operations,MD
EE0007424,EMP1004,Sophia,Robinson,1979-02-19,2022-07-16,,Active,Sales,FL
EE0007425,EMP1001,Samuel,Adeyemi,1986-02-27,2025-05-14,,Active,Administration,OH
EE0007426,EMP1003,Malik,Okafor,1987-10-17,2017-12-24,,Active,Legal and Compliance,MD
EE0007427,EMP1001,Malik,Mensah,1975-07-14,2016-04-21,2024-08-25,Terminated,Customer Operations,OH
EE0007428,EMP1003,Michael,Ibrahim,1961-05-23,2019-06-17,,Active,Administration,FL
EE0007429,EMP1003,Kevin,Kim,2001-04-01,2014-01-09,,Active,Information Technology,NC
EE0007430,EMP1002,Michael,Robinson,1981-02-05,2014-04-01,2024-07-22,Terminated,Administration,TX
EE0007431,EMP1001,Olivia,Wilson,1986-03-01,2022-11-24,,Active,Information Technology,MD
EE0007432,EMP1002,Leah,Garcia,1990-05-24,2020-02-21,,Active,Sales,TX
EE0007433,EMP1001,Olivia,Lewis,1980-04-25,2021-07-25,,Active,Legal and Compliance,OH
EE0007434,EMP1003,Chiamaka,Mensah,1972-07-14,2019-09-10,,Active,Operations,VA
EE0007435,EMP1002,Ethan,Walker,1990-08-01,2022-08-02,2026-05-04,Terminated,Information Technology,TX
EE0007436,EMP1005,Luis,Smith,1993-06-14,2021-03-01,,Active,Information Technology,NY
EE0007437,EMP1001,Andre,Smith,1995-01-24,2021-12-31,,Active,Legal and Compliance,MD
EE0007438,EMP1004,Naomi,Bennett,1985-05-22,2017-10-19,,Active,Finance,FL
EE0007439,EMP1005,Carlos,Patel,1984-03-26,2015-07-01,,Active,Sales,OH
EE0007440,EMP1003,Michael,Campbell,1990-09-24,2015-02-17,,Active,Operations,OH
EE0007441,EMP1005,Samuel,Johnson,1968-12-21,2024-08-13,,Active,Legal and Compliance,OH
EE0007442,EMP1001,Nia,Garcia,1975-09-23,2016-08-16,,Active,Supply Chain,OH
EE0007443,EMP1004,Olivia,Robinson,1984-06-10,2016-07-28,2024-10-25,Terminated,Finance,FL
EE0007444,EMP1003,Olivia,Ibrahim,1998-12-18,2024-02-24,,Active,Human Resources,VA
EE0007445,EMP1002,Ethan,Martinez,1974-12-03,2020-02-28,,Active,Operations,TX
EE0007446,EMP1001,Ethan,Mensah,2003-10-08,2019-09-02,2024-08-22,Terminated,Administration,OH
EE0007447,EMP1004,Grace,Garcia,1988-12-02,2019-01-22,,Active,Customer Operations,TX
EE0007448,EMP1004,Omar,Adams,2002-05-17,2023-02-25,,Active,Information Technology,FL
EE0007449,EMP1001,Daniel,Robinson,1969-12-06,2018-03-25,,Active,Sales,OH
EE0007450,EMP1003,Aaliyah,Smith,2004-01-22,2014-01-15,,Active,Customer Operations,VA
EE0007451,EMP1002,Aaliyah,Mensah,1974-12-16,2023-10-05,,Active,Human Resources,TX
EE0007452,EMP1003,Aaliyah,Patel,1993-05-19,2023-02-03,,Active,Administration,NC
EE0007453,EMP1004,Chiamaka,Wilson,1982-03-20,2026-05-29,2026-06-30,Terminated,Customer Operations,FL
EE0007454,EMP1003,Kevin,Adams,1962-02-08,2017-04-27,,Active,Supply Chain,NC
EE0007455,EMP1003,Victor,Bennett,1995-06-29,2023-08-23,,Active,Supply Chain,NC
EE0007456,EMP1002,Naomi,Chen,2000-04-06,2019-10-24,,Active,Finance,TX
EE0007457,EMP1002,Elena,Walker,1965-12-01,2014-10-02,,Active,Legal and Compliance,MD
EE0007458,EMP1002,Samuel,Davis,2002-03-30,2018-12-13,,Active,Operations,DC
EE0007459,EMP1004,Victor,Williams,1972-04-27,2015-09-24,,Active,Human Resources,MD
EE0007460,EMP1005,Grace,Mensah,1982-06-25,2018-09-11,,Active,Human Resources,DC
EE0007461,EMP1005,Elena,Okafor,1997-06-18,2016-08-24,,Active,Human Resources,MD
EE0007462,EMP1003,Chiamaka,Okafor,1961-03-08,2014-06-22,2024-03-07,Terminated,Information Technology,NC
EE0007463,EMP1001,David,Patel,1962-06-07,2024-04-28,,Active,Human Resources,OH
EE0007464,EMP1004,Michael,Robinson,1968-08-11,2017-04-30,,Active,Human Resources,FL
EE0007465,EMP1003,Elena,Okafor,1971-06-06,2024-05-29,,Active,Human Resources,NC
EE0007466,EMP1004,Priya,Johnson,1988-03-04,2023-04-04,,Active,Finance,FL
EE0007467,EMP1002,Isaiah,Taylor,1966-01-07,2025-06-12,2026-06-05,Terminated,Human Resources,VA
EE0007468,EMP1005,Elena,Davis,1970-01-03,2024-11-28,,Active,Sales,NY
EE0007469,EMP1004,Jordan,Smith,1967-09-02,2014-03-11,,Active,Administration,FL
EE0007470,EMP1005,Daniel,Moore,1980-08-10,2016-06-23,,Active,Sales,NY
EE0007471,EMP1004,Victor,Patel,1985-01-29,2015-05-18,,Active,Legal and Compliance,FL
EE0007472,EMP1001,Aaliyah,Davis,1981-04-03,2019-09-27,,Active,Sales,OH
EE0007473,EMP1002,Victor,Ibrahim,2007-04-15,2019-10-01,,Active,Supply Chain,OH
EE0007474,EMP1004,Victor,Okafor,1994-06-29,2018-08-15,2025-11-26,Terminated,Legal and Compliance,MD
EE0007475,EMP1003,Olivia,Mensah,1993-03-21,2019-12-21,,Active,Information Technology,DC
EE0007476,EMP1003,Carlos,Davis,1981-05-08,2020-08-02,,Active,Finance,NC
EE0007477,EMP1003,Luis,Wilson,1965-08-26,2019-01-03,,Active,Customer Operations,TX
EE0007478,EMP1003,Omar,Ibrahim,1965-02-17,2019-05-06,,Active,Sales,OH
EE0007479,EMP1005,Michael,Mensah,1995-10-12,2025-02-04,,Active,Information Technology,NY
EE0007480,EMP1003,Luis,Nguyen,1994-08-16,2023-09-22,,Active,Supply Chain,NC
EE0007481,EMP1004,Fatima,Thomas,2006-05-21,2024-04-27,,Active,Finance,FL
EE0007482,EMP1002,Kevin,Johnson,2002-11-07,2026-02-15,,Active,Administration,TX
EE0007483,EMP1003,Victor,Martinez,1983-09-17,2025-01-03,,Active,Information Technology,OH
EE0007484,EMP1003,Kevin,Adams,1973-02-23,2015-03-15,,Active,Information Technology,TX
EE0007485,EMP1001,Omar,Garcia,1986-02-05,2016-01-07,2024-12-14,Terminated,Finance,OH
EE0007486,EMP1004,Noah,Wilson,1981-02-20,2018-12-18,,Active,Information Technology,FL
EE0007487,EMP1004,Michael,Chen,1972-10-12,2022-05-14,2025-07-21,Terminated,Finance,FL
EE0007488,EMP1001,Chiamaka,Nguyen,2000-08-20,2021-03-31,,Active,Finance,VA
EE0007489,EMP1005,Nia,Kim,1964-11-29,2015-11-24,,Active,Sales,NY
EE0007490,EMP1004,Sophia,Campbell,1994-06-19,2018-12-11,,Active,Information Technology,FL
EE0007491,EMP1004,Aaliyah,Smith,2006-02-04,2025-11-03,,Active,Supply Chain,FL
EE0007492,EMP1004,Olivia,Hernandez,1980-06-10,2025-06-14,,Active,Information Technology,FL
EE0007493,EMP1005,Jordan,Campbell,2006-10-20,2022-09-28,,Active,Administration,NY
EE0007494,EMP1003,Victor,Martinez,1983-10-27,2016-04-23,2025-07-25,Terminated,Information Technology,NC
EE0007495,EMP1005,Ethan,Lewis,1964-01-28,2014-07-17,,Active,Human Resources,NC
EE0007496,EMP1001,Olivia,Adams,1983-01-10,2019-03-07,,Active,Finance,OH
EE0007497,EMP1005,Fatima,Thomas,1986-04-04,2024-08-30,,Active,Customer Operations,NY
EE0007498,EMP1002,Victor,Thomas,1998-07-21,2023-03-28,2025-11-18,Terminated,Information Technology,NC
EE0007499,EMP1001,Luis,Brown,1995-10-31,2024-06-01,,Active,Customer Operations,DC
EE0007500,EMP1001,Ethan,Hernandez,1994-11-06,2019-05-18,,Active,Administration,OH
EE0007501,EMP1003,Leah,Walker,1986-08-01,2021-10-23,,Active,Legal and Compliance,NC
EE0007502,EMP1001,Nia,Walker,1966-05-30,2019-01-12,2026-04-20,Terminated,Supply Chain,OH
EE0007503,EMP1003,Chiamaka,Campbell,1990-10-11,2023-04-27,,Active,Legal and Compliance,FL
EE0007504,EMP1005,Leah,Mensah,1968-02-25,2017-12-10,,Active,Finance,VA
EE0007505,EMP1001,Omar,Garcia,1962-10-03,2021-11-19,,Active,Sales,MD
EE0007506,EMP1004,Andre,Garcia,1991-02-25,2014-02-13,,Active,Information Technology,FL
EE0007507,EMP1001,Jordan,Wilson,1998-03-23,2016-09-11,,Active,Customer Operations,OH
EE0007508,EMP1005,Olivia,Adams,2005-07-06,2021-02-08,,Active,Customer Operations,TX
EE0007509,EMP1003,Maya,Patel,1982-12-28,2026-03-01,,Active,Information Technology,OH
EE0007510,EMP1005,Isaiah,Brown,1966-10-06,2023-08-10,,Active,Sales,NY
EE0007511,EMP1005,Zoe,Johnson,1961-06-26,2015-05-07,,Active,Legal and Compliance,DC
EE0007512,EMP1003,Ethan,Campbell,1993-01-29,2014-09-09,,Active,Supply Chain,NC
EE0007513,EMP1002,David,Johnson,1982-11-18,2022-12-14,,Active,Finance,FL
EE0007514,EMP1001,Maya,Patel,1979-07-01,2018-07-01,,Active,Sales,OH
EE0007515,EMP1002,Isaiah,Taylor,1993-04-20,2018-03-21,,Active,Legal and Compliance,DC
EE0007516,EMP1002,Angela,Smith,1967-05-19,2022-05-08,,Active,Legal and Compliance,TX
EE0007517,EMP1001,Michael,Brown,1987-02-13,2026-04-08,,Active,Finance,TX
EE0007518,EMP1002,Samuel,Chen,1999-05-13,2016-01-18,2025-07-31,Terminated,Administration,TX
EE0007519,EMP1003,Elena,Chen,1975-06-10,2016-11-04,,Active,Operations,MD
EE0007520,EMP1002,Carlos,Okafor,1982-11-16,2014-11-29,2024-04-19,Terminated,Sales,TX
EE0007521,EMP1002,Isaiah,Mensah,1966-09-05,2017-03-25,,Active,Information Technology,FL
EE0007522,EMP1001,Victor,Mensah,1994-02-26,2021-05-31,,Active,Operations,OH
EE0007523,EMP1005,Carlos,Wilson,1976-11-11,2021-06-07,,Active,Human Resources,NY
EE0007524,EMP1001,Samuel,Johnson,1970-02-14,2018-06-03,2025-04-02,Terminated,Administration,OH
EE0007525,EMP1005,Nia,Kim,2002-08-19,2019-08-23,,Active,Administration,NY
EE0007526,EMP1003,Jordan,Patel,1974-02-12,2023-01-07,,Active,Customer Operations,NC
EE0007527,EMP1004,Isaiah,Adams,2001-01-20,2024-10-18,2026-04-11,Terminated,Operations,FL
EE0007528,EMP1004,Noah,Lewis,1996-03-25,2015-12-01,,Active,Human Resources,FL
EE0007529,EMP1001,Naomi,Taylor,1981-10-14,2020-11-08,2026-03-20,Terminated,Supply Chain,OH
EE0007530,EMP1002,Sophia,Miller,1965-08-08,2014-01-06,,Active,Operations,TX
EE0007531,EMP1004,Luis,Walker,1991-01-30,2024-01-25,,Active,Customer Operations,DC
EE0007532,EMP1004,Fatima,Smith,2000-05-06,2022-01-06,,Active,Administration,FL
EE0007533,EMP1003,Aaliyah,Martinez,1999-04-22,2026-05-15,,Active,Legal and Compliance,FL
EE0007534,EMP1004,Isaiah,Smith,1985-05-12,2015-08-16,,Active,Finance,NY
EE0007535,EMP1001,Omar,Mensah,1996-01-11,2015-11-01,,Active,Human Resources,DC
EE0007536,EMP1005,Noah,Nguyen,1968-05-29,2020-09-12,,Active,Supply Chain,VA
EE0007537,EMP1005,Priya,Taylor,1976-04-24,2019-12-30,,Active,Sales,NY
EE0007538,EMP1001,Michael,Adeyemi,2003-10-06,2015-03-16,,Active,Operations,OH
EE0007539,EMP1003,Elena,Thomas,1983-12-09,2014-07-11,2024-11-01,Terminated,Administration,VA
EE0007540,EMP1001,Malik,Robinson,1984-08-28,2022-09-16,,Active,Operations,OH
EE0007541,EMP1005,Andre,Walker,2005-09-20,2025-03-10,,Active,Sales,NY
EE0007542,EMP1005,Angela,Thomas,1994-07-13,2020-07-23,,Active,Customer Operations,TX
EE0007543,EMP1002,Victor,Thomas,1996-01-24,2024-09-25,,Active,Human Resources,VA
EE0007544,EMP1002,Aaliyah,Patel,1986-08-10,2020-12-03,2024-10-01,Terminated,Supply Chain,TX
EE0007545,EMP1004,Carlos,Martinez,1968-08-02,2017-10-26,,Active,Customer Operations,MD
EE0007546,EMP1005,Naomi,Moore,1977-07-30,2024-05-27,,Active,Finance,OH
EE0007547,EMP1003,Amara,Robinson,1962-06-08,2017-05-09,,Active,Information Technology,FL
EE0007548,EMP1003,Malik,Lewis,1964-01-01,2021-12-02,,Active,Finance,NC
EE0007549,EMP1003,Amara,Campbell,1986-02-04,2015-01-31,,Active,Operations,OH
EE0007550,EMP1005,Angela,Moore,1999-04-22,2014-11-30,2026-05-01,Terminated,Legal and Compliance,NY
EE0007551,EMP1004,Luis,Mensah,1968-04-01,2019-05-29,,Active,Administration,FL
EE0007552,EMP1004,Grace,Okafor,2004-09-30,2021-05-07,,Active,Sales,FL
EE0007553,EMP1003,Amara,Brown,1974-09-04,2026-06-05,,Active,Legal and Compliance,NC
EE0007554,EMP1002,David,Lewis,1965-12-08,2016-04-05,,Active,Legal and Compliance,TX
EE0007555,EMP1002,Olivia,Bennett,1968-07-07,2014-09-30,2025-05-07,Terminated,Customer Operations,TX
EE0007556,EMP1004,Leah,Walker,2005-07-10,2023-05-26,,Active,Sales,FL
EE0007557,EMP1005,Omar,Robinson,1994-08-05,2026-03-12,,Active,Sales,TX
EE0007558,EMP1004,Carlos,Smith,1965-09-13,2017-04-02,,Active,Administration,FL
EE0007559,EMP1002,Malik,Patel,2002-12-16,2015-07-31,,Active,Customer Operations,MD
EE0007560,EMP1002,Elena,Mensah,2000-03-30,2024-09-11,,Active,Legal and Compliance,VA
EE0007561,EMP1001,Samuel,Hernandez,1992-10-24,2016-12-17,,Active,Human Resources,OH
EE0007562,EMP1005,Olivia,Hernandez,1992-09-19,2022-07-04,,Active,Finance,NC
EE0007563,EMP1005,Fatima,Johnson,2006-04-15,2019-06-29,,Active,Administration,NY
EE0007564,EMP1001,Naomi,Wilson,1962-11-11,2025-01-09,,Active,Sales,OH
EE0007565,EMP1001,Victor,Miller,1966-03-29,2023-08-04,,Active,Administration,OH
EE0007566,EMP1004,Daniel,Robinson,2001-09-20,2026-04-11,2026-06-14,Terminated,Operations,DC
EE0007567,EMP1005,Victor,Lewis,1993-05-04,2014-04-02,,Active,Information Technology,VA
EE0007568,EMP1003,Ethan,Davis,1980-03-15,2025-06-12,,Active,Information Technology,NC
EE0007569,EMP1002,Chiamaka,Chen,2000-03-11,2025-05-24,,Active,Supply Chain,FL
EE0007570,EMP1004,Grace,Campbell,1986-07-07,2022-06-10,,Active,Customer Operations,NC
EE0007571,EMP1003,Maya,Adeyemi,1966-02-24,2020-08-09,,Active,Customer Operations,NC
EE0007572,EMP1002,Isaiah,Adams,1971-02-03,2015-11-16,,Active,Sales,TX
EE0007573,EMP1003,Sophia,Williams,1975-12-17,2016-06-19,2025-06-02,Terminated,Finance,NC
EE0007574,EMP1003,Daniel,Miller,1963-08-15,2020-08-30,,Active,Legal and Compliance,NC
EE0007575,EMP1002,Zoe,Adams,1985-10-03,2021-04-23,,Active,Finance,DC
EE0007576,EMP1005,Chiamaka,Garcia,2004-01-02,2025-11-14,,Active,Finance,NC
EE0007577,EMP1004,Michael,Walker,1984-09-16,2017-05-16,,Active,Human Resources,FL
EE0007578,EMP1003,Amara,Mensah,1985-12-22,2014-10-17,,Active,Sales,NC
EE0007579,EMP1004,David,Wilson,1963-06-15,2020-04-03,,Active,Supply Chain,FL
EE0007580,EMP1004,Maya,Wilson,1961-11-01,2015-12-13,,Active,Finance,FL
EE0007581,EMP1001,Malik,Martinez,1980-10-18,2021-05-27,,Active,Administration,VA
EE0007582,EMP1004,Victor,Robinson,2004-09-06,2014-10-12,,Active,Human Resources,FL
EE0007583,EMP1002,Olivia,Ibrahim,1999-02-01,2024-05-19,,Active,Sales,TX
EE0007584,EMP1002,Noah,Ibrahim,2004-05-08,2023-11-10,,Active,Finance,TX
EE0007585,EMP1004,Aaliyah,Davis,2002-04-22,2015-02-13,,Active,Information Technology,VA
EE0007586,EMP1003,Zoe,Kim,1990-02-13,2025-10-25,,Active,Human Resources,NC
EE0007587,EMP1005,Luis,Adams,1991-03-21,2021-12-28,,Active,Operations,NY
EE0007588,EMP1003,Zoe,Mensah,1988-03-12,2014-01-13,,Active,Customer Operations,NC
EE0007589,EMP1003,Kevin,Johnson,2001-07-03,2017-12-27,,Active,Legal and Compliance,NC
EE0007590,EMP1001,Elena,Mensah,1965-10-06,2026-04-04,,Active,Legal and Compliance,FL
EE0007591,EMP1003,Sophia,Brown,1963-07-04,2014-01-14,,Active,Sales,DC
EE0007592,EMP1001,Andre,Brown,1972-03-20,2022-01-14,,Active,Finance,NC
EE0007593,EMP1003,Michael,Adeyemi,2002-10-28,2018-12-12,,Active,Operations,VA
EE0007594,EMP1005,Fatima,Davis,1966-12-31,2015-02-05,,Active,Operations,FL
EE0007595,EMP1002,Olivia,Davis,1991-07-25,2014-06-14,,Active,Human Resources,TX
EE0007596,EMP1003,Luis,Taylor,1996-04-02,2024-06-15,2025-01-23,Terminated,Legal and Compliance,DC
EE0007597,EMP1002,Ethan,Lewis,1999-07-07,2023-02-01,,Active,Sales,TX
EE0007598,EMP1003,Malik,Adeyemi,1980-03-07,2017-11-24,,Active,Operations,NC
EE0007599,EMP1005,Maya,Wilson,1977-09-07,2015-04-03,,Active,Finance,NY
EE0007600,EMP1003,Grace,Walker,1987-11-24,2016-05-28,,Active,Operations,TX
EE0007601,EMP1005,David,Williams,1991-06-11,2020-10-17,2025-04-20,Terminated,Finance,OH
EE0007602,EMP1005,Priya,Bennett,1993-11-09,2023-07-11,,Active,Sales,NC
EE0007603,EMP1003,Olivia,Campbell,2005-10-01,2015-07-27,,Active,Supply Chain,DC
EE0007604,EMP1002,Naomi,Lewis,2001-11-07,2025-04-30,2025-09-23,Terminated,Human Resources,FL
EE0007605,EMP1005,Malik,Thomas,1970-12-07,2026-06-14,,Active,Operations,MD
EE0007606,EMP1001,Amara,Davis,2006-06-15,2017-04-04,,Active,Customer Operations,TX
EE0007607,EMP1002,Samuel,Adams,1993-08-12,2017-12-17,2025-03-10,Terminated,Finance,FL
EE0007608,EMP1003,Leah,Martinez,1984-10-23,2014-07-29,2025-02-23,Terminated,Finance,NC
EE0007609,EMP1002,Amara,Miller,1964-11-16,2018-01-22,,Active,Administration,NY
EE0007610,EMP1001,Isaiah,Williams,2005-07-19,2025-01-18,,Active,Customer Operations,VA
EE0007611,EMP1004,Aaliyah,Hernandez,1991-07-16,2019-06-01,,Active,Supply Chain,DC
EE0007612,EMP1003,Zoe,Nguyen,1991-08-22,2019-05-08,,Active,Supply Chain,FL
EE0007613,EMP1001,Ethan,Smith,1973-11-25,2024-05-23,,Active,Administration,MD
EE0007614,EMP1003,Isaiah,Miller,1972-09-14,2017-07-07,2026-05-09,Terminated,Customer Operations,TX
EE0007615,EMP1005,Nia,Moore,1964-07-12,2026-05-29,,Active,Human Resources,NY
EE0007616,EMP1004,Ethan,Patel,1968-05-09,2018-04-16,,Active,Operations,FL
EE0007617,EMP1002,Fatima,Ibrahim,1967-08-21,2019-12-23,2025-01-20,Terminated,Supply Chain,DC
EE0007618,EMP1002,David,Smith,1973-01-16,2017-09-22,,Active,Customer Operations,TX
EE0007619,EMP1004,Olivia,Hernandez,2005-06-28,2025-01-16,2025-12-10,Terminated,Human Resources,FL
EE0007620,EMP1004,Noah,Davis,1975-08-14,2015-12-04,,Active,Finance,MD
EE0007621,EMP1001,Victor,Campbell,1987-05-28,2016-12-06,,Active,Sales,MD
EE0007622,EMP1004,Samuel,Davis,1999-07-04,2016-07-10,,Active,Administration,FL
EE0007623,EMP1004,Omar,Thomas,1979-09-23,2018-05-02,,Active,Supply Chain,FL
EE0007624,EMP1001,Olivia,Ibrahim,2003-07-23,2017-11-27,,Active,Sales,OH
EE0007625,EMP1002,Daniel,Mensah,2005-10-29,2014-09-24,,Active,Information Technology,NC
EE0007626,EMP1005,Elena,Brown,1979-09-07,2021-08-21,,Active,Administration,NY
EE0007627,EMP1004,Nia,Nguyen,1961-12-24,2019-05-09,,Active,Supply Chain,VA
EE0007628,EMP1001,Fatima,Davis,1961-11-30,2021-06-17,,Active,Legal and Compliance,OH
EE0007629,EMP1003,Andre,Smith,1963-04-10,2024-03-10,,Active,Customer Operations,VA
EE0007630,EMP1002,Amara,Moore,1967-05-16,2015-03-16,,Active,Information Technology,MD
EE0007631,EMP1005,Elena,Lewis,1972-02-15,2016-02-02,,Active,Supply Chain,OH
EE0007632,EMP1004,Carlos,Robinson,1994-02-12,2023-11-12,2024-12-23,Terminated,Human Resources,TX
EE0007633,EMP1002,Isaiah,Martinez,2003-06-08,2016-08-22,,Active,Finance,NY
EE0007634,EMP1004,Carlos,Campbell,1964-04-23,2020-11-28,,Active,Supply Chain,NY
EE0007635,EMP1001,Noah,Martinez,1992-04-21,2020-10-16,,Active,Customer Operations,OH
EE0007636,EMP1003,Fatima,Mensah,2002-10-08,2024-10-06,,Active,Legal and Compliance,DC
EE0007637,EMP1004,Leah,Adeyemi,1972-11-21,2023-08-29,,Active,Customer Operations,FL
EE0007638,EMP1002,Chiamaka,Taylor,2005-10-12,2015-08-31,,Active,Administration,MD
EE0007639,EMP1002,Leah,Brown,1995-05-13,2022-09-13,,Active,Sales,VA
EE0007640,EMP1001,Olivia,Williams,1972-09-02,2019-11-19,,Active,Customer Operations,OH
EE0007641,EMP1004,Carlos,Walker,1980-11-24,2016-05-25,2024-03-24,Terminated,Information Technology,MD
EE0007642,EMP1005,Leah,Bennett,1972-01-22,2024-01-02,,Active,Legal and Compliance,NY
EE0007643,EMP1002,Samuel,Taylor,1967-12-25,2018-12-06,,Active,Information Technology,TX
EE0007644,EMP1005,Noah,Johnson,1972-09-02,2021-08-16,,Active,Sales,NC
EE0007645,EMP1004,Ethan,Lewis,1983-06-17,2015-11-10,,Active,Supply Chain,FL
EE0007646,EMP1004,Kevin,Thomas,2003-08-31,2021-07-29,,Active,Information Technology,FL
EE0007647,EMP1001,Ethan,Bennett,1988-08-23,2018-12-10,,Active,Information Technology,OH
EE0007648,EMP1003,Andre,Patel,2001-10-20,2025-09-23,,Active,Sales,NC
EE0007649,EMP1004,Malik,Martinez,1983-09-13,2017-03-17,,Active,Legal and Compliance,FL
EE0007650,EMP1003,Naomi,Patel,2000-02-27,2020-03-14,,Active,Information Technology,NC
EE0007651,EMP1005,Ethan,Kim,1971-10-09,2017-05-13,,Active,Legal and Compliance,NY
EE0007652,EMP1003,Victor,Wilson,1974-11-09,2018-03-19,,Active,Finance,NY
EE0007653,EMP1001,Naomi,Okafor,1978-11-11,2019-06-07,,Active,Supply Chain,NY
EE0007654,EMP1002,Carlos,Brown,2000-06-11,2022-01-16,,Active,Operations,TX
EE0007655,EMP1004,Isaiah,Davis,1969-10-14,2016-02-29,,Active,Operations,FL
EE0007656,EMP1004,Carlos,Ibrahim,1970-02-27,2020-02-06,,Active,Supply Chain,MD
EE0007657,EMP1004,Elena,Smith,2004-12-04,2024-02-19,,Active,Supply Chain,DC
EE0007658,EMP1002,Daniel,Patel,1990-02-28,2019-09-07,,Active,Supply Chain,TX
EE0007659,EMP1002,Aaliyah,Taylor,2005-09-16,2025-03-19,,Active,Administration,TX
EE0007660,EMP1004,Elena,Walker,1997-04-04,2015-08-13,,Active,Supply Chain,DC
EE0007661,EMP1002,Olivia,Brown,1979-10-16,2020-02-29,,Active,Human Resources,TX
EE0007662,EMP1005,Noah,Martinez,1964-08-09,2014-02-17,,Active,Legal and Compliance,NY
EE0007663,EMP1004,Luis,Martinez,1995-03-17,2020-09-22,,Active,Customer Operations,FL
EE0007664,EMP1005,Michael,Thomas,1980-09-14,2018-01-19,,Active,Supply Chain,MD
EE0007665,EMP1001,Ethan,Miller,1967-07-15,2017-12-30,2025-02-27,Terminated,Customer Operations,OH
EE0007666,EMP1002,Luis,Hernandez,1993-03-06,2014-11-14,,Active,Operations,FL
EE0007667,EMP1004,Leah,Mensah,1988-10-30,2024-02-11,,Active,Finance,FL
EE0007668,EMP1005,Zoe,Adeyemi,1994-04-09,2018-12-26,2024-11-17,Terminated,Human Resources,OH
EE0007669,EMP1005,Priya,Wilson,1977-03-09,2016-11-12,,Active,Operations,NY
EE0007670,EMP1002,Angela,Robinson,2000-10-02,2023-01-02,,Active,Operations,FL
EE0007671,EMP1004,Isaiah,Kim,1994-01-17,2016-06-04,,Active,Sales,DC
EE0007672,EMP1004,Luis,Miller,1998-08-27,2023-12-04,,Active,Administration,NY
EE0007673,EMP1003,Ethan,Martinez,1997-08-20,2019-11-23,,Active,Sales,NC
EE0007674,EMP1003,Noah,Taylor,1999-02-21,2023-12-21,2024-04-22,Terminated,Administration,NC
EE0007675,EMP1001,Leah,Moore,2001-01-20,2017-12-18,,Active,Operations,OH
EE0007676,EMP1005,Jasmine,Ibrahim,1977-07-11,2023-08-01,,Active,Information Technology,DC
EE0007677,EMP1005,Kevin,Mensah,1982-09-22,2022-05-02,,Active,Finance,NY
EE0007678,EMP1004,Nia,Hernandez,1972-03-11,2024-08-17,,Active,Supply Chain,NY
EE0007679,EMP1003,Leah,Taylor,2000-06-09,2014-09-05,,Active,Finance,NC
EE0007680,EMP1001,Noah,Bennett,1962-09-28,2017-07-18,,Active,Customer Operations,OH
EE0007681,EMP1001,Kevin,Brown,1978-06-19,2023-03-31,,Active,Operations,OH
EE0007682,EMP1002,David,Kim,1999-09-29,2022-09-21,,Active,Operations,FL
EE0007683,EMP1003,Malik,Johnson,1977-11-30,2026-01-21,,Active,Finance,MD
EE0007684,EMP1005,Malik,Ibrahim,1976-02-28,2023-05-05,,Active,Information Technology,VA
EE0007685,EMP1002,Samuel,Bennett,1978-09-28,2015-10-21,,Active,Legal and Compliance,OH
EE0007686,EMP1002,Chiamaka,Williams,1988-03-31,2025-07-05,,Active,Sales,FL
EE0007687,EMP1004,Ethan,Miller,1963-05-08,2020-08-27,,Active,Information Technology,VA
EE0007688,EMP1001,Malik,Thomas,1993-11-08,2014-11-17,,Active,Information Technology,OH
EE0007689,EMP1003,Fatima,Okafor,1978-05-10,2023-11-16,,Active,Operations,VA
EE0007690,EMP1002,Omar,Okafor,1970-07-05,2023-07-09,,Active,Operations,TX
EE0007691,EMP1002,Jordan,Adeyemi,1963-09-18,2018-02-11,,Active,Customer Operations,TX
EE0007692,EMP1002,Elena,Campbell,1972-05-10,2015-03-14,2024-03-08,Terminated,Human Resources,NC
EE0007693,EMP1004,Priya,Thomas,1979-11-20,2025-08-04,2026-01-03,Terminated,Administration,FL
EE0007694,EMP1001,Samuel,Okafor,1984-03-16,2023-06-05,,Active,Sales,OH
EE0007695,EMP1004,Daniel,Bennett,1980-07-21,2020-12-12,,Active,Customer Operations,FL
EE0007696,EMP1002,Victor,Okafor,1971-07-03,2021-01-28,,Active,Supply Chain,TX
EE0007697,EMP1002,David,Mensah,1971-08-05,2020-10-29,2024-07-17,Terminated,Human Resources,FL
EE0007698,EMP1004,Olivia,Wilson,1997-09-15,2025-06-15,2025-09-30,Terminated,Customer Operations,FL
EE0007699,EMP1005,Aaliyah,Taylor,1972-10-12,2017-01-29,,Active,Customer Operations,VA
EE0007700,EMP1002,Carlos,Davis,1973-09-24,2015-06-13,,Active,Finance,TX
EE0007701,EMP1004,Ethan,Bennett,2000-02-16,2014-03-07,,Active,Supply Chain,NC
EE0007702,EMP1004,Malik,Lewis,2005-02-21,2016-05-01,,Active,Operations,OH
EE0007703,EMP1003,Noah,Ibrahim,1995-10-08,2015-07-21,,Active,Customer Operations,NC
EE0007704,EMP1003,Fatima,Brown,1968-04-10,2018-07-14,2026-02-18,Terminated,Finance,NC
EE0007705,EMP1003,Nia,Mensah,1986-05-17,2021-05-10,,Active,Legal and Compliance,NY
EE0007706,EMP1004,Sophia,Hernandez,1980-04-12,2022-05-10,,Active,Operations,FL
EE0007707,EMP1005,Olivia,Taylor,1973-11-19,2018-12-30,,Active,Information Technology,DC
EE0007708,EMP1004,Naomi,Campbell,1991-04-04,2016-11-08,,Active,Finance,FL
EE0007709,EMP1003,Jasmine,Wilson,1976-12-04,2021-09-09,,Active,Supply Chain,FL
EE0007710,EMP1001,Olivia,Smith,1973-04-11,2015-02-13,,Active,Information Technology,FL
EE0007711,EMP1003,Kevin,Moore,1993-10-13,2022-02-07,,Active,Administration,NC
EE0007712,EMP1004,Kevin,Nguyen,2001-02-15,2020-05-02,,Active,Legal and Compliance,FL
EE0007713,EMP1005,Grace,Thomas,1980-06-30,2023-07-31,,Active,Legal and Compliance,NY
EE0007714,EMP1001,Nia,Robinson,1978-09-04,2023-08-11,,Active,Information Technology,DC
EE0007715,EMP1005,Naomi,Ibrahim,1979-03-25,2016-12-28,,Active,Information Technology,NY
EE0007716,EMP1003,Luis,Nguyen,1991-08-02,2025-07-26,2026-05-26,Terminated,Administration,DC
EE0007717,EMP1002,Luis,Patel,1963-08-30,2018-02-13,2024-06-15,Terminated,Operations,TX
EE0007718,EMP1003,Jasmine,Mensah,1992-02-13,2021-03-28,,Active,Human Resources,NC
EE0007719,EMP1001,Jordan,Thomas,1963-09-03,2023-04-22,,Active,Operations,OH
EE0007720,EMP1002,David,Patel,1971-04-09,2016-10-11,,Active,Customer Operations,TX
EE0007721,EMP1002,Luis,Kim,2000-02-23,2022-12-08,,Active,Supply Chain,NC
EE0007722,EMP1005,Naomi,Robinson,1988-08-14,2022-03-14,,Active,Information Technology,NY
EE0007723,EMP1004,Chiamaka,Okafor,1980-01-26,2025-09-07,,Active,Information Technology,MD
EE0007724,EMP1005,Priya,Mensah,1985-05-06,2019-12-09,,Active,Information Technology,NY
EE0007725,EMP1003,Angela,Chen,1966-08-09,2019-12-22,,Active,Information Technology,NC
EE0007726,EMP1002,Leah,Patel,1991-03-13,2018-08-01,,Active,Legal and Compliance,NY
EE0007727,EMP1001,Michael,Brown,1963-03-13,2015-08-09,,Active,Sales,OH
EE0007728,EMP1005,Angela,Walker,1963-12-14,2025-11-29,,Active,Information Technology,TX
EE0007729,EMP1005,Jordan,Campbell,1982-02-07,2017-02-27,,Active,Operations,NY
EE0007730,EMP1004,Andre,Bennett,1992-06-07,2016-07-27,,Active,Finance,OH
EE0007731,EMP1004,Amara,Robinson,1975-01-03,2023-12-24,,Active,Administration,FL
EE0007732,EMP1004,Amara,Taylor,1983-05-09,2021-08-02,,Active,Finance,TX
EE0007733,EMP1004,Daniel,Hernandez,1986-01-16,2016-02-25,2025-03-04,Terminated,Administration,DC
EE0007734,EMP1002,Grace,Williams,1983-03-14,2022-08-02,,Active,Legal and Compliance,TX
EE0007735,EMP1005,Michael,Davis,1999-03-18,2016-02-03,,Active,Sales,NY
EE0007736,EMP1002,Isaiah,Davis,1992-06-21,2023-08-28,,Active,Finance,TX
EE0007737,EMP1004,Olivia,Bennett,1981-10-02,2018-09-11,2026-05-11,Terminated,Finance,FL
EE0007738,EMP1003,Noah,Wilson,1985-01-01,2024-07-05,,Active,Information Technology,FL
EE0007739,EMP1002,Andre,Bennett,1976-07-18,2025-04-19,2025-06-11,Terminated,Sales,MD
EE0007740,EMP1003,Aaliyah,Walker,1973-10-11,2022-08-09,,Active,Information Technology,TX
EE0007741,EMP1004,Isaiah,Bennett,2004-07-04,2019-12-16,,Active,Customer Operations,TX
EE0007742,EMP1004,Fatima,Martinez,1976-07-19,2022-11-17,,Active,Operations,TX
EE0007743,EMP1005,Angela,Chen,1966-07-03,2014-09-03,,Active,Legal and Compliance,NY
EE0007744,EMP1001,Zoe,Williams,1991-01-15,2019-04-16,,Active,Sales,NY
EE0007745,EMP1004,Noah,Ibrahim,2007-05-05,2020-09-07,,Active,Operations,FL
EE0007746,EMP1004,Grace,Johnson,2006-08-20,2021-06-25,,Active,Supply Chain,OH
EE0007747,EMP1002,Jordan,Patel,2005-06-11,2024-03-21,2026-05-08,Terminated,Sales,FL
EE0007748,EMP1005,Aaliyah,Johnson,1962-03-19,2020-11-02,,Active,Customer Operations,TX
EE0007749,EMP1005,Jordan,Lewis,1965-03-07,2018-03-06,,Active,Sales,DC
EE0007750,EMP1004,Carlos,Nguyen,1993-10-06,2021-10-03,,Active,Administration,TX
EE0007751,EMP1003,Nia,Okafor,1978-02-10,2020-02-11,,Active,Sales,NC
EE0007752,EMP1003,Grace,Hernandez,1998-05-24,2021-03-09,,Active,Information Technology,NC
EE0007753,EMP1003,Jordan,Mensah,1994-01-04,2021-11-08,,Active,Finance,NC
EE0007754,EMP1003,Naomi,Campbell,1964-12-31,2023-12-28,,Active,Legal and Compliance,NC
EE0007755,EMP1002,David,Bennett,1976-10-14,2018-10-05,,Active,Operations,TX
EE0007756,EMP1004,Luis,Smith,1979-10-13,2019-06-09,,Active,Finance,OH
EE0007757,EMP1003,Olivia,Smith,1967-11-07,2025-01-13,,Active,Finance,NC
EE0007758,EMP1005,Omar,Martinez,1998-09-15,2018-01-23,,Active,Supply Chain,NY
EE0007759,EMP1002,Zoe,Lewis,1975-01-05,2020-04-02,,Active,Finance,VA
EE0007760,EMP1005,Jordan,Chen,2007-06-09,2016-12-25,,Active,Finance,NY
EE0007761,EMP1004,Daniel,Garcia,1988-04-23,2024-05-16,,Active,Administration,DC
EE0007762,EMP1001,Jordan,Ibrahim,1997-01-21,2018-10-15,,Active,Human Resources,OH
EE0007763,EMP1004,Olivia,Williams,1997-03-25,2016-04-28,,Active,Customer Operations,FL
EE0007764,EMP1003,Andre,Martinez,2004-03-22,2014-09-07,,Active,Human Resources,NC
EE0007765,EMP1002,David,Ibrahim,1987-06-01,2022-08-18,,Active,Supply Chain,TX
EE0007766,EMP1002,Olivia,Nguyen,1963-04-16,2016-05-02,,Active,Information Technology,TX
EE0007767,EMP1005,Isaiah,Brown,1961-01-25,2015-03-05,2026-02-17,Terminated,Finance,NY
EE0007768,EMP1004,Chiamaka,Robinson,1989-12-03,2023-03-04,,Active,Administration,FL
EE0007769,EMP1001,Olivia,Davis,2006-05-10,2018-07-21,2026-01-21,Terminated,Customer Operations,DC
EE0007770,EMP1002,Zoe,Ibrahim,1969-12-21,2015-09-02,,Active,Administration,TX
EE0007771,EMP1001,Isaiah,Kim,1968-03-21,2024-12-27,2025-12-06,Terminated,Information Technology,OH
EE0007772,EMP1002,Michael,Davis,1997-05-11,2021-11-05,,Active,Customer Operations,TX
EE0007773,EMP1004,Omar,Taylor,1980-05-02,2022-06-02,,Active,Customer Operations,FL
EE0007774,EMP1002,Daniel,Bennett,1963-12-17,2015-01-16,,Active,Operations,VA
EE0007775,EMP1003,Noah,Walker,2003-12-13,2022-08-21,,Active,Administration,NC
EE0007776,EMP1001,Leah,Robinson,2001-12-10,2018-01-04,,Active,Customer Operations,OH
EE0007777,EMP1003,Isaiah,Garcia,2000-02-14,2020-03-24,,Active,Supply Chain,MD
EE0007778,EMP1003,Olivia,Bennett,1996-10-22,2024-07-30,,Active,Sales,NC
EE0007779,EMP1001,Chiamaka,Robinson,1980-05-17,2016-10-20,,Active,Customer Operations,MD
EE0007780,EMP1004,Ethan,Bennett,1980-04-06,2023-04-10,,Active,Supply Chain,NC
EE0007781,EMP1003,Maya,Kim,1964-04-16,2024-03-09,,Active,Information Technology,MD
EE0007782,EMP1003,Nia,Smith,1980-03-22,2021-02-06,,Active,Information Technology,NC
EE0007783,EMP1003,Chiamaka,Lewis,1964-08-27,2018-02-11,,Active,Sales,DC
EE0007784,EMP1004,Jasmine,Mensah,1990-08-26,2015-11-13,2024-03-11,Terminated,Sales,MD
EE0007785,EMP1002,Aaliyah,Kim,2000-12-15,2022-04-29,,Active,Information Technology,NC
EE0007786,EMP1005,Leah,Lewis,1977-11-12,2024-07-04,,Active,Customer Operations,MD
EE0007787,EMP1002,Priya,Chen,2006-02-04,2020-02-03,,Active,Human Resources,TX
EE0007788,EMP1003,Sophia,Smith,1997-09-28,2024-03-15,,Active,Sales,NC
EE0007789,EMP1001,Chiamaka,Garcia,2005-09-20,2023-09-04,,Active,Supply Chain,NY
EE0007790,EMP1001,Aaliyah,Patel,1971-12-21,2016-06-18,,Active,Human Resources,OH
EE0007791,EMP1004,Michael,Brown,1990-11-29,2022-07-01,,Active,Information Technology,FL
EE0007792,EMP1001,Zoe,Taylor,1967-05-14,2017-11-12,,Active,Legal and Compliance,MD
EE0007793,EMP1003,Grace,Robinson,1999-01-02,2025-01-20,,Active,Human Resources,NC
EE0007794,EMP1004,Ethan,Smith,1996-10-16,2016-06-26,,Active,Finance,FL
EE0007795,EMP1002,Jasmine,Davis,1979-06-05,2022-11-11,,Active,Human Resources,TX
EE0007796,EMP1002,Daniel,Nguyen,1964-07-26,2016-12-01,,Active,Finance,TX
EE0007797,EMP1004,Andre,Walker,1966-12-22,2014-11-23,2026-02-17,Terminated,Customer Operations,DC
EE0007798,EMP1002,Olivia,Garcia,1981-07-27,2014-07-20,2026-04-02,Terminated,Administration,FL
EE0007799,EMP1005,David,Bennett,1990-10-03,2023-09-25,,Active,Administration,VA
EE0007800,EMP1003,Zoe,Moore,1976-12-30,2020-06-16,,Active,Finance,NC
EE0007801,EMP1004,Jasmine,Adeyemi,1978-04-07,2016-09-30,,Active,Sales,FL
EE0007802,EMP1003,Sophia,Smith,1995-01-07,2021-05-18,,Active,Human Resources,MD
EE0007803,EMP1004,Isaiah,Wilson,2002-07-03,2019-03-14,,Active,Operations,FL
EE0007804,EMP1002,Grace,Campbell,2005-10-10,2015-05-19,,Active,Administration,OH
EE0007805,EMP1003,Kevin,Walker,1989-05-19,2018-02-09,2024-06-15,Terminated,Finance,NC
EE0007806,EMP1003,Carlos,Thomas,1987-08-06,2025-09-30,,Active,Customer Operations,TX
EE0007807,EMP1004,Amara,Okafor,1998-04-12,2019-07-29,,Active,Supply Chain,NY
EE0007808,EMP1005,Angela,Williams,1965-05-02,2021-07-08,,Active,Sales,NC
EE0007809,EMP1004,David,Kim,1980-06-30,2021-09-25,,Active,Sales,FL
EE0007810,EMP1001,Fatima,Miller,1966-09-03,2014-02-07,,Active,Customer Operations,DC
EE0007811,EMP1002,Jordan,Moore,1987-12-08,2020-10-10,,Active,Legal and Compliance,OH
EE0007812,EMP1001,Samuel,Garcia,1990-10-15,2024-09-15,,Active,Information Technology,FL
EE0007813,EMP1001,Kevin,Bennett,1965-08-05,2017-09-08,2024-07-29,Terminated,Administration,VA
EE0007814,EMP1002,Kevin,Wilson,1974-07-26,2022-12-03,,Active,Operations,DC
EE0007815,EMP1005,Victor,Chen,1988-07-16,2022-05-26,,Active,Human Resources,NC
EE0007816,EMP1005,Aaliyah,Ibrahim,1975-10-27,2015-11-19,,Active,Finance,NY
EE0007817,EMP1002,Jordan,Adeyemi,1975-11-04,2018-04-09,2024-09-01,Terminated,Human Resources,NY
EE0007818,EMP1005,Andre,Moore,2005-06-26,2023-08-23,,Active,Supply Chain,NY
EE0007819,EMP1001,Nia,Davis,1979-02-27,2018-07-31,,Active,Finance,OH
EE0007820,EMP1003,Ethan,Thomas,2000-06-24,2019-01-12,,Active,Administration,MD
EE0007821,EMP1002,Omar,Wilson,1979-10-12,2020-05-20,,Active,Operations,TX
EE0007822,EMP1002,Olivia,Mensah,1989-09-08,2014-05-18,,Active,Customer Operations,TX
EE0007823,EMP1001,Kevin,Walker,1987-11-04,2020-03-30,,Active,Operations,OH
EE0007824,EMP1004,Kevin,Smith,1986-11-04,2018-01-03,,Active,Information Technology,TX
EE0007825,EMP1003,Maya,Nguyen,1961-07-13,2017-04-14,,Active,Finance,NC
EE0007826,EMP1005,Angela,Patel,1983-12-14,2019-04-10,,Active,Administration,NY
EE0007827,EMP1001,Luis,Martinez,1989-11-14,2019-04-25,,Active,Information Technology,OH
EE0007828,EMP1005,Noah,Adams,1974-05-15,2014-04-22,2024-01-21,Terminated,Administration,NY
EE0007829,EMP1002,Aaliyah,Davis,2002-12-27,2022-06-28,,Active,Supply Chain,TX
EE0007830,EMP1004,Naomi,Mensah,1968-11-13,2017-07-04,,Active,Information Technology,OH
EE0007831,EMP1001,Fatima,Brown,1995-12-07,2020-11-09,,Active,Legal and Compliance,NY
EE0007832,EMP1003,Priya,Bennett,1986-06-04,2021-01-19,,Active,Sales,VA
EE0007833,EMP1002,Malik,Williams,1973-01-08,2023-03-05,,Active,Human Resources,TX
EE0007834,EMP1003,Daniel,Brown,1965-12-08,2017-05-11,,Active,Operations,NC
EE0007835,EMP1003,Elena,Williams,1963-05-27,2015-10-01,2025-02-14,Terminated,Supply Chain,NC
EE0007836,EMP1002,Nia,Miller,1994-06-03,2015-04-01,,Active,Human Resources,VA
EE0007837,EMP1002,Maya,Adams,1980-11-28,2014-11-23,2024-08-15,Terminated,Operations,TX
EE0007838,EMP1004,Leah,Okafor,1968-10-21,2021-08-30,,Active,Information Technology,FL
EE0007839,EMP1002,Sophia,Williams,1967-01-26,2014-10-20,,Active,Customer Operations,TX
EE0007840,EMP1001,Elena,Patel,1999-09-16,2020-02-16,2025-07-19,Terminated,Information Technology,VA
EE0007841,EMP1005,Naomi,Johnson,2004-06-15,2024-02-28,,Active,Customer Operations,MD
EE0007842,EMP1004,Maya,Bennett,1984-10-16,2020-02-21,,Active,Administration,FL
EE0007843,EMP1003,Priya,Chen,1961-05-18,2022-02-27,,Active,Supply Chain,DC
EE0007844,EMP1003,David,Johnson,1984-01-07,2020-12-02,,Active,Customer Operations,NC
EE0007845,EMP1002,Maya,Kim,1965-11-19,2022-09-17,,Active,Finance,VA
EE0007846,EMP1005,Luis,Lewis,2003-07-16,2015-08-31,,Active,Administration,MD
EE0007847,EMP1003,Daniel,Garcia,1971-10-11,2025-04-20,,Active,Customer Operations,NC
EE0007848,EMP1001,Zoe,Smith,2000-03-03,2024-01-11,,Active,Sales,OH
EE0007849,EMP1003,Kevin,Walker,1985-10-16,2025-02-09,,Active,Legal and Compliance,TX
EE0007850,EMP1004,Luis,Lewis,1992-05-24,2015-07-02,,Active,Sales,NY
EE0007851,EMP1002,Elena,Miller,1999-02-04,2021-02-04,,Active,Operations,TX
EE0007852,EMP1004,Elena,Wilson,1972-08-27,2015-07-26,,Active,Finance,FL
EE0007853,EMP1004,Jasmine,Moore,1965-04-11,2024-08-19,,Active,Supply Chain,FL
EE0007854,EMP1004,Jasmine,Nguyen,1984-03-02,2015-02-17,,Active,Finance,FL
EE0007855,EMP1005,Amara,Garcia,1988-10-05,2023-12-12,,Active,Finance,FL
EE0007856,EMP1005,Carlos,Campbell,1974-06-07,2018-08-19,,Active,Customer Operations,MD
EE0007857,EMP1004,Angela,Thomas,1963-10-05,2015-03-26,,Active,Customer Operations,FL
EE0007858,EMP1002,Luis,Walker,1972-05-07,2022-07-08,,Active,Information Technology,NC
EE0007859,EMP1005,Isaiah,Campbell,1969-02-21,2025-08-13,2025-12-16,Terminated,Customer Operations,NY
EE0007860,EMP1005,Chiamaka,Williams,1996-11-30,2017-03-30,,Active,Customer Operations,NY
EE0007861,EMP1003,Ethan,Ibrahim,1989-12-17,2024-10-21,,Active,Human Resources,VA
EE0007862,EMP1004,Olivia,Nguyen,1970-07-12,2019-12-17,,Active,Administration,FL
EE0007863,EMP1002,Ethan,Lewis,1977-11-24,2020-04-29,,Active,Administration,TX
EE0007864,EMP1002,Carlos,Mensah,1974-09-14,2018-05-02,,Active,Human Resources,TX
EE0007865,EMP1001,Kevin,Hernandez,1966-11-10,2025-04-04,,Active,Operations,OH
EE0007866,EMP1001,Aaliyah,Adams,1975-09-17,2020-12-02,2025-01-13,Terminated,Administration,OH
EE0007867,EMP1001,Omar,Williams,1983-09-06,2019-04-08,2024-06-27,Terminated,Legal and Compliance,OH
EE0007868,EMP1005,Grace,Okafor,1990-10-29,2023-06-28,,Active,Sales,NY
EE0007869,EMP1005,Fatima,Lewis,1996-02-22,2019-04-11,,Active,Information Technology,DC
EE0007870,EMP1004,Andre,Johnson,1964-08-04,2022-01-06,2025-06-01,Terminated,Operations,FL
EE0007871,EMP1005,Fatima,Mensah,2004-04-11,2025-06-01,,Active,Sales,NY
EE0007872,EMP1003,Jordan,Campbell,1995-03-05,2020-01-25,2024-06-26,Terminated,Operations,NC
EE0007873,EMP1001,Andre,Patel,1973-03-16,2017-08-11,,Active,Finance,NY
EE0007874,EMP1005,Kevin,Kim,2006-01-18,2026-02-26,,Active,Operations,FL
EE0007875,EMP1005,Priya,Walker,1989-10-16,2025-07-22,,Active,Administration,NY
EE0007876,EMP1004,Olivia,Robinson,1978-04-13,2022-02-26,,Active,Human Resources,FL
EE0007877,EMP1004,Andre,Martinez,1971-09-02,2021-05-29,,Active,Finance,FL
EE0007878,EMP1002,Leah,Lewis,1998-07-03,2014-08-31,,Active,Legal and Compliance,NY
EE0007879,EMP1003,Chiamaka,Walker,2002-10-27,2021-11-19,,Active,Operations,TX
EE0007880,EMP1005,Naomi,Moore,1979-02-11,2015-09-06,,Active,Sales,NY
EE0007881,EMP1002,Leah,Martinez,1985-07-29,2019-06-08,,Active,Finance,TX
EE0007882,EMP1003,Olivia,Martinez,1963-10-16,2025-06-21,,Active,Supply Chain,FL
EE0007883,EMP1001,Jasmine,Chen,1995-07-10,2020-12-12,,Active,Information Technology,OH
EE0007884,EMP1002,Jasmine,Mensah,1962-07-21,2022-11-24,2026-01-11,Terminated,Information Technology,MD
EE0007885,EMP1004,Isaiah,Taylor,1965-02-26,2018-11-02,,Active,Operations,MD
EE0007886,EMP1002,Grace,Campbell,1993-07-14,2015-11-27,,Active,Human Resources,TX
EE0007887,EMP1004,Priya,Bennett,1971-05-15,2019-02-01,2026-01-23,Terminated,Supply Chain,FL
EE0007888,EMP1004,Jordan,Adams,1981-03-09,2021-12-22,,Active,Information Technology,DC
EE0007889,EMP1001,Noah,Bennett,1972-10-02,2024-06-12,,Active,Information Technology,OH
EE0007890,EMP1005,Andre,Miller,1963-07-13,2014-07-15,,Active,Customer Operations,NY
EE0007891,EMP1002,David,Johnson,1997-02-14,2024-06-23,,Active,Administration,MD
EE0007892,EMP1001,Andre,Miller,1989-02-15,2020-04-18,,Active,Sales,OH
EE0007893,EMP1005,Jordan,Martinez,1963-01-09,2022-09-28,,Active,Sales,MD
EE0007894,EMP1004,Luis,Garcia,1992-06-10,2018-07-23,,Active,Human Resources,NC
EE0007895,EMP1004,Elena,Walker,1968-07-30,2026-05-09,,Active,Customer Operations,FL
EE0007896,EMP1001,Grace,Chen,1961-09-03,2022-06-06,,Active,Finance,OH
EE0007897,EMP1003,Sophia,Patel,1970-11-03,2024-08-29,,Active,Human Resources,NY
EE0007898,EMP1004,Omar,Kim,1988-07-04,2026-01-12,,Active,Customer Operations,FL
EE0007899,EMP1005,Elena,Johnson,1967-04-22,2022-11-22,2026-05-29,Terminated,Customer Operations,MD
EE0007900,EMP1002,Naomi,Thomas,1993-04-09,2023-07-02,,Active,Legal and Compliance,FL
EE0007901,EMP1002,Michael,Hernandez,1980-02-14,2017-02-17,,Active,Administration,TX
EE0007902,EMP1005,Maya,Walker,1985-03-16,2018-10-02,,Active,Supply Chain,OH
EE0007903,EMP1002,Aaliyah,Chen,1994-10-21,2020-04-21,,Active,Supply Chain,DC
EE0007904,EMP1002,Leah,Wilson,1991-01-04,2021-03-15,,Active,Customer Operations,VA
EE0007905,EMP1005,Luis,Robinson,1981-05-19,2021-04-13,2025-04-04,Terminated,Finance,NY
EE0007906,EMP1002,Luis,Johnson,1966-04-26,2015-12-04,,Active,Information Technology,NY
EE0007907,EMP1001,Luis,Campbell,1992-09-11,2025-03-29,,Active,Human Resources,NY
EE0007908,EMP1001,Angela,Mensah,1993-07-25,2020-04-14,,Active,Operations,VA
EE0007909,EMP1001,Fatima,Walker,2006-06-13,2014-11-12,,Active,Human Resources,NY
EE0007910,EMP1003,Amara,Chen,1984-10-15,2015-12-13,2025-09-24,Terminated,Finance,VA
EE0007911,EMP1004,Isaiah,Mensah,1966-03-08,2025-01-01,2025-11-03,Terminated,Administration,FL
EE0007912,EMP1003,Luis,Mensah,1970-10-09,2021-11-06,,Active,Sales,NY
EE0007913,EMP1005,Luis,Williams,1988-06-19,2022-01-25,,Active,Administration,NC
EE0007914,EMP1003,Victor,Martinez,2001-11-19,2014-07-11,,Active,Customer Operations,VA
EE0007915,EMP1001,Andre,Johnson,1971-10-18,2017-02-27,,Active,Information Technology,TX
EE0007916,EMP1004,Carlos,Bennett,1964-10-04,2025-05-03,2025-08-12,Terminated,Administration,NY
EE0007917,EMP1003,Jasmine,Bennett,1999-12-04,2025-11-04,,Active,Administration,FL
EE0007918,EMP1004,Leah,Davis,2001-01-12,2024-12-31,,Active,Finance,OH
EE0007919,EMP1004,Isaiah,Martinez,1968-02-28,2015-12-30,,Active,Customer Operations,TX
EE0007920,EMP1002,Andre,Adeyemi,1964-09-05,2016-04-20,,Active,Supply Chain,TX
EE0007921,EMP1001,Nia,Bennett,1990-12-02,2018-10-25,2024-03-31,Terminated,Sales,NY
EE0007922,EMP1003,Samuel,Moore,1999-07-22,2016-02-03,,Active,Sales,NC
EE0007923,EMP1002,Daniel,Williams,1996-02-16,2014-05-01,,Active,Operations,NY
EE0007924,EMP1004,Olivia,Bennett,1977-06-09,2019-06-23,,Active,Information Technology,FL
EE0007925,EMP1002,Andre,Patel,1978-04-16,2023-07-30,,Active,Finance,TX
EE0007926,EMP1003,Jordan,Davis,1987-10-25,2016-03-26,,Active,Customer Operations,OH
EE0007927,EMP1001,Samuel,Mensah,1961-03-04,2025-01-23,,Active,Finance,OH
EE0007928,EMP1005,Leah,Robinson,1966-05-19,2025-11-04,,Active,Legal and Compliance,VA
EE0007929,EMP1003,Zoe,Brown,2004-09-10,2017-11-30,2024-04-24,Terminated,Information Technology,VA
EE0007930,EMP1001,Aaliyah,Chen,1995-06-01,2026-02-12,2026-05-02,Terminated,Sales,OH
EE0007931,EMP1004,Leah,Campbell,1974-10-31,2018-04-07,,Active,Supply Chain,FL
EE0007932,EMP1001,Omar,Brown,1961-03-29,2014-12-16,,Active,Sales,OH
EE0007933,EMP1003,Jasmine,Hernandez,1989-06-03,2021-02-18,,Active,Supply Chain,OH
EE0007934,EMP1001,Victor,Nguyen,1964-03-13,2014-04-25,,Active,Finance,NY
EE0007935,EMP1005,Maya,Patel,1997-10-26,2017-10-18,,Active,Legal and Compliance,OH
EE0007936,EMP1001,Michael,Chen,1968-01-08,2025-11-20,,Active,Customer Operations,MD
EE0007937,EMP1002,Noah,Mensah,1962-10-04,2021-10-26,,Active,Finance,OH
EE0007938,EMP1003,Nia,Bennett,1961-01-23,2023-06-02,,Active,Finance,FL
EE0007939,EMP1001,Daniel,Thomas,1976-04-05,2021-05-01,,Active,Customer Operations,OH
EE0007940,EMP1004,Jordan,Mensah,1972-08-19,2019-06-03,,Active,Finance,FL
EE0007941,EMP1004,Noah,Thomas,1971-01-10,2025-03-04,2026-05-07,Terminated,Legal and Compliance,FL
EE0007942,EMP1001,Omar,Brown,1978-11-26,2016-11-03,,Active,Operations,MD
EE0007943,EMP1005,Sophia,Ibrahim,2004-08-30,2022-02-22,,Active,Finance,NY
EE0007944,EMP1001,Sophia,Davis,2002-05-30,2022-02-23,,Active,Operations,VA
EE0007945,EMP1004,Aaliyah,Smith,1982-10-31,2018-11-06,2024-06-28,Terminated,Human Resources,MD
EE0007946,EMP1003,Carlos,Nguyen,2003-11-09,2024-07-01,,Active,Information Technology,TX
EE0007947,EMP1002,Leah,Hernandez,1997-04-28,2018-09-30,,Active,Operations,TX
EE0007948,EMP1002,Maya,Mensah,1979-07-27,2022-06-07,,Active,Information Technology,FL
EE0007949,EMP1003,Jasmine,Patel,1998-12-10,2023-02-02,,Active,Customer Operations,NC
EE0007950,EMP1005,Sophia,Walker,1999-03-20,2017-09-18,,Active,Information Technology,NY
EE0007951,EMP1004,Kevin,Williams,1979-11-05,2021-04-29,,Active,Information Technology,FL
EE0007952,EMP1001,Nia,Nguyen,1963-04-12,2024-07-30,,Active,Sales,OH
EE0007953,EMP1004,Andre,Okafor,1970-07-05,2020-06-03,,Active,Legal and Compliance,NC
EE0007954,EMP1005,Jordan,Martinez,2007-06-21,2017-09-30,,Active,Information Technology,NY
EE0007955,EMP1001,Victor,Mensah,1977-06-13,2024-02-26,,Active,Sales,FL
EE0007956,EMP1004,Maya,Adams,1962-07-18,2025-07-18,,Active,Operations,FL
EE0007957,EMP1002,Fatima,Miller,2003-08-22,2015-06-11,,Active,Operations,FL
EE0007958,EMP1004,Carlos,Thomas,1996-08-25,2024-07-14,2025-10-26,Terminated,Supply Chain,FL
EE0007959,EMP1004,Angela,Bennett,1989-04-20,2020-06-12,,Active,Sales,FL
EE0007960,EMP1004,Omar,Patel,1999-12-21,2020-08-08,2025-06-30,Terminated,Operations,MD
EE0007961,EMP1003,Carlos,Smith,1982-07-14,2016-09-07,2024-01-28,Terminated,Finance,DC
EE0007962,EMP1001,Fatima,Brown,1993-08-28,2015-01-26,,Active,Finance,OH
EE0007963,EMP1002,Grace,Thomas,2006-02-21,2018-03-11,,Active,Sales,TX
EE0007964,EMP1005,Priya,Kim,1973-03-11,2015-02-11,,Active,Legal and Compliance,NY
EE0007965,EMP1005,Isaiah,Okafor,2005-08-08,2014-07-14,,Active,Administration,NY
EE0007966,EMP1004,Noah,Campbell,1966-07-18,2016-01-27,,Active,Supply Chain,FL
EE0007967,EMP1002,Aaliyah,Patel,1973-01-09,2014-11-23,,Active,Information Technology,TX
EE0007968,EMP1005,Grace,Davis,1961-12-27,2014-12-14,,Active,Operations,NY
EE0007969,EMP1001,Nia,Brown,2004-12-07,2019-04-19,,Active,Operations,NC
EE0007970,EMP1005,Samuel,Okafor,2007-05-12,2026-03-15,,Active,Administration,MD
EE0007971,EMP1004,David,Garcia,2004-04-19,2015-11-17,,Active,Finance,FL
EE0007972,EMP1002,Omar,Campbell,1973-10-06,2019-12-18,,Active,Human Resources,TX
EE0007973,EMP1002,Angela,Ibrahim,1994-03-19,2015-10-19,2024-03-22,Terminated,Finance,TX
EE0007974,EMP1004,Jordan,Robinson,2002-12-08,2020-01-14,,Active,Sales,TX
EE0007975,EMP1002,David,Martinez,2004-05-17,2020-12-20,2024-11-06,Terminated,Supply Chain,NC
EE0007976,EMP1001,Michael,Walker,1986-05-02,2015-01-17,,Active,Finance,OH
EE0007977,EMP1003,Amara,Garcia,2006-03-27,2016-02-09,,Active,Customer Operations,NC
EE0007978,EMP1005,Jasmine,Adeyemi,2002-11-20,2025-05-24,,Active,Sales,VA
EE0007979,EMP1005,Leah,Nguyen,1974-09-19,2019-10-21,,Active,Supply Chain,NY
EE0007980,EMP1001,Olivia,Chen,2001-03-19,2020-03-21,,Active,Operations,OH
EE0007981,EMP1004,Jasmine,Lewis,1998-02-06,2015-08-13,,Active,Administration,FL
EE0007982,EMP1003,Isaiah,Hernandez,1999-04-24,2015-12-03,,Active,Operations,MD
EE0007983,EMP1001,Jasmine,Smith,1981-06-01,2016-03-23,,Active,Information Technology,MD
EE0007984,EMP1001,Sophia,Bennett,1962-01-13,2023-02-14,,Active,Supply Chain,NY
EE0007985,EMP1002,David,Smith,2000-07-15,2017-08-24,,Active,Customer Operations,NY
EE0007986,EMP1001,Daniel,Moore,1997-12-18,2021-12-02,,Active,Finance,MD
EE0007987,EMP1001,Olivia,Moore,1986-09-05,2017-01-15,,Active,Finance,NC
EE0007988,EMP1005,Angela,Mensah,1997-07-08,2017-07-23,,Active,Information Technology,NY
EE0007989,EMP1004,Jasmine,Adeyemi,1981-06-07,2018-10-21,,Active,Operations,FL
EE0007990,EMP1005,Fatima,Wilson,1968-06-14,2020-01-26,,Active,Administration,VA
EE0007991,EMP1002,Victor,Brown,1989-10-04,2019-09-02,,Active,Sales,TX
EE0007992,EMP1002,Kevin,Thomas,1962-10-19,2015-03-25,,Active,Customer Operations,TX
EE0007993,EMP1005,Amara,Brown,1982-11-23,2019-05-28,2026-06-19,Terminated,Information Technology,NY
EE0007994,EMP1004,Amara,Thomas,1972-05-01,2025-03-25,2026-02-09,Terminated,Operations,FL
EE0007995,EMP1005,Zoe,Miller,1965-08-02,2014-09-20,,Active,Sales,VA
EE0007996,EMP1005,Naomi,Wilson,1964-12-16,2021-03-15,2026-01-18,Terminated,Supply Chain,DC
EE0007997,EMP1004,Aaliyah,Wilson,1992-08-22,2024-02-28,,Active,Customer Operations,FL
EE0007998,EMP1002,Zoe,Nguyen,1971-03-29,2015-12-04,,Active,Information Technology,TX
EE0007999,EMP1002,Omar,Hernandez,2002-07-07,2024-01-11,,Active,Sales,TX
EE0008000,EMP1002,David,Mensah,1972-12-29,2022-04-10,,Active,Finance,TX
EE0008001,EMP1001,Olivia,Bennett,1989-08-25,2014-02-26,,Active,Supply Chain,VA
EE0008002,EMP1001,Chiamaka,Brown,1990-04-12,2020-08-15,,Active,Human Resources,OH
EE0008003,EMP1002,Omar,Okafor,1976-07-09,2015-10-11,,Active,Administration,DC
EE0008004,EMP1001,Fatima,Ibrahim,1978-01-01,2023-05-11,,Active,Operations,OH
EE0008005,EMP1001,Aaliyah,Taylor,1965-02-18,2017-05-24,,Active,Information Technology,OH
EE0008006,EMP1003,Amara,Thomas,1998-10-06,2024-04-03,,Active,Legal and Compliance,FL
EE0008007,EMP1002,Victor,Kim,1992-05-11,2019-10-08,,Active,Finance,TX
EE0008008,EMP1004,Omar,Robinson,1997-05-19,2024-10-30,,Active,Sales,FL
EE0008009,EMP1001,Victor,Lewis,1980-10-29,2018-12-18,2024-04-12,Terminated,Finance,VA
EE0008010,EMP1003,Zoe,Patel,1972-06-16,2022-12-08,,Active,Administration,TX
EE0008011,EMP1001,Victor,Garcia,1978-10-21,2021-10-06,,Active,Legal and Compliance,OH
EE0008012,EMP1004,Angela,Johnson,1961-03-23,2025-04-05,,Active,Human Resources,FL
EE0008013,EMP1001,Luis,Williams,1991-07-17,2021-09-24,,Active,Administration,OH
EE0008014,EMP1002,Michael,Kim,2004-05-22,2017-11-18,,Active,Administration,TX
EE0008015,EMP1005,Ethan,Campbell,1964-11-29,2024-01-24,,Active,Finance,NY
EE0008016,EMP1004,Nia,Davis,2002-03-10,2023-04-21,,Active,Legal and Compliance,FL
EE0008017,EMP1005,Samuel,Ibrahim,1967-05-03,2015-10-21,,Active,Information Technology,NY
EE0008018,EMP1003,Luis,Davis,1976-05-09,2025-09-14,,Active,Administration,NY
EE0008019,EMP1001,Olivia,Wilson,1998-11-19,2023-07-07,,Active,Operations,OH
EE0008020,EMP1002,Noah,Moore,1983-02-28,2026-02-09,,Active,Sales,TX
EE0008021,EMP1002,Malik,Adeyemi,2003-02-27,2022-11-18,2025-10-26,Terminated,Operations,TX
EE0008022,EMP1004,Priya,Garcia,1991-09-12,2016-09-12,,Active,Information Technology,NC
EE0008023,EMP1001,Naomi,Brown,1995-08-19,2016-12-10,,Active,Finance,OH
EE0008024,EMP1001,Chiamaka,Martinez,1971-07-16,2014-03-28,,Active,Customer Operations,DC
EE0008025,EMP1005,Maya,Patel,1961-06-22,2024-08-26,,Active,Supply Chain,NY
EE0008026,EMP1004,Noah,Williams,1988-10-14,2014-11-24,,Active,Finance,FL
EE0008027,EMP1003,Aaliyah,Adeyemi,1998-07-28,2019-05-23,2025-05-08,Terminated,Legal and Compliance,NC
EE0008028,EMP1003,Elena,Adams,1975-09-26,2024-03-23,,Active,Administration,NY
EE0008029,EMP1004,David,Smith,1979-04-06,2014-06-30,,Active,Legal and Compliance,TX
EE0008030,EMP1004,Kevin,Hernandez,1995-10-13,2023-06-02,,Active,Sales,FL
EE0008031,EMP1002,Andre,Patel,2001-05-26,2018-04-14,,Active,Sales,VA
EE0008032,EMP1001,Olivia,Adeyemi,2005-05-10,2022-11-05,,Active,Customer Operations,TX
EE0008033,EMP1004,Luis,Campbell,1969-04-28,2024-07-24,,Active,Customer Operations,FL
EE0008034,EMP1005,Aaliyah,Hernandez,1983-09-13,2023-01-19,,Active,Information Technology,NY
EE0008035,EMP1001,Andre,Campbell,1979-12-23,2020-09-29,,Active,Information Technology,OH
EE0008036,EMP1001,Victor,Robinson,1998-04-09,2014-04-20,,Active,Sales,NC
EE0008037,EMP1001,Zoe,Nguyen,1980-03-16,2022-05-24,,Active,Operations,MD
EE0008038,EMP1001,Jasmine,Robinson,1992-11-23,2016-01-12,,Active,Information Technology,MD
EE0008039,EMP1001,Amara,Chen,1977-07-16,2015-07-24,,Active,Supply Chain,OH
EE0008040,EMP1002,Jordan,Mensah,1984-08-23,2017-09-26,,Active,Information Technology,TX
EE0008041,EMP1004,Sophia,Okafor,2005-10-12,2018-04-04,,Active,Information Technology,FL
EE0008042,EMP1002,Leah,Patel,2002-07-07,2021-11-08,,Active,Administration,TX
EE0008043,EMP1005,Daniel,Davis,2005-01-10,2016-12-15,2025-03-15,Terminated,Customer Operations,NY
EE0008044,EMP1001,Isaiah,Kim,1978-01-02,2026-03-25,,Active,Customer Operations,OH
EE0008045,EMP1001,Nia,Campbell,1982-08-13,2014-05-18,,Active,Human Resources,NY
EE0008046,EMP1005,Victor,Kim,1994-07-01,2022-08-19,,Active,Human Resources,NY
EE0008047,EMP1001,Noah,Chen,1976-07-07,2026-03-24,2026-05-01,Terminated,Finance,OH
EE0008048,EMP1003,Aaliyah,Moore,1973-10-20,2018-11-08,,Active,Operations,NY
EE0008049,EMP1002,Chiamaka,Miller,1997-09-24,2015-05-25,,Active,Sales,TX
EE0008050,EMP1001,Elena,Nguyen,1981-05-20,2020-10-16,,Active,Sales,OH
EE0008051,EMP1002,Naomi,Bennett,1984-03-29,2024-08-07,,Active,Human Resources,TX
EE0008052,EMP1005,Jordan,Davis,2007-02-06,2021-11-11,,Active,Supply Chain,NY
EE0008053,EMP1004,Luis,Wilson,1983-06-17,2017-08-19,,Active,Operations,FL
EE0008054,EMP1003,Grace,Bennett,1963-04-11,2021-04-16,,Active,Administration,NC
EE0008055,EMP1002,Amara,Smith,1986-01-30,2021-05-17,,Active,Information Technology,TX
EE0008056,EMP1003,Sophia,Patel,1987-02-21,2016-12-04,2025-12-03,Terminated,Information Technology,NC
EE0008057,EMP1003,Grace,Johnson,2007-01-12,2024-08-09,,Active,Operations,NC
EE0008058,EMP1004,Angela,Wilson,1963-08-14,2017-05-31,,Active,Sales,DC
EE0008059,EMP1004,Chiamaka,Kim,1977-07-19,2023-12-28,,Active,Customer Operations,FL
EE0008060,EMP1001,Olivia,Kim,2001-01-12,2025-02-19,,Active,Customer Operations,OH
EE0008061,EMP1002,Grace,Brown,1994-02-11,2019-03-08,,Active,Information Technology,TX
EE0008062,EMP1002,Elena,Garcia,1986-12-04,2020-01-15,,Active,Information Technology,TX
EE0008063,EMP1002,Sophia,Thomas,1979-01-28,2014-10-30,,Active,Customer Operations,NY
EE0008064,EMP1001,David,Ibrahim,1978-04-25,2019-08-27,,Active,Operations,FL
EE0008065,EMP1002,David,Thomas,1989-04-07,2022-08-28,,Active,Human Resources,MD
EE0008066,EMP1004,Jordan,Chen,1967-04-13,2014-02-02,,Active,Administration,NY
EE0008067,EMP1005,Leah,Chen,1995-04-28,2015-05-15,,Active,Operations,MD
EE0008068,EMP1005,Priya,Moore,1964-08-06,2016-09-13,,Active,Legal and Compliance,NY
EE0008069,EMP1001,Isaiah,Brown,1990-09-25,2022-06-01,,Active,Customer Operations,VA
EE0008070,EMP1001,Samuel,Patel,2002-06-11,2025-07-25,2026-03-13,Terminated,Human Resources,OH
EE0008071,EMP1005,Elena,Campbell,1964-07-24,2022-03-17,,Active,Human Resources,TX
EE0008072,EMP1001,Victor,Ibrahim,2001-07-24,2024-05-12,,Active,Legal and Compliance,TX
EE0008073,EMP1004,Sophia,Williams,1981-07-27,2020-03-13,,Active,Legal and Compliance,FL
EE0008074,EMP1003,Naomi,Chen,1981-02-07,2020-11-13,,Active,Human Resources,NC
EE0008075,EMP1005,Noah,Hernandez,2002-12-07,2019-01-01,2025-07-03,Terminated,Administration,VA
EE0008076,EMP1003,Sophia,Thomas,1998-03-08,2015-12-02,,Active,Sales,NC
EE0008077,EMP1005,Naomi,Adams,1977-01-28,2022-12-11,,Active,Customer Operations,OH
EE0008078,EMP1001,Grace,Hernandez,1965-11-07,2026-02-21,,Active,Human Resources,OH
EE0008079,EMP1005,Jasmine,Adams,1966-02-18,2024-09-19,2026-05-25,Terminated,Customer Operations,NY
EE0008080,EMP1002,Kevin,Campbell,1975-08-06,2017-10-31,,Active,Human Resources,TX
EE0008081,EMP1005,Daniel,Ibrahim,1965-06-15,2024-02-08,,Active,Human Resources,NY
EE0008082,EMP1001,Jordan,Bennett,1994-02-25,2017-02-25,2024-05-04,Terminated,Legal and Compliance,OH
EE0008083,EMP1002,Chiamaka,Brown,1974-10-29,2016-11-05,,Active,Information Technology,TX
EE0008084,EMP1005,Malik,Nguyen,1996-12-20,2016-06-01,2025-01-08,Terminated,Customer Operations,NY
EE0008085,EMP1001,Priya,Johnson,1990-06-01,2024-07-26,,Active,Customer Operations,OH
EE0008086,EMP1004,Zoe,Wilson,1992-08-08,2020-06-17,,Active,Legal and Compliance,DC
EE0008087,EMP1002,Malik,Miller,1998-01-26,2015-12-31,2025-02-01,Terminated,Operations,FL
EE0008088,EMP1002,Nia,Bennett,2004-03-07,2019-07-22,,Active,Customer Operations,DC
EE0008089,EMP1002,Priya,Adams,1984-09-25,2024-12-12,,Active,Customer Operations,TX
EE0008090,EMP1005,Samuel,Hernandez,1964-08-20,2021-06-21,2024-06-05,Terminated,Customer Operations,NY
EE0008091,EMP1005,Omar,Taylor,1968-06-20,2024-11-23,,Active,Operations,NY
EE0008092,EMP1001,Chiamaka,Adeyemi,1993-04-08,2015-04-26,2025-12-04,Terminated,Administration,OH
EE0008093,EMP1004,Samuel,Hernandez,1984-09-04,2024-01-03,2024-04-19,Terminated,Supply Chain,FL
EE0008094,EMP1005,Omar,Okafor,1982-05-31,2016-12-16,,Active,Human Resources,NY
EE0008095,EMP1005,Elena,Wilson,2003-11-03,2020-12-28,,Active,Legal and Compliance,TX
EE0008096,EMP1005,Jordan,Patel,1986-01-02,2024-04-07,,Active,Human Resources,NY
EE0008097,EMP1002,Carlos,Nguyen,1981-08-17,2021-04-12,2025-09-08,Terminated,Administration,TX
EE0008098,EMP1004,Omar,Taylor,1961-07-29,2016-02-02,2024-09-26,Terminated,Human Resources,VA
EE0008099,EMP1001,Victor,Thomas,1971-10-03,2021-05-03,,Active,Administration,NY
EE0008100,EMP1005,Olivia,Bennett,1975-08-12,2017-02-19,2024-10-15,Terminated,Finance,NY
EE0008101,EMP1005,Amara,Williams,1990-07-07,2020-09-17,,Active,Finance,NY
EE0008102,EMP1002,Sophia,Chen,1961-05-28,2023-10-14,,Active,Administration,TX
EE0008103,EMP1003,Leah,Walker,1975-12-10,2019-08-31,,Active,Finance,TX
EE0008104,EMP1004,Noah,Nguyen,1990-11-25,2025-02-17,2026-06-04,Terminated,Human Resources,FL
EE0008105,EMP1004,Elena,Adams,1991-11-20,2017-02-27,,Active,Operations,VA
EE0008106,EMP1004,Malik,Chen,1982-02-08,2020-03-09,,Active,Supply Chain,VA
EE0008107,EMP1002,Maya,Ibrahim,2002-01-28,2021-03-16,,Active,Supply Chain,TX
EE0008108,EMP1004,Malik,Kim,2002-03-06,2025-06-11,,Active,Supply Chain,VA
EE0008109,EMP1003,Sophia,Walker,1995-08-07,2018-07-26,,Active,Human Resources,NC
EE0008110,EMP1004,Omar,Ibrahim,1966-06-08,2022-03-13,,Active,Human Resources,FL
EE0008111,EMP1002,Ethan,Bennett,1996-01-03,2018-05-16,,Active,Administration,NY
EE0008112,EMP1003,Nia,Hernandez,1978-12-20,2016-06-02,,Active,Administration,FL
EE0008113,EMP1002,Maya,Mensah,1996-09-14,2017-05-31,,Active,Legal and Compliance,TX
EE0008114,EMP1005,Noah,Kim,1997-10-05,2021-11-20,,Active,Human Resources,NY
EE0008115,EMP1003,Kevin,Wilson,1976-10-10,2016-08-07,,Active,Supply Chain,NC
EE0008116,EMP1004,Jordan,Hernandez,1997-07-01,2014-09-09,,Active,Legal and Compliance,TX
EE0008117,EMP1005,Priya,Chen,1990-05-03,2017-04-08,,Active,Administration,VA
EE0008118,EMP1001,Leah,Lewis,1966-09-08,2026-04-22,,Active,Sales,OH
EE0008119,EMP1001,Jasmine,Moore,1983-09-16,2022-04-12,,Active,Legal and Compliance,FL
EE0008120,EMP1002,Luis,Campbell,1979-09-03,2026-01-11,,Active,Sales,FL
EE0008121,EMP1001,Noah,Taylor,1982-05-24,2022-03-06,,Active,Operations,OH
EE0008122,EMP1001,Grace,Patel,1979-12-01,2024-03-28,,Active,Finance,OH
EE0008123,EMP1001,Omar,Wilson,2003-12-22,2019-02-09,2024-04-21,Terminated,Administration,OH
EE0008124,EMP1002,Samuel,Smith,1976-10-30,2021-08-25,,Active,Sales,TX
EE0008125,EMP1004,Grace,Chen,2001-09-08,2017-07-31,,Active,Sales,FL
EE0008126,EMP1005,Jordan,Brown,1988-05-26,2014-04-16,,Active,Finance,NY
EE0008127,EMP1003,Ethan,Bennett,1967-07-03,2024-04-21,,Active,Supply Chain,DC
EE0008128,EMP1004,Chiamaka,Williams,1970-04-25,2021-05-30,2026-02-23,Terminated,Operations,FL
EE0008129,EMP1005,Jordan,Martinez,1969-04-01,2020-05-06,2024-08-24,Terminated,Supply Chain,NY
EE0008130,EMP1004,Carlos,Thomas,1988-09-14,2023-01-23,,Active,Administration,NC
EE0008131,EMP1002,Ethan,Smith,1966-03-31,2023-09-05,,Active,Information Technology,NY
EE0008132,EMP1001,Omar,Thomas,1970-05-20,2019-05-18,,Active,Administration,OH
EE0008133,EMP1001,Victor,Nguyen,1979-05-09,2026-05-27,,Active,Customer Operations,DC
EE0008134,EMP1004,Olivia,Campbell,1962-07-16,2016-11-27,,Active,Operations,FL
EE0008135,EMP1005,Zoe,Johnson,1973-03-19,2022-01-04,,Active,Sales,FL
EE0008136,EMP1004,Jasmine,Lewis,1990-10-13,2025-12-22,,Active,Finance,FL
EE0008137,EMP1001,Isaiah,Patel,2007-01-30,2014-04-28,,Active,Administration,NC
EE0008138,EMP1004,Samuel,Smith,1996-04-30,2016-11-30,,Active,Sales,NC
EE0008139,EMP1004,Aaliyah,Garcia,1968-10-04,2022-07-03,,Active,Administration,FL
EE0008140,EMP1003,Olivia,Johnson,1962-02-10,2020-03-01,,Active,Operations,FL
EE0008141,EMP1002,Amara,Miller,1988-11-04,2015-06-07,,Active,Customer Operations,FL
EE0008142,EMP1001,Victor,Campbell,1995-12-04,2023-01-29,,Active,Customer Operations,OH
EE0008143,EMP1003,Olivia,Johnson,2004-01-27,2022-05-07,,Active,Operations,NC
EE0008144,EMP1003,Grace,Taylor,1995-10-03,2019-12-08,,Active,Information Technology,OH
EE0008145,EMP1003,Naomi,Williams,1975-03-26,2020-04-24,2025-04-05,Terminated,Legal and Compliance,NC
EE0008146,EMP1002,Olivia,Campbell,2000-02-29,2015-03-10,,Active,Supply Chain,TX
EE0008147,EMP1003,Nia,Martinez,2000-12-23,2024-08-16,,Active,Information Technology,FL
EE0008148,EMP1005,Isaiah,Thomas,1961-12-05,2021-12-03,,Active,Information Technology,OH
EE0008149,EMP1004,Jasmine,Robinson,2002-04-22,2022-03-05,,Active,Supply Chain,OH
EE0008150,EMP1002,Noah,Williams,1967-12-05,2025-09-06,,Active,Operations,TX
EE0008151,EMP1005,Elena,Hernandez,1980-05-26,2022-01-07,,Active,Sales,NC
EE0008152,EMP1005,Aaliyah,Hernandez,1965-10-27,2016-08-08,2025-02-03,Terminated,Human Resources,FL
EE0008153,EMP1005,Victor,Thomas,1964-03-05,2020-05-10,2024-10-05,Terminated,Human Resources,DC
EE0008154,EMP1005,Jasmine,Campbell,1966-01-28,2015-02-23,,Active,Operations,NY
EE0008155,EMP1002,Fatima,Williams,1981-06-22,2015-01-27,,Active,Legal and Compliance,FL
EE0008156,EMP1001,Aaliyah,Johnson,1961-09-25,2021-05-04,,Active,Operations,OH
EE0008157,EMP1005,Elena,Taylor,2005-07-14,2018-08-31,,Active,Administration,NY
EE0008158,EMP1003,Omar,Adams,1974-03-26,2016-04-04,2026-05-06,Terminated,Human Resources,NC
EE0008159,EMP1001,Priya,Kim,1974-10-26,2021-11-23,2025-05-01,Terminated,Finance,OH
EE0008160,EMP1004,Grace,Wilson,1995-07-18,2025-07-07,,Active,Legal and Compliance,FL
EE0008161,EMP1002,Angela,Robinson,2004-10-24,2016-04-22,,Active,Administration,TX
EE0008162,EMP1005,Amara,Okafor,1965-01-13,2014-09-23,,Active,Sales,NY
EE0008163,EMP1005,David,Wilson,2006-01-14,2019-09-03,,Active,Human Resources,NY
EE0008164,EMP1002,Zoe,Brown,1992-10-31,2019-07-25,,Active,Legal and Compliance,TX
EE0008165,EMP1005,Elena,Chen,2001-01-24,2023-09-19,2026-01-13,Terminated,Sales,NY
EE0008166,EMP1002,Priya,Adams,1992-06-23,2019-03-09,,Active,Customer Operations,TX
EE0008167,EMP1005,Fatima,Miller,1985-11-05,2023-12-04,,Active,Administration,FL
EE0008168,EMP1002,Samuel,Robinson,1970-10-21,2016-08-16,2025-01-20,Terminated,Operations,TX
EE0008169,EMP1004,Samuel,Smith,2006-05-28,2022-07-25,,Active,Human Resources,FL
EE0008170,EMP1004,Olivia,Davis,1999-06-18,2017-07-31,,Active,Human Resources,FL
EE0008171,EMP1002,Aaliyah,Lewis,1990-10-26,2022-10-05,,Active,Legal and Compliance,TX
EE0008172,EMP1004,Chiamaka,Walker,1982-03-21,2017-07-06,2026-02-13,Terminated,Finance,DC
EE0008173,EMP1005,Leah,Williams,1991-03-08,2023-01-11,,Active,Administration,NY
EE0008174,EMP1001,Luis,Smith,1994-01-19,2024-06-26,,Active,Legal and Compliance,OH
EE0008175,EMP1005,Carlos,Miller,1995-01-04,2018-03-29,,Active,Finance,NY
EE0008176,EMP1002,Naomi,Thomas,1977-10-13,2019-08-27,,Active,Legal and Compliance,VA
EE0008177,EMP1002,Samuel,Kim,1997-04-29,2021-06-17,,Active,Information Technology,NC
EE0008178,EMP1003,Leah,Martinez,1972-01-16,2018-01-15,,Active,Operations,NC
EE0008179,EMP1005,Leah,Moore,1983-07-29,2019-04-22,,Active,Information Technology,DC
EE0008180,EMP1003,Jordan,Chen,1970-07-07,2021-08-30,,Active,Finance,NC
EE0008181,EMP1003,Victor,Taylor,1969-02-06,2021-08-21,,Active,Operations,NC
EE0008182,EMP1004,Leah,Thomas,1965-07-02,2014-07-20,,Active,Sales,DC
EE0008183,EMP1003,Maya,Bennett,1964-04-17,2021-01-12,,Active,Customer Operations,TX
EE0008184,EMP1002,Angela,Garcia,1993-05-12,2016-05-04,,Active,Information Technology,OH
EE0008185,EMP1001,Kevin,Smith,1999-05-05,2019-07-03,,Active,Information Technology,OH
EE0008186,EMP1005,Leah,Lewis,1966-02-15,2019-01-02,,Active,Finance,NY
EE0008187,EMP1002,Victor,Adeyemi,1993-01-03,2015-01-05,,Active,Sales,VA
EE0008188,EMP1003,Olivia,Johnson,1998-10-08,2021-04-25,,Active,Information Technology,VA
EE0008189,EMP1005,Angela,Martinez,1997-01-31,2022-04-03,,Active,Information Technology,NY
EE0008190,EMP1001,Priya,Brown,1986-08-14,2020-07-25,2026-05-01,Terminated,Finance,MD
EE0008191,EMP1004,Samuel,Adeyemi,1972-10-27,2016-03-08,,Active,Supply Chain,FL
EE0008192,EMP1001,Jasmine,Martinez,1994-03-13,2016-07-21,,Active,Information Technology,OH
EE0008193,EMP1002,Victor,Chen,2001-07-19,2022-09-16,,Active,Customer Operations,TX
EE0008194,EMP1002,Zoe,Lewis,1974-05-06,2021-11-07,,Active,Information Technology,NY
EE0008195,EMP1003,Leah,Okafor,1981-10-22,2016-02-09,2024-02-03,Terminated,Finance,NC
EE0008196,EMP1005,Priya,Chen,2003-10-10,2015-12-16,,Active,Customer Operations,NY
EE0008197,EMP1004,Andre,Taylor,1974-03-14,2022-04-29,2024-07-02,Terminated,Human Resources,FL
EE0008198,EMP1002,Sophia,Campbell,1971-07-22,2024-06-28,,Active,Supply Chain,TX
EE0008199,EMP1002,Aaliyah,Moore,1973-06-15,2023-04-14,2024-07-14,Terminated,Sales,DC
EE0008200,EMP1002,Elena,Brown,1963-02-07,2015-03-24,,Active,Supply Chain,VA
EE0008201,EMP1004,Angela,Thomas,1974-04-14,2021-07-18,,Active,Administration,NY
EE0008202,EMP1002,Grace,Adams,1998-01-20,2026-04-29,2026-06-01,Terminated,Human Resources,TX
EE0008203,EMP1004,Victor,Wilson,2002-11-19,2015-10-15,,Active,Finance,FL
EE0008204,EMP1001,Kevin,Patel,1983-05-08,2020-08-26,,Active,Human Resources,OH
EE0008205,EMP1004,Daniel,Davis,1962-12-17,2015-09-28,,Active,Human Resources,FL
EE0008206,EMP1004,Omar,Smith,2006-11-29,2014-07-21,,Active,Operations,FL
EE0008207,EMP1001,Jordan,Ibrahim,1961-05-10,2024-10-08,,Active,Customer Operations,MD
EE0008208,EMP1005,Chiamaka,Garcia,1992-11-26,2023-06-04,2026-06-05,Terminated,Legal and Compliance,OH
EE0008209,EMP1002,Jordan,Hernandez,2006-10-26,2014-02-22,,Active,Administration,OH
EE0008210,EMP1005,Amara,Adeyemi,1983-04-30,2016-08-01,2026-04-22,Terminated,Finance,NY
EE0008211,EMP1004,Daniel,Smith,1984-12-31,2015-06-20,,Active,Sales,MD
EE0008212,EMP1005,Maya,Smith,1967-09-14,2024-10-11,2026-04-24,Terminated,Customer Operations,DC
EE0008213,EMP1002,Michael,Kim,1991-11-27,2015-01-05,2024-03-03,Terminated,Supply Chain,TX
EE0008214,EMP1005,David,Adams,1981-09-21,2022-09-05,,Active,Administration,VA
EE0008215,EMP1004,Victor,Ibrahim,1988-03-02,2023-12-10,,Active,Human Resources,FL
EE0008216,EMP1001,Jordan,Garcia,1978-04-16,2016-08-06,,Active,Administration,OH
EE0008217,EMP1005,Luis,Walker,1994-11-17,2017-02-12,,Active,Supply Chain,NY
EE0008218,EMP1003,Chiamaka,Taylor,1962-05-12,2014-04-24,,Active,Customer Operations,VA
EE0008219,EMP1001,Nia,Taylor,1999-07-10,2021-05-14,,Active,Administration,NY
EE0008220,EMP1001,Priya,Nguyen,1997-11-10,2014-07-17,,Active,Sales,NC
EE0008221,EMP1004,Angela,Kim,1983-03-11,2020-01-20,2025-11-11,Terminated,Operations,FL
EE0008222,EMP1004,Victor,Nguyen,1976-04-25,2022-06-09,,Active,Operations,FL
EE0008223,EMP1004,Ethan,Moore,1975-10-18,2020-07-17,,Active,Finance,FL
EE0008224,EMP1004,Sophia,Lewis,1976-03-01,2023-05-29,,Active,Legal and Compliance,FL
EE0008225,EMP1005,Carlos,Mensah,1997-05-06,2016-07-03,,Active,Operations,OH
EE0008226,EMP1004,Kevin,Wilson,2007-05-12,2021-04-28,,Active,Information Technology,OH
EE0008227,EMP1005,Michael,Brown,1971-08-23,2024-11-28,,Active,Legal and Compliance,OH
EE0008228,EMP1002,Jasmine,Smith,1985-08-21,2016-07-16,2025-05-04,Terminated,Legal and Compliance,FL
EE0008229,EMP1004,Maya,Miller,1974-09-17,2024-02-27,,Active,Administration,FL
EE0008230,EMP1001,Zoe,Moore,1985-04-26,2026-03-18,,Active,Administration,OH
EE0008231,EMP1001,Jasmine,Smith,1977-07-21,2018-10-14,,Active,Human Resources,OH
EE0008232,EMP1005,Malik,Bennett,1972-12-28,2025-09-03,,Active,Human Resources,DC
EE0008233,EMP1005,Michael,Lewis,2000-03-10,2018-12-01,,Active,Supply Chain,OH
EE0008234,EMP1004,Sophia,Johnson,1964-07-28,2018-12-08,,Active,Legal and Compliance,DC
EE0008235,EMP1003,Nia,Campbell,1992-02-08,2021-03-31,2025-07-07,Terminated,Information Technology,NC
EE0008236,EMP1004,Fatima,Davis,1981-04-14,2023-03-26,,Active,Finance,NY
EE0008237,EMP1004,David,Walker,2001-07-29,2017-11-09,,Active,Customer Operations,FL
EE0008238,EMP1001,Sophia,Wilson,1999-05-06,2014-01-08,,Active,Sales,NY
EE0008239,EMP1001,Kevin,Adeyemi,2003-04-14,2024-08-11,2024-10-24,Terminated,Administration,OH
EE0008240,EMP1004,Fatima,Taylor,1999-06-26,2019-11-13,,Active,Customer Operations,FL
EE0008241,EMP1003,Leah,Wilson,1972-03-30,2022-09-10,2024-10-01,Terminated,Human Resources,OH
EE0008242,EMP1003,Michael,Williams,1975-11-08,2022-04-29,,Active,Information Technology,NC
EE0008243,EMP1001,Malik,Patel,2004-03-09,2018-02-23,,Active,Sales,NC
EE0008244,EMP1002,Olivia,Nguyen,1966-07-26,2016-07-28,2024-04-18,Terminated,Supply Chain,DC
EE0008245,EMP1005,Andre,Campbell,1970-06-16,2022-05-02,,Active,Operations,NY
EE0008246,EMP1001,Olivia,Moore,1985-05-26,2019-01-30,,Active,Human Resources,TX
EE0008247,EMP1002,Grace,Miller,1975-03-30,2020-03-19,,Active,Legal and Compliance,TX
EE0008248,EMP1004,Leah,Nguyen,1984-02-19,2014-08-16,,Active,Human Resources,FL
EE0008249,EMP1003,Maya,Okafor,1968-01-24,2017-03-03,,Active,Finance,NC
EE0008250,EMP1005,Malik,Chen,1967-05-29,2021-05-16,,Active,Finance,TX
EE0008251,EMP1001,Omar,Walker,1986-10-23,2015-01-16,,Active,Supply Chain,NC
EE0008252,EMP1003,Leah,Miller,1998-01-30,2022-02-21,,Active,Customer Operations,TX
EE0008253,EMP1004,Priya,Okafor,1965-01-21,2026-01-08,,Active,Legal and Compliance,NY
EE0008254,EMP1003,Daniel,Johnson,2005-04-21,2023-06-23,,Active,Administration,DC
EE0008255,EMP1004,Maya,Ibrahim,1971-08-31,2020-12-27,,Active,Legal and Compliance,FL
EE0008256,EMP1005,Naomi,Patel,2006-01-28,2023-04-06,,Active,Human Resources,NY
EE0008257,EMP1005,Leah,Davis,1972-10-16,2024-05-25,,Active,Human Resources,NY
EE0008258,EMP1005,Ethan,Johnson,1971-11-15,2017-05-28,,Active,Sales,DC
EE0008259,EMP1001,Noah,Wilson,1992-06-26,2019-06-27,,Active,Legal and Compliance,OH
EE0008260,EMP1004,Omar,Nguyen,1981-04-13,2016-04-06,,Active,Legal and Compliance,FL
EE0008261,EMP1001,Carlos,Williams,1983-06-27,2014-11-29,,Active,Supply Chain,OH
EE0008262,EMP1002,Luis,Wilson,1996-10-20,2017-11-26,,Active,Information Technology,MD
EE0008263,EMP1002,Noah,Adams,1971-07-11,2023-03-10,,Active,Finance,OH
EE0008264,EMP1001,Victor,Nguyen,1996-09-09,2016-09-05,2024-10-07,Terminated,Sales,OH
EE0008265,EMP1004,Noah,Nguyen,1969-09-12,2024-09-09,,Active,Information Technology,FL
EE0008266,EMP1004,David,Mensah,1990-08-08,2019-01-15,,Active,Operations,FL
EE0008267,EMP1003,Luis,Chen,1994-04-02,2025-09-22,2026-04-24,Terminated,Finance,NC
EE0008268,EMP1001,Leah,Taylor,1971-12-27,2017-04-07,2024-03-29,Terminated,Finance,OH
EE0008269,EMP1001,Elena,Chen,2002-11-15,2017-08-17,2024-04-23,Terminated,Supply Chain,NY
EE0008270,EMP1001,Daniel,Davis,2003-09-27,2014-07-22,,Active,Information Technology,OH
EE0008271,EMP1005,Michael,Taylor,1972-12-18,2023-11-03,,Active,Information Technology,NC
EE0008272,EMP1003,Nia,Robinson,1966-03-11,2021-03-07,,Active,Supply Chain,NC
EE0008273,EMP1004,Priya,Adeyemi,1992-05-02,2017-02-07,2024-09-10,Terminated,Finance,FL
EE0008274,EMP1005,Carlos,Okafor,1983-12-11,2018-05-20,,Active,Legal and Compliance,NY
EE0008275,EMP1002,Luis,Miller,1985-02-04,2026-03-15,,Active,Customer Operations,TX
EE0008276,EMP1001,Chiamaka,Ibrahim,1982-10-01,2018-09-05,,Active,Customer Operations,MD
EE0008277,EMP1004,Nia,Bennett,2001-10-06,2023-04-18,,Active,Supply Chain,OH
EE0008278,EMP1002,Samuel,Taylor,2001-06-24,2016-11-28,,Active,Legal and Compliance,MD
EE0008279,EMP1002,Kevin,Okafor,1995-08-15,2014-01-12,,Active,Customer Operations,NY
EE0008280,EMP1002,Daniel,Mensah,1975-03-21,2024-02-08,,Active,Information Technology,TX
EE0008281,EMP1004,Isaiah,Wilson,1990-11-05,2025-11-27,,Active,Sales,FL
EE0008282,EMP1005,Luis,Thomas,1985-02-23,2025-02-11,2026-03-27,Terminated,Customer Operations,TX
EE0008283,EMP1005,Carlos,Robinson,1974-07-04,2024-05-13,,Active,Human Resources,NY
EE0008284,EMP1003,Leah,Brown,1971-09-11,2025-07-22,,Active,Information Technology,MD
EE0008285,EMP1005,Naomi,Robinson,1987-02-01,2020-04-05,,Active,Finance,NY
EE0008286,EMP1002,Noah,Davis,1966-03-28,2021-12-28,,Active,Supply Chain,VA
EE0008287,EMP1001,Olivia,Chen,1971-04-11,2015-04-23,,Active,Human Resources,MD
EE0008288,EMP1002,Nia,Brown,1989-01-13,2014-05-05,2025-09-19,Terminated,Information Technology,TX
EE0008289,EMP1004,Amara,Martinez,1969-03-22,2022-10-02,,Active,Finance,FL
EE0008290,EMP1002,Fatima,Robinson,1975-09-09,2020-02-28,,Active,Information Technology,MD
EE0008291,EMP1001,Luis,Campbell,1967-09-09,2015-08-19,2024-09-05,Terminated,Information Technology,TX
EE0008292,EMP1002,Maya,Chen,1965-06-04,2014-04-28,,Active,Operations,DC
EE0008293,EMP1003,Naomi,Ibrahim,1962-01-09,2020-11-22,,Active,Customer Operations,NC
EE0008294,EMP1003,Leah,Johnson,1989-10-11,2019-03-04,,Active,Customer Operations,NC
EE0008295,EMP1002,Isaiah,Williams,1981-12-16,2016-11-27,,Active,Operations,OH
EE0008296,EMP1005,Priya,Smith,1970-08-26,2025-01-21,,Active,Legal and Compliance,NY
EE0008297,EMP1001,Leah,Brown,1980-02-08,2020-02-23,,Active,Administration,OH
EE0008298,EMP1003,Omar,Hernandez,1984-11-19,2021-07-10,,Active,Administration,NC
EE0008299,EMP1002,Andre,Moore,1987-12-17,2017-03-30,,Active,Supply Chain,TX
EE0008300,EMP1004,Michael,Lewis,1982-07-20,2014-04-12,,Active,Information Technology,FL
EE0008301,EMP1004,Chiamaka,Moore,2001-05-29,2020-09-20,,Active,Operations,FL
EE0008302,EMP1004,Kevin,Okafor,1990-12-25,2016-04-20,,Active,Information Technology,FL
EE0008303,EMP1003,Andre,Johnson,1967-01-13,2026-02-08,,Active,Finance,NC
EE0008304,EMP1002,Aaliyah,Garcia,2006-03-26,2023-10-06,,Active,Legal and Compliance,NC
EE0008305,EMP1004,Daniel,Taylor,2005-04-17,2020-05-02,,Active,Supply Chain,FL
EE0008306,EMP1004,Sophia,Williams,2004-03-20,2020-05-31,,Active,Operations,VA
EE0008307,EMP1003,Ethan,Robinson,1964-07-16,2016-10-14,2024-12-15,Terminated,Customer Operations,DC
EE0008308,EMP1001,Maya,Walker,1997-02-16,2015-07-05,,Active,Legal and Compliance,OH
EE0008309,EMP1001,Sophia,Moore,1973-06-26,2025-10-02,,Active,Administration,OH
EE0008310,EMP1002,Chiamaka,Nguyen,1974-02-15,2022-10-19,,Active,Legal and Compliance,TX
EE0008311,EMP1005,Jordan,Robinson,1967-04-01,2015-03-13,,Active,Information Technology,NY
EE0008312,EMP1005,Sophia,Bennett,1989-06-23,2021-10-30,,Active,Operations,NY
EE0008313,EMP1001,Olivia,Kim,1979-07-15,2014-07-24,,Active,Customer Operations,MD
EE0008314,EMP1004,Chiamaka,Chen,1978-07-08,2014-02-02,2025-02-06,Terminated,Administration,MD
EE0008315,EMP1001,Priya,Nguyen,1999-04-22,2025-02-10,,Active,Legal and Compliance,NC
EE0008316,EMP1002,Maya,Walker,1965-03-11,2020-11-17,,Active,Operations,TX
EE0008317,EMP1005,Samuel,Chen,1974-09-22,2016-12-05,,Active,Administration,NY
EE0008318,EMP1003,Luis,Ibrahim,1998-11-20,2025-10-21,,Active,Administration,NC
EE0008319,EMP1005,Carlos,Nguyen,1987-01-09,2024-08-25,,Active,Finance,TX
EE0008320,EMP1001,Victor,Mensah,1992-11-27,2020-12-31,,Active,Administration,OH
EE0008321,EMP1002,Elena,Nguyen,1968-11-10,2024-09-02,2025-07-05,Terminated,Finance,TX
EE0008322,EMP1001,Naomi,Moore,1987-11-16,2020-02-16,,Active,Sales,OH
EE0008323,EMP1001,Zoe,Johnson,2000-12-12,2019-12-22,2024-09-28,Terminated,Customer Operations,OH
EE0008324,EMP1003,David,Wilson,1965-10-03,2015-10-16,,Active,Administration,NC
EE0008325,EMP1002,Kevin,Chen,1967-10-01,2019-05-09,2025-06-05,Terminated,Customer Operations,TX
EE0008326,EMP1002,David,Martinez,1973-07-28,2026-01-24,,Active,Information Technology,TX
EE0008327,EMP1003,Naomi,Adeyemi,1989-11-29,2018-02-18,,Active,Finance,TX
EE0008328,EMP1004,Chiamaka,Hernandez,1998-01-22,2016-09-09,2024-05-12,Terminated,Finance,FL
EE0008329,EMP1001,Jordan,Adams,1999-08-17,2014-01-11,,Active,Operations,OH
EE0008330,EMP1003,Noah,Hernandez,1968-12-05,2026-01-02,,Active,Finance,NC
EE0008331,EMP1003,Victor,Martinez,2004-12-24,2026-01-13,,Active,Operations,NC
EE0008332,EMP1002,Fatima,Kim,1964-11-17,2025-11-28,,Active,Sales,TX
EE0008333,EMP1004,Isaiah,Mensah,1967-11-14,2020-11-23,,Active,Customer Operations,FL
EE0008334,EMP1001,Daniel,Adeyemi,1983-03-03,2015-05-12,,Active,Customer Operations,OH
EE0008335,EMP1005,Malik,Adeyemi,1971-12-20,2025-06-15,,Active,Customer Operations,NY
EE0008336,EMP1002,Leah,Robinson,1967-03-27,2014-10-22,,Active,Administration,NY
EE0008337,EMP1001,Jordan,Garcia,1967-04-23,2016-07-13,,Active,Information Technology,VA
EE0008338,EMP1001,Amara,Adeyemi,1962-04-25,2024-09-13,,Active,Information Technology,NY
EE0008339,EMP1002,Ethan,Thomas,1995-11-19,2021-03-29,2025-01-09,Terminated,Legal and Compliance,TX
EE0008340,EMP1005,Sophia,Robinson,1998-05-05,2015-08-17,,Active,Finance,OH
EE0008341,EMP1005,Victor,Bennett,2000-12-12,2022-03-08,2025-03-09,Terminated,Sales,DC
EE0008342,EMP1003,Amara,Robinson,2003-03-07,2024-11-24,,Active,Human Resources,MD
EE0008343,EMP1001,Grace,Smith,1969-09-27,2018-01-20,,Active,Sales,OH
EE0008344,EMP1005,Jasmine,Johnson,1980-05-22,2023-11-06,,Active,Information Technology,NY
EE0008345,EMP1005,Leah,Brown,2002-03-13,2019-09-01,,Active,Legal and Compliance,MD
EE0008346,EMP1004,Elena,Smith,1991-02-24,2023-02-06,2026-02-17,Terminated,Supply Chain,NY
EE0008347,EMP1004,Nia,Campbell,1998-04-26,2023-08-18,,Active,Customer Operations,DC
EE0008348,EMP1004,Sophia,Walker,1978-01-17,2014-06-03,,Active,Supply Chain,FL
EE0008349,EMP1005,Noah,Williams,1990-09-23,2021-12-10,,Active,Supply Chain,DC
EE0008350,EMP1005,Priya,Walker,1967-05-02,2016-06-18,2025-03-31,Terminated,Finance,NY
EE0008351,EMP1001,Samuel,Davis,1961-05-19,2019-06-17,,Active,Supply Chain,MD
EE0008352,EMP1004,Maya,Lewis,1973-04-10,2025-02-13,,Active,Customer Operations,FL
EE0008353,EMP1002,Naomi,Okafor,1969-03-22,2026-04-07,2026-05-23,Terminated,Legal and Compliance,TX
EE0008354,EMP1001,Elena,Smith,1963-10-10,2014-12-28,,Active,Customer Operations,OH
EE0008355,EMP1005,Kevin,Lewis,2002-02-10,2023-04-25,2025-08-19,Terminated,Sales,TX
EE0008356,EMP1003,Ethan,Kim,1968-08-11,2015-11-27,2025-05-25,Terminated,Legal and Compliance,NC
EE0008357,EMP1004,Sophia,Williams,1968-08-09,2017-12-21,,Active,Legal and Compliance,FL
EE0008358,EMP1004,Priya,Brown,1981-12-23,2022-03-15,,Active,Customer Operations,VA
EE0008359,EMP1001,Omar,Martinez,1982-10-14,2019-01-25,,Active,Information Technology,MD
EE0008360,EMP1003,Michael,Mensah,1974-02-27,2017-04-25,,Active,Operations,NC
EE0008361,EMP1004,Nia,Bennett,1995-02-27,2022-09-14,,Active,Sales,FL
EE0008362,EMP1004,Ethan,Garcia,1989-01-24,2017-03-16,,Active,Finance,VA
EE0008363,EMP1004,Noah,Smith,1961-03-17,2021-06-20,,Active,Sales,FL
EE0008364,EMP1003,Isaiah,Davis,1980-09-28,2025-10-17,,Active,Human Resources,NC
EE0008365,EMP1003,Samuel,Mensah,1997-08-01,2014-12-18,2025-06-22,Terminated,Sales,VA
EE0008366,EMP1003,David,Walker,1970-07-30,2018-11-12,,Active,Customer Operations,MD
EE0008367,EMP1005,Maya,Garcia,1962-01-12,2018-07-09,2024-11-06,Terminated,Administration,NC
EE0008368,EMP1004,Samuel,Robinson,1972-08-31,2022-07-07,,Active,Human Resources,FL
EE0008369,EMP1005,Isaiah,Miller,1991-07-04,2017-09-16,2024-08-15,Terminated,Customer Operations,FL
EE0008370,EMP1002,Michael,Wilson,1982-07-22,2022-01-11,,Active,Human Resources,TX
EE0008371,EMP1005,Jordan,Okafor,1967-01-12,2021-12-20,,Active,Finance,NY
EE0008372,EMP1001,Naomi,Nguyen,1973-10-05,2023-03-19,,Active,Human Resources,NY
EE0008373,EMP1004,Angela,Garcia,1994-03-11,2020-10-31,,Active,Human Resources,NY
EE0008374,EMP1002,Noah,Mensah,1969-12-20,2024-09-11,2024-11-17,Terminated,Customer Operations,TX
EE0008375,EMP1001,Angela,Okafor,1985-05-03,2016-05-15,,Active,Supply Chain,NY
EE0008376,EMP1001,Omar,Smith,1980-08-03,2018-02-27,,Active,Supply Chain,OH
EE0008377,EMP1002,Daniel,Patel,2000-12-07,2024-02-26,,Active,Human Resources,TX
EE0008378,EMP1005,Grace,Smith,1975-04-15,2024-03-14,2025-02-01,Terminated,Operations,NY
EE0008379,EMP1004,Aaliyah,Moore,2001-09-01,2017-08-10,,Active,Human Resources,FL
EE0008380,EMP1004,Samuel,Bennett,1981-09-21,2016-07-10,,Active,Legal and Compliance,FL
EE0008381,EMP1005,Malik,Okafor,1979-04-15,2022-12-07,2025-07-13,Terminated,Human Resources,DC
EE0008382,EMP1001,Sophia,Moore,1999-09-05,2017-03-14,,Active,Customer Operations,MD
EE0008383,EMP1004,Sophia,Adeyemi,1964-01-04,2017-03-08,2025-04-10,Terminated,Supply Chain,FL
EE0008384,EMP1004,Sophia,Smith,1992-03-07,2018-10-26,,Active,Supply Chain,FL
EE0008385,EMP1005,Priya,Davis,1975-08-24,2017-12-30,,Active,Supply Chain,NY
EE0008386,EMP1001,Olivia,Kim,1984-12-21,2014-04-25,,Active,Legal and Compliance,NC
EE0008387,EMP1002,Zoe,Robinson,1974-04-27,2014-12-06,,Active,Customer Operations,TX
EE0008388,EMP1003,Angela,Nguyen,1972-09-01,2017-08-28,,Active,Customer Operations,NC
EE0008389,EMP1001,Ethan,Chen,1965-02-23,2020-01-17,,Active,Information Technology,OH
EE0008390,EMP1005,Michael,Miller,1993-06-08,2015-11-16,,Active,Sales,NY
EE0008391,EMP1001,Amara,Lewis,2006-01-01,2019-11-11,,Active,Operations,OH
EE0008392,EMP1005,Samuel,Taylor,1972-11-29,2018-10-08,,Active,Administration,DC
EE0008393,EMP1004,Luis,Campbell,1989-06-06,2026-05-18,2026-06-29,Terminated,Finance,FL
EE0008394,EMP1002,Maya,Campbell,1973-06-25,2014-01-02,,Active,Administration,VA
EE0008395,EMP1003,Omar,Ibrahim,2001-10-06,2015-05-12,2024-04-05,Terminated,Operations,NC
EE0008396,EMP1002,Sophia,Mensah,1995-03-26,2018-06-27,2025-08-23,Terminated,Legal and Compliance,TX
EE0008397,EMP1003,Angela,Ibrahim,1971-08-19,2016-08-16,,Active,Information Technology,NC
EE0008398,EMP1005,Omar,Garcia,1974-01-09,2018-07-07,,Active,Supply Chain,VA
EE0008399,EMP1004,Carlos,Robinson,1977-06-27,2016-08-10,,Active,Operations,FL
EE0008400,EMP1005,Samuel,Chen,1970-10-03,2016-07-03,,Active,Customer Operations,MD
EE0008401,EMP1002,Michael,Chen,1969-12-12,2017-09-27,,Active,Legal and Compliance,TX
EE0008402,EMP1002,Chiamaka,Thomas,1974-04-05,2022-06-14,,Active,Administration,TX
EE0008403,EMP1002,Maya,Adeyemi,1982-08-06,2025-06-07,,Active,Supply Chain,TX
EE0008404,EMP1003,Malik,Johnson,1996-01-18,2017-09-12,,Active,Sales,NC
EE0008405,EMP1002,Omar,Miller,1969-09-01,2025-10-30,,Active,Supply Chain,VA
EE0008406,EMP1003,Leah,Brown,1994-08-13,2015-01-19,,Active,Operations,VA
EE0008407,EMP1001,Noah,Walker,1985-03-01,2022-01-19,,Active,Finance,OH
EE0008408,EMP1005,Malik,Miller,1978-11-18,2015-08-11,,Active,Customer Operations,NC
EE0008409,EMP1005,Andre,Adams,1992-04-03,2026-05-14,,Active,Administration,OH
EE0008410,EMP1005,Jordan,Smith,1997-05-18,2025-02-08,,Active,Legal and Compliance,NC
EE0008411,EMP1002,Maya,Adams,1978-12-20,2026-04-25,,Active,Operations,MD
EE0008412,EMP1005,David,Patel,2001-04-13,2019-08-19,,Active,Operations,NY
EE0008413,EMP1005,Elena,Garcia,1968-07-13,2025-04-22,,Active,Finance,NY
EE0008414,EMP1005,Daniel,Adams,1965-03-11,2024-01-12,,Active,Legal and Compliance,NY
EE0008415,EMP1002,Carlos,Robinson,1981-05-07,2015-07-11,,Active,Information Technology,NC
EE0008416,EMP1001,Carlos,Johnson,1983-05-18,2017-08-07,,Active,Finance,OH
EE0008417,EMP1005,Samuel,Williams,1976-09-25,2023-11-22,2024-01-17,Terminated,Customer Operations,NY
EE0008418,EMP1002,Leah,Lewis,1982-05-12,2015-11-23,2024-04-04,Terminated,Sales,TX
EE0008419,EMP1001,Carlos,Brown,1998-08-31,2017-02-18,,Active,Sales,OH
EE0008420,EMP1003,Isaiah,Hernandez,1974-03-29,2021-03-11,,Active,Customer Operations,NC
EE0008421,EMP1005,Jasmine,Williams,1965-05-03,2019-09-14,,Active,Administration,FL
EE0008422,EMP1003,Priya,Johnson,1996-09-16,2020-06-02,,Active,Administration,DC
EE0008423,EMP1004,Samuel,Nguyen,1997-08-31,2017-09-17,,Active,Sales,MD
EE0008424,EMP1004,Victor,Davis,1968-08-07,2025-03-19,,Active,Information Technology,FL
EE0008425,EMP1003,Fatima,Hernandez,1989-11-16,2023-07-22,,Active,Finance,NC
EE0008426,EMP1005,Omar,Kim,1981-04-07,2014-07-11,,Active,Human Resources,NY
EE0008427,EMP1003,Sophia,Martinez,1966-11-17,2016-12-18,2025-10-19,Terminated,Sales,NY
EE0008428,EMP1002,Luis,Johnson,1991-05-09,2020-08-26,,Active,Information Technology,NC
EE0008429,EMP1004,Andre,Ibrahim,1977-03-10,2017-05-18,2025-12-17,Terminated,Operations,FL
EE0008430,EMP1005,Malik,Johnson,1962-11-29,2016-06-28,,Active,Supply Chain,NY
EE0008431,EMP1002,Elena,Mensah,1980-01-23,2018-08-24,,Active,Human Resources,TX
EE0008432,EMP1001,Samuel,Williams,2001-08-21,2016-10-27,,Active,Information Technology,OH
EE0008433,EMP1004,Grace,Okafor,1986-04-02,2023-06-01,,Active,Administration,VA
EE0008434,EMP1003,Grace,Campbell,1963-09-20,2024-09-29,2026-01-15,Terminated,Operations,OH
EE0008435,EMP1005,Grace,Garcia,1969-10-23,2017-01-07,2024-12-05,Terminated,Operations,OH
EE0008436,EMP1002,Ethan,Campbell,1991-09-17,2014-04-25,,Active,Finance,TX
EE0008437,EMP1002,Priya,Garcia,2007-04-07,2023-03-27,2024-06-11,Terminated,Customer Operations,TX
EE0008438,EMP1004,Andre,Nguyen,2003-07-24,2014-12-09,,Active,Finance,TX
EE0008439,EMP1002,Noah,Robinson,2000-02-14,2020-02-06,,Active,Operations,NY
EE0008440,EMP1002,Victor,Adams,1999-10-04,2017-01-16,,Active,Customer Operations,TX
EE0008441,EMP1002,Victor,Moore,1972-12-22,2016-01-10,,Active,Operations,DC
EE0008442,EMP1003,Leah,Bennett,1983-06-27,2021-04-29,,Active,Human Resources,NC
EE0008443,EMP1005,Daniel,Wilson,1999-02-10,2019-06-09,,Active,Human Resources,DC
EE0008444,EMP1001,Michael,Nguyen,2000-08-26,2022-05-16,,Active,Sales,NC
EE0008445,EMP1001,Kevin,Thomas,1966-07-03,2019-04-28,,Active,Supply Chain,OH
EE0008446,EMP1002,Andre,Kim,1975-03-06,2014-09-28,,Active,Supply Chain,TX
EE0008447,EMP1002,Noah,Smith,1977-09-07,2021-06-13,,Active,Finance,NC
EE0008448,EMP1004,Omar,Adeyemi,1968-11-29,2019-07-10,,Active,Supply Chain,FL
EE0008449,EMP1002,Noah,Wilson,1993-05-17,2025-03-12,,Active,Customer Operations,NC
EE0008450,EMP1002,Andre,Mensah,2007-02-15,2017-11-09,,Active,Administration,TX
EE0008451,EMP1005,Priya,Bennett,1972-05-15,2016-11-28,,Active,Sales,DC
EE0008452,EMP1001,Jordan,Taylor,1998-09-30,2024-05-21,,Active,Human Resources,DC
EE0008453,EMP1001,David,Lewis,1975-01-06,2022-05-31,,Active,Operations,TX
EE0008454,EMP1005,Aaliyah,Kim,1999-06-26,2021-01-18,2026-03-07,Terminated,Customer Operations,NY
EE0008455,EMP1001,Jordan,Thomas,1999-03-25,2014-07-26,,Active,Administration,OH
EE0008456,EMP1004,Victor,Adeyemi,1977-10-29,2019-08-06,2024-08-16,Terminated,Operations,VA
EE0008457,EMP1003,Leah,Taylor,1986-04-19,2019-10-22,,Active,Information Technology,NC
EE0008458,EMP1003,Sophia,Walker,1987-08-19,2025-04-04,2025-07-04,Terminated,Finance,NC
EE0008459,EMP1002,Andre,Walker,1962-04-28,2024-07-24,,Active,Information Technology,OH
EE0008460,EMP1002,Carlos,Hernandez,1994-07-18,2015-04-08,,Active,Supply Chain,TX
EE0008461,EMP1003,Elena,Hernandez,1985-08-17,2023-11-20,,Active,Customer Operations,NC
EE0008462,EMP1003,David,Moore,1968-12-08,2021-11-01,2025-02-02,Terminated,Human Resources,NC
EE0008463,EMP1003,Leah,Davis,1979-07-20,2017-02-08,,Active,Legal and Compliance,NC
EE0008464,EMP1003,Omar,Patel,1984-08-15,2014-09-02,2024-05-24,Terminated,Sales,NC
EE0008465,EMP1002,Ethan,Chen,2000-03-13,2026-01-03,,Active,Information Technology,FL
EE0008466,EMP1005,Chiamaka,Taylor,1968-02-17,2019-12-31,,Active,Information Technology,OH
EE0008467,EMP1001,Jasmine,Hernandez,1997-03-09,2019-08-05,,Active,Human Resources,TX
EE0008468,EMP1003,Ethan,Campbell,1972-03-09,2021-08-18,,Active,Administration,MD
EE0008469,EMP1001,Grace,Brown,2000-02-11,2019-07-18,,Active,Information Technology,MD
EE0008470,EMP1005,Samuel,Mensah,1977-09-01,2025-09-04,2026-06-26,Terminated,Supply Chain,OH
EE0008471,EMP1005,David,Williams,1971-07-21,2021-12-12,,Active,Legal and Compliance,NY
EE0008472,EMP1004,Jordan,Williams,1961-06-18,2023-05-16,2024-04-16,Terminated,Finance,FL
EE0008473,EMP1001,Samuel,Wilson,1968-06-13,2017-11-05,,Active,Sales,OH
EE0008474,EMP1004,Carlos,Lewis,1975-02-22,2016-10-18,,Active,Administration,FL
EE0008475,EMP1005,Malik,Adams,1980-06-05,2026-04-06,,Active,Administration,NY
EE0008476,EMP1002,Angela,Nguyen,2004-03-21,2017-03-23,,Active,Finance,TX
EE0008477,EMP1001,Andre,Bennett,1980-12-23,2017-10-07,2024-10-18,Terminated,Customer Operations,TX
EE0008478,EMP1001,Ethan,Taylor,1967-08-18,2018-06-03,,Active,Legal and Compliance,FL
EE0008479,EMP1003,Naomi,Lewis,1991-07-21,2015-05-16,2025-10-11,Terminated,Human Resources,DC
EE0008480,EMP1001,Naomi,Wilson,2004-07-12,2022-08-17,,Active,Legal and Compliance,NY
EE0008481,EMP1003,Amara,Kim,1973-10-04,2016-09-07,,Active,Human Resources,NY
EE0008482,EMP1005,Fatima,Hernandez,2003-12-29,2024-04-08,,Active,Administration,NY
EE0008483,EMP1004,David,Wilson,2004-07-27,2023-01-10,,Active,Administration,FL
EE0008484,EMP1003,Maya,Garcia,1996-01-09,2018-12-30,2026-01-09,Terminated,Sales,NY
EE0008485,EMP1001,Michael,Miller,1999-04-04,2019-08-06,,Active,Operations,OH
EE0008486,EMP1005,Nia,Patel,1966-06-29,2022-08-02,,Active,Sales,OH
EE0008487,EMP1005,Noah,Wilson,1987-01-04,2021-10-22,,Active,Finance,OH
EE0008488,EMP1003,Maya,Williams,1997-02-16,2020-06-16,,Active,Sales,NC
EE0008489,EMP1003,Jasmine,Johnson,1990-09-27,2022-05-12,2024-12-21,Terminated,Operations,NC
EE0008490,EMP1005,Andre,Hernandez,1997-08-08,2017-02-14,2024-04-07,Terminated,Human Resources,NY
EE0008491,EMP1003,Aaliyah,Okafor,2005-10-24,2015-12-16,,Active,Operations,NC
EE0008492,EMP1005,Zoe,Johnson,1981-03-26,2018-07-31,,Active,Information Technology,NY
EE0008493,EMP1005,Ethan,Miller,1989-12-05,2018-04-12,,Active,Human Resources,NY
EE0008494,EMP1004,Michael,Williams,1964-07-24,2022-04-06,2024-10-07,Terminated,Administration,FL
EE0008495,EMP1002,Ethan,Hernandez,1992-08-19,2026-01-02,,Active,Sales,TX
EE0008496,EMP1004,Elena,Robinson,2001-05-31,2022-03-29,2024-06-24,Terminated,Operations,FL
EE0008497,EMP1001,Sophia,Hernandez,1976-10-18,2017-02-24,,Active,Administration,OH
EE0008498,EMP1002,Michael,Adeyemi,1971-06-13,2020-05-10,,Active,Legal and Compliance,TX
EE0008499,EMP1004,Grace,Ibrahim,1990-10-23,2019-04-05,2025-06-13,Terminated,Sales,OH
EE0008500,EMP1001,Amara,Miller,1978-10-18,2017-05-30,,Active,Legal and Compliance,FL
EE0008501,EMP1002,Malik,Walker,2007-06-02,2015-02-19,,Active,Human Resources,TX
EE0008502,EMP1003,Daniel,Martinez,1986-11-07,2021-01-26,,Active,Information Technology,NC
EE0008503,EMP1003,Priya,Smith,1992-01-11,2017-03-13,,Active,Supply Chain,NC
EE0008504,EMP1002,Michael,Walker,1961-04-06,2020-07-22,,Active,Information Technology,TX
EE0008505,EMP1001,Zoe,Patel,2001-12-30,2021-04-24,,Active,Legal and Compliance,OH
EE0008506,EMP1002,Ethan,Nguyen,1982-08-17,2017-10-06,,Active,Finance,VA
EE0008507,EMP1001,Jasmine,Bennett,1989-06-14,2026-01-13,,Active,Administration,OH
EE0008508,EMP1004,Naomi,Adeyemi,2002-09-19,2017-09-24,,Active,Finance,NC
EE0008509,EMP1003,Carlos,Kim,1970-10-29,2018-08-01,,Active,Sales,NY
EE0008510,EMP1005,Fatima,Nguyen,1999-07-06,2026-05-07,,Active,Supply Chain,TX
EE0008511,EMP1001,Daniel,Patel,1965-11-12,2021-04-22,2025-05-26,Terminated,Legal and Compliance,OH
EE0008512,EMP1004,Kevin,Kim,1977-05-07,2017-10-05,,Active,Human Resources,FL
EE0008513,EMP1004,Kevin,Brown,1994-04-24,2020-01-27,,Active,Sales,FL
EE0008514,EMP1005,Andre,Brown,1993-06-03,2015-06-02,,Active,Legal and Compliance,NY
EE0008515,EMP1003,Sophia,Wilson,1979-11-20,2016-05-20,,Active,Finance,NC
EE0008516,EMP1003,Olivia,Nguyen,1982-05-04,2025-02-11,,Active,Human Resources,DC
EE0008517,EMP1003,Priya,Davis,1996-12-12,2023-12-19,,Active,Finance,OH
EE0008518,EMP1001,Michael,Ibrahim,1994-03-13,2019-07-07,,Active,Finance,OH
EE0008519,EMP1004,Carlos,Hernandez,1976-08-08,2025-07-03,2026-06-04,Terminated,Operations,FL
EE0008520,EMP1001,Priya,Robinson,1996-02-27,2023-02-23,,Active,Operations,NY
EE0008521,EMP1002,Michael,Garcia,1997-01-01,2023-03-18,,Active,Operations,VA
EE0008522,EMP1001,Aaliyah,Adams,2006-12-31,2025-07-22,,Active,Sales,OH
EE0008523,EMP1001,Victor,Brown,1999-03-18,2024-03-04,2025-11-07,Terminated,Sales,OH
EE0008524,EMP1004,Amara,Davis,1997-12-14,2016-04-21,,Active,Information Technology,FL
EE0008525,EMP1004,Samuel,Brown,1965-04-13,2021-07-06,,Active,Information Technology,FL
EE0008526,EMP1001,Angela,Moore,1995-04-09,2016-03-25,,Active,Operations,OH
EE0008527,EMP1001,Luis,Ibrahim,1986-11-13,2025-01-15,,Active,Administration,TX
EE0008528,EMP1003,Victor,Mensah,1969-12-18,2019-06-03,2025-12-03,Terminated,Information Technology,OH
EE0008529,EMP1001,Chiamaka,Smith,1985-08-22,2016-03-08,,Active,Customer Operations,FL
EE0008530,EMP1001,Michael,Smith,1996-06-08,2024-06-10,,Active,Administration,NY
EE0008531,EMP1004,Fatima,Davis,1977-01-05,2021-07-01,,Active,Finance,FL
EE0008532,EMP1001,Chiamaka,Lewis,2002-06-09,2023-02-13,,Active,Customer Operations,FL
EE0008533,EMP1005,Omar,Campbell,1985-01-28,2014-05-01,,Active,Administration,NY
EE0008534,EMP1004,Priya,Patel,2005-05-21,2020-03-04,,Active,Operations,FL
EE0008535,EMP1002,Luis,Brown,2001-09-06,2022-06-07,,Active,Information Technology,NY
EE0008536,EMP1005,Naomi,Patel,1983-09-03,2019-03-23,,Active,Administration,NY
EE0008537,EMP1005,Leah,Patel,1991-12-05,2019-07-08,,Active,Information Technology,NY
EE0008538,EMP1001,Victor,Adams,1969-02-28,2018-09-09,2025-01-18,Terminated,Human Resources,DC
EE0008539,EMP1003,Zoe,Taylor,1974-12-17,2024-05-10,,Active,Human Resources,NC
EE0008540,EMP1003,Naomi,Williams,1984-03-11,2022-04-06,,Active,Customer Operations,FL
EE0008541,EMP1002,Maya,Walker,1973-01-29,2023-11-13,2026-05-27,Terminated,Sales,TX
EE0008542,EMP1005,Samuel,Hernandez,1988-02-05,2021-07-25,,Active,Customer Operations,NY
EE0008543,EMP1003,Olivia,Adeyemi,1985-03-05,2017-11-24,2024-01-31,Terminated,Information Technology,NC
EE0008544,EMP1005,Zoe,Hernandez,1978-08-06,2021-09-12,,Active,Finance,NY
EE0008545,EMP1005,Noah,Bennett,1992-02-02,2017-04-27,,Active,Customer Operations,NY
EE0008546,EMP1005,Kevin,Walker,1984-12-07,2022-12-19,,Active,Customer Operations,NY
EE0008547,EMP1004,Andre,Ibrahim,1980-07-27,2023-06-07,,Active,Information Technology,FL
EE0008548,EMP1003,Grace,Garcia,1986-04-08,2023-02-21,,Active,Legal and Compliance,NC
EE0008549,EMP1004,Isaiah,Wilson,1972-08-30,2024-03-07,2024-08-29,Terminated,Finance,FL
EE0008550,EMP1001,Chiamaka,Taylor,1961-11-02,2021-06-18,,Active,Sales,OH
EE0008551,EMP1004,Olivia,Wilson,1974-02-12,2014-05-24,,Active,Operations,FL
EE0008552,EMP1001,Jordan,Ibrahim,1987-02-16,2020-02-03,,Active,Administration,TX
EE0008553,EMP1003,Fatima,Bennett,1991-04-05,2014-08-21,,Active,Administration,NC
EE0008554,EMP1002,Aaliyah,Brown,1989-11-12,2014-07-03,,Active,Supply Chain,TX
EE0008555,EMP1001,Elena,Miller,1974-08-11,2017-02-20,,Active,Customer Operations,NC
EE0008556,EMP1002,David,Brown,1965-04-02,2019-04-30,,Active,Human Resources,TX
EE0008557,EMP1003,Sophia,Martinez,1978-04-08,2016-03-15,2024-08-25,Terminated,Supply Chain,NC
EE0008558,EMP1002,David,Hernandez,1965-12-04,2022-05-21,,Active,Sales,NC
EE0008559,EMP1005,Nia,Miller,2001-07-06,2023-02-22,,Active,Finance,NY
EE0008560,EMP1003,Luis,Lewis,1971-06-22,2025-07-12,,Active,Human Resources,MD
EE0008561,EMP1005,Nia,Okafor,1987-07-31,2022-12-25,,Active,Supply Chain,DC
EE0008562,EMP1004,David,Garcia,1977-01-06,2024-01-05,,Active,Sales,FL
EE0008563,EMP1003,Priya,Adams,1962-08-30,2022-05-02,,Active,Administration,NC
EE0008564,EMP1004,Andre,Davis,1981-02-09,2015-06-30,2026-01-19,Terminated,Human Resources,TX
EE0008565,EMP1005,Chiamaka,Smith,1999-02-16,2014-07-12,,Active,Human Resources,NY
EE0008566,EMP1004,Sophia,Robinson,1976-08-11,2015-05-01,,Active,Sales,NY
EE0008567,EMP1005,Amara,Bennett,2005-05-04,2022-07-27,,Active,Sales,NY
EE0008568,EMP1003,Zoe,Garcia,1972-03-08,2023-12-27,,Active,Supply Chain,NC
EE0008569,EMP1002,Victor,Smith,1991-10-01,2023-03-14,,Active,Administration,TX
EE0008570,EMP1004,Elena,Brown,1976-10-29,2014-09-23,,Active,Administration,NY
EE0008571,EMP1003,Naomi,Smith,1963-12-08,2021-03-27,,Active,Legal and Compliance,NC
EE0008572,EMP1005,Carlos,Hernandez,1964-03-30,2015-06-19,2025-07-05,Terminated,Human Resources,NY
EE0008573,EMP1002,Grace,Lewis,1976-01-20,2020-11-23,,Active,Customer Operations,TX
EE0008574,EMP1001,Chiamaka,Kim,1979-06-11,2019-12-12,,Active,Finance,NY
EE0008575,EMP1003,David,Patel,1996-10-20,2019-06-21,,Active,Operations,NC
EE0008576,EMP1001,Malik,Ibrahim,1990-03-25,2024-09-23,,Active,Finance,DC
EE0008577,EMP1004,Andre,Garcia,1962-08-28,2018-12-17,,Active,Operations,DC
EE0008578,EMP1005,Chiamaka,Davis,1971-02-12,2022-08-15,2024-07-30,Terminated,Information Technology,VA
EE0008579,EMP1005,Isaiah,Robinson,1997-07-30,2024-05-15,,Active,Information Technology,NY
EE0008580,EMP1003,Zoe,Walker,1973-06-09,2016-01-05,,Active,Customer Operations,NC
EE0008581,EMP1001,Naomi,Johnson,2000-12-02,2015-07-22,,Active,Sales,MD
EE0008582,EMP1002,Nia,Patel,1974-05-06,2014-11-22,,Active,Information Technology,NY
EE0008583,EMP1004,Jordan,Johnson,1962-08-25,2022-06-08,,Active,Customer Operations,FL
EE0008584,EMP1004,Zoe,Ibrahim,2001-02-08,2023-05-06,,Active,Sales,DC
EE0008585,EMP1003,Naomi,Campbell,1962-11-26,2020-07-13,,Active,Finance,NC
EE0008586,EMP1001,Ethan,Kim,2007-01-07,2020-03-06,,Active,Operations,OH
EE0008587,EMP1002,Grace,Kim,2001-12-25,2022-09-16,,Active,Human Resources,TX
EE0008588,EMP1005,Samuel,Davis,1996-08-24,2014-03-20,,Active,Information Technology,NY
EE0008589,EMP1003,Kevin,Kim,1988-01-08,2015-02-08,,Active,Administration,NC
EE0008590,EMP1005,Grace,Okafor,1975-05-20,2026-02-11,2026-04-21,Terminated,Information Technology,OH
EE0008591,EMP1002,Omar,Lewis,1981-01-08,2020-04-09,,Active,Information Technology,NY
EE0008592,EMP1005,Fatima,Thomas,1971-06-17,2022-02-08,2024-08-09,Terminated,Administration,NY
EE0008593,EMP1004,Maya,Kim,1997-09-01,2014-09-05,2024-12-13,Terminated,Information Technology,FL
EE0008594,EMP1002,David,Campbell,1988-04-14,2026-04-04,,Active,Customer Operations,TX
EE0008595,EMP1003,Zoe,Lewis,1979-03-21,2015-09-19,,Active,Sales,NC
EE0008596,EMP1002,Priya,Moore,1966-06-27,2022-11-11,,Active,Customer Operations,NY
EE0008597,EMP1002,Priya,Hernandez,1966-07-05,2021-08-26,2026-02-13,Terminated,Customer Operations,TX
EE0008598,EMP1005,Carlos,Williams,1969-02-18,2019-06-26,,Active,Supply Chain,NY
EE0008599,EMP1004,Jordan,Chen,1963-05-30,2018-07-11,,Active,Supply Chain,FL
EE0008600,EMP1001,Sophia,Campbell,1991-06-06,2017-03-07,,Active,Legal and Compliance,TX
EE0008601,EMP1004,Naomi,Davis,1971-12-03,2017-06-10,,Active,Operations,FL
EE0008602,EMP1005,Samuel,Wilson,1980-02-10,2014-07-29,,Active,Customer Operations,NY
EE0008603,EMP1003,Luis,Garcia,1964-05-05,2021-11-20,,Active,Customer Operations,NC
EE0008604,EMP1002,Omar,Moore,2001-12-11,2018-11-21,,Active,Sales,TX
EE0008605,EMP1003,Noah,Miller,1970-06-22,2017-04-11,2026-03-29,Terminated,Administration,NY
EE0008606,EMP1001,Naomi,Okafor,1990-03-03,2015-08-22,,Active,Human Resources,OH
EE0008607,EMP1001,Noah,Brown,1966-04-11,2015-04-18,2024-02-18,Terminated,Sales,OH
EE0008608,EMP1001,Priya,Garcia,1971-12-13,2022-08-02,,Active,Administration,OH
EE0008609,EMP1004,Samuel,Ibrahim,1994-05-19,2021-01-01,,Active,Legal and Compliance,FL
EE0008610,EMP1001,Carlos,Johnson,1985-07-29,2024-09-08,,Active,Information Technology,OH
EE0008611,EMP1002,Michael,Lewis,1964-06-06,2015-07-28,,Active,Human Resources,DC
EE0008612,EMP1005,Kevin,Ibrahim,1978-01-06,2019-03-11,,Active,Information Technology,NY
EE0008613,EMP1001,Victor,Wilson,1983-02-10,2018-03-23,,Active,Information Technology,OH
EE0008614,EMP1004,Leah,Adeyemi,1965-07-04,2020-08-29,,Active,Operations,FL
EE0008615,EMP1002,Noah,Thomas,1995-05-10,2014-11-27,,Active,Legal and Compliance,OH
EE0008616,EMP1004,Michael,Brown,1971-02-22,2022-08-26,,Active,Human Resources,FL
EE0008617,EMP1003,Noah,Patel,1978-11-05,2022-05-07,2024-08-03,Terminated,Legal and Compliance,NC
EE0008618,EMP1004,Elena,Okafor,1986-09-17,2022-01-04,2024-03-05,Terminated,Supply Chain,DC
EE0008619,EMP1001,Victor,Thomas,1980-03-20,2014-01-15,,Active,Administration,OH
EE0008620,EMP1003,Isaiah,Garcia,1993-03-31,2018-09-19,,Active,Administration,NC
EE0008621,EMP1003,Jordan,Brown,1987-10-01,2024-12-02,,Active,Supply Chain,NC
EE0008622,EMP1001,Zoe,Bennett,1980-07-16,2020-07-21,2024-12-04,Terminated,Finance,DC
EE0008623,EMP1003,Leah,Davis,1999-11-08,2022-05-06,,Active,Legal and Compliance,NY
EE0008624,EMP1003,Noah,Ibrahim,1982-11-23,2020-05-08,,Active,Legal and Compliance,NC
EE0008625,EMP1003,Aaliyah,Adeyemi,1961-08-27,2025-11-14,,Active,Operations,NC
EE0008626,EMP1002,Elena,Brown,1975-01-25,2016-11-28,2026-04-16,Terminated,Human Resources,VA
EE0008627,EMP1005,Aaliyah,Taylor,1974-05-04,2021-07-02,,Active,Sales,NY
EE0008628,EMP1005,Andre,Robinson,1999-12-22,2025-05-30,,Active,Operations,NY
EE0008629,EMP1005,David,Adams,1976-06-21,2015-10-01,,Active,Human Resources,NY
EE0008630,EMP1004,Elena,Thomas,1978-04-08,2020-01-15,2024-12-14,Terminated,Sales,FL
EE0008631,EMP1002,Kevin,Brown,1973-12-17,2016-10-24,,Active,Sales,TX
EE0008632,EMP1001,Jasmine,Nguyen,2001-08-09,2016-12-08,,Active,Legal and Compliance,FL
EE0008633,EMP1005,Grace,Okafor,1974-03-12,2023-06-26,2024-09-24,Terminated,Finance,NY
EE0008634,EMP1005,Grace,Thomas,1980-03-27,2024-12-08,,Active,Information Technology,VA
EE0008635,EMP1001,Sophia,Okafor,1977-09-18,2019-12-22,,Active,Information Technology,OH
EE0008636,EMP1004,Luis,Williams,1974-07-13,2017-04-01,,Active,Legal and Compliance,DC
EE0008637,EMP1001,Chiamaka,Walker,2001-08-25,2014-10-12,,Active,Sales,OH
EE0008638,EMP1004,Noah,Nguyen,1962-01-24,2022-11-15,,Active,Supply Chain,OH
EE0008639,EMP1005,David,Kim,1970-05-17,2023-03-14,,Active,Finance,NY
EE0008640,EMP1004,David,Thomas,1985-07-12,2017-12-14,,Active,Legal and Compliance,FL
EE0008641,EMP1002,Fatima,Brown,1965-08-11,2025-08-02,,Active,Operations,TX
EE0008642,EMP1005,Carlos,Miller,1965-04-30,2015-08-30,,Active,Human Resources,NY
EE0008643,EMP1002,David,Nguyen,1998-06-20,2015-05-14,,Active,Legal and Compliance,OH
EE0008644,EMP1003,Elena,Hernandez,2004-09-12,2016-07-25,,Active,Customer Operations,OH
EE0008645,EMP1003,Aaliyah,Thomas,1972-01-26,2023-08-11,,Active,Supply Chain,DC
EE0008646,EMP1002,Daniel,Ibrahim,1975-06-22,2015-09-10,,Active,Finance,TX
EE0008647,EMP1001,David,Robinson,1989-06-14,2014-11-29,,Active,Administration,NC
EE0008648,EMP1002,Kevin,Davis,1987-08-02,2017-04-14,,Active,Supply Chain,TX
EE0008649,EMP1003,Luis,Bennett,1980-12-26,2022-04-16,,Active,Administration,DC
EE0008650,EMP1003,Omar,Adeyemi,1971-05-18,2026-04-30,,Active,Customer Operations,VA
EE0008651,EMP1002,Leah,Garcia,1967-12-20,2025-10-18,,Active,Legal and Compliance,VA
EE0008652,EMP1002,Elena,Adams,2006-11-08,2016-01-08,,Active,Information Technology,MD
EE0008653,EMP1004,Andre,Adeyemi,1976-09-04,2022-06-23,,Active,Operations,FL
EE0008654,EMP1002,Jordan,Hernandez,2002-01-17,2022-02-14,,Active,Administration,TX
EE0008655,EMP1001,Daniel,Smith,1979-03-02,2019-08-27,,Active,Human Resources,OH
EE0008656,EMP1002,Naomi,Davis,1998-03-15,2018-08-18,,Active,Supply Chain,TX
EE0008657,EMP1005,Zoe,Patel,1983-06-03,2018-08-18,,Active,Information Technology,NY
EE0008658,EMP1003,Malik,Patel,2002-11-16,2025-01-29,,Active,Operations,NC
EE0008659,EMP1004,Noah,Brown,1963-11-22,2021-10-01,2025-12-23,Terminated,Administration,MD
EE0008660,EMP1005,Kevin,Williams,2002-04-16,2018-07-17,,Active,Sales,NY
EE0008661,EMP1003,Kevin,Kim,1970-07-25,2022-02-24,,Active,Sales,NC
EE0008662,EMP1002,Michael,Walker,1995-08-24,2014-11-29,,Active,Administration,TX
EE0008663,EMP1001,Noah,Adams,1994-03-23,2022-04-10,,Active,Customer Operations,NY
EE0008664,EMP1005,Aaliyah,Ibrahim,1988-08-13,2014-10-02,,Active,Information Technology,VA
EE0008665,EMP1001,Zoe,Taylor,1965-11-06,2018-06-23,2025-10-13,Terminated,Legal and Compliance,DC
EE0008666,EMP1001,Carlos,Smith,1999-05-26,2024-05-29,,Active,Information Technology,DC
EE0008667,EMP1004,Olivia,Williams,1979-05-09,2020-10-09,,Active,Administration,OH
EE0008668,EMP1001,Elena,Mensah,1973-07-29,2020-02-14,,Active,Human Resources,TX
EE0008669,EMP1002,Kevin,Garcia,1968-01-09,2018-09-26,2026-05-04,Terminated,Operations,NY
EE0008670,EMP1002,Priya,Walker,1997-08-19,2020-02-01,,Active,Operations,OH
EE0008671,EMP1005,Kevin,Taylor,1982-11-27,2026-01-08,,Active,Sales,NY
EE0008672,EMP1002,Michael,Martinez,1992-02-22,2024-06-20,,Active,Human Resources,MD
EE0008673,EMP1005,Grace,Johnson,1989-03-21,2017-10-12,,Active,Supply Chain,NY
EE0008674,EMP1001,Noah,Brown,2002-10-09,2022-07-22,,Active,Finance,NC
EE0008675,EMP1002,Chiamaka,Brown,1969-04-08,2022-05-15,2024-06-24,Terminated,Legal and Compliance,TX
EE0008676,EMP1004,Chiamaka,Campbell,1998-04-24,2018-12-04,,Active,Finance,FL
EE0008677,EMP1003,Maya,Adeyemi,1997-08-18,2019-04-10,,Active,Finance,DC
EE0008678,EMP1004,Sophia,Ibrahim,1970-10-17,2018-01-14,,Active,Information Technology,FL
EE0008679,EMP1002,Kevin,Martinez,2002-01-04,2022-02-17,,Active,Supply Chain,TX
EE0008680,EMP1005,Noah,Campbell,1962-07-16,2026-04-13,2026-06-06,Terminated,Customer Operations,NY
EE0008681,EMP1003,Kevin,Williams,1978-05-29,2019-09-24,,Active,Information Technology,NC
EE0008682,EMP1001,Jordan,Ibrahim,2003-04-28,2017-11-13,,Active,Customer Operations,OH
EE0008683,EMP1005,Leah,Adams,1984-04-29,2020-12-04,,Active,Supply Chain,FL
EE0008684,EMP1001,Omar,Kim,2006-07-26,2018-04-01,,Active,Legal and Compliance,MD
EE0008685,EMP1002,Carlos,Adeyemi,1966-01-22,2015-08-02,,Active,Sales,NC
EE0008686,EMP1003,Chiamaka,Davis,1982-11-12,2014-10-29,,Active,Administration,NC
EE0008687,EMP1005,Nia,Kim,1989-10-09,2024-10-19,,Active,Operations,VA
EE0008688,EMP1005,Nia,Martinez,1975-03-22,2025-09-28,2026-01-25,Terminated,Sales,NY
EE0008689,EMP1004,Zoe,Chen,2001-03-21,2020-01-13,,Active,Human Resources,FL
EE0008690,EMP1004,Angela,Johnson,2006-10-11,2021-04-09,,Active,Operations,NC
EE0008691,EMP1001,Maya,Wilson,1980-07-26,2016-04-25,,Active,Administration,OH
EE0008692,EMP1005,Olivia,Bennett,2006-05-15,2015-10-13,,Active,Administration,VA
EE0008693,EMP1003,Grace,Robinson,2005-02-19,2024-01-07,,Active,Legal and Compliance,NC
EE0008694,EMP1005,Angela,Lewis,1969-05-08,2018-11-29,,Active,Human Resources,OH
EE0008695,EMP1002,Aaliyah,Smith,1978-01-14,2019-04-26,,Active,Operations,TX
EE0008696,EMP1003,Daniel,Smith,1997-11-25,2025-05-26,,Active,Operations,NC
EE0008697,EMP1005,Fatima,Bennett,1961-07-08,2023-03-26,,Active,Administration,MD
EE0008698,EMP1005,Victor,Moore,1982-09-02,2023-02-16,,Active,Human Resources,NY
EE0008699,EMP1005,Fatima,Taylor,1964-09-10,2022-06-19,,Active,Customer Operations,NY
EE0008700,EMP1002,David,Walker,1991-04-04,2024-04-08,,Active,Operations,NY
EE0008701,EMP1004,Jasmine,Brown,2004-05-07,2016-12-26,2026-05-02,Terminated,Administration,FL
EE0008702,EMP1001,Samuel,Mensah,1977-08-31,2024-01-18,2024-11-20,Terminated,Operations,OH
EE0008703,EMP1004,Noah,Moore,2005-01-02,2015-11-21,,Active,Customer Operations,OH
EE0008704,EMP1002,Sophia,Chen,1975-12-02,2017-01-04,,Active,Sales,TX
EE0008705,EMP1004,David,Wilson,1985-01-29,2015-04-21,,Active,Legal and Compliance,FL
EE0008706,EMP1002,Angela,Williams,1978-10-13,2021-01-26,,Active,Legal and Compliance,TX
EE0008707,EMP1002,Luis,Garcia,1992-09-22,2024-06-19,,Active,Sales,TX
EE0008708,EMP1004,Michael,Wilson,1963-01-19,2017-11-23,,Active,Information Technology,FL
EE0008709,EMP1001,Andre,Williams,1999-01-12,2014-11-02,,Active,Supply Chain,VA
EE0008710,EMP1003,Daniel,Walker,1989-04-10,2015-10-04,,Active,Human Resources,NC
EE0008711,EMP1004,Grace,Smith,1961-07-02,2025-04-06,,Active,Finance,FL
EE0008712,EMP1001,Omar,Johnson,1992-06-03,2016-01-09,,Active,Information Technology,OH
EE0008713,EMP1001,Malik,Chen,1992-09-12,2017-04-08,,Active,Operations,OH
EE0008714,EMP1003,Andre,Okafor,2004-07-18,2025-03-27,,Active,Customer Operations,VA
EE0008715,EMP1003,Ethan,Bennett,1968-11-14,2015-01-21,2025-09-25,Terminated,Customer Operations,NC
EE0008716,EMP1004,Jordan,Okafor,1981-12-24,2024-02-20,,Active,Finance,FL
EE0008717,EMP1004,Chiamaka,Walker,1993-08-30,2017-01-04,,Active,Administration,FL
EE0008718,EMP1001,Malik,Wilson,1975-12-16,2015-08-02,,Active,Human Resources,OH
EE0008719,EMP1001,Omar,Williams,1964-05-18,2021-06-25,,Active,Supply Chain,VA
EE0008720,EMP1005,Elena,Campbell,1997-11-26,2025-06-11,,Active,Administration,TX
EE0008721,EMP1002,Isaiah,Brown,1979-02-05,2023-07-17,,Active,Supply Chain,TX
EE0008722,EMP1002,Omar,Smith,1979-05-09,2023-03-13,2024-12-09,Terminated,Legal and Compliance,DC
EE0008723,EMP1002,Jasmine,Okafor,1997-09-11,2023-04-12,,Active,Sales,OH
EE0008724,EMP1003,Zoe,Adams,2004-07-24,2021-02-26,2026-01-05,Terminated,Sales,NC
EE0008725,EMP1004,Priya,Chen,1996-10-23,2023-07-25,,Active,Finance,FL
EE0008726,EMP1004,David,Adeyemi,1970-08-28,2014-12-11,,Active,Administration,FL
EE0008727,EMP1004,Noah,Davis,1961-06-26,2014-01-28,2026-04-04,Terminated,Finance,FL
EE0008728,EMP1003,Carlos,Adams,2001-09-22,2023-02-04,,Active,Supply Chain,NY
EE0008729,EMP1002,Aaliyah,Smith,1980-09-13,2020-06-27,,Active,Operations,TX
EE0008730,EMP1004,Michael,Walker,2006-09-10,2022-01-01,,Active,Sales,FL
EE0008731,EMP1003,Isaiah,Wilson,1979-07-20,2026-05-15,,Active,Information Technology,TX
EE0008732,EMP1002,Omar,Robinson,1967-06-21,2018-03-18,,Active,Finance,NY
EE0008733,EMP1005,Elena,Mensah,1995-07-05,2017-06-19,,Active,Human Resources,NY
EE0008734,EMP1001,Zoe,Miller,1970-08-13,2021-07-20,2026-02-21,Terminated,Supply Chain,OH
EE0008735,EMP1002,Elena,Walker,2006-08-10,2021-11-11,,Active,Administration,TX
EE0008736,EMP1005,Omar,Hernandez,1971-07-04,2018-04-10,,Active,Legal and Compliance,NY
EE0008737,EMP1003,Omar,Patel,1996-06-05,2019-03-18,,Active,Legal and Compliance,OH
EE0008738,EMP1004,Leah,Bennett,1986-08-21,2014-05-20,,Active,Operations,FL
EE0008739,EMP1003,Daniel,Taylor,1966-06-26,2019-10-15,,Active,Operations,TX
EE0008740,EMP1001,Naomi,Campbell,1963-11-14,2018-04-02,,Active,Sales,OH
EE0008741,EMP1002,Angela,Robinson,1993-10-13,2020-02-28,,Active,Finance,TX
EE0008742,EMP1001,Luis,Hernandez,1983-10-26,2014-05-29,,Active,Legal and Compliance,FL
EE0008743,EMP1003,Elena,Bennett,1984-10-12,2022-06-14,,Active,Human Resources,NY
EE0008744,EMP1004,Angela,Ibrahim,2001-11-20,2023-01-18,,Active,Supply Chain,FL
EE0008745,EMP1005,Carlos,Bennett,1981-10-26,2024-08-29,,Active,Operations,NY
EE0008746,EMP1003,Chiamaka,Kim,1987-08-24,2022-09-06,2025-10-10,Terminated,Information Technology,NC
EE0008747,EMP1003,Ethan,Bennett,1966-02-17,2014-12-04,,Active,Information Technology,NC
EE0008748,EMP1003,Jordan,Patel,2002-03-21,2017-07-12,,Active,Human Resources,NC
EE0008749,EMP1003,Fatima,Brown,2005-12-21,2017-06-06,,Active,Legal and Compliance,FL
EE0008750,EMP1005,David,Nguyen,2002-05-20,2020-09-19,,Active,Operations,NY
EE0008751,EMP1002,Isaiah,Adeyemi,1991-11-25,2015-11-04,,Active,Sales,TX
EE0008752,EMP1004,Victor,Moore,1997-04-18,2014-03-07,,Active,Supply Chain,FL
EE0008753,EMP1002,Grace,Brown,1997-07-11,2018-12-10,,Active,Sales,OH
EE0008754,EMP1003,Priya,Brown,1971-02-19,2022-02-17,,Active,Information Technology,TX
EE0008755,EMP1005,Naomi,Wilson,1984-09-09,2017-05-03,,Active,Human Resources,NY
EE0008756,EMP1002,Jordan,Taylor,1979-10-24,2020-07-09,,Active,Legal and Compliance,TX
EE0008757,EMP1003,David,Hernandez,1982-06-10,2017-09-04,,Active,Information Technology,NC
EE0008758,EMP1004,Noah,Bennett,1974-04-17,2019-04-01,,Active,Legal and Compliance,NY
EE0008759,EMP1002,Maya,Kim,2006-12-14,2017-03-24,,Active,Sales,TX
EE0008760,EMP1001,Noah,Okafor,1963-11-04,2023-10-15,,Active,Customer Operations,OH
EE0008761,EMP1001,Samuel,Campbell,1999-06-16,2021-02-23,,Active,Legal and Compliance,OH
EE0008762,EMP1001,Kevin,Lewis,1966-08-26,2025-03-01,,Active,Sales,OH
EE0008763,EMP1005,Isaiah,Williams,2003-09-25,2022-02-05,,Active,Legal and Compliance,NY
EE0008764,EMP1004,Maya,Johnson,1980-12-08,2019-04-15,,Active,Customer Operations,DC
EE0008765,EMP1001,Michael,Robinson,2006-07-11,2025-04-19,,Active,Information Technology,NC
EE0008766,EMP1003,Nia,Brown,1977-10-27,2024-12-13,,Active,Supply Chain,NC
EE0008767,EMP1003,David,Ibrahim,1995-03-09,2016-10-18,2026-05-24,Terminated,Sales,OH
EE0008768,EMP1003,Fatima,Mensah,2006-11-19,2020-07-06,,Active,Administration,OH
EE0008769,EMP1001,Daniel,Taylor,1992-01-31,2014-07-31,,Active,Sales,OH
EE0008770,EMP1004,Sophia,Smith,1995-07-07,2018-07-28,,Active,Supply Chain,NC
EE0008771,EMP1005,Sophia,Ibrahim,1993-09-02,2025-07-04,,Active,Information Technology,VA
EE0008772,EMP1005,Omar,Hernandez,1974-06-10,2023-11-25,,Active,Administration,NY
EE0008773,EMP1004,Jasmine,Ibrahim,1979-04-14,2014-07-27,,Active,Customer Operations,NC
EE0008774,EMP1002,Victor,Garcia,1971-03-19,2017-12-04,,Active,Sales,VA
EE0008775,EMP1004,Amara,Thomas,1973-04-13,2022-04-09,2024-04-21,Terminated,Sales,FL
EE0008776,EMP1001,Chiamaka,Ibrahim,2003-05-28,2019-08-30,,Active,Administration,OH
EE0008777,EMP1003,Luis,Lewis,1969-07-30,2026-03-23,2026-05-02,Terminated,Legal and Compliance,NC
EE0008778,EMP1003,Jasmine,Garcia,1980-12-22,2024-03-06,2024-06-23,Terminated,Sales,NC
EE0008779,EMP1001,Noah,Okafor,2002-05-04,2020-03-16,,Active,Supply Chain,VA
EE0008780,EMP1005,Naomi,Okafor,1976-11-07,2014-05-15,,Active,Administration,VA
EE0008781,EMP1003,Amara,Campbell,1969-12-21,2026-03-18,,Active,Finance,VA
EE0008782,EMP1003,Omar,Hernandez,2003-06-06,2023-12-27,,Active,Sales,NY
EE0008783,EMP1003,Isaiah,Smith,1965-02-15,2024-02-08,,Active,Operations,NC
EE0008784,EMP1001,Samuel,Taylor,1975-03-26,2024-03-01,,Active,Administration,MD
EE0008785,EMP1003,Malik,Williams,1997-04-10,2014-06-15,,Active,Operations,VA
EE0008786,EMP1001,Malik,Walker,2001-02-02,2016-10-23,2024-12-29,Terminated,Sales,VA
EE0008787,EMP1002,Priya,Walker,1996-02-29,2024-06-14,,Active,Operations,MD
EE0008788,EMP1003,Naomi,Smith,1965-10-30,2024-05-16,,Active,Operations,OH
EE0008789,EMP1004,Amara,Garcia,1970-05-01,2026-04-07,,Active,Human Resources,MD
EE0008790,EMP1005,Andre,Hernandez,1980-08-07,2021-05-12,,Active,Finance,OH
EE0008791,EMP1003,Noah,Wilson,1968-02-20,2018-11-15,,Active,Legal and Compliance,NC
EE0008792,EMP1002,Grace,Miller,1968-06-21,2023-06-01,2025-03-02,Terminated,Information Technology,TX
EE0008793,EMP1004,Ethan,Taylor,1963-05-17,2025-06-04,,Active,Customer Operations,FL
EE0008794,EMP1002,Grace,Wilson,1997-10-17,2017-10-01,,Active,Legal and Compliance,NY
EE0008795,EMP1005,Amara,Chen,1999-01-05,2018-03-11,,Active,Operations,VA
EE0008796,EMP1005,Nia,Brown,2000-12-30,2018-04-21,,Active,Administration,NY
EE0008797,EMP1001,Jasmine,Garcia,1993-03-15,2018-05-14,,Active,Legal and Compliance,NC
EE0008798,EMP1001,Nia,Martinez,1979-03-28,2025-06-24,,Active,Finance,DC
EE0008799,EMP1005,Amara,Taylor,1976-09-14,2025-10-31,,Active,Sales,NY
EE0008800,EMP1005,Chiamaka,Lewis,1999-05-06,2026-03-16,,Active,Operations,VA
EE0008801,EMP1002,Isaiah,Williams,1966-09-08,2020-10-11,,Active,Administration,TX
EE0008802,EMP1001,Naomi,Martinez,1985-03-02,2015-06-21,,Active,Operations,DC
EE0008803,EMP1001,Angela,Nguyen,1970-04-26,2022-03-11,,Active,Customer Operations,OH
EE0008804,EMP1003,Jordan,Moore,1991-12-30,2016-08-02,,Active,Customer Operations,NC
EE0008805,EMP1002,Priya,Robinson,1963-04-28,2020-11-12,,Active,Information Technology,TX
EE0008806,EMP1002,Naomi,Mensah,1980-08-23,2016-12-27,,Active,Supply Chain,NC
EE0008807,EMP1002,Kevin,Hernandez,2003-03-13,2016-05-21,,Active,Customer Operations,TX
EE0008808,EMP1001,Michael,Davis,2001-08-04,2018-01-19,2025-05-29,Terminated,Administration,OH
EE0008809,EMP1004,Andre,Bennett,1972-03-30,2025-06-28,,Active,Finance,VA
EE0008810,EMP1005,Aaliyah,Chen,1963-04-27,2023-02-11,,Active,Operations,NY
EE0008811,EMP1001,Elena,Garcia,1973-07-20,2023-02-17,2024-03-30,Terminated,Information Technology,OH
EE0008812,EMP1004,Grace,Brown,1994-01-02,2017-01-26,,Active,Customer Operations,FL
EE0008813,EMP1002,Noah,Miller,1982-04-11,2015-09-18,,Active,Finance,FL
EE0008814,EMP1005,Sophia,Moore,1961-10-11,2019-05-19,,Active,Finance,NY
EE0008815,EMP1004,Andre,Mensah,1962-03-30,2016-05-29,,Active,Sales,VA
EE0008816,EMP1002,Jordan,Davis,1997-04-29,2017-04-05,,Active,Sales,DC
EE0008817,EMP1003,Zoe,Adeyemi,1991-11-05,2021-02-06,,Active,Customer Operations,MD
EE0008818,EMP1001,Michael,Ibrahim,1979-07-25,2016-11-04,,Active,Human Resources,OH
EE0008819,EMP1002,Nia,Johnson,1970-02-25,2025-12-29,,Active,Human Resources,TX
EE0008820,EMP1004,Kevin,Davis,2004-12-12,2019-08-06,,Active,Sales,VA
EE0008821,EMP1004,Michael,Martinez,1971-09-03,2022-07-27,,Active,Sales,FL
EE0008822,EMP1003,Aaliyah,Okafor,1986-05-27,2019-06-07,,Active,Finance,NC
EE0008823,EMP1001,Daniel,Okafor,1986-07-12,2020-04-27,,Active,Human Resources,OH
EE0008824,EMP1002,Maya,Lewis,1968-08-20,2018-11-23,,Active,Administration,TX
EE0008825,EMP1002,Zoe,Walker,1996-10-19,2025-03-01,,Active,Supply Chain,TX
EE0008826,EMP1003,Noah,Nguyen,1982-02-22,2017-09-07,,Active,Sales,OH
EE0008827,EMP1005,Nia,Brown,1991-07-13,2024-09-28,,Active,Supply Chain,NY
EE0008828,EMP1002,Elena,Thomas,1980-12-23,2014-08-21,,Active,Supply Chain,MD
EE0008829,EMP1001,Sophia,Garcia,1987-05-01,2024-02-19,2026-01-11,Terminated,Supply Chain,DC
EE0008830,EMP1002,Nia,Bennett,1979-09-29,2016-05-25,2024-08-29,Terminated,Human Resources,TX
EE0008831,EMP1004,Luis,Brown,1983-03-12,2015-10-11,,Active,Finance,TX
EE0008832,EMP1001,Angela,Martinez,1964-11-17,2025-04-07,,Active,Finance,NY
EE0008833,EMP1004,Luis,Okafor,1979-03-15,2020-06-28,,Active,Human Resources,FL
EE0008834,EMP1004,Andre,Patel,1976-01-16,2015-06-14,,Active,Legal and Compliance,FL
EE0008835,EMP1002,Malik,Smith,1964-03-24,2018-12-09,,Active,Human Resources,TX
EE0008836,EMP1005,Daniel,Ibrahim,1987-01-07,2024-05-06,,Active,Human Resources,OH
EE0008837,EMP1003,Jasmine,Davis,1985-02-22,2020-02-09,,Active,Finance,NC
EE0008838,EMP1003,Carlos,Hernandez,1966-07-07,2024-11-09,2025-09-27,Terminated,Operations,NC
EE0008839,EMP1005,Omar,Robinson,1967-10-18,2021-02-12,,Active,Finance,OH
EE0008840,EMP1001,Chiamaka,Smith,1978-11-20,2026-05-10,2026-06-09,Terminated,Information Technology,OH
EE0008841,EMP1004,Isaiah,Robinson,1972-10-08,2014-04-16,,Active,Operations,MD
EE0008842,EMP1004,Jordan,Hernandez,1977-07-10,2021-08-29,2025-07-08,Terminated,Human Resources,FL
EE0008843,EMP1002,Andre,Lewis,1965-04-16,2020-06-15,,Active,Legal and Compliance,MD
EE0008844,EMP1002,Naomi,Lewis,1962-09-10,2017-10-02,,Active,Customer Operations,TX
EE0008845,EMP1005,Olivia,Moore,1998-02-03,2022-04-08,,Active,Customer Operations,NY
EE0008846,EMP1004,Samuel,Adams,1999-06-26,2023-11-28,,Active,Information Technology,FL
EE0008847,EMP1001,Nia,Chen,1964-01-16,2014-06-24,2025-02-11,Terminated,Legal and Compliance,NC
EE0008848,EMP1003,Fatima,Johnson,1973-11-29,2017-09-25,,Active,Supply Chain,NC
EE0008849,EMP1005,Maya,Chen,1963-08-31,2022-08-05,,Active,Legal and Compliance,OH
EE0008850,EMP1001,Zoe,Walker,1995-11-25,2018-06-09,2025-07-08,Terminated,Legal and Compliance,OH
EE0008851,EMP1002,Elena,Johnson,1976-04-04,2025-02-25,,Active,Legal and Compliance,TX
EE0008852,EMP1003,Daniel,Martinez,1986-02-18,2024-09-01,,Active,Administration,NC
EE0008853,EMP1005,Isaiah,Patel,1968-05-12,2020-03-02,2024-11-22,Terminated,Supply Chain,NY
EE0008854,EMP1002,Elena,Taylor,1980-12-15,2023-06-22,,Active,Administration,TX
EE0008855,EMP1002,Kevin,Smith,1973-03-27,2015-08-15,,Active,Customer Operations,DC
EE0008856,EMP1005,Kevin,Taylor,1989-08-15,2018-08-01,,Active,Finance,NY
EE0008857,EMP1001,Omar,Adams,1991-11-27,2014-04-05,,Active,Operations,OH
EE0008858,EMP1001,Elena,Walker,2000-11-23,2014-10-21,2024-12-31,Terminated,Legal and Compliance,OH
EE0008859,EMP1004,Omar,Taylor,1996-01-28,2025-07-20,,Active,Human Resources,VA
EE0008860,EMP1005,Andre,Patel,1961-12-18,2026-03-20,,Active,Customer Operations,MD
EE0008861,EMP1003,Maya,Williams,2005-05-03,2025-08-08,,Active,Human Resources,MD
EE0008862,EMP1002,Grace,Williams,1999-10-21,2021-01-28,,Active,Supply Chain,TX
EE0008863,EMP1002,Elena,Campbell,1962-09-09,2014-02-18,,Active,Administration,MD
EE0008864,EMP1001,Ethan,Martinez,1968-08-22,2021-07-04,,Active,Operations,FL
EE0008865,EMP1005,Samuel,Davis,1989-09-16,2018-04-14,2025-06-05,Terminated,Supply Chain,NY
EE0008866,EMP1003,Angela,Johnson,1967-09-23,2016-05-15,,Active,Legal and Compliance,VA
EE0008867,EMP1005,Elena,Smith,2004-12-09,2019-01-09,,Active,Human Resources,NY
EE0008868,EMP1002,Daniel,Brown,1981-04-19,2017-11-05,2026-03-12,Terminated,Human Resources,TX
EE0008869,EMP1002,David,Okafor,1964-11-04,2014-01-13,,Active,Legal and Compliance,TX
EE0008870,EMP1004,Samuel,Kim,1966-03-02,2023-03-14,,Active,Finance,DC
EE0008871,EMP1004,Zoe,Garcia,1977-11-05,2020-12-15,,Active,Information Technology,FL
EE0008872,EMP1004,Ethan,Garcia,1968-05-04,2014-10-12,2024-05-08,Terminated,Human Resources,FL
EE0008873,EMP1004,Priya,Smith,1994-11-26,2025-11-14,,Active,Sales,FL
EE0008874,EMP1003,Isaiah,Johnson,2003-12-14,2023-09-21,,Active,Operations,NC
EE0008875,EMP1001,Fatima,Wilson,1988-08-27,2020-12-29,,Active,Administration,NC
EE0008876,EMP1005,Victor,Kim,1961-07-03,2014-05-12,,Active,Finance,VA
EE0008877,EMP1001,Malik,Johnson,1977-10-30,2017-03-18,,Active,Supply Chain,FL
EE0008878,EMP1005,Zoe,Brown,2005-11-17,2025-01-28,,Active,Information Technology,OH
EE0008879,EMP1005,Naomi,Moore,1995-07-23,2024-04-23,,Active,Legal and Compliance,OH
EE0008880,EMP1002,Isaiah,Campbell,1981-11-27,2015-08-16,,Active,Operations,TX
EE0008881,EMP1002,Grace,Lewis,1970-05-02,2019-04-30,2026-05-02,Terminated,Legal and Compliance,TX
EE0008882,EMP1003,Amara,Robinson,1962-04-25,2025-05-07,2025-08-05,Terminated,Operations,FL
EE0008883,EMP1001,Priya,Williams,1986-09-04,2019-02-27,,Active,Finance,NC
EE0008884,EMP1001,Sophia,Garcia,1962-12-16,2022-07-28,,Active,Human Resources,OH
EE0008885,EMP1002,Angela,Johnson,1969-04-27,2016-02-16,,Active,Administration,DC
EE0008886,EMP1002,Angela,Martinez,1989-07-27,2019-11-11,2024-05-13,Terminated,Information Technology,TX
EE0008887,EMP1001,Nia,Hernandez,1976-09-08,2022-03-16,,Active,Legal and Compliance,OH
EE0008888,EMP1004,Fatima,Thomas,1963-03-13,2021-07-05,,Active,Sales,FL
EE0008889,EMP1002,Aaliyah,Taylor,1963-02-24,2018-06-29,,Active,Legal and Compliance,DC
EE0008890,EMP1004,Maya,Garcia,1984-12-03,2022-01-17,,Active,Information Technology,FL
EE0008891,EMP1005,Ethan,Lewis,1972-10-28,2014-07-31,,Active,Administration,NY
EE0008892,EMP1004,Michael,Robinson,1970-05-15,2022-10-11,,Active,Legal and Compliance,FL
EE0008893,EMP1002,Isaiah,Wilson,1970-08-12,2017-11-20,,Active,Sales,MD
EE0008894,EMP1001,Fatima,Robinson,1963-04-27,2014-12-10,,Active,Supply Chain,OH
EE0008895,EMP1001,Carlos,Adeyemi,1993-01-22,2025-10-25,,Active,Legal and Compliance,DC
EE0008896,EMP1003,Maya,Williams,1998-02-02,2026-03-07,2026-04-07,Terminated,Administration,TX
EE0008897,EMP1002,Priya,Wilson,1961-02-17,2020-11-11,,Active,Sales,TX
EE0008898,EMP1002,Daniel,Okafor,1994-04-15,2018-07-20,,Active,Human Resources,TX
EE0008899,EMP1003,Elena,Hernandez,1983-11-23,2025-09-12,,Active,Administration,OH
EE0008900,EMP1003,Olivia,Hernandez,1978-11-18,2023-12-11,,Active,Operations,OH
EE0008901,EMP1003,Olivia,Bennett,2003-01-17,2014-04-03,,Active,Supply Chain,VA
EE0008902,EMP1003,Leah,Adeyemi,2000-06-04,2017-03-25,,Active,Supply Chain,MD
EE0008903,EMP1002,Noah,Wilson,1992-11-14,2018-04-21,,Active,Customer Operations,TX
EE0008904,EMP1005,Sophia,Martinez,1988-12-21,2022-11-22,,Active,Human Resources,NC
EE0008905,EMP1002,Priya,Okafor,1984-07-14,2014-09-06,,Active,Human Resources,TX
EE0008906,EMP1005,Grace,Williams,1977-08-08,2025-09-23,,Active,Customer Operations,NY
EE0008907,EMP1004,Leah,Hernandez,1977-06-06,2019-05-06,,Active,Operations,DC
EE0008908,EMP1001,Omar,Williams,1963-04-22,2014-10-22,,Active,Legal and Compliance,VA
EE0008909,EMP1001,Elena,Johnson,1962-10-26,2014-12-21,,Active,Administration,TX
EE0008910,EMP1001,Sophia,Kim,1982-05-04,2021-09-27,,Active,Finance,DC
EE0008911,EMP1002,Priya,Thomas,1979-06-02,2025-03-16,,Active,Supply Chain,VA
EE0008912,EMP1004,Ethan,Kim,2005-05-26,2017-05-31,,Active,Legal and Compliance,FL
EE0008913,EMP1001,Amara,Smith,1983-04-21,2019-08-24,,Active,Finance,TX
EE0008914,EMP1003,Priya,Patel,1989-01-11,2024-01-23,2025-08-28,Terminated,Human Resources,NC
EE0008915,EMP1004,Naomi,Kim,1963-08-12,2022-04-23,,Active,Customer Operations,FL
EE0008916,EMP1002,Naomi,Ibrahim,1979-07-21,2017-07-14,,Active,Supply Chain,NY
EE0008917,EMP1004,Michael,Nguyen,1994-06-03,2022-09-23,,Active,Operations,FL
EE0008918,EMP1001,Maya,Campbell,2002-06-21,2023-07-17,,Active,Supply Chain,FL
EE0008919,EMP1002,Isaiah,Bennett,1983-08-17,2014-04-05,2025-07-06,Terminated,Customer Operations,OH
EE0008920,EMP1002,Amara,Okafor,1963-05-15,2022-05-29,,Active,Administration,TX
EE0008921,EMP1004,Olivia,Ibrahim,1977-05-12,2023-12-04,,Active,Supply Chain,NY
EE0008922,EMP1002,Kevin,Smith,1962-10-19,2014-03-06,,Active,Information Technology,VA
EE0008923,EMP1003,Leah,Wilson,1968-06-03,2023-10-07,,Active,Information Technology,NC
EE0008924,EMP1004,Kevin,Miller,1976-02-25,2024-01-29,,Active,Human Resources,TX
EE0008925,EMP1004,Kevin,Lewis,1993-03-01,2015-11-10,,Active,Finance,FL
EE0008926,EMP1002,Malik,Mensah,1977-12-03,2016-11-14,,Active,Information Technology,TX
EE0008927,EMP1001,Victor,Bennett,1968-12-05,2014-08-25,,Active,Administration,OH
EE0008928,EMP1004,Omar,Kim,1968-01-14,2014-12-11,,Active,Human Resources,FL
EE0008929,EMP1002,Priya,Adeyemi,1968-05-10,2017-12-08,,Active,Supply Chain,TX
EE0008930,EMP1004,Carlos,Patel,1966-10-18,2024-06-04,,Active,Supply Chain,FL
EE0008931,EMP1005,Malik,Bennett,2003-01-28,2021-08-31,,Active,Information Technology,FL
EE0008932,EMP1005,Fatima,Williams,1976-09-05,2025-09-19,,Active,Finance,MD
EE0008933,EMP1003,Isaiah,Chen,1967-11-30,2014-08-21,,Active,Administration,TX
EE0008934,EMP1005,Samuel,Kim,1997-09-10,2016-07-25,2024-08-10,Terminated,Operations,NY
EE0008935,EMP1002,Victor,Adams,2006-06-30,2022-04-27,,Active,Finance,TX
EE0008936,EMP1003,Isaiah,Adams,2004-03-02,2017-10-30,,Active,Customer Operations,NC
EE0008937,EMP1005,Fatima,Ibrahim,1987-05-08,2022-01-01,,Active,Legal and Compliance,NC
EE0008938,EMP1004,Angela,Ibrahim,1979-10-03,2023-09-04,,Active,Human Resources,FL
EE0008939,EMP1004,Angela,Lewis,1996-02-10,2023-11-21,,Active,Legal and Compliance,FL
EE0008940,EMP1002,Jasmine,Davis,2002-06-13,2016-08-18,,Active,Human Resources,DC
EE0008941,EMP1003,Leah,Bennett,2000-08-27,2023-08-27,,Active,Legal and Compliance,NC
EE0008942,EMP1005,Grace,Hernandez,1961-01-29,2016-05-15,,Active,Information Technology,NY
EE0008943,EMP1003,Jasmine,Miller,2006-02-23,2024-04-18,2025-06-12,Terminated,Supply Chain,NY
EE0008944,EMP1002,Omar,Lewis,1967-08-15,2021-12-18,,Active,Finance,TX
EE0008945,EMP1002,Priya,Hernandez,1969-08-05,2020-02-16,,Active,Operations,DC
EE0008946,EMP1001,Omar,Moore,2005-01-11,2021-08-23,2024-01-20,Terminated,Customer Operations,OH
EE0008947,EMP1002,Angela,Kim,1984-02-27,2018-01-15,,Active,Finance,DC
EE0008948,EMP1004,Sophia,Campbell,1987-07-25,2021-11-12,,Active,Administration,FL
EE0008949,EMP1005,Zoe,Bennett,1979-10-21,2014-06-21,,Active,Human Resources,NC
EE0008950,EMP1001,Aaliyah,Patel,1998-06-15,2023-08-04,,Active,Information Technology,NC
EE0008951,EMP1004,Amara,Adams,1984-03-02,2023-04-21,,Active,Sales,FL
EE0008952,EMP1002,Chiamaka,Smith,1992-04-23,2018-10-16,2026-02-10,Terminated,Customer Operations,OH
EE0008953,EMP1005,Elena,Hernandez,1980-02-02,2021-12-07,,Active,Customer Operations,NY
EE0008954,EMP1001,Amara,Lewis,1983-06-20,2017-02-26,2026-01-15,Terminated,Administration,OH
EE0008955,EMP1003,Aaliyah,Wilson,1977-09-29,2025-09-10,,Active,Legal and Compliance,NC
EE0008956,EMP1003,Ethan,Walker,1975-06-16,2024-07-30,,Active,Information Technology,NY
EE0008957,EMP1003,Angela,Campbell,1994-10-12,2016-01-18,,Active,Information Technology,NC
EE0008958,EMP1002,Luis,Okafor,1967-01-22,2017-04-13,,Active,Legal and Compliance,NC
EE0008959,EMP1005,Amara,Moore,1994-02-17,2026-02-04,,Active,Finance,NY
EE0008960,EMP1004,Maya,Walker,1975-03-07,2023-09-22,2024-11-17,Terminated,Finance,DC
EE0008961,EMP1002,Amara,Adams,1966-06-20,2025-08-06,2026-01-03,Terminated,Sales,TX
EE0008962,EMP1002,Naomi,Mensah,1993-11-03,2018-08-09,,Active,Finance,MD
EE0008963,EMP1002,Ethan,Lewis,1962-09-15,2014-06-14,,Active,Customer Operations,TX
EE0008964,EMP1003,Noah,Robinson,1975-05-16,2021-08-30,,Active,Supply Chain,NC
EE0008965,EMP1004,Leah,Miller,2006-07-12,2021-06-03,2026-06-19,Terminated,Human Resources,OH
EE0008966,EMP1004,Jasmine,Mensah,1964-06-06,2021-02-05,,Active,Sales,TX
EE0008967,EMP1005,Jordan,Mensah,1994-04-16,2015-02-23,,Active,Supply Chain,OH
EE0008968,EMP1005,Leah,Mensah,2004-11-13,2015-01-07,,Active,Operations,NY
EE0008969,EMP1004,Elena,Adams,1990-04-01,2016-05-28,,Active,Human Resources,FL
EE0008970,EMP1003,Ethan,Chen,1977-08-12,2024-07-17,,Active,Operations,NC
EE0008971,EMP1005,Andre,Wilson,1980-03-26,2024-03-07,,Active,Human Resources,NC
EE0008972,EMP1002,Omar,Brown,2005-11-30,2014-10-01,,Active,Legal and Compliance,TX
EE0008973,EMP1005,Zoe,Miller,1973-09-27,2020-10-04,,Active,Information Technology,FL
EE0008974,EMP1001,Isaiah,Thomas,1994-03-02,2025-10-13,,Active,Operations,OH
EE0008975,EMP1004,Isaiah,Adams,1971-12-29,2019-07-17,2025-01-19,Terminated,Customer Operations,FL
EE0008976,EMP1001,Naomi,Smith,1967-10-05,2014-05-05,,Active,Customer Operations,NC
EE0008977,EMP1003,Kevin,Garcia,2004-02-16,2016-09-22,,Active,Finance,NC
EE0008978,EMP1005,Leah,Davis,1975-01-20,2018-12-28,,Active,Customer Operations,TX
EE0008979,EMP1005,Leah,Adeyemi,1988-05-12,2021-09-29,,Active,Finance,NC
EE0008980,EMP1004,Elena,Brown,1990-09-07,2019-06-09,,Active,Legal and Compliance,FL
EE0008981,EMP1001,Sophia,Martinez,1984-02-26,2025-02-26,,Active,Information Technology,OH
EE0008982,EMP1003,Luis,Brown,1996-04-29,2021-12-02,,Active,Administration,NC
EE0008983,EMP1003,Jordan,Miller,1981-12-26,2015-11-16,,Active,Administration,NY
EE0008984,EMP1001,Sophia,Bennett,1994-02-14,2021-05-09,2024-10-01,Terminated,Legal and Compliance,TX
EE0008985,EMP1002,Grace,Patel,1967-08-04,2021-05-29,2024-08-25,Terminated,Operations,TX
EE0008986,EMP1002,Noah,Walker,1996-05-30,2019-03-11,,Active,Administration,TX
EE0008987,EMP1005,Grace,Thomas,1963-12-16,2020-07-18,,Active,Information Technology,NY
EE0008988,EMP1002,Leah,Miller,1967-03-10,2015-03-07,,Active,Finance,DC
EE0008989,EMP1002,Malik,Bennett,1987-12-06,2025-11-18,,Active,Finance,OH
EE0008990,EMP1003,Jasmine,Campbell,1998-04-12,2023-06-19,,Active,Administration,NC
EE0008991,EMP1002,Noah,Ibrahim,1998-12-21,2014-12-12,,Active,Finance,TX
EE0008992,EMP1004,Maya,Lewis,1993-09-20,2020-10-17,,Active,Operations,FL
EE0008993,EMP1003,Noah,Martinez,1982-01-04,2015-11-05,,Active,Information Technology,NY
EE0008994,EMP1002,Aaliyah,Mensah,1995-05-18,2022-02-28,,Active,Finance,OH
EE0008995,EMP1005,Chiamaka,Brown,2000-09-25,2022-02-10,,Active,Operations,VA
EE0008996,EMP1003,Fatima,Mensah,2000-03-27,2024-04-03,,Active,Administration,NC
EE0008997,EMP1005,Jasmine,Taylor,2001-11-21,2016-05-29,,Active,Supply Chain,NY
EE0008998,EMP1002,Victor,Nguyen,1990-04-03,2016-12-03,,Active,Customer Operations,TX
EE0008999,EMP1003,Fatima,Walker,1974-11-11,2017-11-02,2025-06-07,Terminated,Supply Chain,NC
EE0009000,EMP1005,Chiamaka,Garcia,1980-12-07,2021-06-01,,Active,Legal and Compliance,DC
EE0009001,EMP1003,Jasmine,Kim,1993-02-08,2015-01-28,,Active,Supply Chain,NC
EE0009002,EMP1001,Isaiah,Taylor,1984-02-29,2023-12-26,,Active,Supply Chain,OH
EE0009003,EMP1001,Angela,Garcia,1975-05-26,2021-04-25,,Active,Human Resources,TX
EE0009004,EMP1003,David,Kim,1981-01-09,2019-12-07,,Active,Legal and Compliance,NC
EE0009005,EMP1001,David,Mensah,2007-01-27,2026-04-29,,Active,Finance,FL
EE0009006,EMP1002,Olivia,Patel,2000-04-22,2023-03-20,2024-10-04,Terminated,Human Resources,TX
EE0009007,EMP1005,Samuel,Thomas,1962-07-29,2016-10-29,2026-01-12,Terminated,Sales,NY
EE0009008,EMP1004,Malik,Davis,1991-12-16,2021-07-05,,Active,Human Resources,FL
EE0009009,EMP1005,Angela,Campbell,1974-08-28,2019-12-09,,Active,Sales,TX
EE0009010,EMP1004,Ethan,Wilson,1966-11-06,2026-04-22,,Active,Administration,TX
EE0009011,EMP1005,Chiamaka,Ibrahim,1967-07-23,2023-06-18,,Active,Human Resources,NY
EE0009012,EMP1005,Noah,Davis,1974-02-23,2026-02-01,,Active,Sales,DC
EE0009013,EMP1005,Zoe,Campbell,1981-10-27,2022-03-16,,Active,Operations,FL
EE0009014,EMP1005,Jordan,Johnson,2004-09-08,2020-01-14,,Active,Sales,TX
EE0009015,EMP1005,Jasmine,Patel,1967-09-10,2016-11-10,,Active,Sales,FL
EE0009016,EMP1002,Priya,Davis,1990-11-19,2018-12-04,,Active,Human Resources,TX
EE0009017,EMP1003,Omar,Thomas,1968-12-24,2023-04-03,2024-06-30,Terminated,Human Resources,NC
EE0009018,EMP1004,Maya,Taylor,1994-11-25,2024-02-25,,Active,Information Technology,TX
EE0009019,EMP1005,Luis,Smith,2004-07-31,2026-04-22,,Active,Finance,NY
EE0009020,EMP1001,Isaiah,Wilson,1970-09-18,2024-03-30,,Active,Legal and Compliance,OH
EE0009021,EMP1005,Sophia,Chen,1972-04-25,2024-03-15,,Active,Operations,TX
EE0009022,EMP1001,Zoe,Mensah,1968-05-31,2016-07-18,,Active,Finance,OH
EE0009023,EMP1002,Fatima,Campbell,2004-05-31,2025-07-07,2025-12-06,Terminated,Human Resources,TX
EE0009024,EMP1001,Sophia,Adams,1961-11-17,2016-10-13,,Active,Sales,FL
EE0009025,EMP1005,Noah,Adeyemi,1973-07-15,2017-08-13,,Active,Operations,MD
EE0009026,EMP1002,Olivia,Campbell,1972-10-18,2017-09-23,,Active,Customer Operations,TX
EE0009027,EMP1005,Kevin,Nguyen,1976-09-20,2016-11-06,,Active,Operations,MD
EE0009028,EMP1001,Elena,Williams,1984-10-27,2018-02-16,,Active,Customer Operations,VA
EE0009029,EMP1002,Jasmine,Wilson,1994-05-07,2026-01-17,,Active,Legal and Compliance,TX
EE0009030,EMP1005,Malik,Nguyen,1971-02-06,2016-04-10,,Active,Customer Operations,NY
EE0009031,EMP1003,Luis,Johnson,1997-05-11,2021-12-20,,Active,Sales,NC
EE0009032,EMP1005,Grace,Kim,1979-03-10,2023-06-21,,Active,Human Resources,FL
EE0009033,EMP1005,Andre,Mensah,1969-08-30,2024-12-18,,Active,Human Resources,NY
EE0009034,EMP1002,Angela,Patel,1992-07-07,2025-06-27,2025-09-26,Terminated,Customer Operations,DC
EE0009035,EMP1004,Fatima,Nguyen,1965-12-20,2015-05-28,,Active,Customer Operations,FL
EE0009036,EMP1001,Malik,Brown,2007-04-16,2021-04-13,,Active,Legal and Compliance,OH
EE0009037,EMP1001,Kevin,Walker,1988-02-16,2017-10-05,,Active,Finance,OH
EE0009038,EMP1003,Naomi,Patel,1996-12-13,2025-10-08,,Active,Human Resources,FL
EE0009039,EMP1002,Jordan,Walker,2003-07-19,2016-10-25,,Active,Finance,TX
EE0009040,EMP1002,Sophia,Ibrahim,1963-04-24,2017-03-31,,Active,Human Resources,DC
EE0009041,EMP1004,Michael,Adams,1980-06-01,2018-12-13,,Active,Sales,FL
EE0009042,EMP1003,Leah,Kim,2004-05-08,2019-07-29,,Active,Operations,MD
EE0009043,EMP1001,Luis,Walker,1997-07-19,2015-03-27,,Active,Supply Chain,DC
EE0009044,EMP1001,Zoe,Ibrahim,1965-09-06,2022-06-15,,Active,Information Technology,OH
EE0009045,EMP1005,David,Chen,1977-12-13,2022-07-02,,Active,Information Technology,NY
EE0009046,EMP1004,David,Okafor,1974-12-11,2014-05-29,,Active,Sales,FL
EE0009047,EMP1001,Sophia,Mensah,1962-06-27,2024-12-17,,Active,Human Resources,TX
EE0009048,EMP1005,Kevin,Miller,1979-03-29,2017-05-02,,Active,Finance,NY
EE0009049,EMP1002,Chiamaka,Williams,1975-10-07,2016-04-22,,Active,Sales,TX
EE0009050,EMP1005,Carlos,Brown,1966-12-22,2017-07-16,2026-02-24,Terminated,Legal and Compliance,NY
EE0009051,EMP1002,Malik,Campbell,1983-11-13,2021-09-27,,Active,Customer Operations,TX
EE0009052,EMP1005,Samuel,Hernandez,1973-01-29,2023-05-17,,Active,Human Resources,DC
EE0009053,EMP1001,Naomi,Hernandez,2005-06-27,2014-01-07,,Active,Customer Operations,MD
EE0009054,EMP1001,Chiamaka,Kim,1993-09-06,2020-06-27,,Active,Supply Chain,DC
EE0009055,EMP1005,Fatima,Lewis,2005-02-06,2018-05-27,,Active,Supply Chain,MD
EE0009056,EMP1005,Zoe,Nguyen,1986-08-02,2017-09-10,,Active,Supply Chain,NY
EE0009057,EMP1001,Elena,Miller,2003-10-02,2016-04-22,,Active,Human Resources,OH
EE0009058,EMP1004,Carlos,Kim,1983-01-19,2015-03-24,,Active,Information Technology,DC
EE0009059,EMP1004,Noah,Bennett,1971-04-09,2026-01-13,2026-03-24,Terminated,Administration,FL
EE0009060,EMP1003,Michael,Williams,1981-06-13,2026-04-02,,Active,Legal and Compliance,VA
EE0009061,EMP1003,Ethan,Davis,1991-04-23,2017-01-03,,Active,Information Technology,NC
EE0009062,EMP1005,Jordan,Walker,2004-02-12,2022-02-20,,Active,Customer Operations,NY
EE0009063,EMP1004,Grace,Davis,1985-02-11,2021-10-11,,Active,Human Resources,FL
EE0009064,EMP1004,Angela,Mensah,1995-09-24,2025-11-12,,Active,Customer Operations,VA
EE0009065,EMP1002,Isaiah,Walker,1973-02-23,2019-05-29,,Active,Administration,TX
EE0009066,EMP1004,Olivia,Moore,1980-08-14,2015-06-14,,Active,Supply Chain,FL
EE0009067,EMP1002,Isaiah,Moore,1979-04-11,2020-05-30,2026-05-18,Terminated,Finance,FL
EE0009068,EMP1004,Samuel,Moore,2005-01-15,2024-05-13,,Active,Customer Operations,FL
EE0009069,EMP1003,Maya,Walker,1971-02-15,2022-02-04,2026-01-24,Terminated,Information Technology,DC
EE0009070,EMP1004,Amara,Nguyen,2001-10-13,2017-11-19,,Active,Customer Operations,MD
EE0009071,EMP1001,Andre,Williams,1988-07-27,2014-01-24,,Active,Supply Chain,OH
EE0009072,EMP1001,Maya,Ibrahim,1965-10-04,2016-08-05,,Active,Administration,OH
EE0009073,EMP1004,Fatima,Thomas,1984-04-07,2021-04-16,,Active,Operations,MD
EE0009074,EMP1002,Jasmine,Ibrahim,1973-06-06,2015-01-19,,Active,Supply Chain,TX
EE0009075,EMP1003,Amara,Walker,1987-05-24,2014-10-25,,Active,Customer Operations,NC
EE0009076,EMP1003,Isaiah,Hernandez,1991-02-27,2019-08-16,,Active,Human Resources,NC
EE0009077,EMP1001,Omar,Thomas,1968-06-09,2022-11-16,2024-04-03,Terminated,Customer Operations,DC
EE0009078,EMP1003,Noah,Kim,1961-10-14,2020-04-19,,Active,Legal and Compliance,NC
EE0009079,EMP1004,Victor,Ibrahim,2002-09-19,2025-07-25,2026-06-29,Terminated,Supply Chain,DC
EE0009080,EMP1002,Elena,Johnson,1999-03-12,2020-05-28,,Active,Information Technology,OH
EE0009081,EMP1005,Jasmine,Johnson,2004-09-09,2021-01-06,,Active,Finance,TX
EE0009082,EMP1005,Luis,Adeyemi,1983-04-30,2020-04-30,,Active,Finance,OH
EE0009083,EMP1004,Amara,Brown,1971-08-01,2018-08-04,,Active,Information Technology,FL
EE0009084,EMP1001,Daniel,Ibrahim,1967-04-30,2021-12-08,,Active,Information Technology,NC
EE0009085,EMP1005,Naomi,Okafor,1978-11-01,2019-09-17,,Active,Finance,MD
EE0009086,EMP1005,Sophia,Miller,2005-06-26,2015-03-10,,Active,Finance,OH
EE0009087,EMP1004,Zoe,Mensah,1962-03-30,2016-08-20,2025-04-21,Terminated,Legal and Compliance,NC
EE0009088,EMP1004,Elena,Garcia,1967-12-16,2019-06-22,,Active,Supply Chain,NC
EE0009089,EMP1001,Nia,Williams,1989-08-20,2020-09-29,,Active,Finance,OH
EE0009090,EMP1002,Isaiah,Wilson,1983-09-19,2022-07-17,2024-05-29,Terminated,Customer Operations,MD
EE0009091,EMP1002,Jasmine,Lewis,1985-07-21,2020-02-20,,Active,Sales,NC
EE0009092,EMP1001,Victor,Martinez,1984-03-13,2021-04-29,,Active,Human Resources,OH
EE0009093,EMP1005,Naomi,Adeyemi,1995-11-21,2021-09-08,,Active,Supply Chain,NY
EE0009094,EMP1005,Grace,Hernandez,1980-03-19,2018-03-08,,Active,Finance,NY
EE0009095,EMP1005,Chiamaka,Johnson,1982-03-14,2022-06-08,,Active,Operations,NY
EE0009096,EMP1004,Elena,Walker,1992-03-01,2024-02-21,2026-01-29,Terminated,Operations,FL
EE0009097,EMP1002,Michael,Wilson,2003-07-15,2021-11-06,,Active,Sales,TX
EE0009098,EMP1005,Victor,Bennett,2007-01-16,2026-03-22,,Active,Customer Operations,FL
EE0009099,EMP1002,Amara,Davis,1967-05-06,2021-06-26,2025-06-17,Terminated,Administration,DC
EE0009100,EMP1004,Daniel,Patel,2005-01-02,2022-04-02,,Active,Operations,TX
EE0009101,EMP1002,Leah,Brown,1969-01-23,2026-04-05,,Active,Legal and Compliance,MD
EE0009102,EMP1002,Ethan,Martinez,1985-05-31,2019-09-02,,Active,Human Resources,OH
EE0009103,EMP1005,Samuel,Smith,1970-02-18,2026-05-26,,Active,Sales,NY
EE0009104,EMP1002,Luis,Moore,1966-09-28,2025-02-02,,Active,Supply Chain,TX
EE0009105,EMP1001,Samuel,Taylor,1996-04-28,2017-03-04,,Active,Customer Operations,OH
EE0009106,EMP1001,Omar,Walker,1973-11-13,2018-03-18,,Active,Supply Chain,OH
EE0009107,EMP1005,Olivia,Adeyemi,2005-06-19,2023-01-16,,Active,Sales,TX
EE0009108,EMP1002,Andre,Campbell,2001-01-08,2018-09-03,,Active,Customer Operations,FL
EE0009109,EMP1002,Kevin,Garcia,1983-01-01,2024-03-10,,Active,Supply Chain,TX
EE0009110,EMP1001,Leah,Williams,2004-09-09,2024-07-13,,Active,Information Technology,OH
EE0009111,EMP1003,Elena,Taylor,1995-06-10,2015-02-26,,Active,Administration,NC
EE0009112,EMP1003,Isaiah,Bennett,1989-02-05,2020-09-22,,Active,Sales,NC
EE0009113,EMP1002,Maya,Campbell,2004-04-28,2016-05-12,,Active,Information Technology,NY
EE0009114,EMP1002,David,Chen,1986-07-19,2021-05-27,,Active,Supply Chain,TX
EE0009115,EMP1001,Daniel,Smith,2003-01-30,2021-11-16,,Active,Supply Chain,OH
EE0009116,EMP1005,Amara,Mensah,1979-02-28,2020-12-03,,Active,Supply Chain,MD
EE0009117,EMP1003,Elena,Miller,1990-11-17,2024-03-11,,Active,Human Resources,NC
EE0009118,EMP1004,Amara,Brown,2005-12-15,2023-02-13,,Active,Supply Chain,FL
EE0009119,EMP1002,Isaiah,Moore,1990-01-17,2023-12-30,,Active,Human Resources,MD
EE0009120,EMP1004,Naomi,Chen,1984-06-02,2014-03-08,2024-06-17,Terminated,Customer Operations,FL
EE0009121,EMP1003,Elena,Patel,1979-07-17,2014-06-05,,Active,Legal and Compliance,OH
EE0009122,EMP1001,Jordan,Smith,1976-12-22,2026-01-10,,Active,Human Resources,NC
EE0009123,EMP1004,Grace,Ibrahim,1990-09-03,2016-08-04,,Active,Supply Chain,FL
EE0009124,EMP1004,Jordan,Chen,2005-01-30,2022-09-30,,Active,Operations,FL
EE0009125,EMP1003,Nia,Okafor,1973-02-25,2024-01-09,,Active,Customer Operations,TX
EE0009126,EMP1004,Maya,Taylor,2000-07-25,2026-04-05,,Active,Customer Operations,FL
EE0009127,EMP1002,Isaiah,Miller,1971-04-03,2026-05-20,,Active,Finance,NC
EE0009128,EMP1001,Daniel,Miller,1996-04-12,2021-05-13,2025-12-27,Terminated,Legal and Compliance,NY
EE0009129,EMP1002,Fatima,Campbell,1971-04-17,2014-05-14,,Active,Supply Chain,TX
EE0009130,EMP1005,Omar,Johnson,1994-02-26,2018-04-16,,Active,Administration,NY
EE0009131,EMP1001,Aaliyah,Mensah,1993-05-30,2023-11-02,,Active,Administration,VA
EE0009132,EMP1003,Angela,Campbell,1981-12-11,2016-06-18,,Active,Human Resources,NC
EE0009133,EMP1001,Nia,Ibrahim,1993-05-11,2023-07-22,,Active,Information Technology,OH
EE0009134,EMP1005,Victor,Patel,1990-07-16,2016-12-03,,Active,Human Resources,NY
EE0009135,EMP1002,Priya,Miller,1990-08-17,2018-07-07,,Active,Administration,TX
EE0009136,EMP1003,Victor,Davis,1967-08-22,2022-05-18,,Active,Sales,NC
EE0009137,EMP1004,Isaiah,Patel,1990-03-30,2015-05-13,,Active,Customer Operations,FL
EE0009138,EMP1001,Naomi,Bennett,1990-09-30,2022-03-13,,Active,Legal and Compliance,VA
EE0009139,EMP1003,Zoe,Wilson,1967-03-11,2018-02-09,2024-01-17,Terminated,Administration,NC
EE0009140,EMP1004,Luis,Wilson,1996-05-07,2022-11-30,,Active,Information Technology,FL
EE0009141,EMP1005,Amara,Moore,1971-10-28,2022-05-31,,Active,Human Resources,NY
EE0009142,EMP1002,Nia,Moore,1967-07-31,2019-05-11,,Active,Supply Chain,NC
EE0009143,EMP1004,Ethan,Williams,1970-06-26,2015-09-18,,Active,Human Resources,DC
EE0009144,EMP1005,Ethan,Garcia,1989-03-07,2014-10-16,2024-06-30,Terminated,Finance,DC
EE0009145,EMP1003,Naomi,Brown,1991-12-31,2025-06-28,,Active,Legal and Compliance,NC
EE0009146,EMP1002,Carlos,Williams,1968-02-24,2016-08-01,,Active,Legal and Compliance,TX
EE0009147,EMP1001,Leah,Williams,1996-05-24,2018-12-24,,Active,Legal and Compliance,OH
EE0009148,EMP1004,Leah,Miller,2005-03-02,2017-06-24,,Active,Administration,FL
EE0009149,EMP1002,Kevin,Davis,1974-04-01,2016-12-06,,Active,Legal and Compliance,TX
EE0009150,EMP1004,Samuel,Miller,1982-03-07,2020-12-09,,Active,Supply Chain,FL
EE0009151,EMP1002,Angela,Wilson,1968-06-16,2018-05-15,,Active,Sales,TX
EE0009152,EMP1003,Sophia,Johnson,1998-05-30,2019-05-24,,Active,Operations,DC
EE0009153,EMP1004,Maya,Kim,2003-05-08,2024-09-13,2024-12-23,Terminated,Customer Operations,TX
EE0009154,EMP1001,David,Thomas,1978-03-19,2022-07-26,,Active,Customer Operations,TX
EE0009155,EMP1005,Luis,Taylor,1963-06-19,2017-11-10,,Active,Customer Operations,NY
EE0009156,EMP1002,Fatima,Walker,1967-07-22,2015-03-28,,Active,Customer Operations,TX
EE0009157,EMP1005,Andre,Mensah,1996-02-25,2014-10-03,,Active,Information Technology,NY
EE0009158,EMP1002,Andre,Mensah,1999-01-04,2018-09-18,,Active,Supply Chain,VA
EE0009159,EMP1004,David,Williams,2004-07-13,2018-04-04,,Active,Information Technology,FL
EE0009160,EMP1005,Priya,Kim,1986-01-15,2015-08-06,,Active,Finance,VA
EE0009161,EMP1004,Maya,Lewis,1973-02-01,2022-01-28,,Active,Supply Chain,OH
EE0009162,EMP1004,Omar,Martinez,1967-04-28,2014-02-08,,Active,Information Technology,FL
EE0009163,EMP1001,Michael,Ibrahim,1992-04-03,2023-03-18,,Active,Customer Operations,FL
EE0009164,EMP1005,Nia,Mensah,1973-07-02,2026-01-05,,Active,Human Resources,NY
EE0009165,EMP1002,Sophia,Kim,2004-07-06,2017-09-01,,Active,Supply Chain,TX
EE0009166,EMP1002,Nia,Kim,1976-07-26,2021-12-09,,Active,Administration,NC
EE0009167,EMP1004,Sophia,Bennett,1972-07-20,2021-09-11,,Active,Information Technology,DC
EE0009168,EMP1002,Chiamaka,Ibrahim,1966-03-06,2020-12-31,,Active,Operations,TX
EE0009169,EMP1005,David,Hernandez,1991-12-08,2025-01-25,,Active,Information Technology,NY
EE0009170,EMP1003,Ethan,Lewis,1965-05-02,2017-05-23,,Active,Legal and Compliance,NC
EE0009171,EMP1005,Zoe,Lewis,1993-09-19,2020-05-30,,Active,Supply Chain,FL
EE0009172,EMP1002,Jasmine,Chen,1993-01-25,2018-11-26,2026-02-21,Terminated,Customer Operations,FL
EE0009173,EMP1005,Daniel,Miller,1994-06-04,2020-01-02,,Active,Sales,NY
EE0009174,EMP1003,Chiamaka,Patel,1973-09-30,2016-11-01,,Active,Information Technology,NC
EE0009175,EMP1002,Kevin,Mensah,1994-03-09,2020-11-18,,Active,Administration,TX
EE0009176,EMP1003,Malik,Chen,1970-08-28,2023-07-13,,Active,Finance,NC
EE0009177,EMP1003,Maya,Johnson,1967-01-26,2020-11-23,,Active,Human Resources,NC
EE0009178,EMP1005,Sophia,Adeyemi,1997-05-27,2018-08-11,2025-05-31,Terminated,Legal and Compliance,TX
EE0009179,EMP1005,Jordan,Mensah,2000-05-05,2016-10-09,,Active,Supply Chain,NY
EE0009180,EMP1005,David,Okafor,1983-12-09,2025-12-15,,Active,Finance,TX
EE0009181,EMP1001,Nia,Johnson,1978-05-17,2014-10-03,,Active,Legal and Compliance,OH
EE0009182,EMP1005,Noah,Robinson,1961-04-06,2018-12-20,,Active,Operations,NY
EE0009183,EMP1002,Fatima,Williams,2007-04-12,2022-06-24,2026-05-06,Terminated,Sales,NC
EE0009184,EMP1004,Angela,Ibrahim,1962-01-03,2016-10-25,,Active,Human Resources,TX
EE0009185,EMP1002,Luis,Moore,1987-05-31,2025-05-28,,Active,Operations,DC
EE0009186,EMP1001,Olivia,Martinez,2002-12-02,2022-08-21,,Active,Customer Operations,OH
EE0009187,EMP1003,Angela,Hernandez,2001-08-09,2026-01-10,,Active,Administration,TX
EE0009188,EMP1001,Carlos,Patel,1965-11-22,2014-02-05,2025-10-22,Terminated,Human Resources,VA
EE0009189,EMP1002,Sophia,Wilson,1995-11-13,2015-10-25,2026-01-04,Terminated,Administration,TX
EE0009190,EMP1003,Angela,Williams,1997-09-08,2016-05-27,2025-12-18,Terminated,Human Resources,MD
EE0009191,EMP1001,Michael,Campbell,1964-10-24,2022-08-03,,Active,Sales,OH
EE0009192,EMP1001,Chiamaka,Adams,1984-07-04,2024-07-12,,Active,Sales,OH
EE0009193,EMP1005,Carlos,Hernandez,1970-10-20,2024-09-16,,Active,Administration,MD
EE0009194,EMP1004,Fatima,Adeyemi,1967-10-20,2022-10-29,,Active,Operations,DC
EE0009195,EMP1004,Naomi,Nguyen,1964-06-08,2023-06-05,,Active,Legal and Compliance,NC
EE0009196,EMP1005,Nia,Martinez,2001-11-12,2020-09-26,,Active,Information Technology,NY
EE0009197,EMP1001,Samuel,Adams,2003-06-30,2024-10-19,,Active,Customer Operations,OH
EE0009198,EMP1002,Carlos,Hernandez,1977-05-25,2018-07-18,,Active,Administration,MD
EE0009199,EMP1003,Victor,Taylor,1970-03-11,2016-10-29,,Active,Administration,MD
EE0009200,EMP1005,Samuel,Bennett,1969-03-15,2018-08-10,,Active,Operations,NY
EE0009201,EMP1003,Samuel,Martinez,1967-06-29,2022-09-13,2025-12-26,Terminated,Supply Chain,DC
EE0009202,EMP1004,Andre,Brown,2004-09-26,2024-05-13,,Active,Sales,FL
EE0009203,EMP1005,Kevin,Miller,1980-03-17,2017-06-26,,Active,Operations,TX
EE0009204,EMP1003,Jordan,Patel,1981-01-28,2020-01-05,,Active,Information Technology,NC
EE0009205,EMP1003,Naomi,Williams,1976-04-08,2022-10-26,,Active,Customer Operations,NC
EE0009206,EMP1003,Fatima,Miller,1988-05-25,2023-08-11,2025-10-17,Terminated,Finance,NC
EE0009207,EMP1004,Daniel,Davis,1988-04-17,2018-11-11,,Active,Administration,FL
EE0009208,EMP1001,Victor,Taylor,2001-02-12,2016-10-15,,Active,Sales,OH
EE0009209,EMP1005,Naomi,Patel,1962-03-17,2020-02-07,,Active,Administration,FL
EE0009210,EMP1002,Malik,Bennett,1989-04-03,2023-07-24,2025-11-03,Terminated,Finance,TX
EE0009211,EMP1004,Malik,Thomas,1974-04-11,2024-03-21,2025-05-06,Terminated,Operations,MD
EE0009212,EMP1002,Victor,Lewis,1969-10-04,2020-12-10,,Active,Supply Chain,NY
EE0009213,EMP1004,Priya,Johnson,1965-01-13,2014-03-04,,Active,Supply Chain,FL
EE0009214,EMP1001,Nia,Moore,2006-11-02,2018-08-07,,Active,Finance,OH
EE0009215,EMP1003,Jasmine,Bennett,1976-03-01,2025-04-12,,Active,Operations,FL
EE0009216,EMP1001,Ethan,Okafor,1970-10-20,2023-04-26,2025-06-24,Terminated,Legal and Compliance,TX
EE0009217,EMP1005,Andre,Johnson,1977-01-01,2018-12-04,,Active,Human Resources,NY
EE0009218,EMP1004,Kevin,Thomas,1974-07-26,2018-09-04,2024-01-30,Terminated,Information Technology,FL
EE0009219,EMP1002,Samuel,Garcia,2003-05-05,2023-05-05,2025-08-21,Terminated,Customer Operations,TX
EE0009220,EMP1003,Ethan,Robinson,1971-07-28,2023-12-27,,Active,Finance,NY
EE0009221,EMP1001,Jordan,Kim,1976-04-04,2017-02-05,,Active,Information Technology,OH
EE0009222,EMP1002,Kevin,Chen,1968-03-10,2022-10-30,,Active,Legal and Compliance,TX
EE0009223,EMP1005,Fatima,Davis,1968-08-11,2014-01-11,,Active,Finance,NY
EE0009224,EMP1001,Priya,Martinez,1969-12-07,2014-05-03,,Active,Legal and Compliance,FL
EE0009225,EMP1001,Nia,Miller,1990-07-18,2021-09-07,,Active,Sales,VA
EE0009226,EMP1004,Kevin,Hernandez,1976-05-28,2025-06-11,,Active,Supply Chain,FL
EE0009227,EMP1002,Sophia,Ibrahim,1973-09-16,2024-03-09,,Active,Finance,VA
EE0009228,EMP1004,Malik,Williams,1990-09-01,2014-11-04,,Active,Finance,MD
EE0009229,EMP1003,Noah,Okafor,1980-04-04,2025-09-12,,Active,Sales,NC
EE0009230,EMP1004,Omar,Nguyen,1993-08-29,2018-03-19,,Active,Legal and Compliance,FL
EE0009231,EMP1004,Victor,Hernandez,1988-01-23,2024-04-04,,Active,Finance,FL
EE0009232,EMP1005,Victor,Patel,1980-07-02,2025-04-25,,Active,Information Technology,DC
EE0009233,EMP1001,Samuel,Miller,2007-01-05,2015-02-19,,Active,Legal and Compliance,OH
EE0009234,EMP1002,Nia,Johnson,1986-07-17,2023-08-22,,Active,Sales,NC
EE0009235,EMP1001,David,Davis,1990-09-06,2016-06-30,,Active,Sales,OH
EE0009236,EMP1004,Elena,Robinson,1987-01-11,2018-04-22,2025-07-09,Terminated,Information Technology,NC
EE0009237,EMP1005,Ethan,Campbell,1978-08-22,2015-03-23,,Active,Customer Operations,NY
EE0009238,EMP1005,David,Adams,1964-02-28,2025-09-17,,Active,Legal and Compliance,MD
EE0009239,EMP1004,Carlos,Robinson,1992-02-22,2025-03-01,,Active,Operations,DC
EE0009240,EMP1001,Nia,Lewis,1977-11-30,2018-03-30,,Active,Legal and Compliance,OH
EE0009241,EMP1001,Elena,Moore,1976-06-18,2016-04-27,,Active,Administration,OH
EE0009242,EMP1003,Sophia,Wilson,1993-07-29,2024-08-10,,Active,Information Technology,NC
EE0009243,EMP1005,Malik,Wilson,2003-07-22,2019-03-04,,Active,Supply Chain,NY
EE0009244,EMP1005,Angela,Smith,1975-12-18,2024-01-24,2025-01-19,Terminated,Legal and Compliance,NY
EE0009245,EMP1001,Maya,Martinez,2000-01-15,2019-05-05,,Active,Operations,OH
EE0009246,EMP1003,Michael,Johnson,1998-04-09,2026-05-25,,Active,Sales,FL
EE0009247,EMP1003,Aaliyah,Smith,1986-07-27,2014-01-17,,Active,Legal and Compliance,NC
EE0009248,EMP1004,Malik,Nguyen,1968-07-18,2021-05-23,,Active,Sales,FL
EE0009249,EMP1004,Sophia,Robinson,1990-05-03,2023-08-19,,Active,Customer Operations,FL
EE0009250,EMP1001,Michael,Martinez,1998-08-29,2014-03-24,2025-02-26,Terminated,Administration,OH
EE0009251,EMP1004,Omar,Ibrahim,1977-11-18,2026-05-13,,Active,Sales,FL
EE0009252,EMP1003,Fatima,Thomas,2002-12-19,2018-02-27,,Active,Operations,NC
EE0009253,EMP1004,Jordan,Taylor,1989-11-20,2023-06-13,,Active,Information Technology,MD
EE0009254,EMP1004,David,Smith,1998-11-29,2017-12-24,,Active,Finance,VA
EE0009255,EMP1003,Olivia,Garcia,1980-03-29,2016-04-18,,Active,Sales,NC
EE0009256,EMP1004,Samuel,Wilson,1980-12-17,2017-01-17,,Active,Legal and Compliance,FL
EE0009257,EMP1003,Chiamaka,Robinson,1993-05-17,2022-02-19,,Active,Customer Operations,NC
EE0009258,EMP1001,Angela,Patel,1989-08-17,2022-03-18,,Active,Finance,OH
EE0009259,EMP1003,Malik,Thomas,1974-10-12,2016-10-23,,Active,Sales,NC
EE0009260,EMP1005,Naomi,Martinez,1972-01-04,2022-10-12,,Active,Human Resources,NC
EE0009261,EMP1004,Sophia,Miller,1967-06-02,2025-04-25,,Active,Sales,OH
EE0009262,EMP1003,Malik,Johnson,1986-11-05,2020-07-20,,Active,Sales,NC
EE0009263,EMP1004,Nia,Patel,1979-09-29,2014-03-09,,Active,Operations,FL
EE0009264,EMP1001,Sophia,Davis,1992-06-06,2021-04-23,,Active,Legal and Compliance,OH
EE0009265,EMP1005,Fatima,Mensah,1975-02-27,2020-10-22,,Active,Sales,NY
EE0009266,EMP1002,Victor,Taylor,1984-11-23,2023-07-07,,Active,Administration,TX
EE0009267,EMP1003,Omar,Smith,1977-11-09,2022-05-02,,Active,Supply Chain,NC
EE0009268,EMP1005,Victor,Martinez,1977-08-30,2022-11-25,,Active,Information Technology,FL
EE0009269,EMP1001,Maya,Ibrahim,1973-11-10,2016-03-06,,Active,Supply Chain,OH
EE0009270,EMP1001,Maya,Davis,2001-09-23,2021-07-12,,Active,Administration,VA
EE0009271,EMP1004,Noah,Ibrahim,1995-10-03,2019-09-15,,Active,Customer Operations,FL
EE0009272,EMP1002,Daniel,Mensah,1979-05-31,2014-02-02,,Active,Supply Chain,MD
EE0009273,EMP1005,Angela,Adeyemi,2006-06-02,2017-07-06,,Active,Supply Chain,NC
EE0009274,EMP1004,Sophia,Martinez,1974-08-31,2017-04-15,,Active,Sales,FL
EE0009275,EMP1004,Grace,Walker,1991-12-29,2019-05-30,,Active,Legal and Compliance,FL
EE0009276,EMP1001,Olivia,Walker,2006-07-29,2017-11-03,,Active,Supply Chain,DC
EE0009277,EMP1004,David,Patel,1977-07-13,2020-07-31,,Active,Customer Operations,DC
EE0009278,EMP1002,Andre,Mensah,1997-10-09,2022-08-14,,Active,Human Resources,VA
EE0009279,EMP1001,Samuel,Walker,1999-11-19,2019-10-11,,Active,Operations,OH
EE0009280,EMP1001,Olivia,Lewis,1967-09-23,2014-01-12,2025-08-19,Terminated,Administration,OH
EE0009281,EMP1004,Olivia,Hernandez,1991-02-02,2021-05-15,,Active,Administration,DC
EE0009282,EMP1003,Michael,Thomas,1986-07-15,2020-04-02,,Active,Operations,NY
EE0009283,EMP1001,Jordan,Kim,1985-07-29,2015-01-20,,Active,Customer Operations,OH
EE0009284,EMP1002,Kevin,Kim,1996-07-22,2019-06-06,,Active,Finance,TX
EE0009285,EMP1001,Chiamaka,Lewis,1995-12-10,2023-01-24,,Active,Information Technology,NY
EE0009286,EMP1003,Fatima,Bennett,1982-02-16,2015-06-29,,Active,Legal and Compliance,NC
EE0009287,EMP1004,Daniel,Williams,1995-08-11,2019-01-26,,Active,Administration,NY
EE0009288,EMP1004,Jordan,Wilson,1976-02-20,2018-09-27,2026-01-19,Terminated,Legal and Compliance,FL
EE0009289,EMP1002,Amara,Nguyen,1995-04-28,2017-03-18,,Active,Human Resources,DC
EE0009290,EMP1003,Fatima,Taylor,1985-10-26,2019-01-06,2024-08-22,Terminated,Finance,NC
EE0009291,EMP1005,Daniel,Brown,1997-11-30,2022-12-17,,Active,Administration,NC
EE0009292,EMP1001,Isaiah,Smith,1993-12-29,2021-11-11,,Active,Supply Chain,OH
EE0009293,EMP1002,Jasmine,Martinez,1991-07-15,2021-08-04,,Active,Legal and Compliance,OH
EE0009294,EMP1004,Amara,Wilson,1989-06-02,2025-04-29,,Active,Legal and Compliance,FL
EE0009295,EMP1003,Nia,Walker,2001-10-09,2016-01-22,,Active,Sales,OH
EE0009296,EMP1002,Isaiah,Adams,1979-10-28,2014-12-26,,Active,Human Resources,TX
EE0009297,EMP1004,Maya,Williams,2005-03-30,2018-05-10,2026-03-16,Terminated,Supply Chain,NY
EE0009298,EMP1003,Naomi,Mensah,1972-11-10,2020-12-29,,Active,Operations,NC
EE0009299,EMP1001,Kevin,Nguyen,1982-07-03,2015-12-02,,Active,Legal and Compliance,MD
EE0009300,EMP1002,Jasmine,Adeyemi,1976-10-01,2018-10-05,2024-09-17,Terminated,Sales,TX
EE0009301,EMP1005,Aaliyah,Williams,1967-03-23,2016-03-24,,Active,Supply Chain,NY
EE0009302,EMP1002,Nia,Robinson,2005-01-23,2024-03-06,,Active,Sales,TX
EE0009303,EMP1002,Malik,Martinez,1966-04-01,2024-04-21,,Active,Administration,VA
EE0009304,EMP1001,Leah,Miller,1977-10-29,2022-05-29,,Active,Customer Operations,FL
EE0009305,EMP1001,Luis,Ibrahim,1993-10-19,2018-01-17,,Active,Information Technology,OH
EE0009306,EMP1004,Omar,Adeyemi,1966-06-08,2016-02-06,,Active,Supply Chain,OH
EE0009307,EMP1001,Naomi,Hernandez,1988-02-02,2020-03-01,2026-05-15,Terminated,Finance,OH
EE0009308,EMP1003,Malik,Walker,1977-06-08,2016-08-13,,Active,Human Resources,NC
EE0009309,EMP1002,Fatima,Smith,1980-01-29,2020-06-27,,Active,Sales,TX
EE0009310,EMP1004,Priya,Martinez,1965-07-31,2020-06-17,,Active,Operations,NC
EE0009311,EMP1001,Isaiah,Lewis,1968-04-13,2018-05-24,,Active,Customer Operations,OH
EE0009312,EMP1001,Omar,Patel,1968-02-06,2017-04-01,,Active,Information Technology,OH
EE0009313,EMP1002,Nia,Campbell,1970-02-05,2019-09-29,2026-01-19,Terminated,Administration,MD
EE0009314,EMP1002,Isaiah,Williams,1981-09-24,2019-03-23,2024-05-21,Terminated,Human Resources,TX
EE0009315,EMP1005,Noah,Martinez,1986-08-21,2021-02-17,,Active,Finance,NY
EE0009316,EMP1004,Victor,Martinez,1967-08-29,2020-03-06,,Active,Customer Operations,TX
EE0009317,EMP1004,Jordan,Hernandez,1997-11-13,2021-07-29,,Active,Human Resources,FL
EE0009318,EMP1002,Olivia,Lewis,1987-05-25,2023-09-13,,Active,Customer Operations,TX
EE0009319,EMP1001,Sophia,Martinez,1972-05-12,2025-11-24,,Active,Information Technology,NC
EE0009320,EMP1005,Amara,Johnson,1990-09-30,2016-02-29,,Active,Legal and Compliance,DC
EE0009321,EMP1003,Grace,Lewis,2001-10-03,2019-09-16,2025-09-04,Terminated,Supply Chain,NC
EE0009322,EMP1002,Leah,Bennett,1969-06-26,2017-02-26,2024-05-09,Terminated,Sales,TX
EE0009323,EMP1002,Fatima,Taylor,1995-01-27,2016-08-28,,Active,Administration,MD
EE0009324,EMP1001,Priya,Patel,1986-04-17,2019-11-16,,Active,Administration,NC
EE0009325,EMP1002,Andre,Adams,1963-10-19,2026-06-03,,Active,Administration,TX
EE0009326,EMP1001,Aaliyah,Bennett,1994-07-05,2025-05-09,2025-07-29,Terminated,Legal and Compliance,VA
EE0009327,EMP1002,Olivia,Okafor,1989-07-05,2024-03-06,2024-05-26,Terminated,Finance,TX
EE0009328,EMP1005,Leah,Moore,1986-02-06,2022-04-19,,Active,Administration,TX
EE0009329,EMP1004,Aaliyah,Johnson,1990-06-22,2024-07-23,,Active,Legal and Compliance,FL
EE0009330,EMP1004,Michael,Garcia,1966-06-08,2019-09-25,,Active,Operations,FL
EE0009331,EMP1005,Luis,Okafor,1994-08-10,2021-12-20,,Active,Human Resources,NY
EE0009332,EMP1001,David,Nguyen,1979-10-11,2020-12-27,,Active,Supply Chain,OH
EE0009333,EMP1005,Grace,Hernandez,1966-09-19,2015-11-30,,Active,Sales,NY
EE0009334,EMP1001,Angela,Williams,1993-01-24,2021-03-27,2025-08-22,Terminated,Operations,OH
EE0009335,EMP1001,Grace,Nguyen,1971-07-23,2014-01-27,2024-04-01,Terminated,Customer Operations,VA
EE0009336,EMP1004,David,Chen,1979-08-10,2022-11-03,,Active,Customer Operations,FL
EE0009337,EMP1004,Aaliyah,Patel,1969-09-26,2014-06-12,,Active,Administration,FL
EE0009338,EMP1003,Amara,Lewis,1996-05-03,2014-03-27,2026-03-15,Terminated,Sales,OH
EE0009339,EMP1004,Angela,Nguyen,1968-05-03,2014-08-21,2025-04-07,Terminated,Administration,FL
EE0009340,EMP1002,Sophia,Brown,1999-11-09,2025-05-28,,Active,Human Resources,TX
EE0009341,EMP1003,Naomi,Kim,1965-10-22,2020-04-15,,Active,Administration,TX
EE0009342,EMP1002,Carlos,Kim,1975-06-03,2026-01-05,,Active,Administration,NY
EE0009343,EMP1005,Elena,Nguyen,1990-01-04,2017-07-16,,Active,Operations,NC
EE0009344,EMP1004,Aaliyah,Lewis,1962-08-05,2020-07-22,2025-06-05,Terminated,Legal and Compliance,OH
EE0009345,EMP1001,Omar,Ibrahim,1985-10-18,2018-01-01,,Active,Human Resources,OH
EE0009346,EMP1005,Jordan,Moore,2001-06-12,2026-05-29,,Active,Information Technology,FL
EE0009347,EMP1004,Andre,Martinez,1985-06-25,2022-03-12,,Active,Supply Chain,FL
EE0009348,EMP1001,Zoe,Mensah,1966-01-11,2017-08-30,,Active,Supply Chain,TX
EE0009349,EMP1004,Jasmine,Wilson,1985-12-15,2018-04-24,2024-05-01,Terminated,Sales,FL
EE0009350,EMP1004,Jordan,Patel,1962-08-18,2021-05-25,,Active,Legal and Compliance,NY
EE0009351,EMP1005,Fatima,Martinez,1986-11-19,2018-01-07,,Active,Supply Chain,NY
EE0009352,EMP1002,Jordan,Thomas,1965-07-20,2018-07-17,,Active,Supply Chain,MD
EE0009353,EMP1004,Noah,Thomas,1998-12-26,2016-07-23,,Active,Administration,VA
EE0009354,EMP1003,David,Robinson,1967-11-28,2014-08-25,,Active,Sales,NC
EE0009355,EMP1005,David,Mensah,1993-12-03,2023-02-22,,Active,Finance,NY
EE0009356,EMP1004,Andre,Kim,1992-11-15,2018-02-24,,Active,Human Resources,VA
EE0009357,EMP1002,Grace,Campbell,1967-10-25,2015-05-03,,Active,Administration,MD
EE0009358,EMP1002,Elena,Nguyen,1997-07-09,2025-02-28,,Active,Operations,TX
EE0009359,EMP1003,Michael,Lewis,1982-03-19,2018-02-15,,Active,Finance,NC
EE0009360,EMP1001,Noah,Walker,2001-09-25,2014-08-25,2025-09-20,Terminated,Legal and Compliance,MD
EE0009361,EMP1002,Zoe,Chen,1977-01-15,2016-10-17,,Active,Legal and Compliance,DC
EE0009362,EMP1004,Daniel,Smith,1998-12-21,2025-01-19,,Active,Supply Chain,FL
EE0009363,EMP1002,Leah,Kim,1965-04-17,2021-11-18,,Active,Finance,TX
EE0009364,EMP1004,Nia,Wilson,1994-06-12,2025-02-04,,Active,Human Resources,MD
EE0009365,EMP1002,Ethan,Martinez,1999-08-18,2017-02-05,2026-05-30,Terminated,Supply Chain,TX
EE0009366,EMP1001,Jasmine,Davis,1984-01-16,2022-05-30,2025-10-23,Terminated,Legal and Compliance,OH
EE0009367,EMP1002,Jasmine,Moore,2006-10-16,2018-03-18,,Active,Information Technology,FL
EE0009368,EMP1004,Samuel,Wilson,1977-04-18,2021-11-03,,Active,Legal and Compliance,MD
EE0009369,EMP1001,Nia,Davis,1983-09-24,2017-11-10,,Active,Finance,OH
EE0009370,EMP1003,Maya,Hernandez,1971-03-31,2019-10-15,,Active,Customer Operations,NC
EE0009371,EMP1001,Ethan,Chen,1973-11-20,2017-10-09,,Active,Customer Operations,TX
EE0009372,EMP1002,Grace,Adams,1961-07-13,2015-04-15,,Active,Sales,VA
EE0009373,EMP1003,Kevin,Mensah,1982-12-03,2020-11-17,,Active,Finance,OH
EE0009374,EMP1005,Kevin,Patel,1963-09-24,2022-04-20,,Active,Administration,OH
EE0009375,EMP1005,Andre,Hernandez,2005-09-17,2015-05-20,,Active,Administration,FL
EE0009376,EMP1001,Naomi,Campbell,1963-04-18,2021-11-02,,Active,Human Resources,OH
EE0009377,EMP1004,Michael,Garcia,1995-11-24,2022-06-29,2024-02-19,Terminated,Finance,FL
EE0009378,EMP1003,Luis,Wilson,1976-03-21,2014-05-28,,Active,Administration,NC
EE0009379,EMP1004,Maya,Smith,1996-12-02,2020-07-28,2024-06-21,Terminated,Finance,MD
EE0009380,EMP1004,Daniel,Campbell,1962-11-04,2022-05-04,2025-02-28,Terminated,Supply Chain,FL
EE0009381,EMP1001,Noah,Hernandez,2006-05-01,2021-06-09,,Active,Finance,OH
EE0009382,EMP1005,Chiamaka,Okafor,1984-08-31,2020-07-26,,Active,Sales,NY
EE0009383,EMP1002,Carlos,Moore,1966-12-18,2022-09-15,,Active,Human Resources,NC
EE0009384,EMP1004,Ethan,Wilson,2001-03-08,2023-08-13,,Active,Administration,FL
EE0009385,EMP1003,Angela,Davis,1980-02-13,2023-02-03,2024-07-07,Terminated,Supply Chain,FL
EE0009386,EMP1005,Jasmine,Williams,1986-04-26,2022-05-06,2024-09-29,Terminated,Operations,NY
EE0009387,EMP1005,Ethan,Adeyemi,1999-02-17,2017-09-10,,Active,Customer Operations,NY
EE0009388,EMP1002,David,Chen,1990-07-09,2023-01-13,,Active,Human Resources,TX
EE0009389,EMP1005,Samuel,Johnson,1992-12-02,2017-10-04,,Active,Finance,NY
EE0009390,EMP1004,Fatima,Nguyen,1997-04-30,2018-03-04,,Active,Finance,FL
EE0009391,EMP1002,Sophia,Kim,1967-02-01,2021-09-26,,Active,Administration,TX
EE0009392,EMP1003,Malik,Brown,1996-07-05,2020-01-08,,Active,Administration,NC
EE0009393,EMP1005,David,Kim,1961-10-07,2017-10-31,,Active,Administration,OH
EE0009394,EMP1005,Angela,Ibrahim,1968-05-26,2022-06-03,,Active,Finance,FL
EE0009395,EMP1001,Angela,Davis,1971-03-25,2026-03-08,2026-06-05,Terminated,Finance,VA
EE0009396,EMP1003,Nia,Robinson,2002-12-22,2018-02-16,,Active,Administration,NC
EE0009397,EMP1001,Olivia,Walker,1976-10-14,2016-10-28,,Active,Legal and Compliance,OH
EE0009398,EMP1002,Priya,Okafor,2004-07-07,2021-05-27,,Active,Finance,VA
EE0009399,EMP1005,Elena,Davis,1988-02-13,2018-01-28,2024-02-13,Terminated,Supply Chain,DC
EE0009400,EMP1001,Elena,Lewis,1993-04-27,2024-11-18,,Active,Customer Operations,OH
EE0009401,EMP1005,Luis,Brown,1989-05-29,2016-04-09,2024-05-23,Terminated,Administration,NY
EE0009402,EMP1004,Amara,Okafor,1962-05-09,2020-09-20,,Active,Customer Operations,MD
EE0009403,EMP1002,Ethan,Ibrahim,1976-04-08,2019-12-22,,Active,Sales,TX
EE0009404,EMP1003,Jasmine,Taylor,1990-09-20,2014-02-03,,Active,Operations,NC
EE0009405,EMP1003,Malik,Garcia,1969-06-12,2026-01-13,,Active,Sales,FL
EE0009406,EMP1005,Isaiah,Davis,1979-05-03,2016-02-02,,Active,Finance,DC
EE0009407,EMP1003,Carlos,Robinson,1962-03-20,2022-10-15,2026-03-20,Terminated,Finance,NY
EE0009408,EMP1001,Nia,Williams,1972-02-16,2022-04-01,2024-09-05,Terminated,Sales,FL
EE0009409,EMP1004,Daniel,Mensah,1971-07-25,2015-08-25,,Active,Operations,FL
EE0009410,EMP1005,Aaliyah,Campbell,1990-10-14,2018-08-17,,Active,Human Resources,NC
EE0009411,EMP1001,Chiamaka,Okafor,1985-02-18,2016-06-06,,Active,Operations,DC
EE0009412,EMP1003,Grace,Ibrahim,1987-09-11,2025-01-23,,Active,Sales,TX
EE0009413,EMP1001,Aaliyah,Brown,1984-10-22,2019-06-02,,Active,Human Resources,MD
EE0009414,EMP1002,Priya,Bennett,1968-06-16,2015-02-13,,Active,Operations,NY
EE0009415,EMP1002,Ethan,Martinez,1971-10-13,2025-01-31,,Active,Customer Operations,TX
EE0009416,EMP1005,Leah,Lewis,1969-01-18,2017-05-13,,Active,Customer Operations,TX
EE0009417,EMP1001,Noah,Miller,1983-11-25,2022-07-13,2026-01-31,Terminated,Customer Operations,OH
EE0009418,EMP1003,Samuel,Mensah,1974-02-23,2019-03-26,2024-04-05,Terminated,Operations,NC
EE0009419,EMP1004,Malik,Garcia,1968-03-07,2018-01-10,,Active,Human Resources,MD
EE0009420,EMP1004,Leah,Moore,1967-06-23,2014-06-03,,Active,Finance,FL
EE0009421,EMP1004,Jasmine,Thomas,1990-01-15,2026-01-05,,Active,Administration,FL
EE0009422,EMP1004,Sophia,Chen,2006-01-05,2023-03-17,,Active,Legal and Compliance,FL
EE0009423,EMP1002,Zoe,Walker,2003-01-08,2023-06-27,,Active,Supply Chain,DC
EE0009424,EMP1004,Jasmine,Mensah,2003-12-22,2023-06-06,2025-07-08,Terminated,Human Resources,FL
EE0009425,EMP1003,Isaiah,Smith,1984-08-19,2020-03-22,,Active,Legal and Compliance,DC
EE0009426,EMP1005,Andre,Bennett,1989-03-07,2014-03-19,,Active,Human Resources,NY
EE0009427,EMP1004,Priya,Thomas,2001-07-08,2018-10-28,,Active,Information Technology,FL
EE0009428,EMP1002,Victor,Mensah,1974-01-27,2021-03-14,2026-03-14,Terminated,Customer Operations,NC
EE0009429,EMP1002,Jasmine,Adeyemi,2004-04-21,2016-12-10,,Active,Operations,DC
EE0009430,EMP1001,Andre,Bennett,1963-04-29,2016-04-06,,Active,Legal and Compliance,NY
EE0009431,EMP1002,Fatima,Brown,1993-02-14,2015-07-31,,Active,Human Resources,NY
EE0009432,EMP1002,Fatima,Walker,1973-01-20,2017-03-05,,Active,Legal and Compliance,TX
EE0009433,EMP1002,Olivia,Walker,1961-06-09,2014-11-11,,Active,Human Resources,TX
EE0009434,EMP1002,Naomi,Okafor,1969-08-11,2015-06-29,2025-11-20,Terminated,Legal and Compliance,NY
EE0009435,EMP1003,Jasmine,Hernandez,1985-05-23,2016-12-15,2024-12-24,Terminated,Human Resources,NY
EE0009436,EMP1004,Malik,Martinez,1993-03-26,2022-02-28,,Active,Administration,MD
EE0009437,EMP1001,Olivia,Johnson,1964-11-17,2020-03-10,,Active,Human Resources,OH
EE0009438,EMP1005,Sophia,Bennett,1989-01-04,2017-08-18,,Active,Legal and Compliance,NY
EE0009439,EMP1004,Amara,Chen,1976-11-03,2024-09-20,,Active,Supply Chain,NC
EE0009440,EMP1001,Daniel,Campbell,1990-09-02,2019-05-05,,Active,Customer Operations,MD
EE0009441,EMP1003,Olivia,Wilson,1992-01-09,2024-04-29,2024-12-31,Terminated,Sales,VA
EE0009442,EMP1001,Zoe,Kim,1981-09-15,2017-07-29,,Active,Sales,NY
EE0009443,EMP1004,Naomi,Garcia,1991-09-22,2020-07-28,,Active,Legal and Compliance,FL
EE0009444,EMP1004,Daniel,Lewis,1962-06-29,2025-07-09,2026-07-01,Terminated,Human Resources,OH
EE0009445,EMP1002,Samuel,Chen,2005-10-11,2018-05-24,,Active,Administration,NY
EE0009446,EMP1003,Michael,Smith,1971-05-19,2018-07-08,,Active,Information Technology,DC
EE0009447,EMP1005,Andre,Moore,1998-02-20,2015-07-06,2025-01-31,Terminated,Human Resources,NY
EE0009448,EMP1004,Chiamaka,Mensah,1998-10-05,2014-09-17,,Active,Human Resources,MD
EE0009449,EMP1004,Grace,Ibrahim,1968-09-29,2014-06-18,,Active,Legal and Compliance,NY
EE0009450,EMP1001,Samuel,Walker,1962-10-18,2016-06-04,,Active,Human Resources,OH
EE0009451,EMP1004,Maya,Bennett,1968-03-15,2016-10-12,,Active,Information Technology,OH
EE0009452,EMP1002,Noah,Bennett,2005-03-30,2014-11-16,,Active,Supply Chain,TX
EE0009453,EMP1004,Carlos,Chen,1982-11-08,2024-03-12,,Active,Information Technology,NC
EE0009454,EMP1004,Isaiah,Bennett,1965-03-01,2020-01-13,,Active,Legal and Compliance,FL
EE0009455,EMP1002,Jordan,Miller,1987-10-07,2020-10-31,,Active,Administration,TX
EE0009456,EMP1002,Luis,Williams,1982-10-16,2018-03-06,,Active,Legal and Compliance,TX
EE0009457,EMP1003,Angela,Adeyemi,1997-12-18,2019-05-27,,Active,Operations,NC
EE0009458,EMP1004,Priya,Johnson,1997-03-19,2024-07-31,,Active,Operations,FL
EE0009459,EMP1004,Nia,Ibrahim,1961-03-03,2016-05-03,,Active,Customer Operations,NY
EE0009460,EMP1003,Maya,Bennett,1989-01-09,2021-02-15,2025-03-19,Terminated,Supply Chain,MD
EE0009461,EMP1002,Samuel,Hernandez,1993-12-30,2015-07-19,,Active,Information Technology,NC
EE0009462,EMP1004,Omar,Robinson,1989-03-25,2018-08-17,2024-01-09,Terminated,Human Resources,NC
EE0009463,EMP1002,Sophia,Wilson,2005-12-04,2014-04-04,,Active,Customer Operations,TX
EE0009464,EMP1002,Chiamaka,Taylor,1993-09-29,2017-01-31,,Active,Operations,OH
EE0009465,EMP1005,Aaliyah,Moore,1981-06-04,2023-04-03,2025-11-02,Terminated,Supply Chain,NY
EE0009466,EMP1002,Michael,Brown,1993-08-16,2022-03-16,,Active,Administration,TX
EE0009467,EMP1001,Elena,Hernandez,1961-07-25,2016-05-28,,Active,Customer Operations,OH
EE0009468,EMP1005,Chiamaka,Garcia,1993-04-03,2014-08-16,,Active,Customer Operations,OH
EE0009469,EMP1002,Malik,Brown,1984-12-05,2024-12-16,,Active,Administration,MD
EE0009470,EMP1004,Aaliyah,Adeyemi,1988-11-23,2024-02-28,2024-11-23,Terminated,Legal and Compliance,NC
EE0009471,EMP1002,Aaliyah,Kim,1990-03-15,2019-02-07,,Active,Finance,NC
EE0009472,EMP1005,Sophia,Ibrahim,1980-08-22,2023-05-16,,Active,Supply Chain,MD
EE0009473,EMP1001,Andre,Wilson,1999-10-05,2024-09-27,,Active,Customer Operations,OH
EE0009474,EMP1002,Nia,Taylor,1970-04-12,2024-04-05,,Active,Administration,TX
EE0009475,EMP1001,Isaiah,Wilson,2003-08-12,2021-11-16,2024-11-12,Terminated,Finance,NY
EE0009476,EMP1003,Angela,Campbell,1966-09-26,2023-04-11,2025-11-25,Terminated,Customer Operations,NC
EE0009477,EMP1003,Noah,Wilson,1979-11-28,2015-02-18,,Active,Human Resources,TX
EE0009478,EMP1003,Angela,Hernandez,1984-10-03,2021-06-28,,Active,Administration,NC
EE0009479,EMP1005,Elena,Okafor,1970-09-12,2015-10-23,,Active,Supply Chain,DC
EE0009480,EMP1004,Elena,Williams,1997-07-26,2016-12-15,,Active,Human Resources,FL
EE0009481,EMP1004,Jasmine,Okafor,2003-03-14,2019-03-12,,Active,Legal and Compliance,OH
EE0009482,EMP1001,Samuel,Thomas,1978-02-08,2023-12-18,2024-12-28,Terminated,Information Technology,OH
EE0009483,EMP1005,Jordan,Walker,1998-05-02,2021-07-25,,Active,Legal and Compliance,NY
EE0009484,EMP1003,Zoe,Patel,1982-12-21,2014-06-28,,Active,Customer Operations,VA
EE0009485,EMP1003,Zoe,Patel,1985-05-03,2024-10-02,2025-11-04,Terminated,Finance,NC
EE0009486,EMP1002,Andre,Davis,1967-09-18,2024-01-28,,Active,Operations,DC
EE0009487,EMP1004,Samuel,Bennett,1981-01-06,2020-01-09,2025-08-01,Terminated,Operations,NC
EE0009488,EMP1005,Daniel,Walker,1985-09-25,2026-02-04,2026-06-27,Terminated,Administration,TX
EE0009489,EMP1005,Luis,Johnson,1972-05-05,2024-06-04,,Active,Sales,TX
EE0009490,EMP1003,Jasmine,Davis,1962-05-30,2015-07-10,,Active,Information Technology,NC
EE0009491,EMP1003,Grace,Ibrahim,1980-07-24,2024-09-29,,Active,Sales,TX
EE0009492,EMP1003,David,Bennett,2006-03-25,2022-03-22,,Active,Information Technology,DC
EE0009493,EMP1002,Sophia,Campbell,1991-04-01,2025-02-05,,Active,Customer Operations,NC
EE0009494,EMP1004,Omar,Walker,2000-08-05,2016-05-20,,Active,Human Resources,FL
EE0009495,EMP1005,Daniel,Wilson,1964-09-08,2020-03-30,,Active,Finance,NY
EE0009496,EMP1001,Fatima,Johnson,2001-03-15,2025-02-07,,Active,Human Resources,MD
EE0009497,EMP1004,Luis,Johnson,1964-06-29,2024-05-30,,Active,Human Resources,DC
EE0009498,EMP1003,Fatima,Johnson,1988-08-04,2020-04-01,,Active,Legal and Compliance,MD
EE0009499,EMP1003,Andre,Moore,1979-05-25,2023-01-13,,Active,Information Technology,VA
EE0009500,EMP1005,Malik,Adams,1986-01-21,2020-01-23,,Active,Operations,NY
EE0009501,EMP1004,Angela,Davis,1961-08-10,2015-04-11,,Active,Sales,FL
EE0009502,EMP1001,Jordan,Nguyen,2007-05-29,2025-04-05,,Active,Legal and Compliance,NY
EE0009503,EMP1002,Priya,Robinson,1991-06-03,2019-09-01,,Active,Supply Chain,OH
EE0009504,EMP1003,Aaliyah,Bennett,1993-02-03,2020-02-26,,Active,Information Technology,FL
EE0009505,EMP1002,David,Ibrahim,2006-05-19,2014-06-12,,Active,Sales,OH
EE0009506,EMP1001,Sophia,Johnson,1970-09-25,2023-09-27,,Active,Supply Chain,OH
EE0009507,EMP1004,Leah,Okafor,2004-12-04,2014-04-29,,Active,Information Technology,NY
EE0009508,EMP1001,Sophia,Adeyemi,2002-11-06,2018-03-15,2024-02-02,Terminated,Administration,OH
EE0009509,EMP1004,Michael,Brown,1984-11-05,2017-11-07,,Active,Finance,NY
EE0009510,EMP1001,Michael,Williams,1964-02-18,2020-05-24,,Active,Human Resources,NC
EE0009511,EMP1001,Angela,Chen,1994-08-17,2015-05-05,,Active,Finance,FL
EE0009512,EMP1003,Zoe,Chen,2006-07-18,2021-08-16,,Active,Finance,NC
EE0009513,EMP1003,Nia,Smith,2000-02-13,2017-01-03,,Active,Customer Operations,NC
EE0009514,EMP1004,Fatima,Robinson,1961-04-21,2023-04-29,2024-03-10,Terminated,Sales,FL
EE0009515,EMP1004,David,Okafor,2001-10-31,2021-07-13,,Active,Administration,FL
EE0009516,EMP1001,Michael,Adeyemi,1998-03-24,2016-01-11,,Active,Legal and Compliance,OH
EE0009517,EMP1005,Malik,Robinson,1966-05-20,2019-10-08,,Active,Operations,NY
EE0009518,EMP1005,Maya,Martinez,2000-11-01,2022-08-27,,Active,Sales,FL
EE0009519,EMP1002,Luis,Garcia,1980-08-01,2019-09-19,,Active,Supply Chain,FL
EE0009520,EMP1004,Carlos,Brown,1999-09-26,2019-08-15,,Active,Information Technology,FL
EE0009521,EMP1004,Isaiah,Ibrahim,1969-09-04,2016-04-26,,Active,Legal and Compliance,FL
EE0009522,EMP1002,Olivia,Walker,1997-09-26,2020-06-10,,Active,Sales,OH
EE0009523,EMP1001,Andre,Wilson,1971-07-30,2017-05-12,,Active,Administration,OH
EE0009524,EMP1001,Grace,Miller,2004-12-29,2017-10-01,,Active,Customer Operations,OH
EE0009525,EMP1002,Noah,Nguyen,1981-09-15,2018-04-10,,Active,Customer Operations,TX
EE0009526,EMP1004,Nia,Adeyemi,1961-08-02,2020-08-01,,Active,Sales,FL
EE0009527,EMP1003,Elena,Thomas,1993-06-17,2022-05-17,2024-05-30,Terminated,Administration,OH
EE0009528,EMP1002,Victor,Williams,1999-03-30,2024-08-08,,Active,Supply Chain,TX
EE0009529,EMP1002,Elena,Taylor,1988-07-16,2019-01-10,,Active,Legal and Compliance,TX
EE0009530,EMP1005,Elena,Chen,1980-05-24,2023-08-21,,Active,Finance,FL
EE0009531,EMP1001,Zoe,Taylor,1982-04-20,2017-04-15,,Active,Legal and Compliance,OH
EE0009532,EMP1004,Malik,Campbell,2002-07-25,2017-06-28,,Active,Customer Operations,OH
EE0009533,EMP1004,Leah,Nguyen,1987-07-14,2025-09-15,,Active,Sales,FL
EE0009534,EMP1005,Chiamaka,Miller,1962-02-06,2015-05-13,,Active,Legal and Compliance,NY
EE0009535,EMP1002,Ethan,Bennett,2002-02-07,2014-01-01,,Active,Information Technology,TX
EE0009536,EMP1003,Elena,Walker,1996-05-26,2017-03-02,2024-06-24,Terminated,Administration,OH
EE0009537,EMP1002,Omar,Williams,1979-02-06,2014-12-16,,Active,Information Technology,TX
EE0009538,EMP1005,Nia,Bennett,2006-07-28,2023-05-22,,Active,Administration,NY
EE0009539,EMP1004,Michael,Robinson,1995-03-13,2024-08-11,,Active,Human Resources,FL
EE0009540,EMP1001,Chiamaka,Wilson,1985-05-11,2014-04-03,,Active,Operations,VA
EE0009541,EMP1001,Grace,Nguyen,1985-10-19,2024-06-06,,Active,Sales,OH
EE0009542,EMP1005,Leah,Adeyemi,1974-01-28,2016-11-19,,Active,Finance,NY
EE0009543,EMP1001,Maya,Bennett,1975-04-07,2018-01-16,,Active,Legal and Compliance,NY
EE0009544,EMP1004,Maya,Walker,1991-02-26,2024-06-03,,Active,Sales,FL
EE0009545,EMP1003,Daniel,Okafor,1998-08-29,2023-03-28,,Active,Legal and Compliance,NC
EE0009546,EMP1003,Kevin,Wilson,1986-09-03,2015-04-25,2026-04-15,Terminated,Administration,FL
EE0009547,EMP1001,Elena,Martinez,1996-10-28,2017-08-23,,Active,Finance,DC
EE0009548,EMP1002,Maya,Johnson,1988-05-07,2019-01-28,,Active,Customer Operations,NY
EE0009549,EMP1003,Zoe,Garcia,1987-08-02,2017-05-15,2024-04-12,Terminated,Operations,NC
EE0009550,EMP1003,Naomi,Okafor,2005-01-28,2014-08-04,2025-03-29,Terminated,Human Resources,DC
EE0009551,EMP1005,Ethan,Brown,1984-07-10,2021-06-17,,Active,Sales,NY
EE0009552,EMP1004,Leah,Adeyemi,1972-07-02,2026-05-18,,Active,Finance,DC
EE0009553,EMP1002,Amara,Moore,1984-02-27,2021-12-26,,Active,Supply Chain,TX
EE0009554,EMP1005,Carlos,Patel,1995-06-13,2018-02-22,,Active,Supply Chain,NY
EE0009555,EMP1001,Ethan,Garcia,1996-01-30,2014-06-19,,Active,Human Resources,VA
EE0009556,EMP1001,Leah,Smith,1979-07-24,2022-08-20,,Active,Administration,OH
EE0009557,EMP1005,Grace,Brown,2002-12-19,2017-10-17,,Active,Finance,NY
EE0009558,EMP1005,Olivia,Mensah,1975-02-05,2020-05-30,,Active,Legal and Compliance,VA
EE0009559,EMP1004,Jordan,Campbell,1982-10-25,2015-11-25,,Active,Administration,VA
EE0009560,EMP1002,Maya,Williams,1975-10-07,2022-06-20,2024-04-10,Terminated,Operations,FL
EE0009561,EMP1002,Amara,Moore,2005-03-08,2017-01-18,,Active,Information Technology,TX
EE0009562,EMP1001,Victor,Davis,1997-03-09,2014-06-21,,Active,Operations,NY
EE0009563,EMP1005,Ethan,Bennett,1981-11-15,2014-12-17,,Active,Customer Operations,NY
EE0009564,EMP1003,Daniel,Patel,1994-05-30,2025-09-06,,Active,Operations,NC
EE0009565,EMP1002,Victor,Okafor,1966-10-14,2018-10-08,,Active,Legal and Compliance,TX
EE0009566,EMP1005,Andre,Johnson,2003-09-20,2015-03-08,,Active,Supply Chain,NC
EE0009567,EMP1005,Maya,Campbell,1981-01-08,2026-03-24,2026-06-09,Terminated,Customer Operations,NY
EE0009568,EMP1003,Daniel,Brown,1962-07-25,2022-07-08,2025-12-30,Terminated,Customer Operations,NC
EE0009569,EMP1004,Kevin,Walker,1988-04-13,2017-01-25,,Active,Information Technology,OH
EE0009570,EMP1001,Grace,Bennett,2005-05-29,2015-07-29,,Active,Administration,OH
EE0009571,EMP1004,Priya,Lewis,2004-06-04,2023-12-25,,Active,Customer Operations,FL
EE0009572,EMP1003,Jasmine,Adeyemi,1963-10-12,2017-01-04,2024-10-01,Terminated,Information Technology,OH
EE0009573,EMP1003,Michael,Garcia,2002-08-21,2020-02-21,2025-05-21,Terminated,Administration,TX
EE0009574,EMP1001,Nia,Martinez,1987-08-09,2015-03-19,,Active,Supply Chain,NY
EE0009575,EMP1002,Sophia,Smith,1968-01-25,2016-04-22,,Active,Customer Operations,TX
EE0009576,EMP1005,Aaliyah,Campbell,1993-07-10,2015-03-19,2024-09-10,Terminated,Human Resources,NY
EE0009577,EMP1002,Maya,Campbell,1992-01-02,2015-12-23,,Active,Legal and Compliance,OH
EE0009578,EMP1004,Amara,Patel,1977-01-01,2016-01-26,,Active,Information Technology,FL
EE0009579,EMP1003,Luis,Walker,1996-09-09,2026-05-11,2026-06-22,Terminated,Administration,DC
EE0009580,EMP1005,Samuel,Robinson,1983-06-29,2018-12-20,,Active,Sales,TX
EE0009581,EMP1001,Angela,Martinez,2005-05-27,2023-09-24,2026-02-18,Terminated,Operations,OH
EE0009582,EMP1001,Daniel,Lewis,1992-03-06,2023-08-05,2026-02-17,Terminated,Legal and Compliance,OH
EE0009583,EMP1003,Sophia,Hernandez,1975-01-14,2021-05-20,,Active,Operations,NC
EE0009584,EMP1001,David,Robinson,1996-03-20,2014-07-09,,Active,Operations,OH
EE0009585,EMP1004,Luis,Lewis,1975-09-13,2016-07-31,,Active,Customer Operations,NC
EE0009586,EMP1004,Noah,Ibrahim,1964-06-23,2021-11-30,,Active,Finance,FL
EE0009587,EMP1005,Naomi,Smith,1989-02-05,2016-03-15,,Active,Supply Chain,NC
EE0009588,EMP1004,Jasmine,Lewis,1996-08-14,2015-04-30,,Active,Customer Operations,FL
EE0009589,EMP1003,Samuel,Wilson,1970-01-02,2015-02-01,2026-01-18,Terminated,Information Technology,NC
EE0009590,EMP1001,Chiamaka,Adams,1962-09-21,2025-10-15,2026-06-19,Terminated,Sales,OH
EE0009591,EMP1005,Chiamaka,Johnson,2002-12-22,2017-07-31,,Active,Customer Operations,FL
EE0009592,EMP1001,Chiamaka,Walker,1975-06-30,2019-06-10,,Active,Operations,MD
EE0009593,EMP1005,Maya,Martinez,1972-11-08,2019-11-20,,Active,Sales,FL
EE0009594,EMP1005,Elena,Ibrahim,1975-11-06,2024-07-07,,Active,Information Technology,NY
EE0009595,EMP1003,Angela,Wilson,1975-01-11,2024-09-07,,Active,Customer Operations,DC
EE0009596,EMP1004,Andre,Nguyen,1974-08-01,2014-08-13,2024-01-10,Terminated,Supply Chain,TX
EE0009597,EMP1004,Naomi,Adams,1998-10-19,2021-05-08,,Active,Finance,VA
EE0009598,EMP1002,Malik,Taylor,2006-09-30,2020-02-01,,Active,Customer Operations,TX
EE0009599,EMP1003,Priya,Mensah,1962-04-28,2022-08-03,,Active,Customer Operations,NC
EE0009600,EMP1002,Isaiah,Johnson,1987-02-23,2015-09-05,2025-12-28,Terminated,Supply Chain,TX
EE0009601,EMP1005,Michael,Moore,1986-03-01,2019-02-08,,Active,Information Technology,TX
EE0009602,EMP1001,Fatima,Patel,1997-05-21,2021-08-26,,Active,Information Technology,OH
EE0009603,EMP1005,Jasmine,Garcia,1963-06-06,2015-11-10,,Active,Operations,NY
EE0009604,EMP1001,Omar,Brown,1989-08-13,2016-08-27,,Active,Legal and Compliance,DC
EE0009605,EMP1003,Elena,Johnson,1967-01-02,2018-03-04,,Active,Information Technology,NC
EE0009606,EMP1002,David,Davis,1985-05-06,2023-10-02,,Active,Legal and Compliance,TX
EE0009607,EMP1002,Olivia,Ibrahim,1989-01-12,2019-10-25,2025-02-12,Terminated,Legal and Compliance,TX
EE0009608,EMP1005,Samuel,Moore,1991-09-05,2020-08-18,,Active,Operations,NC
EE0009609,EMP1004,Isaiah,Walker,1980-06-03,2015-02-13,,Active,Information Technology,FL
EE0009610,EMP1002,Angela,Davis,1996-01-13,2018-07-24,,Active,Finance,TX
EE0009611,EMP1004,Leah,Wilson,1991-05-10,2020-10-25,,Active,Sales,FL
EE0009612,EMP1001,Angela,Taylor,2005-09-15,2023-06-07,2024-12-14,Terminated,Legal and Compliance,OH
EE0009613,EMP1005,Michael,Ibrahim,1963-01-20,2022-02-06,,Active,Human Resources,VA
EE0009614,EMP1004,Nia,Davis,1965-02-10,2019-01-28,,Active,Information Technology,FL
EE0009615,EMP1005,Amara,Kim,1977-03-01,2023-07-27,,Active,Finance,OH
EE0009616,EMP1004,Angela,Wilson,1964-06-18,2026-05-29,,Active,Legal and Compliance,NC
EE0009617,EMP1001,Ethan,Chen,1981-05-03,2021-05-01,,Active,Supply Chain,OH
EE0009618,EMP1004,Amara,Miller,1972-09-19,2021-06-27,,Active,Supply Chain,FL
EE0009619,EMP1003,Daniel,Thomas,1993-01-28,2016-03-08,,Active,Finance,NC
EE0009620,EMP1005,Kevin,Okafor,2001-02-15,2014-09-29,,Active,Finance,NY
EE0009621,EMP1001,Daniel,Okafor,1998-03-11,2022-05-14,,Active,Finance,MD
EE0009622,EMP1004,Carlos,Thomas,1986-03-22,2025-05-26,2026-05-20,Terminated,Administration,FL
EE0009623,EMP1005,Naomi,Johnson,1985-07-30,2018-07-22,,Active,Operations,NY
EE0009624,EMP1001,Luis,Taylor,1979-12-08,2014-06-15,,Active,Legal and Compliance,DC
EE0009625,EMP1002,Priya,Walker,1962-02-12,2025-05-31,,Active,Operations,TX
EE0009626,EMP1005,Daniel,Taylor,1979-05-14,2024-04-18,,Active,Sales,TX
EE0009627,EMP1001,Jordan,Wilson,1973-01-23,2018-08-11,,Active,Operations,NY
EE0009628,EMP1001,David,Kim,1964-03-25,2018-08-02,,Active,Customer Operations,OH
EE0009629,EMP1003,Ethan,Smith,1984-06-18,2020-02-28,,Active,Finance,OH
EE0009630,EMP1002,Chiamaka,Martinez,1983-01-11,2014-09-14,2025-12-04,Terminated,Operations,VA
EE0009631,EMP1002,Malik,Kim,1975-09-17,2014-02-08,2024-07-07,Terminated,Human Resources,MD
EE0009632,EMP1002,Angela,Johnson,1979-08-15,2015-04-05,,Active,Legal and Compliance,MD
EE0009633,EMP1003,Maya,Lewis,1994-10-02,2021-10-09,,Active,Legal and Compliance,FL
EE0009634,EMP1003,Jordan,Chen,1965-02-19,2019-09-26,,Active,Legal and Compliance,NC
EE0009635,EMP1002,Priya,Adams,2001-01-23,2021-03-24,,Active,Customer Operations,VA
EE0009636,EMP1003,Luis,Miller,1991-07-22,2017-09-03,,Active,Information Technology,NC
EE0009637,EMP1002,Zoe,Patel,1970-05-13,2020-08-24,,Active,Customer Operations,TX
EE0009638,EMP1005,Ethan,Johnson,1965-12-01,2018-11-07,,Active,Administration,NY
EE0009639,EMP1002,Noah,Brown,1981-07-15,2019-06-21,,Active,Customer Operations,TX
EE0009640,EMP1004,Maya,Miller,1980-01-25,2025-03-09,,Active,Information Technology,OH
EE0009641,EMP1005,Carlos,Ibrahim,1998-01-17,2020-08-27,,Active,Human Resources,FL
EE0009642,EMP1001,Victor,Martinez,1973-05-31,2016-09-08,,Active,Supply Chain,OH
EE0009643,EMP1004,Malik,Brown,2006-03-26,2021-12-17,,Active,Finance,FL
EE0009644,EMP1005,Daniel,Campbell,2006-02-25,2020-07-28,,Active,Customer Operations,NY
EE0009645,EMP1003,Maya,Miller,1973-07-05,2017-09-10,,Active,Customer Operations,OH
EE0009646,EMP1005,Kevin,Walker,1964-09-16,2016-08-29,,Active,Information Technology,TX
EE0009647,EMP1002,Luis,Davis,1975-12-09,2026-05-02,,Active,Finance,TX
EE0009648,EMP1001,Ethan,Ibrahim,1971-03-07,2014-01-22,2025-12-07,Terminated,Supply Chain,NY
EE0009649,EMP1005,Carlos,Ibrahim,1971-09-21,2015-12-12,,Active,Administration,NY
EE0009650,EMP1005,Chiamaka,Wilson,1998-04-10,2019-07-24,,Active,Operations,NY
EE0009651,EMP1003,Amara,Smith,1973-06-27,2025-05-11,,Active,Customer Operations,NC
EE0009652,EMP1003,Zoe,Chen,1984-08-19,2023-11-11,,Active,Finance,VA
EE0009653,EMP1004,Malik,Okafor,1971-09-03,2019-08-10,2025-04-04,Terminated,Finance,NY
EE0009654,EMP1004,Isaiah,Williams,1961-12-13,2025-01-15,,Active,Administration,FL
EE0009655,EMP1004,Grace,Walker,1985-04-27,2018-10-18,2024-07-12,Terminated,Customer Operations,FL
EE0009656,EMP1001,Grace,Garcia,1963-03-11,2023-07-15,,Active,Operations,OH
EE0009657,EMP1003,Olivia,Hernandez,1969-08-19,2021-07-07,,Active,Supply Chain,TX
EE0009658,EMP1003,Naomi,Lewis,1983-05-31,2025-11-09,2026-03-02,Terminated,Customer Operations,DC
EE0009659,EMP1005,Carlos,Moore,1991-01-22,2023-11-03,,Active,Customer Operations,TX
EE0009660,EMP1002,Jasmine,Davis,1987-08-13,2016-11-21,,Active,Legal and Compliance,NY
EE0009661,EMP1003,Sophia,Taylor,1967-04-12,2014-10-09,,Active,Administration,VA
EE0009662,EMP1004,Noah,Johnson,1985-03-12,2022-12-26,,Active,Customer Operations,MD
EE0009663,EMP1005,Fatima,Taylor,2007-04-15,2016-10-07,,Active,Administration,NY
EE0009664,EMP1003,Carlos,Lewis,1977-12-31,2026-01-19,2026-03-10,Terminated,Information Technology,NC
EE0009665,EMP1004,Andre,Miller,1987-09-23,2021-01-02,,Active,Finance,MD
EE0009666,EMP1005,Elena,Miller,1982-10-17,2018-04-23,,Active,Legal and Compliance,MD
EE0009667,EMP1002,Noah,Taylor,2006-10-25,2023-01-02,,Active,Finance,TX
EE0009668,EMP1004,Luis,Patel,1971-03-02,2023-09-16,2024-02-29,Terminated,Finance,FL
EE0009669,EMP1001,Naomi,Hernandez,2004-06-04,2025-10-31,2025-12-03,Terminated,Legal and Compliance,TX
EE0009670,EMP1002,Daniel,Lewis,1968-05-25,2018-01-13,,Active,Human Resources,NC
EE0009671,EMP1004,Daniel,Ibrahim,1995-12-24,2016-11-04,,Active,Sales,FL
EE0009672,EMP1004,Amara,Smith,1991-07-30,2015-03-16,,Active,Information Technology,MD
EE0009673,EMP1004,Elena,Davis,1966-05-03,2024-01-24,,Active,Supply Chain,FL
EE0009674,EMP1005,David,Mensah,2000-01-18,2019-02-06,,Active,Supply Chain,NY
EE0009675,EMP1003,Omar,Adams,2007-02-08,2016-11-09,,Active,Supply Chain,NC
EE0009676,EMP1003,Carlos,Mensah,1985-11-14,2016-04-28,,Active,Finance,NC
EE0009677,EMP1004,Kevin,Nguyen,1992-06-23,2020-06-24,,Active,Human Resources,FL
EE0009678,EMP1001,Carlos,Campbell,1980-03-08,2020-02-26,,Active,Supply Chain,OH
EE0009679,EMP1005,David,Smith,1997-04-14,2025-10-02,,Active,Information Technology,NY
EE0009680,EMP1005,Grace,Kim,1987-01-27,2025-05-05,,Active,Human Resources,TX
EE0009681,EMP1001,Carlos,Bennett,2001-12-25,2021-04-19,,Active,Sales,OH
EE0009682,EMP1005,Kevin,Kim,2002-06-14,2015-12-21,,Active,Supply Chain,NY
EE0009683,EMP1004,Isaiah,Campbell,1970-08-28,2024-08-31,,Active,Finance,NC
EE0009684,EMP1003,Maya,Garcia,2004-08-05,2014-06-22,,Active,Finance,NC
EE0009685,EMP1002,Jordan,Adams,1992-04-22,2020-10-12,,Active,Finance,TX
EE0009686,EMP1004,Grace,Patel,1998-09-09,2022-05-19,,Active,Human Resources,FL
EE0009687,EMP1001,Sophia,Taylor,1965-12-26,2022-12-18,,Active,Customer Operations,OH
EE0009688,EMP1004,Chiamaka,Miller,1974-01-17,2019-05-18,,Active,Operations,OH
EE0009689,EMP1003,Carlos,Okafor,1965-09-14,2017-06-30,,Active,Finance,FL
EE0009690,EMP1002,Naomi,Miller,2000-04-20,2023-04-24,,Active,Legal and Compliance,NY
EE0009691,EMP1004,Michael,Moore,1982-09-03,2017-11-08,,Active,Information Technology,FL
EE0009692,EMP1001,Samuel,Walker,1982-08-26,2022-08-31,,Active,Finance,VA
EE0009693,EMP1001,Isaiah,Okafor,1979-05-13,2022-12-19,,Active,Administration,OH
EE0009694,EMP1005,Grace,Lewis,1964-05-09,2022-07-02,,Active,Supply Chain,NY
EE0009695,EMP1001,Grace,Johnson,1994-02-24,2014-09-14,,Active,Operations,MD
EE0009696,EMP1001,Priya,Martinez,1986-01-16,2015-07-25,2026-04-29,Terminated,Sales,VA
EE0009697,EMP1002,Chiamaka,Garcia,2003-11-04,2021-09-29,,Active,Customer Operations,VA
EE0009698,EMP1005,Michael,Lewis,1969-02-12,2025-04-28,,Active,Legal and Compliance,NY
EE0009699,EMP1004,Victor,Miller,2000-04-13,2016-02-27,,Active,Human Resources,FL
EE0009700,EMP1003,Chiamaka,Taylor,1987-09-13,2025-02-15,,Active,Supply Chain,NC
EE0009701,EMP1005,Andre,Lewis,1961-12-05,2026-02-18,2026-03-27,Terminated,Legal and Compliance,NY
EE0009702,EMP1005,Kevin,Walker,1989-11-06,2022-06-01,,Active,Finance,NY
EE0009703,EMP1001,Leah,Chen,1977-10-30,2014-05-15,,Active,Operations,OH
EE0009704,EMP1004,Victor,Brown,1965-01-03,2024-01-02,2026-04-04,Terminated,Administration,FL
EE0009705,EMP1005,Luis,Chen,1983-06-02,2020-12-18,,Active,Sales,NY
EE0009706,EMP1002,Sophia,Thomas,1968-12-24,2022-04-24,2026-04-03,Terminated,Operations,TX
EE0009707,EMP1002,Olivia,Chen,1975-04-18,2022-12-23,,Active,Supply Chain,MD
EE0009708,EMP1002,Maya,Lewis,1994-08-15,2026-06-05,,Active,Sales,TX
EE0009709,EMP1002,Zoe,Wilson,1988-08-30,2014-10-03,,Active,Human Resources,VA
EE0009710,EMP1004,Ethan,Williams,1986-01-10,2016-09-27,,Active,Legal and Compliance,OH
EE0009711,EMP1004,Angela,Nguyen,1970-07-06,2023-09-22,,Active,Customer Operations,FL
EE0009712,EMP1004,Zoe,Williams,1991-06-25,2018-03-26,,Active,Administration,MD
EE0009713,EMP1001,Aaliyah,Okafor,1974-07-16,2019-03-07,,Active,Operations,VA
EE0009714,EMP1004,Olivia,Martinez,1974-08-27,2016-04-04,,Active,Operations,MD
EE0009715,EMP1002,Jasmine,Taylor,1965-05-18,2017-04-23,,Active,Finance,TX
EE0009716,EMP1005,Samuel,Chen,1965-04-29,2018-02-21,2024-12-28,Terminated,Information Technology,NY
EE0009717,EMP1001,Michael,Lewis,1995-11-02,2015-06-02,,Active,Information Technology,OH
EE0009718,EMP1002,Zoe,Chen,1964-07-01,2016-05-30,,Active,Human Resources,VA
EE0009719,EMP1003,Michael,Miller,1998-02-27,2021-11-01,,Active,Finance,NY
EE0009720,EMP1004,Grace,Robinson,1977-04-26,2019-01-19,,Active,Finance,VA
EE0009721,EMP1005,Daniel,Johnson,2004-08-08,2025-01-08,,Active,Human Resources,NY
EE0009722,EMP1002,Luis,Lewis,1984-09-19,2022-10-06,,Active,Supply Chain,NC
EE0009723,EMP1002,Kevin,Taylor,1971-06-23,2015-03-24,,Active,Legal and Compliance,TX
EE0009724,EMP1003,Olivia,Walker,1975-10-10,2022-06-21,,Active,Sales,NC
EE0009725,EMP1001,Andre,Chen,1963-05-20,2014-01-20,,Active,Operations,OH
EE0009726,EMP1004,Zoe,Davis,2000-04-13,2025-02-22,,Active,Supply Chain,FL
EE0009727,EMP1004,Jasmine,Mensah,1992-10-16,2015-01-24,,Active,Operations,FL
EE0009728,EMP1005,Elena,Moore,2004-12-26,2022-08-28,,Active,Sales,NY
EE0009729,EMP1002,Jasmine,Davis,1968-09-04,2023-11-15,2024-11-06,Terminated,Customer Operations,TX
EE0009730,EMP1005,Jasmine,Mensah,1985-04-02,2014-05-14,,Active,Finance,NY
EE0009731,EMP1003,Isaiah,Williams,1985-04-26,2017-06-17,,Active,Finance,NC
EE0009732,EMP1004,Andre,Adeyemi,1980-11-01,2018-06-30,,Active,Operations,FL
EE0009733,EMP1005,Priya,Ibrahim,2003-06-07,2021-01-25,,Active,Information Technology,MD
EE0009734,EMP1002,Olivia,Thomas,1962-08-11,2020-06-30,,Active,Administration,MD
EE0009735,EMP1004,Naomi,Walker,1982-12-11,2022-08-03,2025-02-21,Terminated,Finance,MD
EE0009736,EMP1001,Malik,Hernandez,1988-11-02,2020-09-22,,Active,Supply Chain,OH
EE0009737,EMP1002,Andre,Martinez,1977-03-21,2023-10-09,,Active,Supply Chain,OH
EE0009738,EMP1003,Jordan,Bennett,1998-12-30,2026-06-11,,Active,Legal and Compliance,NC
EE0009739,EMP1005,Michael,Chen,1977-11-02,2018-04-05,,Active,Administration,NY
EE0009740,EMP1002,Carlos,Nguyen,1976-07-13,2021-09-20,,Active,Administration,TX
EE0009741,EMP1004,Grace,Moore,1985-08-24,2017-11-18,,Active,Sales,FL
EE0009742,EMP1002,Zoe,Hernandez,2001-05-03,2025-04-16,,Active,Customer Operations,MD
EE0009743,EMP1002,Victor,Adams,1963-03-22,2014-12-25,,Active,Operations,VA
EE0009744,EMP1005,Isaiah,Nguyen,1966-01-12,2025-09-30,2026-05-28,Terminated,Information Technology,NY
EE0009745,EMP1002,Omar,Moore,2004-05-09,2017-09-01,2024-07-26,Terminated,Customer Operations,FL
EE0009746,EMP1004,Victor,Davis,1969-07-27,2017-10-18,2025-12-25,Terminated,Legal and Compliance,FL
EE0009747,EMP1005,Michael,Adeyemi,1971-01-14,2025-08-05,,Active,Administration,FL
EE0009748,EMP1004,Noah,Patel,1997-01-05,2016-06-11,2024-12-07,Terminated,Sales,OH
EE0009749,EMP1005,Samuel,Mensah,2001-11-15,2016-07-20,2025-05-10,Terminated,Customer Operations,NY
EE0009750,EMP1003,Malik,Chen,1988-11-22,2015-02-27,2026-02-17,Terminated,Customer Operations,NY
EE0009751,EMP1002,Jordan,Walker,1974-01-27,2017-02-15,,Active,Operations,TX
EE0009752,EMP1002,Daniel,Robinson,1983-05-18,2024-04-18,,Active,Information Technology,TX
EE0009753,EMP1004,Andre,Adeyemi,1969-01-03,2023-04-24,,Active,Human Resources,FL
EE0009754,EMP1003,Angela,Chen,1976-08-28,2024-04-27,2025-08-22,Terminated,Operations,NY
EE0009755,EMP1005,Amara,Mensah,1967-08-14,2015-01-25,,Active,Finance,FL
EE0009756,EMP1004,Carlos,Adeyemi,1997-04-28,2015-01-06,,Active,Sales,FL
EE0009757,EMP1001,Chiamaka,Smith,1981-03-29,2022-03-05,2025-11-28,Terminated,Legal and Compliance,OH
EE0009758,EMP1001,Daniel,Walker,1973-01-23,2017-04-30,,Active,Supply Chain,NY
EE0009759,EMP1001,Luis,Ibrahim,1986-09-07,2017-09-27,,Active,Finance,NC
EE0009760,EMP1005,Michael,Moore,1969-04-17,2015-10-07,,Active,Customer Operations,NY
EE0009761,EMP1001,Priya,Mensah,2001-08-02,2019-01-02,,Active,Supply Chain,OH
EE0009762,EMP1004,Elena,Hernandez,1979-09-26,2020-12-28,,Active,Legal and Compliance,FL
EE0009763,EMP1003,David,Brown,2001-04-28,2022-04-07,,Active,Finance,NC
EE0009764,EMP1004,Jasmine,Lewis,1973-11-25,2014-02-27,,Active,Human Resources,FL
EE0009765,EMP1002,Olivia,Chen,2002-11-23,2024-09-15,,Active,Operations,TX
EE0009766,EMP1005,Andre,Chen,1985-06-29,2022-03-25,,Active,Sales,VA
EE0009767,EMP1001,Sophia,Adams,1971-09-26,2014-04-13,,Active,Supply Chain,OH
EE0009768,EMP1001,Jordan,Adeyemi,2001-04-26,2014-04-24,,Active,Legal and Compliance,OH
EE0009769,EMP1003,Omar,Lewis,2000-04-16,2020-09-30,2024-11-25,Terminated,Administration,NY
EE0009770,EMP1001,Luis,Brown,1961-08-14,2019-04-07,,Active,Customer Operations,MD
EE0009771,EMP1003,Zoe,Brown,1983-11-13,2017-09-07,,Active,Legal and Compliance,NC
EE0009772,EMP1005,Omar,Garcia,1970-01-23,2014-07-18,,Active,Administration,VA
EE0009773,EMP1005,Grace,Davis,2000-02-15,2021-05-26,2025-03-28,Terminated,Legal and Compliance,NY
EE0009774,EMP1003,Elena,Garcia,1999-03-21,2015-10-19,,Active,Customer Operations,NC
EE0009775,EMP1004,Amara,Adams,2000-05-22,2014-02-07,2024-02-19,Terminated,Administration,FL
EE0009776,EMP1001,Kevin,Okafor,1995-10-22,2023-04-21,,Active,Human Resources,OH
EE0009777,EMP1003,Omar,Moore,1980-11-10,2014-07-07,2024-03-10,Terminated,Information Technology,NC
EE0009778,EMP1003,Noah,Thomas,2004-10-31,2018-10-19,,Active,Sales,FL
EE0009779,EMP1002,Daniel,Davis,1982-10-31,2018-01-01,,Active,Administration,VA
EE0009780,EMP1003,Zoe,Patel,1971-01-19,2019-04-12,,Active,Sales,OH
EE0009781,EMP1005,Grace,Hernandez,1982-03-07,2016-05-19,,Active,Human Resources,NC
EE0009782,EMP1001,Naomi,Robinson,1976-10-31,2018-05-29,,Active,Operations,OH
EE0009783,EMP1003,Nia,Nguyen,2000-02-14,2025-01-04,,Active,Sales,NC
EE0009784,EMP1004,Chiamaka,Thomas,1997-02-14,2026-05-07,,Active,Finance,NY
EE0009785,EMP1001,Olivia,Hernandez,1975-09-02,2025-11-12,,Active,Legal and Compliance,DC
EE0009786,EMP1003,Noah,Mensah,1992-02-22,2023-02-27,,Active,Human Resources,NY
EE0009787,EMP1004,Isaiah,Campbell,1981-05-27,2022-01-09,,Active,Supply Chain,VA
EE0009788,EMP1005,Victor,Hernandez,1963-02-15,2019-09-04,,Active,Sales,NY
EE0009789,EMP1003,Victor,Robinson,1961-01-31,2026-03-19,,Active,Administration,NC
EE0009790,EMP1004,Jasmine,Wilson,1964-08-30,2023-06-21,,Active,Finance,NC
EE0009791,EMP1001,Jordan,Thomas,2003-11-23,2019-12-02,,Active,Information Technology,OH
EE0009792,EMP1003,Olivia,Williams,1967-07-21,2019-08-24,,Active,Information Technology,MD
EE0009793,EMP1004,Jordan,Garcia,1981-09-10,2023-03-26,2025-01-10,Terminated,Sales,FL
EE0009794,EMP1003,Elena,Okafor,1995-07-26,2017-06-21,,Active,Operations,NC
EE0009795,EMP1002,Elena,Robinson,2006-08-04,2021-01-13,,Active,Supply Chain,TX
EE0009796,EMP1004,Samuel,Chen,1968-11-01,2026-03-03,,Active,Human Resources,FL
EE0009797,EMP1001,Luis,Martinez,1988-09-04,2018-01-14,,Active,Information Technology,OH
EE0009798,EMP1004,Jordan,Lewis,1964-08-27,2024-04-13,,Active,Customer Operations,NC
EE0009799,EMP1005,Leah,Smith,1965-01-15,2014-06-24,,Active,Information Technology,NY
EE0009800,EMP1001,Maya,Nguyen,1986-08-31,2014-05-16,2025-07-26,Terminated,Legal and Compliance,VA
EE0009801,EMP1004,Maya,Mensah,1986-01-26,2024-07-11,2025-08-05,Terminated,Finance,DC
EE0009802,EMP1005,David,Moore,1996-04-01,2017-08-11,,Active,Human Resources,FL
EE0009803,EMP1005,Naomi,Garcia,2001-01-08,2020-07-16,,Active,Human Resources,NY
EE0009804,EMP1001,Leah,Johnson,1966-05-29,2015-12-14,,Active,Supply Chain,VA
EE0009805,EMP1002,Carlos,Brown,1982-05-18,2018-08-28,2024-04-06,Terminated,Human Resources,TX
EE0009806,EMP1002,Naomi,Mensah,1979-02-03,2022-05-31,,Active,Supply Chain,NY
EE0009807,EMP1003,Fatima,Thomas,2003-03-14,2020-11-09,,Active,Supply Chain,TX
EE0009808,EMP1005,Fatima,Miller,2000-12-10,2018-11-13,,Active,Legal and Compliance,FL
EE0009809,EMP1003,Zoe,Campbell,1966-08-08,2022-05-29,,Active,Supply Chain,NC
EE0009810,EMP1005,Amara,Moore,1989-11-12,2022-01-07,,Active,Legal and Compliance,NY
EE0009811,EMP1005,Daniel,Mensah,2007-02-03,2018-05-06,,Active,Legal and Compliance,FL
EE0009812,EMP1002,Sophia,Taylor,1969-01-25,2025-04-28,,Active,Sales,TX
EE0009813,EMP1003,Nia,Lewis,2004-02-18,2022-09-26,2025-04-23,Terminated,Legal and Compliance,NY
EE0009814,EMP1001,Michael,Okafor,1984-11-22,2023-09-25,,Active,Sales,OH
EE0009815,EMP1003,Sophia,Okafor,1980-07-26,2025-12-06,,Active,Customer Operations,FL
EE0009816,EMP1001,Michael,Robinson,1995-05-22,2023-08-20,,Active,Legal and Compliance,OH
EE0009817,EMP1002,Sophia,Taylor,1961-09-21,2015-01-21,,Active,Information Technology,DC
EE0009818,EMP1001,Olivia,Nguyen,1975-01-27,2019-11-10,,Active,Legal and Compliance,OH
EE0009819,EMP1005,Olivia,Walker,1965-04-07,2014-12-20,2025-08-26,Terminated,Supply Chain,NY
EE0009820,EMP1005,Samuel,Miller,2006-06-07,2020-07-21,,Active,Sales,DC
EE0009821,EMP1002,Victor,Nguyen,1967-03-16,2020-09-26,2024-03-20,Terminated,Finance,TX
EE0009822,EMP1004,Andre,Johnson,1968-02-11,2019-11-24,,Active,Information Technology,MD
EE0009823,EMP1001,Amara,Smith,1974-03-08,2015-06-24,,Active,Operations,OH
EE0009824,EMP1002,Kevin,Nguyen,1993-04-23,2014-05-30,,Active,Administration,OH
EE0009825,EMP1001,Daniel,Adeyemi,1981-06-26,2024-10-29,,Active,Sales,OH
EE0009826,EMP1003,Jasmine,Johnson,1983-07-11,2020-12-01,,Active,Finance,NC
EE0009827,EMP1002,Jordan,Thomas,1973-07-22,2022-05-30,2024-12-01,Terminated,Customer Operations,TX
EE0009828,EMP1002,Jordan,Adeyemi,1999-07-19,2017-04-29,,Active,Sales,TX
EE0009829,EMP1005,Chiamaka,Johnson,1985-04-20,2019-07-25,,Active,Customer Operations,OH
EE0009830,EMP1004,Jasmine,Adams,1995-10-04,2025-12-26,,Active,Customer Operations,FL
EE0009831,EMP1004,Maya,Robinson,2000-05-03,2020-06-18,,Active,Customer Operations,DC
EE0009832,EMP1002,Zoe,Wilson,1963-11-06,2015-01-30,,Active,Legal and Compliance,MD
EE0009833,EMP1003,Grace,Patel,2006-05-31,2018-08-26,,Active,Customer Operations,DC
EE0009834,EMP1003,Olivia,Miller,1966-03-14,2016-11-09,2025-01-24,Terminated,Sales,NC
EE0009835,EMP1001,Isaiah,Johnson,1993-03-22,2016-08-07,,Active,Operations,NY
EE0009836,EMP1001,Amara,Walker,1963-02-19,2022-08-29,,Active,Customer Operations,FL
EE0009837,EMP1005,Isaiah,Adams,1991-02-27,2019-03-23,2025-07-29,Terminated,Supply Chain,MD
EE0009838,EMP1003,Omar,Bennett,2002-08-29,2022-07-11,,Active,Supply Chain,OH
EE0009839,EMP1001,Jasmine,Lewis,1988-11-15,2020-02-23,,Active,Information Technology,OH
EE0009840,EMP1005,Nia,Lewis,1964-03-08,2019-10-23,2025-10-06,Terminated,Customer Operations,NY
EE0009841,EMP1002,Priya,Brown,2003-05-09,2014-10-21,2026-06-22,Terminated,Finance,FL
EE0009842,EMP1003,Victor,Adeyemi,1989-12-10,2024-12-29,,Active,Administration,NC
EE0009843,EMP1005,Grace,Lewis,1990-01-28,2024-09-29,,Active,Sales,VA
EE0009844,EMP1004,Ethan,Taylor,1985-08-24,2025-11-07,,Active,Administration,TX
EE0009845,EMP1005,Nia,Smith,2003-08-24,2022-12-28,,Active,Legal and Compliance,NC
EE0009846,EMP1005,Grace,Taylor,1970-09-13,2022-10-27,,Active,Customer Operations,NY
EE0009847,EMP1003,Omar,Lewis,1978-12-07,2024-09-10,,Active,Administration,VA
EE0009848,EMP1004,Olivia,Chen,1981-10-18,2022-02-05,,Active,Customer Operations,FL
EE0009849,EMP1004,Fatima,Okafor,1979-06-02,2020-06-02,,Active,Sales,FL
EE0009850,EMP1004,Victor,Nguyen,1968-02-15,2014-01-29,,Active,Legal and Compliance,FL
EE0009851,EMP1001,Daniel,Nguyen,1987-09-22,2020-06-18,,Active,Sales,OH
EE0009852,EMP1001,Luis,Thomas,1962-01-26,2026-02-03,,Active,Supply Chain,NC
EE0009853,EMP1001,Samuel,Bennett,1965-04-17,2018-11-16,,Active,Administration,OH
EE0009854,EMP1005,Olivia,Lewis,2007-03-21,2015-05-05,,Active,Operations,NY
EE0009855,EMP1002,Malik,Wilson,1974-10-12,2019-12-17,2024-06-19,Terminated,Human Resources,TX
EE0009856,EMP1005,David,Moore,1995-09-10,2017-04-29,,Active,Supply Chain,NY
EE0009857,EMP1001,Malik,Bennett,1971-02-01,2021-11-04,2026-01-15,Terminated,Finance,OH
EE0009858,EMP1004,Olivia,Chen,1986-09-05,2022-09-26,2024-01-16,Terminated,Operations,FL
EE0009859,EMP1003,Zoe,Miller,2004-02-19,2021-10-07,,Active,Supply Chain,NC
EE0009860,EMP1004,Omar,Williams,1961-04-12,2022-03-16,2026-03-21,Terminated,Legal and Compliance,FL
EE0009861,EMP1004,Leah,Brown,1999-08-06,2020-02-20,2026-04-27,Terminated,Operations,FL
EE0009862,EMP1004,Malik,Garcia,1968-06-15,2023-08-23,,Active,Supply Chain,NY
EE0009863,EMP1001,Victor,Chen,1993-01-16,2025-08-24,,Active,Operations,TX
EE0009864,EMP1003,Samuel,Kim,1998-01-30,2025-02-27,,Active,Finance,NC
EE0009865,EMP1005,Carlos,Williams,1993-12-02,2023-07-20,,Active,Legal and Compliance,FL
EE0009866,EMP1001,Jasmine,Miller,2005-09-02,2022-03-03,,Active,Information Technology,OH
EE0009867,EMP1002,Priya,Brown,1994-02-02,2014-09-30,,Active,Information Technology,TX
EE0009868,EMP1003,Michael,Smith,1988-12-07,2016-06-27,,Active,Information Technology,NC
EE0009869,EMP1001,Fatima,Okafor,1990-08-09,2025-12-20,,Active,Finance,NC
EE0009870,EMP1002,Grace,Hernandez,1978-05-07,2016-05-01,,Active,Finance,OH
EE0009871,EMP1005,Sophia,Ibrahim,1963-05-13,2022-04-28,,Active,Customer Operations,NY
EE0009872,EMP1002,Daniel,Smith,1981-12-27,2023-10-24,,Active,Sales,TX
EE0009873,EMP1003,Jasmine,Mensah,1985-07-04,2020-09-02,,Active,Operations,DC
EE0009874,EMP1003,Victor,Lewis,1978-06-17,2017-11-14,,Active,Human Resources,NC
EE0009875,EMP1001,Jordan,Taylor,1998-11-19,2018-06-28,,Active,Supply Chain,TX
EE0009876,EMP1001,Noah,Chen,1982-07-14,2021-10-02,,Active,Information Technology,OH
EE0009877,EMP1002,Angela,Adams,2003-01-31,2020-10-23,,Active,Supply Chain,TX
EE0009878,EMP1005,Daniel,Davis,1994-08-09,2022-03-26,,Active,Information Technology,NY
EE0009879,EMP1004,Elena,Adams,1981-03-06,2016-11-03,,Active,Human Resources,FL
EE0009880,EMP1003,Angela,Patel,1984-06-06,2023-11-04,,Active,Sales,OH
EE0009881,EMP1003,Maya,Thomas,1993-10-10,2016-07-21,,Active,Information Technology,NC
EE0009882,EMP1005,Omar,Chen,1961-04-30,2023-12-14,,Active,Supply Chain,NY
EE0009883,EMP1004,Priya,Robinson,1982-06-01,2017-09-08,,Active,Administration,FL
EE0009884,EMP1004,Jasmine,Okafor,1976-09-02,2016-11-14,,Active,Sales,FL
EE0009885,EMP1002,David,Taylor,2006-07-25,2016-10-21,,Active,Customer Operations,OH
EE0009886,EMP1005,Sophia,Garcia,1962-04-03,2014-11-24,2026-06-03,Terminated,Sales,NY
EE0009887,EMP1004,Grace,Wilson,1968-09-28,2014-08-16,,Active,Administration,FL
EE0009888,EMP1002,David,Miller,1979-03-31,2026-04-29,2026-05-29,Terminated,Supply Chain,OH
EE0009889,EMP1001,Andre,Adams,1983-01-20,2019-12-20,,Active,Supply Chain,OH
EE0009890,EMP1002,Aaliyah,Okafor,1979-10-20,2018-10-03,,Active,Human Resources,TX
EE0009891,EMP1001,Angela,Bennett,2002-02-09,2024-11-30,,Active,Legal and Compliance,VA
EE0009892,EMP1003,Isaiah,Moore,2007-02-27,2019-05-12,,Active,Operations,MD
EE0009893,EMP1002,Michael,Campbell,1979-04-17,2021-09-16,,Active,Finance,MD
EE0009894,EMP1002,Malik,Brown,2003-06-23,2021-07-16,,Active,Supply Chain,MD
EE0009895,EMP1001,Jasmine,Miller,1995-07-08,2020-05-03,2026-01-05,Terminated,Legal and Compliance,DC
EE0009896,EMP1003,Kevin,Miller,2001-03-10,2023-05-19,,Active,Human Resources,NC
EE0009897,EMP1005,Aaliyah,Patel,1989-08-03,2019-01-20,,Active,Sales,NY
EE0009898,EMP1005,Angela,Kim,1997-12-27,2019-10-31,,Active,Legal and Compliance,FL
EE0009899,EMP1001,Zoe,Thomas,1974-02-13,2019-03-27,2025-09-28,Terminated,Supply Chain,OH
EE0009900,EMP1003,Noah,Chen,1983-07-18,2019-01-14,,Active,Operations,NY
EE0009901,EMP1005,Grace,Adeyemi,1999-09-27,2017-05-21,,Active,Supply Chain,TX
EE0009902,EMP1002,Fatima,Wilson,2001-09-02,2017-01-28,,Active,Human Resources,TX
EE0009903,EMP1002,Zoe,Robinson,1990-09-25,2020-01-20,,Active,Supply Chain,MD
EE0009904,EMP1005,Kevin,Nguyen,1975-03-29,2023-09-23,,Active,Legal and Compliance,NY
EE0009905,EMP1001,Naomi,Wilson,1965-08-14,2023-10-22,,Active,Supply Chain,MD
EE0009906,EMP1002,Maya,Martinez,1968-01-20,2024-03-08,,Active,Customer Operations,TX
EE0009907,EMP1003,Amara,Hernandez,1978-04-06,2014-03-24,,Active,Finance,MD
EE0009908,EMP1002,Maya,Robinson,2002-12-03,2014-05-28,,Active,Sales,TX
EE0009909,EMP1002,Naomi,Bennett,1993-05-18,2022-01-02,,Active,Administration,TX
EE0009910,EMP1001,Carlos,Thomas,1984-04-26,2026-03-21,,Active,Operations,OH
EE0009911,EMP1002,Chiamaka,Garcia,1988-12-07,2016-05-20,2025-11-29,Terminated,Sales,TX
EE0009912,EMP1003,Samuel,Okafor,1992-12-18,2025-10-13,,Active,Finance,NC
EE0009913,EMP1001,Isaiah,Williams,1990-09-24,2025-02-04,2025-11-11,Terminated,Operations,NY
EE0009914,EMP1002,Angela,Taylor,1965-11-08,2024-09-24,2026-06-24,Terminated,Customer Operations,TX
EE0009915,EMP1005,Noah,Smith,2005-11-04,2022-12-10,,Active,Sales,DC
EE0009916,EMP1002,Jordan,Taylor,1985-06-30,2022-03-14,,Active,Operations,TX
EE0009917,EMP1003,Grace,Johnson,1994-01-01,2025-09-21,,Active,Sales,NC
EE0009918,EMP1004,Isaiah,Bennett,1968-08-23,2018-08-26,,Active,Legal and Compliance,FL
EE0009919,EMP1005,Andre,Moore,1980-09-06,2015-06-22,,Active,Legal and Compliance,VA
EE0009920,EMP1004,Kevin,Taylor,1979-12-14,2022-11-30,,Active,Operations,FL
EE0009921,EMP1003,Naomi,Williams,1978-01-26,2014-09-18,,Active,Sales,NC
EE0009922,EMP1004,Amara,Kim,1971-12-20,2021-02-27,,Active,Supply Chain,OH
EE0009923,EMP1002,Naomi,Robinson,1996-07-07,2017-02-07,,Active,Sales,DC
EE0009924,EMP1003,Ethan,Davis,1990-11-26,2025-10-23,,Active,Customer Operations,NC
EE0009925,EMP1002,Jordan,Mensah,1978-07-09,2022-12-04,2025-03-16,Terminated,Supply Chain,TX
EE0009926,EMP1005,Samuel,Lewis,1964-04-01,2017-01-02,2025-01-07,Terminated,Finance,NY
EE0009927,EMP1002,Grace,Davis,1993-01-26,2023-05-07,,Active,Customer Operations,TX
EE0009928,EMP1004,Luis,Johnson,1964-11-03,2016-01-22,,Active,Human Resources,FL
EE0009929,EMP1003,Zoe,Miller,1963-01-02,2017-10-19,,Active,Sales,NC
EE0009930,EMP1002,Victor,Brown,1964-08-15,2018-11-30,,Active,Human Resources,TX
EE0009931,EMP1001,Angela,Smith,1972-11-12,2022-02-16,2025-03-05,Terminated,Finance,NC
EE0009932,EMP1002,Priya,Campbell,1995-12-18,2015-01-04,,Active,Finance,OH
EE0009933,EMP1002,Noah,Thomas,1988-02-06,2025-11-14,2026-05-01,Terminated,Operations,NY
EE0009934,EMP1005,Angela,Moore,1998-02-09,2024-07-08,,Active,Sales,NY
EE0009935,EMP1002,Sophia,Chen,2001-12-06,2016-02-02,,Active,Operations,NC
EE0009936,EMP1003,Leah,Chen,2004-10-05,2019-02-13,,Active,Human Resources,VA
EE0009937,EMP1004,Samuel,Adams,1972-01-29,2016-01-29,2024-11-18,Terminated,Administration,TX
EE0009938,EMP1002,Sophia,Garcia,1979-10-15,2022-02-11,,Active,Finance,TX
EE0009939,EMP1002,Fatima,Hernandez,1973-06-28,2021-03-21,2024-03-12,Terminated,Administration,TX
EE0009940,EMP1003,Victor,Garcia,1985-06-06,2015-12-21,,Active,Information Technology,VA
EE0009941,EMP1005,Fatima,Patel,2004-09-23,2015-07-24,,Active,Customer Operations,NY
EE0009942,EMP1005,Michael,Adams,2001-05-10,2023-03-24,,Active,Information Technology,NY
EE0009943,EMP1003,Andre,Robinson,1969-11-08,2014-08-15,,Active,Human Resources,NC
EE0009944,EMP1004,Nia,Walker,1999-05-29,2014-12-16,,Active,Administration,FL
EE0009945,EMP1003,David,Brown,2002-05-03,2026-03-21,,Active,Information Technology,NC
EE0009946,EMP1005,Kevin,Bennett,1990-10-28,2018-11-15,2025-11-07,Terminated,Operations,TX
EE0009947,EMP1003,Elena,Davis,1980-01-20,2014-10-09,2025-04-16,Terminated,Legal and Compliance,NC
EE0009948,EMP1003,Priya,Smith,2003-10-30,2015-11-23,,Active,Operations,TX
EE0009949,EMP1002,Sophia,Nguyen,1966-02-06,2020-01-26,,Active,Legal and Compliance,VA
EE0009950,EMP1001,Aaliyah,Brown,1961-11-29,2016-02-03,,Active,Administration,NC
EE0009951,EMP1002,Jordan,Hernandez,1984-12-29,2018-10-13,,Active,Operations,DC
EE0009952,EMP1005,Nia,Lewis,1963-08-07,2019-05-27,,Active,Operations,NY
EE0009953,EMP1002,Nia,Okafor,1982-08-31,2014-10-25,,Active,Supply Chain,TX
EE0009954,EMP1004,Michael,Johnson,1992-07-07,2021-02-27,2024-04-24,Terminated,Operations,NC
EE0009955,EMP1002,Carlos,Okafor,1962-08-20,2017-06-05,,Active,Sales,TX
EE0009956,EMP1002,Angela,Mensah,1999-12-13,2015-03-30,,Active,Legal and Compliance,FL
EE0009957,EMP1003,Jasmine,Davis,1971-08-29,2014-08-30,,Active,Human Resources,TX
EE0009958,EMP1004,Amara,Patel,2002-06-23,2020-05-26,,Active,Legal and Compliance,FL
EE0009959,EMP1001,Leah,Campbell,1975-03-20,2024-11-12,2025-10-02,Terminated,Sales,TX
EE0009960,EMP1005,Isaiah,Walker,1974-04-09,2020-03-19,2024-08-30,Terminated,Information Technology,OH
EE0009961,EMP1002,Noah,Taylor,1971-03-01,2020-07-01,,Active,Finance,TX
EE0009962,EMP1004,Aaliyah,Patel,1993-06-07,2022-07-15,,Active,Information Technology,FL
EE0009963,EMP1004,Luis,Nguyen,2005-06-22,2022-05-02,,Active,Supply Chain,FL
EE0009964,EMP1005,Kevin,Williams,2001-06-06,2023-02-01,,Active,Sales,NY
EE0009965,EMP1003,Priya,Adeyemi,1967-11-12,2021-10-08,,Active,Human Resources,VA
EE0009966,EMP1002,Isaiah,Johnson,1973-02-01,2014-11-21,2025-07-19,Terminated,Operations,TX
EE0009967,EMP1005,Sophia,Thomas,1991-10-06,2014-11-29,2024-10-10,Terminated,Administration,NY
EE0009968,EMP1004,Jordan,Mensah,1993-10-19,2017-04-01,,Active,Sales,MD
EE0009969,EMP1004,Daniel,Campbell,1978-11-13,2015-01-02,,Active,Human Resources,FL
EE0009970,EMP1002,Chiamaka,Mensah,1991-12-06,2014-12-20,,Active,Human Resources,VA
EE0009971,EMP1002,Noah,Taylor,1974-04-24,2019-11-14,,Active,Information Technology,TX
EE0009972,EMP1004,Jasmine,Ibrahim,1966-06-25,2016-09-29,,Active,Human Resources,NC
EE0009973,EMP1001,Angela,Robinson,1964-11-23,2018-07-25,2024-05-26,Terminated,Legal and Compliance,VA
EE0009974,EMP1001,Aaliyah,Garcia,2002-02-03,2017-09-06,,Active,Operations,OH
EE0009975,EMP1005,Malik,Bennett,1965-05-06,2018-08-16,,Active,Operations,NY
EE0009976,EMP1001,Malik,Garcia,2000-06-24,2015-06-21,,Active,Sales,TX
EE0009977,EMP1003,Elena,Brown,1984-10-30,2020-09-04,2024-08-20,Terminated,Human Resources,OH
EE0009978,EMP1005,Amara,Smith,1968-07-03,2015-09-21,2024-08-01,Terminated,Legal and Compliance,MD
EE0009979,EMP1003,Elena,Williams,1962-04-01,2023-02-22,,Active,Supply Chain,MD
EE0009980,EMP1002,Priya,Okafor,1961-08-16,2022-04-14,,Active,Customer Operations,TX
EE0009981,EMP1004,Kevin,Taylor,1982-06-21,2024-12-02,,Active,Human Resources,FL
EE0009982,EMP1004,Nia,Patel,1972-04-19,2019-10-14,,Active,Operations,FL
EE0009983,EMP1002,Carlos,Brown,1991-07-06,2019-10-17,,Active,Customer Operations,FL
EE0009984,EMP1004,Carlos,Brown,1985-07-01,2022-11-23,2026-05-09,Terminated,Administration,VA
EE0009985,EMP1003,Andre,Hernandez,1988-12-20,2023-09-27,,Active,Administration,NY
EE0009986,EMP1002,Olivia,Wilson,2005-04-29,2015-09-28,,Active,Supply Chain,NC
EE0009987,EMP1004,Michael,Williams,2004-02-04,2015-10-25,2026-06-28,Terminated,Supply Chain,FL
EE0009988,EMP1005,Aaliyah,Robinson,2007-05-01,2025-11-03,,Active,Finance,NY
EE0009989,EMP1004,Olivia,Wilson,1994-11-05,2020-05-18,,Active,Information Technology,VA
EE0009990,EMP1002,Isaiah,Robinson,1990-05-27,2019-05-23,,Active,Supply Chain,NC
EE0009991,EMP1002,Michael,Thomas,1990-10-01,2020-08-21,,Active,Human Resources,TX
EE0009992,EMP1004,Omar,Taylor,1969-09-20,2023-05-08,,Active,Human Resources,FL
EE0009993,EMP1002,Olivia,Chen,1968-07-11,2019-07-31,,Active,Customer Operations,TX
EE0009994,EMP1004,Malik,Adeyemi,1979-07-24,2025-06-02,,Active,Administration,FL
EE0009995,EMP1005,Jordan,Patel,1980-04-06,2014-11-22,,Active,Administration,VA
EE0009996,EMP1005,Chiamaka,Thomas,1975-11-07,2020-05-26,,Active,Administration,NY
EE0009997,EMP1003,Andre,Williams,1964-04-06,2024-08-24,,Active,Supply Chain,NC
EE0009998,EMP1002,Samuel,Chen,1974-02-17,2016-03-18,,Active,Operations,TX
EE0009999,EMP1001,Maya,Okafor,2006-04-24,2017-11-14,,Active,Human Resources,OH
EE0010000,EMP1002,Isaiah,Taylor,1984-03-23,2015-04-15,,Active,Administration,TX
